rmse,rmse_after1s,max_err,heading_deg,heading_wrapped_deg,cmd_rate,max_tilt_deg,tube10_viol,min_clear,collision,coll_frac,regime,experiment,controller,trial,wall_s,solve_fail,solve_ms,ctrl_ms,ctrl_p99_ms,error
0.09241493943767735,0.10324067154667484,0.2221157811899691,0.659824377904721,0.659824377904721,967.1572939443242,24.5094224190403,0.2749003984063745,-0.0006683337529973521,1.0,0.00398406374501992,obsx,force,"nmpc+kf[r_v=0.15,r_w=0.15,q_F=10,q_tau=1,filt=1,gate=1,ffu=1,qyaw=1,obs=1,aci=1]",0,2.740194082260132,0,0.35858366533864544,2.9226056085825265,6.527291589882228,
0.033874654257581835,0.0378147055166999,0.09921933553569137,0.3307397992588393,0.3307397992588393,957.5373952552993,30.129691205645443,0.0,0.0015493358249078493,0.0,0.0,obsx,force,"nmpc+kf[r_v=0.15,r_w=0.15,q_F=10,q_tau=1,filt=1,gate=1,ffu=1,qyaw=1,obs=1,aci=1]",1,3.2692317962646484,0,0.40812350597609565,3.4427926254150756,6.052166647277772,
0.05624681521268628,0.0628246283215052,0.1168654595860674,0.6495331403801987,0.6495331403801987,1172.3266307179022,33.21135565950714,0.053784860557768925,0.0021048132320488078,0.0,0.0,obsx,force,"nmpc+kf[r_v=0.15,r_w=0.15,q_F=10,q_tau=1,filt=1,gate=1,ffu=1,qyaw=1,obs=1,aci=1]",2,2.523465156555176,0,0.33693426294820716,2.70291571217808,5.745172789320351,
0.12833178349058064,0.1433991102107869,0.32279413237132415,0.5708217441403552,0.5708217441403552,1127.4834188915888,27.129557568440177,0.29282868525896416,0.0018899085251470882,0.0,0.0,obsx,force,"nmpc+kf[r_v=0.15,r_w=0.15,q_F=10,q_tau=1,filt=1,gate=1,ffu=1,qyaw=1,obs=1,aci=1]",3,4.038264036178589,0,0.5035956175298805,4.337316269029036,6.143966119270772,
0.05927133608255457,0.06617112027854768,0.11914627967666158,0.7199139250246506,0.7199139250246506,856.9896655232925,24.711584726591305,0.061752988047808766,0.003180165228119869,0.0,0.0,obsx,force,"nmpc+kf[r_v=0.15,r_w=0.15,q_F=10,q_tau=1,filt=1,gate=1,ffu=1,qyaw=1,obs=1,aci=1]",4,3.1461329460144043,0,0.3743227091633466,3.3406790701182656,6.002607231494039,
0.05842800727279008,0.06527562655169997,0.11026179940431453,0.3922559840171907,0.3922559840171907,830.3161320228902,14.043255278343574,0.053784860557768925,0.0026688459138706766,0.0,0.0,obsx,force,"nmpc+kf[r_v=0.15,r_w=0.15,q_F=10,q_tau=1,filt=1,gate=1,ffu=1,qyaw=1,obs=1,aci=1]",5,3.340407133102417,0,0.45114342629482074,3.574476219283276,6.129169138148427,
0.1070956913413049,0.11951602578904293,0.2476739203711155,1.2045871359796776,1.2045871359796778,1310.6965088227616,29.186925843513087,0.28884462151394424,0.0026364744749088898,0.0,0.0,obsx,force,"nmpc+kf[r_v=0.15,r_w=0.15,q_F=10,q_tau=1,filt=1,gate=1,ffu=1,qyaw=1,obs=1,aci=1]",6,3.0184504985809326,0,0.37281274900398403,3.218778681781781,6.0219183238223195,
0.05591851638760757,0.06244228446371935,0.1252195000604033,0.5914084433088511,0.5914084433088511,1191.6553108153228,43.715231914364445,0.08964143426294821,0.002315352542364979,0.0,0.0,obsx,force,"nmpc+kf[r_v=0.15,r_w=0.15,q_F=10,q_tau=1,filt=1,gate=1,ffu=1,qyaw=1,obs=1,aci=1]",7,2.549285411834717,0,0.32248207171314736,2.7168604987766223,5.886520117055625,
0.0622360592370063,0.06951500230401628,0.10825665143442362,0.3723721524995434,0.3723721524995434,1013.1555332001948,26.441798847922925,0.0697211155378486,0.0026429870554391943,0.0,0.0,obsx,force,"nmpc+kf[r_v=0.15,r_w=0.15,q_F=10,q_tau=1,filt=1,gate=1,ffu=1,qyaw=1,obs=1,aci=1]",8,2.83213210105896,0,0.3365597609561753,3.017047256884347,9.703252830076973,
0.04567418821155706,0.050992747566584416,0.08998785996631035,0.34758062297803854,0.34758062297803854,767.2514795975486,15.039586100958324,0.0,0.0032500697373544774,0.0,0.0,obsx,force,"nmpc+kf[r_v=0.15,r_w=0.15,q_F=10,q_tau=1,filt=1,gate=1,ffu=1,qyaw=1,obs=1,aci=1]",9,2.8459062576293945,0,0.36736254980079686,3.022539720636796,5.954786236397922,
0.03480177871128607,0.03884210181083665,0.059600124733793274,0.45886192596484815,0.45886192596484815,770.1477381958485,14.79322623296086,0.0,0.0020744690398872834,0.0,0.0,obsx,force,"nmpc+kf[r_v=0.15,r_w=0.15,q_F=10,q_tau=1,filt=1,gate=1,ffu=1,qyaw=1,obs=1,aci=1]",10,3.834085702896118,0,0.5342270916334662,4.0722265728263265,5.9192517260089526,
0.04228101785121139,0.047181019611728506,0.09067528859544183,0.2267440399497071,0.2267440399497071,664.8912444568241,13.942247508318921,0.0,0.0033212484636142847,0.0,0.0,obsx,force,"nmpc+kf[r_v=0.15,r_w=0.15,q_F=10,q_tau=1,filt=1,gate=1,ffu=1,qyaw=1,obs=1,aci=1]",11,3.285513401031494,0,0.4111792828685259,3.4804529133827917,6.021993556059897,
0.060105704566437136,0.06698496851162901,0.10300610044933321,0.47158825621793693,0.4715882562179368,863.1004293095771,17.70899830667978,0.03187250996015936,0.001227157318913208,0.0,0.0,obsx,force,"nmpc+kf[r_v=0.15,r_w=0.15,q_F=10,q_tau=1,filt=1,gate=1,ffu=1,qyaw=1,obs=1,aci=1]",12,2.480008840560913,0,0.3368745019920319,2.6523475178083276,7.266118652187296,
0.07009876380613989,0.07831466310507751,0.11542301912596489,0.763417587551739,0.763417587551739,1617.8262899136498,22.721007065869372,0.14940239043824702,0.001901418350711448,0.0,0.0,obsx,force,"nmpc+kf[r_v=0.15,r_w=0.15,q_F=10,q_tau=1,filt=1,gate=1,ffu=1,qyaw=1,obs=1,aci=1]",13,3.3950748443603516,0,0.3808625498007968,3.614649117694225,6.034968281164765,
0.05188296114294506,0.05796003248346075,0.08973362341707089,0.24361657460011885,0.24361657460011885,789.160208136413,11.748250480452883,0.0,0.003452738316458148,0.0,0.0,obsx,force,"nmpc+kf[r_v=0.15,r_w=0.15,q_F=10,q_tau=1,filt=1,gate=1,ffu=1,qyaw=1,obs=1,aci=1]",14,2.6957201957702637,0,0.3421274900398406,2.8580687796340816,6.054737002123147,
0.0958196282252234,0.10698463850422253,0.18237014527294912,0.4092806283568746,0.4092806283568747,1179.1309104813076,18.825044882725123,0.2848605577689243,0.0029207015180993112,0.0,0.0,obsx,force,"nmpc+kf[r_v=0.15,r_w=0.15,q_F=10,q_tau=1,filt=1,gate=1,ffu=1,qyaw=1,obs=1,aci=1]",15,2.899596691131592,0,0.3668525896414343,3.090399502965796,6.066931632813067,
0.038660009640007785,0.04317326120549546,0.09796010150692488,0.6862466339250751,0.6862466339250751,949.740433814817,22.58679421371209,0.0,-0.0013622777073408754,1.0,0.01593625498007968,obsx,force,"nmpc+kf[r_v=0.15,r_w=0.15,q_F=10,q_tau=1,filt=1,gate=1,ffu=1,qyaw=1,obs=1,aci=1]",16,2.36673903465271,0,0.3240537848605578,2.534980229862717,4.15155279217288,
0.025084012445595164,0.02796796420972591,0.05544152676816537,0.2992766990792017,0.2992766990792017,683.6780795140577,12.059387752331734,0.0,0.0027908818905119093,0.0,0.0,obsx,force,"nmpc+kf[r_v=0.15,r_w=0.15,q_F=10,q_tau=1,filt=1,gate=1,ffu=1,qyaw=1,obs=1,aci=1]",17,3.7856028079986572,0,0.4778505976095618,4.010553677210146,6.0346022876910865,
0.05040900984097252,0.05622606060445964,0.094373242423818,0.5165518600067006,0.5165518600067006,1386.735980625565,31.618619896305585,0.0,-0.0014391871685219826,1.0,0.013944223107569721,obsx,force,"nmpc+kf[r_v=0.15,r_w=0.15,q_F=10,q_tau=1,filt=1,gate=1,ffu=1,qyaw=1,obs=1,aci=1]",18,2.608794689178467,0,0.33734262948207167,2.7931517730300053,5.963940299116075,
0.08220157260957203,0.09178983015923854,0.14751936367684385,0.49495254206392186,0.49495254206392186,1091.9201094831574,17.10391150267161,0.33665338645418325,0.0021238435698174574,0.0,0.0,obsx,force,"nmpc+kf[r_v=0.15,r_w=0.15,q_F=10,q_tau=1,filt=1,gate=1,ffu=1,qyaw=1,obs=1,aci=1]",19,2.3800461292266846,0,0.3119482071713147,2.5384678988647,5.357123522553595,
0.09249692940139376,0.10331908253486062,0.22122940967775845,0.5869302094449994,0.5869302094449994,796.4067492161237,24.113800693834175,0.2749003984063745,-0.0007702663584154834,1.0,0.00398406374501992,obsx,force,"nmpc+kf[r_v=0.15,r_w=0.15,q_F=10,q_tau=1,filt=1,gate=1,ffu=1,qyaw=1,obs=1,aci=2,aci_alpha=0.02]",0,3.563606023788452,0,0.4939203187250996,3.799143554809767,9.581005561631178,
0.03468082217907746,0.038716498361352845,0.10016432332618577,0.33612000999991487,0.33612000999991487,965.379635462012,29.924098625194773,0.00398406374501992,0.0014013083498844447,0.0,0.0,obsx,force,"nmpc+kf[r_v=0.15,r_w=0.15,q_F=10,q_tau=1,filt=1,gate=1,ffu=1,qyaw=1,obs=1,aci=2,aci_alpha=0.02]",1,3.5823874473571777,0,0.4625597609561753,3.8398904883603295,5.869762140791863,
0.055265156419332565,0.06172711472235399,0.11906923680905776,0.6417753058003485,0.6417753058003485,962.2949981580003,31.562628581944505,0.05776892430278884,0.0022049620856469665,0.0,0.0,obsx,force,"nmpc+kf[r_v=0.15,r_w=0.15,q_F=10,q_tau=1,filt=1,gate=1,ffu=1,qyaw=1,obs=1,aci=2,aci_alpha=0.02]",2,3.476632833480835,0,0.4390557768924303,3.732449446982923,6.162659449037165,
0.1295078034900381,0.14471317304404202,0.3249218509335138,0.6557214649907113,0.6557214649907113,954.4193845675036,25.75620463010647,0.28087649402390436,0.00183982332331728,0.0,0.0,obsx,force,"nmpc+kf[r_v=0.15,r_w=0.15,q_F=10,q_tau=1,filt=1,gate=1,ffu=1,qyaw=1,obs=1,aci=2,aci_alpha=0.02]",3,2.9645981788635254,0,0.3864980079681275,3.155557851054784,6.164973452687264,
0.05997423429101289,0.06695733552439613,0.12064641623397933,0.7393580375660763,0.7393580375660763,755.5772038289609,25.142799029336764,0.06573705179282868,0.004359856271626883,0.0,0.0,obsx,force,"nmpc+kf[r_v=0.15,r_w=0.15,q_F=10,q_tau=1,filt=1,gate=1,ffu=1,qyaw=1,obs=1,aci=2,aci_alpha=0.02]",4,3.125154972076416,0,0.4131394422310757,3.3721757437699877,6.024743251036853,
0.05881372694740014,0.06570289763852517,0.10854289661747948,0.38962385850310843,0.38962385850310843,732.4288511120893,14.033142118049053,0.05179282868525897,0.0010600629859091881,0.0,0.0,obsx,force,"nmpc+kf[r_v=0.15,r_w=0.15,q_F=10,q_tau=1,filt=1,gate=1,ffu=1,qyaw=1,obs=1,aci=2,aci_alpha=0.02]",5,2.51214599609375,0,0.32775896414342626,2.6531118442271038,5.753936243709177,
0.10809190473021321,0.12058166441619564,0.24818664215500505,1.1950013219573634,1.1950013219573632,1182.8804177234904,28.544886293072143,0.2908366533864542,0.0012990793225340358,0.0,0.0,obsx,force,"nmpc+kf[r_v=0.15,r_w=0.15,q_F=10,q_tau=1,filt=1,gate=1,ffu=1,qyaw=1,obs=1,aci=2,aci_alpha=0.02]",6,2.942983388900757,0,0.35697211155378494,3.123887936098583,6.262567283120009,
0.055768780878190954,0.06227483631409558,0.12679289511899614,0.5923795094226288,0.5923795094226288,1144.9968575783005,43.41884239107605,0.08964143426294821,0.0008917988150066447,0.0,0.0,obsx,force,"nmpc+kf[r_v=0.15,r_w=0.15,q_F=10,q_tau=1,filt=1,gate=1,ffu=1,qyaw=1,obs=1,aci=2,aci_alpha=0.02]",7,3.4995312690734863,0,0.43438844621513945,3.719864417780265,6.08415691414848,
0.0621823221438562,0.06945492429187833,0.10887916248715886,0.3746222120499829,0.3746222120499829,932.9340530525963,27.13725207757637,0.06772908366533864,0.001837042779249759,0.0,0.0,obsx,force,"nmpc+kf[r_v=0.15,r_w=0.15,q_F=10,q_tau=1,filt=1,gate=1,ffu=1,qyaw=1,obs=1,aci=2,aci_alpha=0.02]",8,2.3225908279418945,0,0.2931434262948207,2.482301987377385,4.126578350551429,
0.04496207397787104,0.05019622860910093,0.08733804623932886,0.3210519313480352,0.32105193134803517,623.3249960610207,15.009872684105774,0.0,0.0009503368091977049,0.0,0.0,obsx,force,"nmpc+kf[r_v=0.15,r_w=0.15,q_F=10,q_tau=1,filt=1,gate=1,ffu=1,qyaw=1,obs=1,aci=2,aci_alpha=0.02]",9,3.023433208465576,0,0.34278685258964137,3.1721700294559216,7.0157224126160225,
0.03416118731793177,0.03812502007898343,0.05938923539531951,0.4449106545239034,0.4449106545239034,559.5455058440963,14.74754939305114,0.0,0.0014726406324105379,0.0,0.0,obsx,force,"nmpc+kf[r_v=0.15,r_w=0.15,q_F=10,q_tau=1,filt=1,gate=1,ffu=1,qyaw=1,obs=1,aci=2,aci_alpha=0.02]",10,2.7101151943206787,0,0.3404681274900398,2.9641087565838222,8.448847155086709,
0.04377630862826796,0.04883718472790847,0.09496747268531473,0.2283319728850099,0.2283319728850099,518.1170440420811,13.786772198423163,0.0,0.006403266349528147,0.0,0.0,obsx,force,"nmpc+kf[r_v=0.15,r_w=0.15,q_F=10,q_tau=1,filt=1,gate=1,ffu=1,qyaw=1,obs=1,aci=2,aci_alpha=0.02]",11,3.6688954830169678,0,0.49184262948207164,3.9336823040166817,5.89483656687662,
0.058789327582715586,0.06550986552266122,0.10267227029615142,0.4962313794779843,0.4962313794779843,675.3854683126858,17.83992612304812,0.029880478087649404,0.0011468860791228608,0.0,0.0,obsx,force,"nmpc+kf[r_v=0.15,r_w=0.15,q_F=10,q_tau=1,filt=1,gate=1,ffu=1,qyaw=1,obs=1,aci=2,aci_alpha=0.02]",12,3.4446873664855957,0,0.4100537848605578,3.6699780786179925,6.065460206009448,
0.06939489539621552,0.07752791176738183,0.11775342009525464,0.8404332695598647,0.8404332695598647,1043.876437028771,23.447938399438023,0.13745019920318724,0.0010146980054887011,0.0,0.0,obsx,force,"nmpc+kf[r_v=0.15,r_w=0.15,q_F=10,q_tau=1,filt=1,gate=1,ffu=1,qyaw=1,obs=1,aci=2,aci_alpha=0.02]",13,3.1630823612213135,0,0.3900378486055777,3.393093076723802,6.060120381880552,
0.051964295998398885,0.058050950569064376,0.09198077944815601,0.23964634406592292,0.23964634406592292,719.1982105299994,11.87504032208755,0.0,0.0014994708075298235,0.0,0.0,obsx,force,"nmpc+kf[r_v=0.15,r_w=0.15,q_F=10,q_tau=1,filt=1,gate=1,ffu=1,qyaw=1,obs=1,aci=2,aci_alpha=0.02]",14,2.316021680831909,0,0.2978944223107569,2.4643382136394596,3.811195746529848,
0.0967182339208675,0.10796267404521466,0.18640055970423544,0.4575008102162541,0.4575008102162541,1100.8983674058757,19.1950308676676,0.29282868525896416,0.0008332595319212044,0.0,0.0,obsx,force,"nmpc+kf[r_v=0.15,r_w=0.15,q_F=10,q_tau=1,filt=1,gate=1,ffu=1,qyaw=1,obs=1,aci=2,aci_alpha=0.02]",15,3.1541688442230225,0,0.44662948207171316,3.3703762472076604,12.772009961772715,
0.03917461511455069,0.04374869506136642,0.09914642858026566,0.7004592727285859,0.7004592727285859,1006.4997316177619,22.530433604075366,0.0,-0.0025982846659091396,1.0,0.021912350597609563,obsx,force,"nmpc+kf[r_v=0.15,r_w=0.15,q_F=10,q_tau=1,filt=1,gate=1,ffu=1,qyaw=1,obs=1,aci=2,aci_alpha=0.02]",16,4.569122791290283,0,0.5901912350597609,4.982015774752276,11.439625935163349,
0.025345382628940656,0.028260689186753486,0.054631227499225075,0.3031364690121989,0.3031364690121989,639.0490485577059,12.597212114831352,0.0,0.0027356439026581247,0.0,0.0,obsx,force,"nmpc+kf[r_v=0.15,r_w=0.15,q_F=10,q_tau=1,filt=1,gate=1,ffu=1,qyaw=1,obs=1,aci=2,aci_alpha=0.02]",17,2.9429261684417725,0,0.37077490039840644,3.097274535023923,8.002917456906289,
0.05169551255264954,0.0576664911751719,0.0951936221211926,0.5044555728820589,0.5044555728820589,1243.267826552197,32.19221675988178,0.0,-0.0003682797696233364,1.0,0.00796812749003984,obsx,force,"nmpc+kf[r_v=0.15,r_w=0.15,q_F=10,q_tau=1,filt=1,gate=1,ffu=1,qyaw=1,obs=1,aci=2,aci_alpha=0.02]",18,2.9880082607269287,0,0.41087450199203185,3.204689292975542,5.937980024609715,
0.08262503265545591,0.09224749355680076,0.14724749704937387,0.5248786755378465,0.5248786755378465,889.9622569849821,18.55534261377662,0.35856573705179284,0.00150589712240623,0.0,0.0,obsx,force,"nmpc+kf[r_v=0.15,r_w=0.15,q_F=10,q_tau=1,filt=1,gate=1,ffu=1,qyaw=1,obs=1,aci=2,aci_alpha=0.02]",19,2.978419542312622,0,0.3697928286852589,3.2078252615503584,10.966457673348488,
0.09241493943767735,0.10324067154667484,0.2221157811899691,0.659824377904721,0.659824377904721,967.1572939443242,24.5094224190403,0.2749003984063745,-0.0006683337529973521,1.0,0.00398406374501992,obsx,force,"nmpc+kf[r_v=0.15,r_w=0.15,q_F=10,q_tau=1,filt=1,gate=1,ffu=1,qyaw=1,obs=1,aci=2]",0,3.2075226306915283,0,0.3656135458167331,3.397455832279061,6.057830899953842,
0.033874654257581835,0.0378147055166999,0.09921933553569137,0.3307397992588393,0.3307397992588393,957.5373952552993,30.129691205645443,0.0,0.0015493358249078493,0.0,0.0,obsx,force,"nmpc+kf[r_v=0.15,r_w=0.15,q_F=10,q_tau=1,filt=1,gate=1,ffu=1,qyaw=1,obs=1,aci=2]",1,2.6720666885375977,0,0.3605876494023904,2.86545350116147,5.752497010398656,
0.05624681521268628,0.0628246283215052,0.1168654595860674,0.6495331403801987,0.6495331403801987,1172.3266307179022,33.21135565950714,0.053784860557768925,0.0021048132320488078,0.0,0.0,obsx,force,"nmpc+kf[r_v=0.15,r_w=0.15,q_F=10,q_tau=1,filt=1,gate=1,ffu=1,qyaw=1,obs=1,aci=2]",2,2.40714430809021,0,0.29173904382470117,2.5483701471795897,6.640520039945845,
0.12833178349058064,0.1433991102107869,0.32279413237132415,0.5708217441403552,0.5708217441403552,1127.4834188915888,27.129557568440177,0.29282868525896416,0.0018899085251470882,0.0,0.0,obsx,force,"nmpc+kf[r_v=0.15,r_w=0.15,q_F=10,q_tau=1,filt=1,gate=1,ffu=1,qyaw=1,obs=1,aci=2]",3,3.964200019836426,0,0.5268406374501992,4.281224242775178,6.180211747996509,
0.05927133608255457,0.06617112027854768,0.11914627967666158,0.7199139250246506,0.7199139250246506,856.9896655232925,24.711584726591305,0.061752988047808766,0.003180165228119869,0.0,0.0,obsx,force,"nmpc+kf[r_v=0.15,r_w=0.15,q_F=10,q_tau=1,filt=1,gate=1,ffu=1,qyaw=1,obs=1,aci=2]",4,3.18019437789917,0,0.437223107569721,3.4496116700519126,8.546162736602128,
0.05842800727279008,0.06527562655169997,0.11026179940431453,0.3922559840171907,0.3922559840171907,830.3161320228902,14.043255278343574,0.053784860557768925,0.0026688459138706766,0.0,0.0,obsx,force,"nmpc+kf[r_v=0.15,r_w=0.15,q_F=10,q_tau=1,filt=1,gate=1,ffu=1,qyaw=1,obs=1,aci=2]",5,2.491580009460449,0,0.32945418326693227,2.6562070604821897,5.695461223367602,
0.1070956913413049,0.11951602578904293,0.2476739203711155,1.2045871359796776,1.2045871359796778,1310.6965088227616,29.186925843513087,0.28884462151394424,0.0026364744749088898,0.0,0.0,obsx,force,"nmpc+kf[r_v=0.15,r_w=0.15,q_F=10,q_tau=1,filt=1,gate=1,ffu=1,qyaw=1,obs=1,aci=2]",6,2.895631790161133,0,0.3785079681274901,3.116040100506785,5.757283954881132,
0.05591851638760757,0.06244228446371935,0.1252195000604033,0.5914084433088511,0.5914084433088511,1191.6553108153228,43.715231914364445,0.08964143426294821,0.002315352542364979,0.0,0.0,obsx,force,"nmpc+kf[r_v=0.15,r_w=0.15,q_F=10,q_tau=1,filt=1,gate=1,ffu=1,qyaw=1,obs=1,aci=2]",7,4.080450773239136,0,0.49950796812749,4.353969414955918,6.074059617239982,
0.0622360592370063,0.06951500230401628,0.10825665143442362,0.3723721524995434,0.3723721524995434,1013.1555332001948,26.441798847922925,0.0697211155378486,0.0026429870554391943,0.0,0.0,obsx,force,"nmpc+kf[r_v=0.15,r_w=0.15,q_F=10,q_tau=1,filt=1,gate=1,ffu=1,qyaw=1,obs=1,aci=2]",8,3.832294464111328,0,0.4628286852589642,4.084263243656829,8.638674684334546,
0.04567418821155706,0.050992747566584416,0.08998785996631035,0.34758062297803854,0.34758062297803854,767.2514795975486,15.039586100958324,0.0,0.0032500697373544774,0.0,0.0,obsx,force,"nmpc+kf[r_v=0.15,r_w=0.15,q_F=10,q_tau=1,filt=1,gate=1,ffu=1,qyaw=1,obs=1,aci=2]",9,3.6837165355682373,0,0.4453486055776892,4.001277741471462,9.253182958345864,
0.03480177871128607,0.03884210181083665,0.059600124733793274,0.45886192596484815,0.45886192596484815,770.1477381958485,14.79322623296086,0.0,0.0020744690398872834,0.0,0.0,obsx,force,"nmpc+kf[r_v=0.15,r_w=0.15,q_F=10,q_tau=1,filt=1,gate=1,ffu=1,qyaw=1,obs=1,aci=2]",10,2.3340234756469727,0,0.3091414342629482,2.4967156332060396,3.6137769115157425,
0.04228101785121139,0.047181019611728506,0.09067528859544183,0.2267440399497071,0.2267440399497071,664.8912444568241,13.942247508318921,0.0,0.0033212484636142847,0.0,0.0,obsx,force,"nmpc+kf[r_v=0.15,r_w=0.15,q_F=10,q_tau=1,filt=1,gate=1,ffu=1,qyaw=1,obs=1,aci=2]",11,3.203615188598633,0,0.4353625498007968,3.4257319521166356,5.966134592890739,
0.060105704566437136,0.06698496851162901,0.10300610044933321,0.47158825621793693,0.4715882562179368,863.1004293095771,17.70899830667978,0.03187250996015936,0.001227157318913208,0.0,0.0,obsx,force,"nmpc+kf[r_v=0.15,r_w=0.15,q_F=10,q_tau=1,filt=1,gate=1,ffu=1,qyaw=1,obs=1,aci=2]",12,3.428241729736328,0,0.43273904382470113,3.6496178903783933,6.022341579664499,
0.07009876380613989,0.07831466310507751,0.11542301912596489,0.763417587551739,0.763417587551739,1617.8262899136498,22.721007065869372,0.14940239043824702,0.001901418350711448,0.0,0.0,obsx,force,"nmpc+kf[r_v=0.15,r_w=0.15,q_F=10,q_tau=1,filt=1,gate=1,ffu=1,qyaw=1,obs=1,aci=2]",13,3.1623270511627197,0,0.3774501992031872,3.341382831349909,6.388150923885408,
0.05188296114294506,0.05796003248346075,0.08973362341707089,0.24361657460011885,0.24361657460011885,789.160208136413,11.748250480452883,0.0,0.003452738316458148,0.0,0.0,obsx,force,"nmpc+kf[r_v=0.15,r_w=0.15,q_F=10,q_tau=1,filt=1,gate=1,ffu=1,qyaw=1,obs=1,aci=2]",14,2.672905206680298,0,0.3316892430278885,2.829232631136192,8.213271198328584,
0.0958196282252234,0.10698463850422253,0.18237014527294912,0.4092806283568746,0.4092806283568747,1179.1309104813076,18.825044882725123,0.2848605577689243,0.0029207015180993112,0.0,0.0,obsx,force,"nmpc+kf[r_v=0.15,r_w=0.15,q_F=10,q_tau=1,filt=1,gate=1,ffu=1,qyaw=1,obs=1,aci=2]",15,2.951308488845825,0,0.38189641434262955,3.130566205855355,8.689639805816114,
0.038660009640007785,0.04317326120549546,0.09796010150692488,0.6862466339250751,0.6862466339250751,949.740433814817,22.58679421371209,0.0,-0.0013622777073408754,1.0,0.01593625498007968,obsx,force,"nmpc+kf[r_v=0.15,r_w=0.15,q_F=10,q_tau=1,filt=1,gate=1,ffu=1,qyaw=1,obs=1,aci=2]",16,2.7699031829833984,0,0.3714322709163347,2.967018468038316,5.7884082198143005,
0.025084012445595164,0.02796796420972591,0.05544152676816537,0.2992766990792017,0.2992766990792017,683.6780795140577,12.059387752331734,0.0,0.0027908818905119093,0.0,0.0,obsx,force,"nmpc+kf[r_v=0.15,r_w=0.15,q_F=10,q_tau=1,filt=1,gate=1,ffu=1,qyaw=1,obs=1,aci=2]",17,2.882293701171875,0,0.3514940239043825,3.0459642657950754,5.891965930350125,
0.05040900984097252,0.05622606060445964,0.094373242423818,0.5165518600067006,0.5165518600067006,1386.735980625565,31.618619896305585,0.0,-0.0014391871685219826,1.0,0.013944223107569721,obsx,force,"nmpc+kf[r_v=0.15,r_w=0.15,q_F=10,q_tau=1,filt=1,gate=1,ffu=1,qyaw=1,obs=1,aci=2]",18,2.6839656829833984,0,0.37942430278884465,2.908110478521878,5.895618626382202,
0.08220157260957203,0.09178983015923854,0.14751936367684385,0.49495254206392186,0.49495254206392186,1091.9201094831574,17.10391150267161,0.33665338645418325,0.0021238435698174574,0.0,0.0,obsx,force,"nmpc+kf[r_v=0.15,r_w=0.15,q_F=10,q_tau=1,filt=1,gate=1,ffu=1,qyaw=1,obs=1,aci=2]",19,4.171305894851685,0,0.5330059760956175,4.482291056774557,5.973265771754086,
0.09024794002450083,0.10080244602477698,0.21915843783049307,0.5612852023985775,0.5612852023985775,785.5043502291969,23.740505447150568,0.25697211155378485,0.00046336099506189,0.0,0.0,obsx,force,"nmpc+learned[model=gdn_mix2,filt=1,gate=1,ffu=1,qyaw=1,obs=1,aci=1,aci_alpha=0.02]",0,5.325024127960205,0,0.5675896414342629,6.881050576281501,11.745469542220237,
0.035288042392714755,0.03940179763315329,0.09998214645317686,0.3166123145335241,0.3166123145335241,981.8955760860218,29.655107192468453,0.0,0.0012378493320512884,0.0,0.0,obsx,force,"nmpc+learned[model=gdn_mix2,filt=1,gate=1,ffu=1,qyaw=1,obs=1,aci=1,aci_alpha=0.02]",1,6.444207668304443,0,0.6070159362549802,8.291223086416721,16.889812082517892,
0.05420489847788278,0.0605424130441642,0.12163136905558267,0.594085268163923,0.594085268163923,980.0858514681671,31.29385075686731,0.061752988047808766,0.002330658886538217,0.0,0.0,obsx,force,"nmpc+learned[model=gdn_mix2,filt=1,gate=1,ffu=1,qyaw=1,obs=1,aci=1,aci_alpha=0.02]",2,7.2648961544036865,0,0.7648505976095618,9.458157318770382,16.959105802234262,
0.13024861708940005,0.1455419909103688,0.3254716237315775,0.6462989222014203,0.6462989222014203,1068.9322330705793,25.657892367826516,0.28087649402390436,0.0019794431860334916,0.0,0.0,obsx,force,"nmpc+learned[model=gdn_mix2,filt=1,gate=1,ffu=1,qyaw=1,obs=1,aci=1,aci_alpha=0.02]",3,3.796182870864868,0,0.3908764940239044,4.811832215636969,10.569659096654506,
0.057268899926654376,0.06394651180513337,0.11712743717221595,0.7054184948588004,0.7054184948588004,1012.657903027773,21.733313388036496,0.05976095617529881,0.0023309858070174605,0.0,0.0,obsx,force,"nmpc+learned[model=gdn_mix2,filt=1,gate=1,ffu=1,qyaw=1,obs=1,aci=1,aci_alpha=0.02]",4,4.4934916496276855,0,0.3990219123505976,5.7454760477644395,13.170768832787873,
0.056910628323155604,0.06357917733035781,0.10978822012846383,0.38548515322412175,0.38548515322412175,897.889589075213,14.11712135137219,0.055776892430278883,0.0013249608629465615,0.0,0.0,obsx,force,"nmpc+learned[model=gdn_mix2,filt=1,gate=1,ffu=1,qyaw=1,obs=1,aci=1,aci_alpha=0.02]",5,7.272630214691162,0,0.80053187250996,9.306559099377953,17.448025599587716,
0.10741088112376196,0.11982714078120134,0.2502163615318477,1.284188752545478,1.284188752545478,1291.7528158898572,28.918804276289027,0.2908366533864542,0.0008151936193662723,0.0,0.0,obsx,force,"nmpc+learned[model=gdn_mix2,filt=1,gate=1,ffu=1,qyaw=1,obs=1,aci=1,aci_alpha=0.02]",6,5.467861652374268,0,0.5186474103585658,7.062461197494986,16.769947113934904,
0.055758452877970426,0.06225981919123068,0.1269043388343287,0.5473757843616589,0.5473757843616589,1191.0262304109872,44.014663359227846,0.08964143426294821,0.0008995201096977934,0.0,0.0,obsx,force,"nmpc+learned[model=gdn_mix2,filt=1,gate=1,ffu=1,qyaw=1,obs=1,aci=1,aci_alpha=0.02]",7,3.4087836742401123,0,0.33555776892430283,4.326167091100191,15.141882032621664,
0.05973131065201393,0.06670945472095835,0.10189972725672762,0.42224983793010445,0.42224983793010445,979.8815618934283,29.44336212148531,0.037848605577689244,0.002202599093781621,0.0,0.0,obsx,force,"nmpc+learned[model=gdn_mix2,filt=1,gate=1,ffu=1,qyaw=1,obs=1,aci=1,aci_alpha=0.02]",8,3.668203830718994,0,0.33528286852589645,4.611734159390973,11.007779301144184,
0.0449427480321177,0.05017147798189336,0.08640848201616592,0.32552057353117697,0.325520573531177,654.8187331256332,14.696888224884557,0.0,0.0009855643600591435,0.0,0.0,obsx,force,"nmpc+learned[model=gdn_mix2,filt=1,gate=1,ffu=1,qyaw=1,obs=1,aci=1,aci_alpha=0.02]",9,3.646932601928711,0,0.34988844621513954,4.64568991099013,10.422553345561028,
0.0334729022026352,0.0373602146968527,0.0575117047862965,0.45650052018372694,0.45650052018372705,601.4465788887685,15.732117491443846,0.0,0.0019181751632460498,0.0,0.0,obsx,force,"nmpc+learned[model=gdn_mix2,filt=1,gate=1,ffu=1,qyaw=1,obs=1,aci=1,aci_alpha=0.02]",10,2.8856191635131836,0,0.3325059760956175,3.656534853287457,3.9738091267645355,
0.04178159830298266,0.04660197981642584,0.09517357118820066,0.24252797375772583,0.24252797375772578,531.399395275033,13.925513023704944,0.0,0.004822822171947794,0.0,0.0,obsx,force,"nmpc+learned[model=gdn_mix2,filt=1,gate=1,ffu=1,qyaw=1,obs=1,aci=1,aci_alpha=0.02]",11,3.0104496479034424,0,0.32072709163346613,3.7876236437081516,4.12838849471882,
0.057088196385449305,0.06369906903809323,0.10260139298095153,0.4568041031128724,0.4568041031128724,713.9392416200661,16.572371168921155,0.029880478087649404,0.0010888247842879006,0.0,0.0,obsx,force,"nmpc+learned[model=gdn_mix2,filt=1,gate=1,ffu=1,qyaw=1,obs=1,aci=1,aci_alpha=0.02]",12,2.9093244075775146,0,0.31968725099601586,3.6828924203291535,4.0799366240389645,
0.06672283516412549,0.07454306932300579,0.11176605627435367,0.8661789773683246,0.8661789773683246,1146.296215951582,20.323292810281952,0.08565737051792828,0.0009218003086603477,0.0,0.0,obsx,force,"nmpc+learned[model=gdn_mix2,filt=1,gate=1,ffu=1,qyaw=1,obs=1,aci=1,aci_alpha=0.02]",13,3.0399303436279297,0,0.32344223107569714,3.832727189238862,4.417248358950021,
0.052013761674660666,0.05810639264963345,0.09237832277588301,0.23482145757633482,0.23482145757633482,763.9958588203955,11.68009545678594,0.0,0.0013436976087470853,0.0,0.0,obsx,force,"nmpc+learned[model=gdn_mix2,filt=1,gate=1,ffu=1,qyaw=1,obs=1,aci=1,aci_alpha=0.02]",14,2.884823799133301,0,0.3138446215139442,3.634778733098085,4.0117871621623635,
0.09487782082932136,0.10590900204040789,0.18907689291347796,0.4951700359479535,0.4951700359479535,1151.0878020048526,21.41984106641613,0.26095617529880477,0.001465153016704246,0.0,0.0,obsx,force,"nmpc+learned[model=gdn_mix2,filt=1,gate=1,ffu=1,qyaw=1,obs=1,aci=1,aci_alpha=0.02]",15,2.9109392166137695,0,0.33278087649402394,3.6841031401399595,4.69488419592381,
0.03600128358850289,0.04019766754311885,0.09951770459332077,0.7214120492418155,0.7214120492418155,1167.469943075538,23.656881740361626,0.0,-0.0020379638281009527,1.0,0.0199203187250996,obsx,force,"nmpc+learned[model=gdn_mix2,filt=1,gate=1,ffu=1,qyaw=1,obs=1,aci=1,aci_alpha=0.02]",16,3.0418825149536133,0,0.3347808764940239,3.8268857666168854,4.217712467070669,
0.02346562221087817,0.02616128230505776,0.0540554160405463,0.2766523557161209,0.2766523557161209,801.0471018665341,12.477050770856426,0.0,0.0026648334595354983,0.0,0.0,obsx,force,"nmpc+learned[model=gdn_mix2,filt=1,gate=1,ffu=1,qyaw=1,obs=1,aci=1,aci_alpha=0.02]",17,3.0281105041503906,0,0.31984262948207176,3.8056891551612324,4.166389380116016,
0.05173316615737226,0.05774022959004448,0.0979512380931249,0.494567154559104,0.494567154559104,1178.5150889404977,33.1685469476653,0.0,0.0012111744272573777,0.0,0.0,obsx,force,"nmpc+learned[model=gdn_mix2,filt=1,gate=1,ffu=1,qyaw=1,obs=1,aci=1,aci_alpha=0.02]",18,2.8453726768493652,0,0.3106693227091633,3.594046453036279,3.9289388386532664,
0.08187389045586653,0.09140423120796541,0.14664646828464753,0.48490577042140137,0.48490577042140137,852.5706949757152,18.78977144897201,0.34462151394422313,0.0017199380314914525,0.0,0.0,obsx,force,"nmpc+learned[model=gdn_mix2,filt=1,gate=1,ffu=1,qyaw=1,obs=1,aci=1,aci_alpha=0.02]",19,2.8515727519989014,0,0.3057430278884463,3.5896754867222858,3.8904393441043794,
0.09594982639701766,0.10717604522457173,0.2291421024961679,0.59817534185887,0.59817534185887,1035.5634755250242,23.878403353974736,0.2729083665338645,0.010824324311923761,0.0,0.0,obsx,force,"nmpc+learned[model=gdn_mix2,filt=1,gate=1,ffu=1,qyaw=1,obs=1,aci=1,obsm=0.01]",0,3.9823811054229736,0,0.41936852589641427,5.104042697267466,10.706230469513685,
0.0408838216561666,0.04565931096642127,0.1106950334300089,0.3326413967262397,0.3326413967262397,1082.3243166987522,32.311660028940814,0.03386454183266932,0.011395979761907982,0.0,0.0,obsx,force,"nmpc+learned[model=gdn_mix2,filt=1,gate=1,ffu=1,qyaw=1,obs=1,aci=1,obsm=0.01]",1,3.4053521156311035,0,0.32757171314741035,4.277318067648318,10.310169165022671,
0.060806258891351564,0.06792258157047046,0.12999885595451888,0.6955223233585278,0.6955223233585278,1072.6379962004364,35.116089535397144,0.12749003984063745,0.012067463588558425,0.0,0.0,obsx,force,"nmpc+learned[model=gdn_mix2,filt=1,gate=1,ffu=1,qyaw=1,obs=1,aci=1,obsm=0.01]",2,3.845163106918335,0,0.3989282868525897,4.880741989496071,10.525439628399909,
0.1343226952412359,0.15009493997414028,0.3379458848111365,0.6016684822317113,0.6016684822317113,1149.9325204946306,28.66354383394421,0.350597609561753,0.012248709053970241,0.0,0.0,obsx,force,"nmpc+learned[model=gdn_mix2,filt=1,gate=1,ffu=1,qyaw=1,obs=1,aci=1,obsm=0.01]",3,3.7672369480133057,0,0.41681474103585653,4.775767527665364,10.624770233407617,
0.062485593679538425,0.06978024435546375,0.12432433643220678,0.7461629988923701,0.7461629988923701,964.5212084165343,22.459857513273604,0.09561752988047809,0.013002189044238222,0.0,0.0,obsx,force,"nmpc+learned[model=gdn_mix2,filt=1,gate=1,ffu=1,qyaw=1,obs=1,aci=1,obsm=0.01]",4,3.337498426437378,0,0.3507011952191235,4.210381819662523,10.26635545771569,
0.0639682476232416,0.07146788220651926,0.12056046014750889,0.42553257667685374,0.4255325766768538,1022.6997730145582,14.625917850397824,0.0796812749003984,0.012254015065830431,0.0,0.0,obsx,force,"nmpc+learned[model=gdn_mix2,filt=1,gate=1,ffu=1,qyaw=1,obs=1,aci=1,obsm=0.01]",5,3.3750574588775635,0,0.35008764940239046,4.2310418024013545,10.3118993062526,
0.11447767411891288,0.12772986668811184,0.26319100034762954,1.3220678189756403,1.3220678189756403,1423.8458480944337,31.04792078551981,0.3187250996015936,0.011904873285600637,0.0,0.0,obsx,force,"nmpc+learned[model=gdn_mix2,filt=1,gate=1,ffu=1,qyaw=1,obs=1,aci=1,obsm=0.01]",6,3.0630342960357666,0,0.34389043824701193,3.8769955726422043,8.588190588634468,
0.06500700353087842,0.07260184363274479,0.14751049481921288,0.7353355278015444,0.7353355278015444,1269.399632800205,47.98167457424927,0.13745019920318724,0.012092935845544439,0.0,0.0,obsx,force,"nmpc+learned[model=gdn_mix2,filt=1,gate=1,ffu=1,qyaw=1,obs=1,aci=1,obsm=0.01]",7,4.018118381500244,0,0.406390438247012,5.076423007252801,10.67924014525488,
0.0678168765971635,0.07574953952073374,0.11654789663688299,0.4513662173317688,0.4513662173317688,999.6182792268633,29.483528911363738,0.11752988047808766,0.012737779921484643,0.0,0.0,obsx,force,"nmpc+learned[model=gdn_mix2,filt=1,gate=1,ffu=1,qyaw=1,obs=1,aci=1,obsm=0.01]",8,3.0942580699920654,0,0.3088804780876494,3.9267002162430806,9.980890736915171,
0.05201540302761366,0.058081956897564554,0.09945826095759829,0.3457687198130912,0.3457687198130912,810.0131003351839,14.571195086502748,0.0,0.012604401737751902,0.0,0.0,obsx,force,"nmpc+learned[model=gdn_mix2,filt=1,gate=1,ffu=1,qyaw=1,obs=1,aci=1,obsm=0.01]",9,3.6130740642547607,0,0.33146414342629477,4.653604246167637,10.351427276618779,
0.04048486927410059,0.04520377840880031,0.06703312034269038,0.4950157000757675,0.4950157000757675,854.4328444711512,15.85704861409211,0.0,0.012079139899389857,0.0,0.0,obsx,force,"nmpc+learned[model=gdn_mix2,filt=1,gate=1,ffu=1,qyaw=1,obs=1,aci=1,obsm=0.01]",10,3.473034620285034,0,0.406105577689243,4.373929874259103,10.467407808173448,
0.047499360570002584,0.05300185365772123,0.10116038128869824,0.26808032930923936,0.26808032930923936,763.362088856036,15.015879351607563,0.017928286852589643,0.013096109523240529,0.0,0.0,obsx,force,"nmpc+learned[model=gdn_mix2,filt=1,gate=1,ffu=1,qyaw=1,obs=1,aci=1,obsm=0.01]",11,4.164900541305542,0,0.42554581673306774,5.2355091951127015,10.485178858507426,
0.06549975287304617,0.07311108664970276,0.11312289744343665,0.45542593456502745,0.45542593456502745,967.5123430302305,16.74621222569721,0.10756972111553785,0.011221621160230899,0.0,0.0,obsx,force,"nmpc+learned[model=gdn_mix2,filt=1,gate=1,ffu=1,qyaw=1,obs=1,aci=1,obsm=0.01]",12,4.244050025939941,0,0.3955796812749004,5.349917204186053,10.60076949885115,
0.07883015266560577,0.08807552224814101,0.12661311979924486,0.868974920468386,0.868974920468386,1689.8179685049968,22.64826239183079,0.2729083665338645,0.011964248558968715,0.0,0.0,obsx,force,"nmpc+learned[model=gdn_mix2,filt=1,gate=1,ffu=1,qyaw=1,obs=1,aci=1,obsm=0.01]",13,5.010892629623413,0,0.4885517928286852,6.410805332711879,10.74792634928599,
0.05926168161866993,0.06620796114221937,0.10072853649476522,0.26556850754686406,0.26556850754686406,832.1088162458663,12.103023311073994,0.01593625498007968,0.012895606394236703,0.0,0.0,obsx,force,"nmpc+learned[model=gdn_mix2,filt=1,gate=1,ffu=1,qyaw=1,obs=1,aci=1,obsm=0.01]",14,3.4211056232452393,0,0.35977290836653386,4.309231177458458,10.456791834440082,
0.1030003352053774,0.11499229844333357,0.1981416416108365,0.4181568281088661,0.4181568281088661,1287.6423125554886,21.24048837987696,0.3745019920318725,0.012987567322799431,0.0,0.0,obsx,force,"nmpc+learned[model=gdn_mix2,filt=1,gate=1,ffu=1,qyaw=1,obs=1,aci=1,obsm=0.01]",15,3.2485427856445312,0,0.3387211155378486,4.104767773445117,9.694980082567781,
0.04117218509851451,0.045980176649712906,0.10852988801609104,0.6488538287107515,0.6488538287107515,1130.5667953515588,24.040321158222525,0.04183266932270916,0.010200065119518681,0.0,0.0,obsx,force,"nmpc+learned[model=gdn_mix2,filt=1,gate=1,ffu=1,qyaw=1,obs=1,aci=1,obsm=0.01]",16,3.071834087371826,0,0.3350956175298805,3.8814985233199493,10.029315317515293,
0.028879493547543194,0.032222622020510634,0.06571891990615636,0.28981325683452713,0.2898132568345271,886.8903412210449,13.58901082598552,0.0,0.012784613925362454,0.0,0.0,obsx,force,"nmpc+learned[model=gdn_mix2,filt=1,gate=1,ffu=1,qyaw=1,obs=1,aci=1,obsm=0.01]",17,3.322110414505005,0,0.3324820717131474,4.217125817695521,9.901173368562013,
0.058303996730904986,0.065090993312816,0.10573772094142823,0.5233127653851094,0.5233127653851094,1439.9805034698495,34.99460595200987,0.04780876494023904,0.01019150759231563,0.0,0.0,obsx,force,"nmpc+learned[model=gdn_mix2,filt=1,gate=1,ffu=1,qyaw=1,obs=1,aci=1,obsm=0.01]",18,4.1379313468933105,0,0.4259860557768924,5.259749344624282,10.801983394194396,
0.09033020949894294,0.10086205274630641,0.1596633684696259,0.4827904086166075,0.4827904086166074,1084.5668547329478,17.242997639172714,0.398406374501992,0.011927789433665154,0.0,0.0,obsx,force,"nmpc+learned[model=gdn_mix2,filt=1,gate=1,ffu=1,qyaw=1,obs=1,aci=1,obsm=0.01]",19,4.676843166351318,0,0.47178884462151394,6.003840864483876,10.806398722343147,
0.090259449780746,0.10082870827708487,0.21995943795457124,0.5761678934861986,0.5761678934861986,991.188631447774,23.816588496364176,0.2589641434262948,0.0006914733503234349,0.0,0.0,obsx,force,"nmpc+learned[model=gdn_mix2,filt=1,gate=1,ffu=1,qyaw=1,obs=1,aci=1]",0,2.8597638607025146,0,0.30927091633466136,3.6089168759471035,4.042744371108712,
0.034403635421765666,0.03841267448474677,0.09912102100816242,0.31183821367429,0.31183821367429,1043.0064255206207,29.8113018981042,0.0,0.0014520378865225947,0.0,0.0,obsx,force,"nmpc+learned[model=gdn_mix2,filt=1,gate=1,ffu=1,qyaw=1,obs=1,aci=1]",1,3.0581655502319336,0,0.3346852589641434,3.884767462774013,4.34890404343605,
0.05405213235542572,0.06037161450825502,0.11615916019400643,0.6267202759162384,0.6267202759162384,1041.6855210168194,32.53600454810606,0.053784860557768925,0.002243342855574676,0.0,0.0,obsx,force,"nmpc+learned[model=gdn_mix2,filt=1,gate=1,ffu=1,qyaw=1,obs=1,aci=1]",2,3.010673999786377,0,0.32391235059760964,3.790929132471403,4.23090677941218,
0.12935395319446008,0.144542340725529,0.325462621202448,0.5689150879366163,0.5689150879366163,1076.172299518407,27.551014339638442,0.29282868525896416,0.002178197268297377,0.0,0.0,obsx,force,"nmpc+learned[model=gdn_mix2,filt=1,gate=1,ffu=1,qyaw=1,obs=1,aci=1]",3,3.0589640140533447,0,0.3439501992031873,3.884086742036163,6.990991039201621,
0.05591379633780292,0.06243099621716427,0.11229859013789965,0.7215852193345049,0.7215852193345049,933.2873699996156,21.594717256347664,0.04780876494023904,0.003066591743702385,0.0,0.0,obsx,force,"nmpc+learned[model=gdn_mix2,filt=1,gate=1,ffu=1,qyaw=1,obs=1,aci=1]",4,2.832181692123413,0,0.29542231075697206,3.5584797118920313,3.8932282803580165,
0.056565352665543946,0.06319654650250536,0.1103726828637827,0.39737273345553104,0.39737273345553104,1003.944353279963,14.141718372313223,0.05179282868525897,0.0022086741906309215,0.0,0.0,obsx,force,"nmpc+learned[model=gdn_mix2,filt=1,gate=1,ffu=1,qyaw=1,obs=1,aci=1]",5,3.0711493492126465,0,0.3259900398406374,3.8724895260589887,7.181863577570766,
0.10648107558716152,0.1188349722225205,0.248915338308693,1.2719610675327653,1.2719610675327653,1361.4088556257445,29.763721641461355,0.2908366533864542,0.0018909969216696076,0.0,0.0,obsx,force,"nmpc+learned[model=gdn_mix2,filt=1,gate=1,ffu=1,qyaw=1,obs=1,aci=1]",6,3.027113914489746,0,0.3266633466135458,3.8189680595693,4.340052928309888,
0.0557454925011404,0.06224532488598476,0.12532563437553182,0.5377660906814057,0.5377660906814057,1205.62218507013,44.417856899252804,0.09163346613545817,0.002085846733110852,0.0,0.0,obsx,force,"nmpc+learned[model=gdn_mix2,filt=1,gate=1,ffu=1,qyaw=1,obs=1,aci=1]",7,2.9027066230773926,0,0.2956274900398406,3.6571143710785416,5.87508195778355,
0.05996165740804193,0.0669670117719085,0.10327077207290478,0.41637528522191075,0.41637528522191075,975.7302235735813,28.00872429524851,0.0398406374501992,0.002801180958743682,0.0,0.0,obsx,force,"nmpc+learned[model=gdn_mix2,filt=1,gate=1,ffu=1,qyaw=1,obs=1,aci=1]",8,3.629305601119995,0,0.33650199203187253,4.579989346712679,10.363988790195437,
0.04597037950387681,0.051320975160692124,0.08946653087597227,0.3465675243369311,0.3465675243369311,798.7442225874534,14.533307067487803,0.0,0.002905580763786053,0.0,0.0,obsx,force,"nmpc+learned[model=gdn_mix2,filt=1,gate=1,ffu=1,qyaw=1,obs=1,aci=1]",9,3.4886600971221924,0,0.3386095617529881,4.405564677241106,10.600919409189373,
0.033548359428320566,0.03744514490540071,0.05726699758904057,0.479493938513702,0.47949393851370187,811.9474474124736,15.776367662347774,0.0,0.001900700343586248,0.0,0.0,obsx,force,"nmpc+learned[model=gdn_mix2,filt=1,gate=1,ffu=1,qyaw=1,obs=1,aci=1]",10,4.300155878067017,0,0.4867290836653386,5.470493275011737,10.62260449398309,
0.039975865945828984,0.04459957925410644,0.09072687496250774,0.24402862612552656,0.24402862612552656,682.2259552391718,13.701046085577303,0.0,0.0032477459227046868,0.0,0.0,obsx,force,"nmpc+learned[model=gdn_mix2,filt=1,gate=1,ffu=1,qyaw=1,obs=1,aci=1]",11,3.335798740386963,0,0.420711155378486,4.247447436831268,13.13511276151988,
0.05822109189392165,0.06496695384443676,0.10298240682456818,0.42946906525525974,0.42946906525525974,944.7440645044061,16.400932760982194,0.03187250996015936,0.001173461225395106,0.0,0.0,obsx,force,"nmpc+learned[model=gdn_mix2,filt=1,gate=1,ffu=1,qyaw=1,obs=1,aci=1]",12,4.972372055053711,0,0.4684003984063745,6.227555474641165,18.515056923497472,
0.06911335575529481,0.07721505241047145,0.11178964317110783,0.8304614695290911,0.8304614695290911,1678.746954495221,21.074176893401916,0.11553784860557768,0.0017753615014098334,0.0,0.0,obsx,force,"nmpc+learned[model=gdn_mix2,filt=1,gate=1,ffu=1,qyaw=1,obs=1,aci=1]",13,3.821016788482666,0,0.41518924302788845,4.888985290255146,10.915471534244716,
0.05178602636527992,0.05785182514679705,0.09008872791867029,0.24216810005521425,0.24216810005521425,810.7956691218441,11.630032400916626,0.0,0.00268017354217015,0.0,0.0,obsx,force,"nmpc+learned[model=gdn_mix2,filt=1,gate=1,ffu=1,qyaw=1,obs=1,aci=1]",14,3.638765335083008,0,0.3905756972111553,4.709345783455765,10.5797637719661,
0.09399437362757637,0.1049478458201723,0.1852259900047761,0.42393090470408645,0.42393090470408645,1259.737888022871,20.82932608929264,0.26294820717131473,0.0029691697820528606,0.0,0.0,obsx,force,"nmpc+learned[model=gdn_mix2,filt=1,gate=1,ffu=1,qyaw=1,obs=1,aci=1]",15,3.738903284072876,0,0.3905836653386454,4.818697482722244,10.70709411520511,
0.036154308885149734,0.04036880950701728,0.09777684114045672,0.6426881539661761,0.6426881539661761,1044.8184799394646,22.095268848266652,0.0,-0.0007660435312270286,1.0,0.0099601593625498,obsx,force,"nmpc+learned[model=gdn_mix2,filt=1,gate=1,ffu=1,qyaw=1,obs=1,aci=1]",16,4.789991855621338,0,0.4397988047808765,6.107463164670594,16.393116591498273,
0.02330351795006784,0.02597970891168738,0.054866832456997014,0.2796310177060791,0.2796310177060791,857.891589681564,11.757211712869491,0.0,0.002649261291854721,0.0,0.0,obsx,force,"nmpc+learned[model=gdn_mix2,filt=1,gate=1,ffu=1,qyaw=1,obs=1,aci=1]",17,6.483769416809082,0,0.6249262948207172,8.364364240444694,16.54985622037202,
0.050580855846706914,0.05645079969224497,0.09659343956263573,0.49144784178467155,0.49144784178467155,1400.3828775744732,32.49227834944227,0.0,-0.00018523260571012834,1.0,0.00398406374501992,obsx,force,"nmpc+learned[model=gdn_mix2,filt=1,gate=1,ffu=1,qyaw=1,obs=1,aci=1]",18,5.686580419540405,0,0.6130677290836655,7.385959592276806,16.51837767334655,
0.0819073602786677,0.09145826892361326,0.14612632869505696,0.4411941335952771,0.44119413359527715,1127.7588035895506,16.585382649003307,0.33067729083665337,0.001933622074966418,0.0,0.0,obsx,force,"nmpc+learned[model=gdn_mix2,filt=1,gate=1,ffu=1,qyaw=1,obs=1,aci=1]",19,4.292684078216553,0,0.4101573705179283,5.463682655412035,11.633780624251816,
0.09024794002450083,0.10080244602477698,0.21915843783049307,0.5612852023985775,0.5612852023985775,785.5043502291969,23.740505447150568,0.25697211155378485,0.00046336099506189,0.0,0.0,obsx,force,"nmpc+learned[model=gdn_mix2,filt=1,gate=1,ffu=1,qyaw=1,obs=1,aci=2,aci_alpha=0.02]",0,2.9964773654937744,0,0.3055258964143427,3.7723588780407233,8.158484178129587,
0.035288042392714755,0.03940179763315329,0.09998214645317686,0.3166123145335241,0.3166123145335241,981.8955760860218,29.655107192468453,0.0,0.0012378493320512884,0.0,0.0,obsx,force,"nmpc+learned[model=gdn_mix2,filt=1,gate=1,ffu=1,qyaw=1,obs=1,aci=2,aci_alpha=0.02]",1,3.493586301803589,0,0.3350059760956175,4.37334742753273,10.572312430012971,
0.05420489847788278,0.0605424130441642,0.12163136905558267,0.594085268163923,0.594085268163923,980.0858514681671,31.29385075686731,0.061752988047808766,0.002330658886538217,0.0,0.0,obsx,force,"nmpc+learned[model=gdn_mix2,filt=1,gate=1,ffu=1,qyaw=1,obs=1,aci=2,aci_alpha=0.02]",2,3.180237054824829,0,0.32141832669322706,4.003621795051453,9.004667713306844,
0.13024861708940005,0.1455419909103688,0.3254716237315775,0.6462989222014203,0.6462989222014203,1068.9322330705793,25.657892367826516,0.28087649402390436,0.0019794431860334916,0.0,0.0,obsx,force,"nmpc+learned[model=gdn_mix2,filt=1,gate=1,ffu=1,qyaw=1,obs=1,aci=2,aci_alpha=0.02]",3,3.6927249431610107,0,0.38592430278884465,4.679476708244251,10.597683528903872,
0.057268899926654376,0.06394651180513337,0.11712743717221595,0.7054184948588004,0.7054184948588004,1012.657903027773,21.733313388036496,0.05976095617529881,0.0023309858070174605,0.0,0.0,obsx,force,"nmpc+learned[model=gdn_mix2,filt=1,gate=1,ffu=1,qyaw=1,obs=1,aci=2,aci_alpha=0.02]",4,3.724907159805298,0,0.39578087649402394,4.750503352342315,10.681943122763187,
0.05721954887422533,0.06392292258128907,0.11139353126055097,0.3918150228313155,0.3918150228313155,797.7821532677779,14.511904581533186,0.055776892430278883,0.0017242570270663837,0.0,0.0,obsx,force,"nmpc+learned[model=gdn_mix2,filt=1,gate=1,ffu=1,qyaw=1,obs=1,aci=2,aci_alpha=0.02]",5,2.9680910110473633,0,0.3256972111553785,3.751535377691526,5.500030280090869,
0.10752413087683649,0.11992142772386766,0.2484948322153041,1.3091778422050944,1.3091778422050944,1078.055621617427,28.738399165634146,0.2908366533864542,0.0019471051153382435,0.0,0.0,obsx,force,"nmpc+learned[model=gdn_mix2,filt=1,gate=1,ffu=1,qyaw=1,obs=1,aci=2,aci_alpha=0.02]",6,3.0195302963256836,0,0.3661314741035856,3.8839837107658983,8.666374315507714,
0.055758452877970426,0.06225981919123068,0.1269043388343287,0.5473757843616589,0.5473757843616589,1191.0262304109872,44.014663359227846,0.08964143426294821,0.0008995201096977934,0.0,0.0,obsx,force,"nmpc+learned[model=gdn_mix2,filt=1,gate=1,ffu=1,qyaw=1,obs=1,aci=2,aci_alpha=0.02]",7,3.0473546981811523,0,0.30748804780876493,3.832180112362858,7.756686210632324,
0.05973131065201393,0.06670945472095835,0.10189972725672762,0.42224983793010445,0.42224983793010445,979.8815618934283,29.44336212148531,0.037848605577689244,0.002202599093781621,0.0,0.0,obsx,force,"nmpc+learned[model=gdn_mix2,filt=1,gate=1,ffu=1,qyaw=1,obs=1,aci=2,aci_alpha=0.02]",8,3.086212158203125,0,0.3175418326693227,3.880923620862998,4.576022399123759,
0.0449427480321177,0.05017147798189336,0.08640848201616592,0.32552057353117697,0.325520573531177,654.8187331256332,14.696888224884557,0.0,0.0009855643600591435,0.0,0.0,obsx,force,"nmpc+learned[model=gdn_mix2,filt=1,gate=1,ffu=1,qyaw=1,obs=1,aci=2,aci_alpha=0.02]",9,3.969228744506836,0,0.4137629482071713,4.969369691510897,10.447084214538336,
0.0334729022026352,0.0373602146968527,0.0575117047862965,0.45650052018372694,0.45650052018372705,601.4465788887685,15.732117491443846,0.0,0.0019181751632460498,0.0,0.0,obsx,force,"nmpc+learned[model=gdn_mix2,filt=1,gate=1,ffu=1,qyaw=1,obs=1,aci=2,aci_alpha=0.02]",10,3.2814180850982666,0,0.363503984063745,4.142339503674571,10.384111013263464,
0.04178159830298266,0.04660197981642584,0.09517357118820066,0.24252797375772583,0.24252797375772578,531.399395275033,13.925513023704944,0.0,0.004822822171947794,0.0,0.0,obsx,force,"nmpc+learned[model=gdn_mix2,filt=1,gate=1,ffu=1,qyaw=1,obs=1,aci=2,aci_alpha=0.02]",11,3.0408926010131836,0,0.31426693227091634,3.8348353505913777,6.76223401213065,
0.057088196385449305,0.06369906903809323,0.10260139298095153,0.4568041031128724,0.4568041031128724,713.9392416200661,16.572371168921155,0.029880478087649404,0.0010888247842879006,0.0,0.0,obsx,force,"nmpc+learned[model=gdn_mix2,filt=1,gate=1,ffu=1,qyaw=1,obs=1,aci=2,aci_alpha=0.02]",12,3.044672966003418,0,0.3126733067729084,3.820268135328603,6.398755074478686,
0.06672283516412549,0.07454306932300579,0.11176605627435367,0.8661789773683246,0.8661789773683246,1146.296215951582,20.323292810281952,0.08565737051792828,0.0009218003086603477,0.0,0.0,obsx,force,"nmpc+learned[model=gdn_mix2,filt=1,gate=1,ffu=1,qyaw=1,obs=1,aci=2,aci_alpha=0.02]",13,3.7901153564453125,0,0.40281274900398406,4.843022275448915,10.62968926737085,
0.052013761674660666,0.05810639264963345,0.09237832277588301,0.23482145757633482,0.23482145757633482,763.9958588203955,11.68009545678594,0.0,0.0013436976087470853,0.0,0.0,obsx,force,"nmpc+learned[model=gdn_mix2,filt=1,gate=1,ffu=1,qyaw=1,obs=1,aci=2,aci_alpha=0.02]",14,3.3441646099090576,0,0.3593466135458167,4.218592749541232,10.230661970563233,
0.09487782082932136,0.10590900204040789,0.18907689291347796,0.4951700359479535,0.4951700359479535,1151.0878020048526,21.41984106641613,0.26095617529880477,0.001465153016704246,0.0,0.0,obsx,force,"nmpc+learned[model=gdn_mix2,filt=1,gate=1,ffu=1,qyaw=1,obs=1,aci=2,aci_alpha=0.02]",15,3.0351805686950684,0,0.33841035856573703,3.8102873929394074,7.1501064393669385,
0.03911114027228053,0.04367548550623399,0.11291425950137822,1.0070437801990508,1.0070437801990508,1294.9796628229733,37.775695160091345,0.04183266932270916,-0.0020379638281009527,1.0,0.0199203187250996,obsx,force,"nmpc+learned[model=gdn_mix2,filt=1,gate=1,ffu=1,qyaw=1,obs=1,aci=2,aci_alpha=0.02]",16,3.134812355041504,0,0.3308964143426295,3.9336857037151236,7.842762060463434,
0.02346562221087817,0.02616128230505776,0.0540554160405463,0.2766523557161209,0.2766523557161209,801.0471018665341,12.477050770856426,0.0,0.0026648334595354983,0.0,0.0,obsx,force,"nmpc+learned[model=gdn_mix2,filt=1,gate=1,ffu=1,qyaw=1,obs=1,aci=2,aci_alpha=0.02]",17,3.4601378440856934,0,0.34513944223107573,4.346681481405381,10.25892435805872,
0.05173316615737226,0.05774022959004448,0.0979512380931249,0.494567154559104,0.494567154559104,1178.5150889404977,33.1685469476653,0.0,0.0012111744272573777,0.0,0.0,obsx,force,"nmpc+learned[model=gdn_mix2,filt=1,gate=1,ffu=1,qyaw=1,obs=1,aci=2,aci_alpha=0.02]",18,3.0092689990997314,0,0.32424302788844617,3.7969305844183463,6.144424309022729,
0.08187389045586653,0.09140423120796541,0.14664646828464753,0.48490577042140137,0.48490577042140137,852.5706949757152,18.78977144897201,0.34462151394422313,0.0017199380314914525,0.0,0.0,obsx,force,"nmpc+learned[model=gdn_mix2,filt=1,gate=1,ffu=1,qyaw=1,obs=1,aci=2,aci_alpha=0.02]",19,3.126495838165283,0,0.31316135458167327,3.8890297407751895,7.206371780484916,
0.090259449780746,0.10082870827708487,0.21995943795457124,0.5761678934861986,0.5761678934861986,991.188631447774,23.816588496364176,0.2589641434262948,0.0006914733503234349,0.0,0.0,obsx,force,"nmpc+learned[model=gdn_mix2,filt=1,gate=1,ffu=1,qyaw=1,obs=1,aci=2]",0,2.8686439990997314,0,0.3051314741035856,3.613883922566693,4.07512468053028,
0.034403635421765666,0.03841267448474677,0.09912102100816242,0.31183821367429,0.31183821367429,1043.0064255206207,29.8113018981042,0.0,0.0014520378865225947,0.0,0.0,obsx,force,"nmpc+learned[model=gdn_mix2,filt=1,gate=1,ffu=1,qyaw=1,obs=1,aci=2]",1,3.0555572509765625,0,0.31656374501992035,3.8416652965259206,6.924664576072254,
0.05405213235542572,0.06037161450825502,0.11615916019400643,0.6267202759162384,0.6267202759162384,1041.6855210168194,32.53600454810606,0.053784860557768925,0.002243342855574676,0.0,0.0,obsx,force,"nmpc+learned[model=gdn_mix2,filt=1,gate=1,ffu=1,qyaw=1,obs=1,aci=2]",2,3.0038158893585205,0,0.31775498007968134,3.7697876350902226,4.082776489667594,
0.12935395319446008,0.144542340725529,0.325462621202448,0.5689150879366163,0.5689150879366163,1076.172299518407,27.551014339638442,0.29282868525896416,0.002178197268297377,0.0,0.0,obsx,force,"nmpc+learned[model=gdn_mix2,filt=1,gate=1,ffu=1,qyaw=1,obs=1,aci=2]",3,3.026625871658325,0,0.3279462151394423,3.841603936375197,4.352961326949298,
0.05591379633780292,0.06243099621716427,0.11229859013789965,0.7215852193345049,0.7215852193345049,933.2873699996156,21.594717256347664,0.04780876494023904,0.003066591743702385,0.0,0.0,obsx,force,"nmpc+learned[model=gdn_mix2,filt=1,gate=1,ffu=1,qyaw=1,obs=1,aci=2]",4,3.088876962661743,0,0.319585657370518,3.9153448134415836,6.123421883676202,
0.05648824917005179,0.0631081591559449,0.11226773666612769,0.39269753520739187,0.39269753520739187,968.3904389041913,14.324290200416792,0.061752988047808766,0.002225916495831065,0.0,0.0,obsx,force,"nmpc+learned[model=gdn_mix2,filt=1,gate=1,ffu=1,qyaw=1,obs=1,aci=2]",5,2.8586208820343018,0,0.31173306772908366,3.5894416881153783,3.913168443832547,
0.10759962756212813,0.1200364050652312,0.2492578719908446,1.2693400768747554,1.2693400768747554,1627.7317270401209,28.580856939242533,0.2908366533864542,0.0022540995484207904,0.0,0.0,obsx,force,"nmpc+learned[model=gdn_mix2,filt=1,gate=1,ffu=1,qyaw=1,obs=1,aci=2]",6,3.0398759841918945,0,0.3284422310756973,3.830068057822249,4.252988905645907,
0.0557454925011404,0.06224532488598476,0.12532563437553182,0.5377660906814057,0.5377660906814057,1205.62218507013,44.417856899252804,0.09163346613545817,0.002085846733110852,0.0,0.0,obsx,force,"nmpc+learned[model=gdn_mix2,filt=1,gate=1,ffu=1,qyaw=1,obs=1,aci=2]",7,3.1733949184417725,0,0.33505976095617523,4.003632431515896,10.128071189392358,
0.05996165740804193,0.0669670117719085,0.10327077207290478,0.41637528522191075,0.41637528522191075,975.7302235735813,28.00872429524851,0.0398406374501992,0.002801180958743682,0.0,0.0,obsx,force,"nmpc+learned[model=gdn_mix2,filt=1,gate=1,ffu=1,qyaw=1,obs=1,aci=2]",8,3.1492812633514404,0,0.33350796812749,3.9635559746186693,9.69105317955839,
0.04597037950387681,0.051320975160692124,0.08946653087597227,0.3465675243369311,0.3465675243369311,798.7442225874534,14.533307067487803,0.0,0.002905580763786053,0.0,0.0,obsx,force,"nmpc+learned[model=gdn_mix2,filt=1,gate=1,ffu=1,qyaw=1,obs=1,aci=2]",9,2.9263405799865723,0,0.315589641434263,3.718963185087796,8.032938141841454,
0.033548359428320566,0.03744514490540071,0.05726699758904057,0.479493938513702,0.47949393851370187,811.9474474124736,15.776367662347774,0.0,0.001900700343586248,0.0,0.0,obsx,force,"nmpc+learned[model=gdn_mix2,filt=1,gate=1,ffu=1,qyaw=1,obs=1,aci=2]",10,2.996598958969116,0,0.32168127490039844,3.75243550235131,5.756632906850428,
0.039975865945828984,0.04459957925410644,0.09072687496250774,0.24402862612552656,0.24402862612552656,682.2259552391718,13.701046085577303,0.0,0.0032477459227046868,0.0,0.0,obsx,force,"nmpc+learned[model=gdn_mix2,filt=1,gate=1,ffu=1,qyaw=1,obs=1,aci=2]",11,2.927081346511841,0,0.304191235059761,3.672216613071997,6.893115050625056,
0.05822109189392165,0.06496695384443676,0.10298240682456818,0.42946906525525974,0.42946906525525974,944.7440645044061,16.400932760982194,0.03187250996015936,0.001173461225395106,0.0,0.0,obsx,force,"nmpc+learned[model=gdn_mix2,filt=1,gate=1,ffu=1,qyaw=1,obs=1,aci=2]",12,3.0057528018951416,0,0.3218625498007968,3.794184481944013,6.992369487416,
0.06911335575529481,0.07721505241047145,0.11178964317110783,0.8304614695290911,0.8304614695290911,1678.746954495221,21.074176893401916,0.11553784860557768,0.0017753615014098334,0.0,0.0,obsx,force,"nmpc+learned[model=gdn_mix2,filt=1,gate=1,ffu=1,qyaw=1,obs=1,aci=2]",13,3.347322463989258,0,0.3452848605577689,4.218416325135743,10.368976450990885,
0.05178602636527992,0.05785182514679705,0.09008872791867029,0.24216810005521425,0.24216810005521425,810.7956691218441,11.630032400916626,0.0,0.00268017354217015,0.0,0.0,obsx,force,"nmpc+learned[model=gdn_mix2,filt=1,gate=1,ffu=1,qyaw=1,obs=1,aci=2]",14,3.1272661685943604,0,0.3207191235059761,3.9063670252267997,7.150540482252837,
0.09399437362757637,0.1049478458201723,0.1852259900047761,0.42393090470408645,0.42393090470408645,1259.737888022871,20.82932608929264,0.26294820717131473,0.0029691697820528606,0.0,0.0,obsx,force,"nmpc+learned[model=gdn_mix2,filt=1,gate=1,ffu=1,qyaw=1,obs=1,aci=2]",15,2.865054130554199,0,0.31331673306772906,3.6150554234006136,4.665697189047933,
0.036154308885149734,0.04036880950701728,0.09777684114045672,0.6426881539661761,0.6426881539661761,1044.8184799394646,22.095268848266652,0.0,-0.0007660435312270286,1.0,0.0099601593625498,obsx,force,"nmpc+learned[model=gdn_mix2,filt=1,gate=1,ffu=1,qyaw=1,obs=1,aci=2]",16,3.085115432739258,0,0.3280199203187251,3.881380335331349,4.42492161411792,
0.02330351795006784,0.02597970891168738,0.054866832456997014,0.2796310177060791,0.2796310177060791,857.891589681564,11.757211712869491,0.0,0.002649261291854721,0.0,0.0,obsx,force,"nmpc+learned[model=gdn_mix2,filt=1,gate=1,ffu=1,qyaw=1,obs=1,aci=2]",17,3.024015188217163,0,0.3071573705179283,3.8161098472848236,6.112657743506134,
0.050580855846706914,0.05645079969224497,0.09659343956263573,0.49144784178467155,0.49144784178467155,1400.3828775744732,32.49227834944227,0.0,-0.00018523260571012834,1.0,0.00398406374501992,obsx,force,"nmpc+learned[model=gdn_mix2,filt=1,gate=1,ffu=1,qyaw=1,obs=1,aci=2]",18,3.152345895767212,0,0.35078087649402395,3.9994187469397526,10.223628394305706,
0.0819073602786677,0.09145826892361326,0.14612632869505696,0.4411941335952771,0.44119413359527715,1127.7588035895506,16.585382649003307,0.33067729083665337,0.001933622074966418,0.0,0.0,obsx,force,"nmpc+learned[model=gdn_mix2,filt=1,gate=1,ffu=1,qyaw=1,obs=1,aci=2]",19,3.52902889251709,0,0.37571513944223106,4.447290986457253,10.634183546062559,
0.08959988485601762,0.10009393823161385,0.21883825743976415,0.5812278470863396,0.5812278470863396,907.586118432949,22.82433862093265,0.25298804780876494,0.0017620867566235932,0.0,0.0,obsx,no,"nmpc+kf[r_v=0.15,r_w=0.15,q_F=10,q_tau=1,filt=1,gate=1,ffu=1,qyaw=1,obs=1,aci=1]",0,3.229832172393799,0,0.38225697211155374,3.4830438101152144,9.28541706874967,
0.035615137318640015,0.039761586734591174,0.10061778538799196,0.30878518403369526,0.30878518403369526,975.3335054039112,26.90759334263317,0.00796812749003984,0.0022924592911286457,0.0,0.0,obsx,no,"nmpc+kf[r_v=0.15,r_w=0.15,q_F=10,q_tau=1,filt=1,gate=1,ffu=1,qyaw=1,obs=1,aci=1]",1,4.890382766723633,0,0.5890816733067729,5.201469642570265,11.973674094770104,
0.05369740582304623,0.059974298744137254,0.11540707885527497,0.4630332645603072,0.4630332645603072,1021.1276237718776,28.514275091223883,0.049800796812749,0.0019563195168138814,0.0,0.0,obsx,no,"nmpc+kf[r_v=0.15,r_w=0.15,q_F=10,q_tau=1,filt=1,gate=1,ffu=1,qyaw=1,obs=1,aci=1]",2,3.690727949142456,0,0.40212948207171323,3.8707407944616805,9.131334580015391,
0.1289568765725954,0.14409768032339754,0.323067444247612,0.561690741165997,0.561690741165997,1002.9448649104106,27.128813681706195,0.2948207171314741,0.0028196713537785856,0.0,0.0,obsx,no,"nmpc+kf[r_v=0.15,r_w=0.15,q_F=10,q_tau=1,filt=1,gate=1,ffu=1,qyaw=1,obs=1,aci=1]",3,4.491418838500977,0,0.5719163346613546,4.862265480474469,9.094219212420285,
0.054709565121001114,0.061118203795764194,0.11063102131846246,0.5205062404209838,0.5205062404209839,892.2876258617201,15.87390483463203,0.045816733067729085,0.0024134385984100337,0.0,0.0,obsx,no,"nmpc+kf[r_v=0.15,r_w=0.15,q_F=10,q_tau=1,filt=1,gate=1,ffu=1,qyaw=1,obs=1,aci=1]",4,4.09787654876709,0,0.5083685258964143,4.441015901455871,8.951277912128717,
0.056573453140395726,0.06320266726066429,0.11087590111230272,0.3295961388296809,0.3295961388296809,908.3915845097882,12.225149277910521,0.055776892430278883,0.002481513019605641,0.0,0.0,obsx,no,"nmpc+kf[r_v=0.15,r_w=0.15,q_F=10,q_tau=1,filt=1,gate=1,ffu=1,qyaw=1,obs=1,aci=1]",5,3.3136045932769775,0,0.40598605577689245,3.5569483434699802,6.658657751977448,
0.10574376659097612,0.11800321879441827,0.24676406781054733,0.6898295660360029,0.689829566036003,1179.0257615423825,29.420140216919645,0.28286852589641437,0.0023356815738773684,0.0,0.0,obsx,no,"nmpc+kf[r_v=0.15,r_w=0.15,q_F=10,q_tau=1,filt=1,gate=1,ffu=1,qyaw=1,obs=1,aci=1]",6,4.284749269485474,0,0.5409223107569721,4.596631152117514,9.001745423302054,
0.054882880159195124,0.06128412671586614,0.12116548892758734,0.5299417003881606,0.5299417003881606,1129.6607770040134,41.53850227651351,0.0796812749003984,0.002315352542364979,0.0,0.0,obsx,no,"nmpc+kf[r_v=0.15,r_w=0.15,q_F=10,q_tau=1,filt=1,gate=1,ffu=1,qyaw=1,obs=1,aci=1]",7,3.0481162071228027,0,0.3981434262948207,3.2592904934867386,5.985227799974382,
0.057292997914261526,0.0640014914795797,0.10129860994129539,0.43677564097984317,0.43677564097984317,776.3095535051742,23.742371363349058,0.01593625498007968,0.0022279819894970854,0.0,0.0,obsx,no,"nmpc+kf[r_v=0.15,r_w=0.15,q_F=10,q_tau=1,filt=1,gate=1,ffu=1,qyaw=1,obs=1,aci=1]",8,4.29481053352356,0,0.5813565737051792,4.650215188364139,11.224370573181671,
0.046285644178089495,0.05167546329138655,0.08929736538257055,0.2861534631841198,0.2861534631841198,748.9924378176,8.82625970810565,0.0,0.002912109207660496,0.0,0.0,obsx,no,"nmpc+kf[r_v=0.15,r_w=0.15,q_F=10,q_tau=1,filt=1,gate=1,ffu=1,qyaw=1,obs=1,aci=1]",9,2.2898709774017334,0,0.28759163346613553,2.4476339516463685,3.589033526368441,
0.03303406536994222,0.03686414398844976,0.0575795987134822,0.31474871481307565,0.31474871481307565,742.9619053235913,8.688402797654918,0.0,0.0019755281816173365,0.0,0.0,obsx,no,"nmpc+kf[r_v=0.15,r_w=0.15,q_F=10,q_tau=1,filt=1,gate=1,ffu=1,qyaw=1,obs=1,aci=1]",10,3.220698833465576,0,0.431906374501992,3.4103727467224534,6.244576256722212,
0.039353570339408325,0.043904665316145015,0.09067528859544183,0.2089795796679006,0.2089795796679006,693.9840104294753,10.748250113875613,0.0,0.0032557311717024418,0.0,0.0,obsx,no,"nmpc+kf[r_v=0.15,r_w=0.15,q_F=10,q_tau=1,filt=1,gate=1,ffu=1,qyaw=1,obs=1,aci=1]",11,2.8282108306884766,0,0.3772270916334661,3.043114198872679,9.043542272411289,
0.05799208488578103,0.06478003468020922,0.10300296310082982,0.3174725348734149,0.3174725348734149,863.8957120066074,13.419333574345202,0.03187250996015936,0.0012270589948066846,0.0,0.0,obsx,no,"nmpc+kf[r_v=0.15,r_w=0.15,q_F=10,q_tau=1,filt=1,gate=1,ffu=1,qyaw=1,obs=1,aci=1]",12,2.7854785919189453,0,0.3532390438247012,2.9682124328550947,5.824362940620631,
0.06604639337622059,0.07378505541814649,0.10242082091361938,0.6372312700423253,0.6372312700423254,1467.237689754795,20.372972754948908,0.049800796812749,0.001786625871759484,0.0,0.0,obsx,no,"nmpc+kf[r_v=0.15,r_w=0.15,q_F=10,q_tau=1,filt=1,gate=1,ffu=1,qyaw=1,obs=1,aci=1]",13,4.350513458251953,0,0.5552649402390437,4.652717561679948,8.798419497907162,
0.05302049559027651,0.05923158838889943,0.09113472839502,0.20509531982166465,0.20509531982166465,766.2657377387178,9.227646908414725,0.0,0.0028271788080622695,0.0,0.0,obsx,no,"nmpc+kf[r_v=0.15,r_w=0.15,q_F=10,q_tau=1,filt=1,gate=1,ffu=1,qyaw=1,obs=1,aci=1]",14,4.621337890625,0,0.5892968127490038,4.960227830046083,10.642887374851858,
0.09058411601427198,0.1011579762061843,0.18320915163548257,0.3023601275603271,0.3023601275603271,1046.0552451543485,10.570989711644417,0.250996015936255,0.002296523067812667,0.0,0.0,obsx,no,"nmpc+kf[r_v=0.15,r_w=0.15,q_F=10,q_tau=1,filt=1,gate=1,ffu=1,qyaw=1,obs=1,aci=1]",15,5.749057054519653,0,0.7279741035856575,6.173627731201064,10.134373616892846,
0.03418910662749591,0.0381734058940887,0.09938568395780538,0.37627417708474103,0.37627417708474103,914.1811211056712,19.91423769375163,0.0,0.002272887116808009,0.0,0.0,obsx,no,"nmpc+kf[r_v=0.15,r_w=0.15,q_F=10,q_tau=1,filt=1,gate=1,ffu=1,qyaw=1,obs=1,aci=1]",16,2.9344730377197266,0,0.36037250996015935,3.1127745357056362,8.765805850271136,
0.02208030125490492,0.024633489694100324,0.05434721244759072,0.22756769552541922,0.22756769552541922,649.8821466748211,11.98872983788954,0.0,0.0019134474343772134,0.0,0.0,obsx,no,"nmpc+kf[r_v=0.15,r_w=0.15,q_F=10,q_tau=1,filt=1,gate=1,ffu=1,qyaw=1,obs=1,aci=1]",17,5.099863767623901,0,0.6433067729083665,5.451959140869636,10.656222833786162,
0.049947085088626816,0.055779709933569725,0.09327567230781643,0.4411105399654841,0.4411105399654841,1133.1761178974614,26.804169122020564,0.0,0.002401178074115329,0.0,0.0,obsx,no,"nmpc+kf[r_v=0.15,r_w=0.15,q_F=10,q_tau=1,filt=1,gate=1,ffu=1,qyaw=1,obs=1,aci=1]",18,5.782144546508789,0,0.7004601593625498,6.199195436517378,10.035519886296242,
0.08184944076592542,0.09139603540992866,0.14606132723508716,0.45140879464387246,0.45140879464387246,1146.996064182761,16.725735710684376,0.31673306772908366,0.0021356208393034093,0.0,0.0,obsx,no,"nmpc+kf[r_v=0.15,r_w=0.15,q_F=10,q_tau=1,filt=1,gate=1,ffu=1,qyaw=1,obs=1,aci=1]",19,2.272648811340332,0,0.2936513944223108,2.4285369716859257,2.8768966300413017,
0.08949143363872339,0.09995902437210012,0.21829943045902586,0.5556678229264458,0.5556678229264458,708.8174751633668,22.951086301309857,0.250996015936255,0.0011169338842308973,0.0,0.0,obsx,no,"nmpc+kf[r_v=0.15,r_w=0.15,q_F=10,q_tau=1,filt=1,gate=1,ffu=1,qyaw=1,obs=1,aci=2,aci_alpha=0.02]",0,3.011476755142212,0,0.39264342629482063,3.214111898569353,6.758808828890324,
0.03670978822539675,0.04098595479469568,0.10203590317240878,0.32834734975178587,0.32834734975178587,881.0548897680244,27.78493744868317,0.01195219123505976,0.0014013083498844447,0.0,0.0,obsx,no,"nmpc+kf[r_v=0.15,r_w=0.15,q_F=10,q_tau=1,filt=1,gate=1,ffu=1,qyaw=1,obs=1,aci=2,aci_alpha=0.02]",1,2.4162416458129883,0,0.308308764940239,2.5610123066216763,5.701546894852072,
0.053101793935205345,0.05930836396835972,0.11798813712959975,0.45049637809623916,0.45049637809623916,864.9359384654582,26.548433386928608,0.055776892430278883,0.00150438807752451,0.0,0.0,obsx,no,"nmpc+kf[r_v=0.15,r_w=0.15,q_F=10,q_tau=1,filt=1,gate=1,ffu=1,qyaw=1,obs=1,aci=2,aci_alpha=0.02]",2,3.6636831760406494,0,0.481109561752988,3.9163925202630194,6.137105638626963,
0.13017150130932964,0.14545488587169267,0.3251523750365765,0.6439964118792906,0.6439964118792906,1060.8963959899534,25.75548280187357,0.28286852589641437,0.001942095552073142,0.0,0.0,obsx,no,"nmpc+kf[r_v=0.15,r_w=0.15,q_F=10,q_tau=1,filt=1,gate=1,ffu=1,qyaw=1,obs=1,aci=2,aci_alpha=0.02]",3,3.3694052696228027,0,0.42427689243027883,3.683232270975215,11.503295691218252,
0.055753338828091706,0.0622849441907502,0.1143272554706661,0.5077172923515163,0.5077172923515163,952.9394490903542,15.955512602624035,0.055776892430278883,0.002513372042690032,0.0,0.0,obsx,no,"nmpc+kf[r_v=0.15,r_w=0.15,q_F=10,q_tau=1,filt=1,gate=1,ffu=1,qyaw=1,obs=1,aci=2,aci_alpha=0.02]",4,3.9196975231170654,0,0.5347330677290837,4.189785710439471,8.709163365419954,
0.056816387732711984,0.0634702080465125,0.10966922243901395,0.338162692519494,0.33816269251949393,747.5703673114846,12.109926783433153,0.05776892430278884,0.0012683762776813934,0.0,0.0,obsx,no,"nmpc+kf[r_v=0.15,r_w=0.15,q_F=10,q_tau=1,filt=1,gate=1,ffu=1,qyaw=1,obs=1,aci=2,aci_alpha=0.02]",5,4.885155439376831,0,0.6201474103585657,5.262923225634305,9.215542445890605,
0.10662101685412047,0.11893509705350533,0.24885805136202624,0.7070882527304598,0.7070882527304598,1103.5126954871332,29.200223952204944,0.2848605577689243,0.0018652434429952125,0.0,0.0,obsx,no,"nmpc+kf[r_v=0.15,r_w=0.15,q_F=10,q_tau=1,filt=1,gate=1,ffu=1,qyaw=1,obs=1,aci=2,aci_alpha=0.02]",6,5.707361698150635,0,0.6683864541832669,6.225225332924035,10.846306097228089,
0.05481412885108255,0.061207240527626085,0.12335126046048492,0.5305006798327836,0.5305006798327836,1087.4860428686504,41.25651151031137,0.08167330677290836,0.0008917988150066447,0.0,0.0,obsx,no,"nmpc+kf[r_v=0.15,r_w=0.15,q_F=10,q_tau=1,filt=1,gate=1,ffu=1,qyaw=1,obs=1,aci=2,aci_alpha=0.02]",7,4.006136178970337,0,0.4777310756972111,4.2623761898478065,8.707696963101625,
0.057357098693142414,0.0640731474291486,0.10344810454283178,0.44129230163117483,0.44129230163117483,723.6585119265272,24.318791554308376,0.02390438247011952,0.0017386558945728103,0.0,0.0,obsx,no,"nmpc+kf[r_v=0.15,r_w=0.15,q_F=10,q_tau=1,filt=1,gate=1,ffu=1,qyaw=1,obs=1,aci=2,aci_alpha=0.02]",8,2.9378623962402344,0,0.35908366533864533,3.12141281463562,6.297995573841036,
0.04508761058564684,0.050335418692816825,0.08628655420915975,0.27373823410188314,0.27373823410188314,619.5273390636016,8.759419933885466,0.0,0.0011178966287631598,0.0,0.0,obsx,no,"nmpc+kf[r_v=0.15,r_w=0.15,q_F=10,q_tau=1,filt=1,gate=1,ffu=1,qyaw=1,obs=1,aci=2,aci_alpha=0.02]",9,3.1251542568206787,0,0.39695219123505976,3.2963769721883938,6.054505119100213,
0.03289006653605732,0.03670266149758311,0.057403618393873194,0.32078674483531944,0.32078674483531944,528.4877018311071,10.527013175120677,0.0,0.0014735585212195534,0.0,0.0,obsx,no,"nmpc+kf[r_v=0.15,r_w=0.15,q_F=10,q_tau=1,filt=1,gate=1,ffu=1,qyaw=1,obs=1,aci=2,aci_alpha=0.02]",10,5.981125593185425,0,0.7306254980079683,6.49618566364599,10.027223941870036,
0.04135463996560333,0.0461262218343537,0.09496747268531473,0.22002034665424658,0.22002034665424658,634.0290968629321,10.473594884583088,0.0,0.001758957831760638,0.0,0.0,obsx,no,"nmpc+kf[r_v=0.15,r_w=0.15,q_F=10,q_tau=1,filt=1,gate=1,ffu=1,qyaw=1,obs=1,aci=2,aci_alpha=0.02]",11,4.177436828613281,0,0.5354980079681275,4.4433523936056165,8.903361742850393,
0.05670501624617753,0.06334115442996432,0.10266979967550698,0.31254222626013906,0.31254222626013906,669.2328960050985,13.541774343907798,0.029880478087649404,0.0011469665274773944,0.0,0.0,obsx,no,"nmpc+kf[r_v=0.15,r_w=0.15,q_F=10,q_tau=1,filt=1,gate=1,ffu=1,qyaw=1,obs=1,aci=2,aci_alpha=0.02]",12,3.0512783527374268,0,0.3824223107569721,3.2760826365250453,5.997704721521586,
0.0640506064802866,0.07155417518435024,0.10008246476152488,0.6564764729431913,0.6564764729431913,1039.3132639778705,19.99700423554849,0.00398406374501992,0.0010525508141578377,0.0,0.0,obsx,no,"nmpc+kf[r_v=0.15,r_w=0.15,q_F=10,q_tau=1,filt=1,gate=1,ffu=1,qyaw=1,obs=1,aci=2,aci_alpha=0.02]",13,5.609954833984375,0,0.7478565737051793,6.08910565066014,11.046242832671862,
0.05310282112987856,0.05932361267340129,0.09388068508265358,0.20583737693355744,0.20583737693355744,722.7637768118151,9.226080805597487,0.0,0.0014421818863304958,0.0,0.0,obsx,no,"nmpc+kf[r_v=0.15,r_w=0.15,q_F=10,q_tau=1,filt=1,gate=1,ffu=1,qyaw=1,obs=1,aci=2,aci_alpha=0.02]",14,4.64387321472168,0,0.49322908366533863,4.942922905343492,9.171969119925054,
0.09137927551412024,0.10202310379806538,0.1874862158826632,0.3370360084027536,0.3370360084027536,879.9929124882457,12.152622045816361,0.250996015936255,0.001065937657031446,0.0,0.0,obsx,no,"nmpc+kf[r_v=0.15,r_w=0.15,q_F=10,q_tau=1,filt=1,gate=1,ffu=1,qyaw=1,obs=1,aci=2,aci_alpha=0.02]",15,5.515317678451538,0,0.7319442231075698,5.955885604127826,9.152538888156414,
0.03390912804720472,0.03786027037304554,0.09530683436436098,0.3794303465108857,0.3794303465108857,895.8583671601433,21.075995780714102,0.0,0.000938578705415305,0.0,0.0,obsx,no,"nmpc+kf[r_v=0.15,r_w=0.15,q_F=10,q_tau=1,filt=1,gate=1,ffu=1,qyaw=1,obs=1,aci=2,aci_alpha=0.02]",16,5.608061790466309,0,0.7119063745019919,5.972055891766194,10.883841661270708,
0.021901645393739084,0.024433512782842923,0.05378032811094181,0.23308908685100724,0.23308908685100724,561.185436640417,12.396104613686811,0.0,0.001398727844176273,0.0,0.0,obsx,no,"nmpc+kf[r_v=0.15,r_w=0.15,q_F=10,q_tau=1,filt=1,gate=1,ffu=1,qyaw=1,obs=1,aci=2,aci_alpha=0.02]",17,5.118910551071167,0,0.6587091633466138,5.453092173628687,9.203357775695624,
0.050112723300463506,0.055964923165498864,0.09152466295689338,0.4396888215424599,0.4396888215424599,995.6313274704908,27.2510811054559,0.0,0.003068315325770371,0.0,0.0,obsx,no,"nmpc+kf[r_v=0.15,r_w=0.15,q_F=10,q_tau=1,filt=1,gate=1,ffu=1,qyaw=1,obs=1,aci=2,aci_alpha=0.02]",18,2.8626160621643066,0,0.38487649402390434,3.098272196707349,6.050552406813949,
0.08234433095804973,0.09193352863903674,0.14721189808962168,0.4717663898738794,0.4717663898738794,895.9636382145081,18.654349980384353,0.3346613545816733,0.0012647768162457607,0.0,0.0,obsx,no,"nmpc+kf[r_v=0.15,r_w=0.15,q_F=10,q_tau=1,filt=1,gate=1,ffu=1,qyaw=1,obs=1,aci=2,aci_alpha=0.02]",19,2.7176527976989746,0,0.36054183266932266,2.927080078785163,8.742221142165363,
0.08959988485601762,0.10009393823161385,0.21883825743976415,0.5812278470863396,0.5812278470863396,907.586118432949,22.82433862093265,0.25298804780876494,0.0017620867566235932,0.0,0.0,obsx,no,"nmpc+kf[r_v=0.15,r_w=0.15,q_F=10,q_tau=1,filt=1,gate=1,ffu=1,qyaw=1,obs=1,aci=2]",0,6.068257093429565,0,0.6976474103585656,6.438345600112501,10.944361111614857,
0.035615137318640015,0.039761586734591174,0.10061778538799196,0.30878518403369526,0.30878518403369526,975.3335054039112,26.90759334263317,0.00796812749003984,0.0022924592911286457,0.0,0.0,obsx,no,"nmpc+kf[r_v=0.15,r_w=0.15,q_F=10,q_tau=1,filt=1,gate=1,ffu=1,qyaw=1,obs=1,aci=2]",1,2.8674380779266357,0,0.3389721115537848,3.0561948651484996,5.922288785222919,
0.05369740582304623,0.059974298744137254,0.11540707885527497,0.4630332645603072,0.4630332645603072,1021.1276237718776,28.514275091223883,0.049800796812749,0.0019563195168138814,0.0,0.0,obsx,no,"nmpc+kf[r_v=0.15,r_w=0.15,q_F=10,q_tau=1,filt=1,gate=1,ffu=1,qyaw=1,obs=1,aci=2]",2,3.7896206378936768,0,0.4910717131474103,4.077943057690067,8.522611809894444,
0.1289568765725954,0.14409768032339754,0.323067444247612,0.561690741165997,0.561690741165997,1002.9448649104106,27.128813681706195,0.2948207171314741,0.0028196713537785856,0.0,0.0,obsx,no,"nmpc+kf[r_v=0.15,r_w=0.15,q_F=10,q_tau=1,filt=1,gate=1,ffu=1,qyaw=1,obs=1,aci=2]",3,2.8308911323547363,0,0.38088446215139443,3.0305072970398927,7.1651236223988235,
0.054709565121001114,0.061118203795764194,0.11063102131846246,0.5205062404209838,0.5205062404209839,892.2876258617201,15.87390483463203,0.045816733067729085,0.0024134385984100337,0.0,0.0,obsx,no,"nmpc+kf[r_v=0.15,r_w=0.15,q_F=10,q_tau=1,filt=1,gate=1,ffu=1,qyaw=1,obs=1,aci=2]",4,5.742783546447754,0,0.6611553784860558,6.1570973463905645,9.845851038116967,
0.056573453140395726,0.06320266726066429,0.11087590111230272,0.3295961388296809,0.3295961388296809,908.3915845097882,12.225149277910521,0.055776892430278883,0.002481513019605641,0.0,0.0,obsx,no,"nmpc+kf[r_v=0.15,r_w=0.15,q_F=10,q_tau=1,filt=1,gate=1,ffu=1,qyaw=1,obs=1,aci=2]",5,3.367168426513672,0,0.41453386454183266,3.5826225776180802,5.970864295959473,
0.10574376659097612,0.11800321879441827,0.24676406781054733,0.6898295660360029,0.689829566036003,1179.0257615423825,29.420140216919645,0.28286852589641437,0.0023356815738773684,0.0,0.0,obsx,no,"nmpc+kf[r_v=0.15,r_w=0.15,q_F=10,q_tau=1,filt=1,gate=1,ffu=1,qyaw=1,obs=1,aci=2]",6,4.511358976364136,0,0.5948386454183268,4.885086534633876,9.130418945569545,
0.054882880159195124,0.06128412671586614,0.12116548892758734,0.5299417003881606,0.5299417003881606,1129.6607770040134,41.53850227651351,0.0796812749003984,0.002315352542364979,0.0,0.0,obsx,no,"nmpc+kf[r_v=0.15,r_w=0.15,q_F=10,q_tau=1,filt=1,gate=1,ffu=1,qyaw=1,obs=1,aci=2]",7,5.2508556842803955,0,0.6045597609561753,5.56321787987409,9.14458530722186,
0.057292997914261526,0.0640014914795797,0.10129860994129539,0.43677564097984317,0.43677564097984317,776.3095535051742,23.742371363349058,0.01593625498007968,0.0022279819894970854,0.0,0.0,obsx,no,"nmpc+kf[r_v=0.15,r_w=0.15,q_F=10,q_tau=1,filt=1,gate=1,ffu=1,qyaw=1,obs=1,aci=2]",8,3.724557638168335,0,0.43087250996015936,3.9899677322969676,9.124127943068743,
0.046285644178089495,0.05167546329138655,0.08929736538257055,0.2861534631841198,0.2861534631841198,748.9924378176,8.82625970810565,0.0,0.002912109207660496,0.0,0.0,obsx,no,"nmpc+kf[r_v=0.15,r_w=0.15,q_F=10,q_tau=1,filt=1,gate=1,ffu=1,qyaw=1,obs=1,aci=2]",9,4.8615922927856445,0,0.6298426294820716,5.192585683249649,9.028857578523457,
0.03303406536994222,0.03686414398844976,0.0575795987134822,0.31474871481307565,0.31474871481307565,742.9619053235913,8.688402797654918,0.0,0.0019755281816173365,0.0,0.0,obsx,no,"nmpc+kf[r_v=0.15,r_w=0.15,q_F=10,q_tau=1,filt=1,gate=1,ffu=1,qyaw=1,obs=1,aci=2]",10,4.339929580688477,0,0.5977051792828686,4.639404022090315,9.090962123591453,
0.039353570339408325,0.043904665316145015,0.09067528859544183,0.2089795796679006,0.2089795796679006,693.9840104294753,10.748250113875613,0.0,0.0032557311717024418,0.0,0.0,obsx,no,"nmpc+kf[r_v=0.15,r_w=0.15,q_F=10,q_tau=1,filt=1,gate=1,ffu=1,qyaw=1,obs=1,aci=2]",11,3.5878310203552246,0,0.418703187250996,3.7902290482942265,7.992785230744632,
0.05799208488578103,0.06478003468020922,0.10300296310082982,0.3174725348734149,0.3174725348734149,863.8957120066074,13.419333574345202,0.03187250996015936,0.0012270589948066846,0.0,0.0,obsx,no,"nmpc+kf[r_v=0.15,r_w=0.15,q_F=10,q_tau=1,filt=1,gate=1,ffu=1,qyaw=1,obs=1,aci=2]",12,5.778424263000488,0,0.6962011952191236,6.184075934908899,9.98003958258778,
0.06604639337622059,0.07378505541814649,0.10242082091361938,0.6372312700423253,0.6372312700423254,1467.237689754795,20.372972754948908,0.049800796812749,0.001786625871759484,0.0,0.0,obsx,no,"nmpc+kf[r_v=0.15,r_w=0.15,q_F=10,q_tau=1,filt=1,gate=1,ffu=1,qyaw=1,obs=1,aci=2]",13,2.3073947429656982,0,0.29879681274900405,2.4721219530885676,3.8668892672285446,
0.05302049559027651,0.05923158838889943,0.09113472839502,0.20509531982166465,0.20509531982166465,766.2657377387178,9.227646908414725,0.0,0.0028271788080622695,0.0,0.0,obsx,no,"nmpc+kf[r_v=0.15,r_w=0.15,q_F=10,q_tau=1,filt=1,gate=1,ffu=1,qyaw=1,obs=1,aci=2]",14,3.2220163345336914,0,0.4125378486055777,3.4658983962024115,6.7412003921344885,
0.09058411601427198,0.1011579762061843,0.18320915163548257,0.3023601275603271,0.3023601275603271,1046.0552451543485,10.570989711644417,0.250996015936255,0.002296523067812667,0.0,0.0,obsx,no,"nmpc+kf[r_v=0.15,r_w=0.15,q_F=10,q_tau=1,filt=1,gate=1,ffu=1,qyaw=1,obs=1,aci=2]",15,3.1772196292877197,0,0.41040039840637443,3.3841633058869207,5.9480401943437755,
0.03418910662749591,0.0381734058940887,0.09938568395780538,0.37627417708474103,0.37627417708474103,914.1811211056712,19.91423769375163,0.0,0.002272887116808009,0.0,0.0,obsx,no,"nmpc+kf[r_v=0.15,r_w=0.15,q_F=10,q_tau=1,filt=1,gate=1,ffu=1,qyaw=1,obs=1,aci=2]",16,3.8479061126708984,0,0.48076892430278884,4.154124955342437,6.845174185000362,
0.02208030125490492,0.024633489694100324,0.05434721244759072,0.22756769552541922,0.22756769552541922,649.8821466748211,11.98872983788954,0.0,0.0019134474343772134,0.0,0.0,obsx,no,"nmpc+kf[r_v=0.15,r_w=0.15,q_F=10,q_tau=1,filt=1,gate=1,ffu=1,qyaw=1,obs=1,aci=2]",17,2.4034969806671143,0,0.3000677290836653,2.5429901916466924,5.63759989105165,
0.049947085088626816,0.055779709933569725,0.09327567230781643,0.4411105399654841,0.4411105399654841,1133.1761178974614,26.804169122020564,0.0,0.002401178074115329,0.0,0.0,obsx,no,"nmpc+kf[r_v=0.15,r_w=0.15,q_F=10,q_tau=1,filt=1,gate=1,ffu=1,qyaw=1,obs=1,aci=2]",18,3.2118470668792725,0,0.39377490039840635,3.440598403919948,6.083096410147846,
0.08184944076592542,0.09139603540992866,0.14606132723508716,0.45140879464387246,0.45140879464387246,1146.996064182761,16.725735710684376,0.31673306772908366,0.0021356208393034093,0.0,0.0,obsx,no,"nmpc+kf[r_v=0.15,r_w=0.15,q_F=10,q_tau=1,filt=1,gate=1,ffu=1,qyaw=1,obs=1,aci=2]",19,5.806159257888794,0,0.6275737051792829,6.24675356478716,10.09445254923776,
0.08891300260359439,0.09930996822912753,0.21812971683495772,0.5071114520058833,0.5071114520058833,695.9664375704708,23.18781535963908,0.24900398406374502,0.0010230040808198448,0.0,0.0,obsx,no,"nmpc+learned[model=gdn_mix2,filt=1,gate=1,ffu=1,qyaw=1,obs=1,aci=1,aci_alpha=0.02]",0,5.740341663360596,0,0.5345776892430278,7.416537591809059,14.015485737472778,
0.03611937321152976,0.040331523694513115,0.10135488673333772,0.3414328945581092,0.3414328945581092,891.9116713595697,27.472270491234433,0.0099601593625498,0.0012378493320512884,0.0,0.0,obsx,no,"nmpc+learned[model=gdn_mix2,filt=1,gate=1,ffu=1,qyaw=1,obs=1,aci=1,aci_alpha=0.02]",1,5.1655354499816895,0,0.5345577689243028,6.594144425677707,16.633688351139426,
0.05336082456902946,0.05959869905426898,0.11830074597605925,0.4397458857941891,0.4397458857941891,883.4321812368545,26.978590988152003,0.055776892430278883,0.0014804072786288591,0.0,0.0,obsx,no,"nmpc+learned[model=gdn_mix2,filt=1,gate=1,ffu=1,qyaw=1,obs=1,aci=1,aci_alpha=0.02]",2,3.902292490005493,0,0.4060737051792829,4.8860184596925675,10.55005829082802,
0.1302644477308763,0.14555968226075292,0.3256667791092553,0.6636670624295871,0.6636670624295871,968.1206567310817,25.657922918626856,0.28286852589641437,0.002084900048102134,0.0,0.0,obsx,no,"nmpc+learned[model=gdn_mix2,filt=1,gate=1,ffu=1,qyaw=1,obs=1,aci=1,aci_alpha=0.02]",3,3.2539947032928467,0,0.3419322709163346,4.171769847106412,10.081076193600893,
0.05577485230179844,0.06230627596691533,0.113842378118093,0.48609049686822126,0.48609049686822126,954.0662267075998,15.974895014437378,0.053784860557768925,0.0025728647851039343,0.0,0.0,obsx,no,"nmpc+learned[model=gdn_mix2,filt=1,gate=1,ffu=1,qyaw=1,obs=1,aci=1,aci_alpha=0.02]",4,3.93154239654541,0,0.3759382470119522,5.015953292743678,10.162664658855647,
0.05698485610723902,0.06366214759652866,0.11005399081081878,0.36546443247505994,0.36546443247505994,819.8626830782697,11.824549020822127,0.05976095617529881,0.0013868889767792714,0.0,0.0,obsx,no,"nmpc+learned[model=gdn_mix2,filt=1,gate=1,ffu=1,qyaw=1,obs=1,aci=1,aci_alpha=0.02]",5,6.219135046005249,0,0.6620976095617529,8.062989367042256,16.60247577354312,
0.10632364237323184,0.11861010550486863,0.24858044119775108,0.7641407613850705,0.7641407613850705,1176.9893265166497,29.265547227078034,0.28286852589641437,0.0014967225336858792,0.0,0.0,obsx,no,"nmpc+learned[model=gdn_mix2,filt=1,gate=1,ffu=1,qyaw=1,obs=1,aci=1,aci_alpha=0.02]",6,6.964658260345459,0,0.7005916334661355,9.011907493268914,16.599202214274555,
0.054511590370648164,0.06086535645912588,0.12200515388862211,0.5233876448837071,0.5233876448837071,1098.7642567056344,42.05005948956283,0.07768924302788845,0.0008995201096977934,0.0,0.0,obsx,no,"nmpc+learned[model=gdn_mix2,filt=1,gate=1,ffu=1,qyaw=1,obs=1,aci=1,aci_alpha=0.02]",7,5.6849915981292725,0,0.5908067729083665,7.3175980107472895,16.669315255712718,
0.05741006802131507,0.06412618713046789,0.1036092241865028,0.4737143662261326,0.4737143662261326,742.5224322449918,24.264854005836604,0.025896414342629483,0.0019691220686220423,0.0,0.0,obsx,no,"nmpc+learned[model=gdn_mix2,filt=1,gate=1,ffu=1,qyaw=1,obs=1,aci=1,aci_alpha=0.02]",8,3.8867177963256836,0,0.4171115537848606,4.9269971158541,10.556636401452124,
0.045259122072642086,0.05052564640836498,0.08748961918033957,0.2937657537823987,0.2937657537823987,633.553283640813,8.725352806952952,0.0,0.0011588148469012793,0.0,0.0,obsx,no,"nmpc+learned[model=gdn_mix2,filt=1,gate=1,ffu=1,qyaw=1,obs=1,aci=1,aci_alpha=0.02]",9,6.628162384033203,0,0.6215239043824701,8.432892387718022,10.752715975977482,
0.033106172802013986,0.03694990366216632,0.0575736887811031,0.37509632952935634,0.37509632952935634,584.0228502876581,10.3818396821528,0.0,0.0017621970438037038,0.0,0.0,obsx,no,"nmpc+learned[model=gdn_mix2,filt=1,gate=1,ffu=1,qyaw=1,obs=1,aci=1,aci_alpha=0.02]",10,4.431247234344482,0,0.41105378486055777,5.6244418640951235,10.519277933053672,
0.04155216874195428,0.04634511048597163,0.09517357118820066,0.23187280295926113,0.23187280295926113,646.6528453464938,10.323368217756197,0.0,0.001496968308212554,0.0,0.0,obsx,no,"nmpc+learned[model=gdn_mix2,filt=1,gate=1,ffu=1,qyaw=1,obs=1,aci=1,aci_alpha=0.02]",11,4.753849267959595,0,0.4531314741035857,6.116421861236403,10.672058386262506,
0.05646379110357677,0.0630762468377283,0.10248539475225715,0.2933355266206147,0.2933355266206147,675.3334548069253,13.556111341332942,0.029880478087649404,0.0010764833114244587,0.0,0.0,obsx,no,"nmpc+learned[model=gdn_mix2,filt=1,gate=1,ffu=1,qyaw=1,obs=1,aci=1,aci_alpha=0.02]",12,4.716829061508179,0,0.4545318725099602,6.0015645998704485,10.477360375225546,
0.06478930960602014,0.07238185434873598,0.10021134950018924,0.7120256866744595,0.7120256866744595,1097.184404430075,20.094830444340598,0.00796812749003984,0.0008509688779198554,0.0,0.0,obsx,no,"nmpc+learned[model=gdn_mix2,filt=1,gate=1,ffu=1,qyaw=1,obs=1,aci=1,aci_alpha=0.02]",13,4.900716066360474,0,0.46806374501992026,6.296364780686113,13.424989071209005,
0.052797129998644395,0.05898205372082202,0.09304060399272608,0.22674537587857266,0.22674537587857266,763.423870621779,9.175464006058482,0.0,0.0011613368732731333,0.0,0.0,obsx,no,"nmpc+learned[model=gdn_mix2,filt=1,gate=1,ffu=1,qyaw=1,obs=1,aci=1,aci_alpha=0.02]",14,3.904153347015381,0,0.3774402390438246,4.867746006322661,11.33944194763899,
0.09118348967565486,0.10180740229841198,0.18714949372432022,0.3328271344011442,0.3328271344011442,909.7724660159281,12.408351204882775,0.24900398406374502,0.0010544366530497173,0.0,0.0,obsx,no,"nmpc+learned[model=gdn_mix2,filt=1,gate=1,ffu=1,qyaw=1,obs=1,aci=1,aci_alpha=0.02]",15,3.4066762924194336,0,0.3662569721115538,4.258594652860467,10.166097115725279,
0.034267677469122466,0.03825873254028725,0.09796728311352604,0.3870817814382127,0.3870817814382127,904.6435290032448,20.766923212947123,0.0,0.0008527114181427486,0.0,0.0,obsx,no,"nmpc+learned[model=gdn_mix2,filt=1,gate=1,ffu=1,qyaw=1,obs=1,aci=1,aci_alpha=0.02]",16,4.904125452041626,0,0.49755776892430276,6.25297740339283,10.864627514965834,
0.02191298907564037,0.02444201364475925,0.05371238085518846,0.24154938571966997,0.24154938571966997,567.0534821888177,12.548241874732389,0.0,0.0015235167411571937,0.0,0.0,obsx,no,"nmpc+learned[model=gdn_mix2,filt=1,gate=1,ffu=1,qyaw=1,obs=1,aci=1,aci_alpha=0.02]",17,3.208376169204712,0,0.3231474103585657,4.025612666505385,10.148973707109691,
0.0498454037999366,0.0556702441454458,0.09162598474817826,0.43259377746730465,0.43259377746730465,936.7189502467357,27.71747174667253,0.0,0.002929171753093235,0.0,0.0,obsx,no,"nmpc+learned[model=gdn_mix2,filt=1,gate=1,ffu=1,qyaw=1,obs=1,aci=1,aci_alpha=0.02]",18,5.651087045669556,0,0.614418326693227,7.2889796678956404,18.79800509661438,
0.08193280993870053,0.09147013576065567,0.14588274878688273,0.45507991877687703,0.45507991877687703,900.3078386330211,18.680194157703248,0.33067729083665337,0.0012109116614088533,0.0,0.0,obsx,no,"nmpc+learned[model=gdn_mix2,filt=1,gate=1,ffu=1,qyaw=1,obs=1,aci=1,aci_alpha=0.02]",19,5.248328924179077,0,0.48780079681274907,6.70464959949166,16.020263954997063,
0.09479140861904362,0.10588098009730161,0.2279099277957708,0.548186050444201,0.548186050444201,964.2167066808561,22.920205677366237,0.26693227091633465,0.011765594650731903,0.0,0.0,obsx,no,"nmpc+learned[model=gdn_mix2,filt=1,gate=1,ffu=1,qyaw=1,obs=1,aci=1,obsm=0.01]",0,3.8503355979919434,0,0.37705577689243025,4.875602061949314,11.39063152484596,
0.041674554555871796,0.04654345831746613,0.11317711417629117,0.36220024075531193,0.36220024075531193,1021.484559639379,28.41537974840574,0.03386454183266932,0.011830527712641092,0.0,0.0,obsx,no,"nmpc+learned[model=gdn_mix2,filt=1,gate=1,ffu=1,qyaw=1,obs=1,aci=1,obsm=0.01]",1,5.726760149002075,0,0.5910637450199204,7.335246714533295,16.691346999723468,
0.06047184275045429,0.0675487293608123,0.12835259512714028,0.517768101880538,0.517768101880538,1034.514691104861,30.238591299122138,0.1254980079681275,0.012306995723007585,0.0,0.0,obsx,no,"nmpc+learned[model=gdn_mix2,filt=1,gate=1,ffu=1,qyaw=1,obs=1,aci=1,obsm=0.01]",2,4.1104772090911865,0,0.4057629482071713,5.232110135331453,10.719811313319951,
0.1344625715815846,0.15025125662737493,0.33820467401047644,0.6130561722528757,0.6130561722528757,1175.9946435117702,28.656854496058138,0.3346613545816733,0.012620907628977496,0.0,0.0,obsx,no,"nmpc+learned[model=gdn_mix2,filt=1,gate=1,ffu=1,qyaw=1,obs=1,aci=1,obsm=0.01]",3,7.7568700313568115,0,0.815683266932271,10.120870712476659,19.654739839024845,
0.0611718778661764,0.0683391733187193,0.12163114020812793,0.5307034696067272,0.5307034696067272,913.1868584034341,15.994451145709748,0.09163346613545817,0.012663330545521934,0.0,0.0,obsx,no,"nmpc+learned[model=gdn_mix2,filt=1,gate=1,ffu=1,qyaw=1,obs=1,aci=1,obsm=0.01]",4,5.409682750701904,0,0.5655756972111555,6.944356348914692,15.153808987233804,
0.06401673311949992,0.07152207517988991,0.12124131894485735,0.37643836757352617,0.37643836757352617,985.2166642765276,12.510559776068813,0.08565737051792828,0.012448595470076401,0.0,0.0,obsx,no,"nmpc+learned[model=gdn_mix2,filt=1,gate=1,ffu=1,qyaw=1,obs=1,aci=1,obsm=0.01]",5,3.890153646469116,0,0.42175697211155383,4.922957980051726,11.302485305350276,
0.11355253082847758,0.12669443738906527,0.26047035478409497,0.7937300838092017,0.7937300838092017,1360.572837531225,31.240745746841473,0.3187250996015936,0.012129590027888937,0.0,0.0,obsx,no,"nmpc+learned[model=gdn_mix2,filt=1,gate=1,ffu=1,qyaw=1,obs=1,aci=1,obsm=0.01]",6,5.851158380508423,0,0.594027888446215,7.6883753378545325,16.591804227791727,
0.06374033294398067,0.07118553192155119,0.14329539876487257,0.6314828390867437,0.6314828390867437,1159.5620826142483,45.985624431657065,0.1294820717131474,0.012092935845544439,0.0,0.0,obsx,no,"nmpc+learned[model=gdn_mix2,filt=1,gate=1,ffu=1,qyaw=1,obs=1,aci=1,obsm=0.01]",7,4.996999025344849,0,0.48741633466135464,6.346001689121929,12.878327167127283,
0.06500059336828813,0.07261173278298146,0.11304040741632027,0.4992628360493489,0.49926283604934873,805.6387800266413,25.3287212769967,0.10956175298804781,0.012321516242751934,0.0,0.0,obsx,no,"nmpc+learned[model=gdn_mix2,filt=1,gate=1,ffu=1,qyaw=1,obs=1,aci=1,obsm=0.01]",8,4.974881887435913,0,0.4848306772908366,6.396389798264936,16.47654023487121,
0.052401460313176294,0.058513925834687605,0.09945793278472768,0.313879282285393,0.313879282285393,778.9533481282052,9.382066805013432,0.0,0.01247747241911995,0.0,0.0,obsx,no,"nmpc+learned[model=gdn_mix2,filt=1,gate=1,ffu=1,qyaw=1,obs=1,aci=1,obsm=0.01]",9,4.612908124923706,0,0.44794621513944216,5.845118646112928,11.828239432070408,
0.03979359565105191,0.04443064959768444,0.06716323227828858,0.3789723014687038,0.3789723014687038,828.7169517847576,9.052160172933378,0.0,0.012080796957627593,0.0,0.0,obsx,no,"nmpc+learned[model=gdn_mix2,filt=1,gate=1,ffu=1,qyaw=1,obs=1,aci=1,obsm=0.01]",10,7.100924730300903,0,0.7763864541832668,9.10157369509102,18.441083829384297,
0.04667629519268875,0.052080725781781724,0.10116038128869824,0.2230143234349103,0.22301432343491032,768.4806300616178,12.75187224043736,0.017928286852589643,0.012898182460595403,0.0,0.0,obsx,no,"nmpc+learned[model=gdn_mix2,filt=1,gate=1,ffu=1,qyaw=1,obs=1,aci=1,obsm=0.01]",11,5.657387018203735,0,0.6373605577689243,7.258358380415911,12.118313563987618,
0.06510162934279384,0.0727315857040622,0.1130886857564295,0.3143941315188194,0.3143941315188194,911.1335767481927,13.741052850721982,0.10756972111553785,0.011265698125099671,0.0,0.0,obsx,no,"nmpc+learned[model=gdn_mix2,filt=1,gate=1,ffu=1,qyaw=1,obs=1,aci=1,obsm=0.01]",12,5.435979604721069,0,0.5257689243027889,6.961117890028959,18.534865600522608,
0.07608170611334382,0.08500363801024413,0.11920344004511942,0.7334642817548337,0.7334642817548337,1527.335120092087,21.83244572761594,0.25298804780876494,0.011872203783150459,0.0,0.0,obsx,no,"nmpc+learned[model=gdn_mix2,filt=1,gate=1,ffu=1,qyaw=1,obs=1,aci=1,obsm=0.01]",13,3.6291005611419678,0,0.36436454183266925,4.608270170471346,10.458567305468023,
0.060080669017102205,0.0671233744919056,0.10171521962057133,0.23332670937165012,0.23332670937165012,833.3784573296894,9.188279964709846,0.02390438247011952,0.013108043243182432,0.0,0.0,obsx,no,"nmpc+learned[model=gdn_mix2,filt=1,gate=1,ffu=1,qyaw=1,obs=1,aci=1,obsm=0.01]",14,2.95512318611145,0,0.3152669322709163,3.719536022680155,4.790119568351656,
0.09887627665545266,0.11040871626646975,0.19600529853528256,0.3234554860849663,0.3234554860849663,1143.9593602664277,11.698352839493579,0.3346613545816733,0.0124453576621599,0.0,0.0,obsx,no,"nmpc+learned[model=gdn_mix2,filt=1,gate=1,ffu=1,qyaw=1,obs=1,aci=1,obsm=0.01]",15,3.4329776763916016,0,0.34211752988047806,4.322925887712504,10.018084372859454,
0.03945681373531677,0.04406203383754779,0.10989193189876971,0.4324090909917366,0.4324090909917366,1047.2080702116368,21.669284693482442,0.04183266932270916,0.012107193728093824,0.0,0.0,obsx,no,"nmpc+learned[model=gdn_mix2,filt=1,gate=1,ffu=1,qyaw=1,obs=1,aci=1,obsm=0.01]",16,5.9721386432647705,0,0.6295498007968129,7.688735570921841,16.599906261544675,
0.027829787509316094,0.031063538797026176,0.06502875500616433,0.25557942316947513,0.25557942316947513,705.7146615725001,13.649106372910174,0.0,0.011869606261033117,0.0,0.0,obsx,no,"nmpc+learned[model=gdn_mix2,filt=1,gate=1,ffu=1,qyaw=1,obs=1,aci=1,obsm=0.01]",17,3.9326822757720947,0,0.3603824701195219,4.986463022321848,10.415452194865795,
0.05691535025046143,0.06357459186503057,0.10170770935041439,0.44341102411000144,0.44341102411000144,1135.4949135629245,30.019196075443105,0.029880478087649404,0.011456197230940324,0.0,0.0,obsx,no,"nmpc+learned[model=gdn_mix2,filt=1,gate=1,ffu=1,qyaw=1,obs=1,aci=1,obsm=0.01]",18,4.158637762069702,0,0.4536772908366534,5.302250808275553,13.286822549998764,
0.08989071519396191,0.10037053657154574,0.1588423349993324,0.46277619854849833,0.46277619854849833,1150.0582393826303,17.37017397797274,0.3904382470119522,0.012124074232872095,0.0,0.0,obsx,no,"nmpc+learned[model=gdn_mix2,filt=1,gate=1,ffu=1,qyaw=1,obs=1,aci=1,obsm=0.01]",19,6.207792520523071,0,0.5827589641434264,8.027244925098234,18.16274666925893,
0.0890199988380736,0.0994431731646066,0.21852671255972195,0.5320553254474918,0.5320553254474918,917.8958639475823,23.083536765659037,0.24900398406374502,0.0018157003875828304,0.0,0.0,obsx,no,"nmpc+learned[model=gdn_mix2,filt=1,gate=1,ffu=1,qyaw=1,obs=1,aci=1]",0,4.882405996322632,0,0.47106972111553785,6.13951254997818,16.595054473727945,
0.03514139255179061,0.03923778690596479,0.10069159598326372,0.3398047212167114,0.3398047212167114,975.1126981285761,26.443521490514662,0.00796812749003984,0.002279559949812937,0.0,0.0,obsx,no,"nmpc+learned[model=gdn_mix2,filt=1,gate=1,ffu=1,qyaw=1,obs=1,aci=1]",1,4.3645548820495605,0,0.42380079681274896,5.583585226960272,15.74002895969898,
0.053726134212164635,0.06000713412371247,0.11454757797199103,0.459793740257245,0.459793740257245,1038.2291484876853,27.63387082613835,0.04780876494023904,0.002142377305975468,0.0,0.0,obsx,no,"nmpc+learned[model=gdn_mix2,filt=1,gate=1,ffu=1,qyaw=1,obs=1,aci=1]",2,4.400442600250244,0,0.45267729083665337,5.604368751401089,14.10762320272625,
0.12926028865866288,0.14443766704658786,0.3257181072306626,0.589068325248526,0.589068325248526,1048.5248831410063,27.546252138285247,0.29282868525896416,0.002638403635627562,0.0,0.0,obsx,no,"nmpc+learned[model=gdn_mix2,filt=1,gate=1,ffu=1,qyaw=1,obs=1,aci=1]",3,4.228873014450073,0,0.4447171314741036,5.432668423550982,14.14710801793264,
0.05469723879198776,0.06110165562426182,0.11031767349893054,0.5065042644118664,0.5065042644118664,895.7237713250831,15.890478518358849,0.043824701195219126,0.0026478968774548695,0.0,0.0,obsx,no,"nmpc+learned[model=gdn_mix2,filt=1,gate=1,ffu=1,qyaw=1,obs=1,aci=1]",4,6.960706472396851,0,0.830914342629482,8.989544731909891,21.46890857722612,
0.05650587855204962,0.06313007080614144,0.11097223246784715,0.3572690545438698,0.3572690545438698,965.585274067699,11.88122759303816,0.055776892430278883,0.0024060403476693637,0.0,0.0,obsx,no,"nmpc+learned[model=gdn_mix2,filt=1,gate=1,ffu=1,qyaw=1,obs=1,aci=1]",5,6.807518005371094,0,0.8150139442231076,8.898800509829682,23.99206079542638,
0.10564453032940783,0.11789892068337987,0.24685351110649972,0.7406992366731265,0.7406992366731265,1307.5166268711293,29.98601351301809,0.28286852589641437,0.0021850074900513494,0.0,0.0,obsx,no,"nmpc+learned[model=gdn_mix2,filt=1,gate=1,ffu=1,qyaw=1,obs=1,aci=1]",6,4.541321754455566,0,0.5106573705179283,5.803157903803179,16.127144501078877,
0.054583671878587696,0.06094597220753844,0.1210627376604461,0.4929560394479767,0.4929560394479767,1132.9755446280146,42.279474613809256,0.0796812749003984,0.002085846733110852,0.0,0.0,obsx,no,"nmpc+learned[model=gdn_mix2,filt=1,gate=1,ffu=1,qyaw=1,obs=1,aci=1]",7,4.296556711196899,0,0.41452988047808764,5.444881260446996,14.824192125815909,
0.05734845164273536,0.06405730181000706,0.10150340472530031,0.4725647941802164,0.4725647941802164,785.1582078046063,23.621022120724422,0.01593625498007968,0.0023492043122062267,0.0,0.0,obsx,no,"nmpc+learned[model=gdn_mix2,filt=1,gate=1,ffu=1,qyaw=1,obs=1,aci=1]",8,4.017462968826294,0,0.4153784860557768,5.031515163762784,11.443384513258936,
0.04629448362843908,0.051683768246077476,0.089599945807326,0.3087324187106998,0.30873241871069984,770.7669875421799,8.915292929343991,0.0,0.002746549710845203,0.0,0.0,obsx,no,"nmpc+learned[model=gdn_mix2,filt=1,gate=1,ffu=1,qyaw=1,obs=1,aci=1]",9,6.993609189987183,0,0.6780378486055777,9.080095814014099,20.673866595607258,
0.032794536134958883,0.036601742505898524,0.05723299895877285,0.36444156815872436,0.3644415681587243,768.3010801599728,8.538820628952386,0.0,0.001840434295085236,0.0,0.0,obsx,no,"nmpc+learned[model=gdn_mix2,filt=1,gate=1,ffu=1,qyaw=1,obs=1,aci=1]",10,5.8076701164245605,0,0.628511952191235,7.377126053777111,14.23158128745855,
0.03948924443772243,0.044054895030299746,0.09072687496250774,0.22099188238341672,0.22099188238341672,709.8598721457302,11.045697178840697,0.0,0.002905152470488309,0.0,0.0,obsx,no,"nmpc+learned[model=gdn_mix2,filt=1,gate=1,ffu=1,qyaw=1,obs=1,aci=1]",11,3.662118434906006,0,0.3692231075697211,4.614274420560267,10.369031650479883,
0.05783331085801409,0.06460718839739739,0.10295722398485202,0.30295630740271845,0.30295630740271845,891.9837249470208,13.422026878978729,0.03187250996015936,0.0012203997983881165,0.0,0.0,obsx,no,"nmpc+learned[model=gdn_mix2,filt=1,gate=1,ffu=1,qyaw=1,obs=1,aci=1]",12,4.476591348648071,0,0.4223326693227092,5.614807494392849,13.025917548220608,
0.06590665391065262,0.07363077953361237,0.10423756449052789,0.6761972729018803,0.6761972729018803,1447.728102648343,20.255013195911054,0.05776892430278884,0.0013619322349079366,0.0,0.0,obsx,no,"nmpc+learned[model=gdn_mix2,filt=1,gate=1,ffu=1,qyaw=1,obs=1,aci=1]",13,4.66255784034729,0,0.5138007968127489,5.958720352463573,16.539536740165204,
0.052427259613815815,0.05856860794828932,0.09100909874616336,0.2174768705528692,0.2174768705528692,792.4235264632687,9.171653537679013,0.0,0.002751984883332781,0.0,0.0,obsx,no,"nmpc+learned[model=gdn_mix2,filt=1,gate=1,ffu=1,qyaw=1,obs=1,aci=1]",14,6.388736248016357,0,0.5991075697211156,8.143257954532645,17.458497830666605,
0.0898191308008846,0.10030552256011226,0.18293419953221782,0.3065891076460094,0.30658910764600944,1068.199238499266,10.855203614095467,0.2450199203187251,0.002262657658877648,0.0,0.0,obsx,no,"nmpc+learned[model=gdn_mix2,filt=1,gate=1,ffu=1,qyaw=1,obs=1,aci=1]",15,3.6836953163146973,0,0.3874621513944223,4.758967042611207,16.720057867933065,
0.03400831482230656,0.03796863624061815,0.09891932214098575,0.37516487851632446,0.37516487851632446,929.6212060711614,19.930176981962024,0.0,0.002097508966163397,0.0,0.0,obsx,no,"nmpc+learned[model=gdn_mix2,filt=1,gate=1,ffu=1,qyaw=1,obs=1,aci=1]",16,4.121853351593018,0,0.4272589641434263,5.2357423170265625,10.338033512234688,
0.022193513358914813,0.02475606638206172,0.05422956927449978,0.23620674464881028,0.23620674464881028,666.7913493496626,11.841658420994042,0.0,0.0019498982086356142,0.0,0.0,obsx,no,"nmpc+learned[model=gdn_mix2,filt=1,gate=1,ffu=1,qyaw=1,obs=1,aci=1]",17,5.252483367919922,0,0.4933585657370519,6.653644193234701,12.727772248908895,
0.049592676700968945,0.055387666636307,0.09234029598815693,0.42760675148400756,0.42760675148400756,1088.7280100409018,27.279517299588758,0.0,0.0016961948086304801,0.0,0.0,obsx,no,"nmpc+learned[model=gdn_mix2,filt=1,gate=1,ffu=1,qyaw=1,obs=1,aci=1]",18,7.252787113189697,0,0.6846354581673306,9.383647777770918,17.388410882558677,
0.08088329629065764,0.09031299597290604,0.14500825547697485,0.43036741841372317,0.43036741841372317,1054.718927692738,16.644690360928067,0.31274900398406374,0.002081201339823757,0.0,0.0,obsx,no,"nmpc+learned[model=gdn_mix2,filt=1,gate=1,ffu=1,qyaw=1,obs=1,aci=1]",19,2.988572359085083,0,0.30987450199203187,3.773411683018405,6.6063604317605495,
0.08891300260359439,0.09930996822912753,0.21812971683495772,0.5071114520058833,0.5071114520058833,695.9664375704708,23.18781535963908,0.24900398406374502,0.0010230040808198448,0.0,0.0,obsx,no,"nmpc+learned[model=gdn_mix2,filt=1,gate=1,ffu=1,qyaw=1,obs=1,aci=2,aci_alpha=0.02]",0,4.09557580947876,0,0.4191553784860558,5.182583338165455,10.649342334363611,
0.03611937321152976,0.040331523694513115,0.10135488673333772,0.3414328945581092,0.3414328945581092,891.9116713595697,27.472270491234433,0.0099601593625498,0.0012378493320512884,0.0,0.0,obsx,no,"nmpc+learned[model=gdn_mix2,filt=1,gate=1,ffu=1,qyaw=1,obs=1,aci=2,aci_alpha=0.02]",1,4.308010816574097,0,0.40179083665338644,5.555327208081921,10.576601168140769,
0.05336082456902946,0.05959869905426898,0.11830074597605925,0.4397458857941891,0.4397458857941891,883.4321812368545,26.978590988152003,0.055776892430278883,0.0014804072786288591,0.0,0.0,obsx,no,"nmpc+learned[model=gdn_mix2,filt=1,gate=1,ffu=1,qyaw=1,obs=1,aci=2,aci_alpha=0.02]",2,4.275599718093872,0,0.41095617529880485,5.351123596686291,15.994523898698393,
0.1302644477308763,0.14555968226075292,0.3256667791092553,0.6636670624295871,0.6636670624295871,968.1206567310817,25.657922918626856,0.28286852589641437,0.002084900048102134,0.0,0.0,obsx,no,"nmpc+learned[model=gdn_mix2,filt=1,gate=1,ffu=1,qyaw=1,obs=1,aci=2,aci_alpha=0.02]",3,4.852896451950073,0,0.5599462151394422,6.318104496055034,15.70373689057306,
0.05577485230179844,0.06230627596691533,0.113842378118093,0.48609049686822126,0.48609049686822126,954.0662267075998,15.974895014437378,0.053784860557768925,0.0025728647851039343,0.0,0.0,obsx,no,"nmpc+learned[model=gdn_mix2,filt=1,gate=1,ffu=1,qyaw=1,obs=1,aci=2,aci_alpha=0.02]",4,3.898603916168213,0,0.42325298804780875,4.965810046301212,10.819228328764439,
0.057355187571210865,0.06407453988885714,0.11207511423368761,0.3585103537192687,0.3585103537192687,752.8702385406478,10.97867661466765,0.05976095617529881,0.0019311647703535995,0.0,0.0,obsx,no,"nmpc+learned[model=gdn_mix2,filt=1,gate=1,ffu=1,qyaw=1,obs=1,aci=2,aci_alpha=0.02]",5,5.636131048202515,0,0.7148466135458167,7.268684618434761,16.292969740461572,
0.10721963965297698,0.11958049867475215,0.24831312565166433,0.7437112695741901,0.7437112695741901,1051.5822171451966,29.069753178907416,0.2848605577689243,0.002184863446031804,0.0,0.0,obsx,no,"nmpc+learned[model=gdn_mix2,filt=1,gate=1,ffu=1,qyaw=1,obs=1,aci=2,aci_alpha=0.02]",6,6.0448102951049805,0,0.543820717131474,7.809454011192835,16.787405260838568,
0.054511590370648164,0.06086535645912588,0.12200515388862211,0.5233876448837071,0.5233876448837071,1098.7642567056344,42.05005948956283,0.07768924302788845,0.0008995201096977934,0.0,0.0,obsx,no,"nmpc+learned[model=gdn_mix2,filt=1,gate=1,ffu=1,qyaw=1,obs=1,aci=2,aci_alpha=0.02]",7,6.183704376220703,0,0.6073725099601592,7.899159639776941,16.69616286177188,
0.05741006802131507,0.06412618713046789,0.1036092241865028,0.4737143662261326,0.4737143662261326,742.5224322449918,24.264854005836604,0.025896414342629483,0.0019691220686220423,0.0,0.0,obsx,no,"nmpc+learned[model=gdn_mix2,filt=1,gate=1,ffu=1,qyaw=1,obs=1,aci=2,aci_alpha=0.02]",8,4.850454330444336,0,0.45312749003984065,6.114100586099781,16.53596432879567,
0.045259122072642086,0.05052564640836498,0.08748961918033957,0.2937657537823987,0.2937657537823987,633.553283640813,8.725352806952952,0.0,0.0011588148469012793,0.0,0.0,obsx,no,"nmpc+learned[model=gdn_mix2,filt=1,gate=1,ffu=1,qyaw=1,obs=1,aci=2,aci_alpha=0.02]",9,3.091149091720581,0,0.30738844621513944,3.892920718368781,5.4136694385670125,
0.033106172802013986,0.03694990366216632,0.0575736887811031,0.37509632952935634,0.37509632952935634,584.0228502876581,10.3818396821528,0.0,0.0017621970438037038,0.0,0.0,obsx,no,"nmpc+learned[model=gdn_mix2,filt=1,gate=1,ffu=1,qyaw=1,obs=1,aci=2,aci_alpha=0.02]",10,4.335793495178223,0,0.44284860557768924,5.510212420356048,16.87360247131437,
0.04155216874195428,0.04634511048597163,0.09517357118820066,0.23187280295926113,0.23187280295926113,646.6528453464938,10.323368217756197,0.0,0.001496968308212554,0.0,0.0,obsx,no,"nmpc+learned[model=gdn_mix2,filt=1,gate=1,ffu=1,qyaw=1,obs=1,aci=2,aci_alpha=0.02]",11,4.312258243560791,0,0.43910956175298804,5.450569897003294,10.76413907110691,
0.05646379110357677,0.0630762468377283,0.10248539475225715,0.2933355266206147,0.2933355266206147,675.3334548069253,13.556111341332942,0.029880478087649404,0.0010764833114244587,0.0,0.0,obsx,no,"nmpc+learned[model=gdn_mix2,filt=1,gate=1,ffu=1,qyaw=1,obs=1,aci=2,aci_alpha=0.02]",12,3.3909058570861816,0,0.33005179282868524,4.27871873320277,6.332709584385158,
0.06478930960602014,0.07238185434873598,0.10021134950018924,0.7120256866744595,0.7120256866744595,1097.184404430075,20.094830444340598,0.00796812749003984,0.0008509688779198554,0.0,0.0,obsx,no,"nmpc+learned[model=gdn_mix2,filt=1,gate=1,ffu=1,qyaw=1,obs=1,aci=2,aci_alpha=0.02]",13,5.588531017303467,0,0.5503964143426295,7.147535052339721,16.354923450853676,
0.052797129998644395,0.05898205372082202,0.09304060399272608,0.22674537587857266,0.22674537587857266,763.423870621779,9.175464006058482,0.0,0.0011613368732731333,0.0,0.0,obsx,no,"nmpc+learned[model=gdn_mix2,filt=1,gate=1,ffu=1,qyaw=1,obs=1,aci=2,aci_alpha=0.02]",14,5.671380281448364,0,0.5542729083665339,7.361224167924598,16.698658380191773,
0.09118348967565486,0.10180740229841198,0.18714949372432022,0.3328271344011442,0.3328271344011442,909.7724660159281,12.408351204882775,0.24900398406374502,0.0010544366530497173,0.0,0.0,obsx,no,"nmpc+learned[model=gdn_mix2,filt=1,gate=1,ffu=1,qyaw=1,obs=1,aci=2,aci_alpha=0.02]",15,3.539914608001709,0,0.38393227091633464,4.496196508908503,10.420178230851889,
0.034267677469122466,0.03825873254028725,0.09796728311352604,0.3870817814382127,0.3870817814382127,904.6435290032448,20.766923212947123,0.0,0.0008527114181427486,0.0,0.0,obsx,no,"nmpc+learned[model=gdn_mix2,filt=1,gate=1,ffu=1,qyaw=1,obs=1,aci=2,aci_alpha=0.02]",16,3.968341112136841,0,0.40222709163346615,5.0192533494103175,13.49379249615595,
0.02191298907564037,0.02444201364475925,0.05371238085518846,0.24154938571966997,0.24154938571966997,567.0534821888177,12.548241874732389,0.0,0.0015235167411571937,0.0,0.0,obsx,no,"nmpc+learned[model=gdn_mix2,filt=1,gate=1,ffu=1,qyaw=1,obs=1,aci=2,aci_alpha=0.02]",17,5.498051643371582,0,0.5771494023904382,7.068779798636428,17.619184621144086,
0.0498454037999366,0.0556702441454458,0.09162598474817826,0.43259377746730465,0.43259377746730465,936.7189502467357,27.71747174667253,0.0,0.002929171753093235,0.0,0.0,obsx,no,"nmpc+learned[model=gdn_mix2,filt=1,gate=1,ffu=1,qyaw=1,obs=1,aci=2,aci_alpha=0.02]",18,5.428964853286743,0,0.5340179282868526,6.96326853601685,16.737641389481723,
0.08193280993870053,0.09147013576065567,0.14588274878688273,0.45507991877687703,0.45507991877687703,900.3078386330211,18.680194157703248,0.33067729083665337,0.0012109116614088533,0.0,0.0,obsx,no,"nmpc+learned[model=gdn_mix2,filt=1,gate=1,ffu=1,qyaw=1,obs=1,aci=2,aci_alpha=0.02]",19,5.230527400970459,0,0.5187490039840638,6.846587916658041,16.165792741812766,
0.0890199988380736,0.0994431731646066,0.21852671255972195,0.5320553254474918,0.5320553254474918,917.8958639475823,23.083536765659037,0.24900398406374502,0.0018157003875828304,0.0,0.0,obsx,no,"nmpc+learned[model=gdn_mix2,filt=1,gate=1,ffu=1,qyaw=1,obs=1,aci=2]",0,6.112759828567505,0,0.5404980079681274,7.872006144890361,16.505323459859937,
0.03514139255179061,0.03923778690596479,0.10069159598326372,0.3398047212167114,0.3398047212167114,975.1126981285761,26.443521490514662,0.00796812749003984,0.002279559949812937,0.0,0.0,obsx,no,"nmpc+learned[model=gdn_mix2,filt=1,gate=1,ffu=1,qyaw=1,obs=1,aci=2]",1,3.71891450881958,0,0.36573505976095616,4.716792781614657,10.33967043273151,
0.053726134212164635,0.06000713412371247,0.11454757797199103,0.459793740257245,0.459793740257245,1038.2291484876853,27.63387082613835,0.04780876494023904,0.002142377305975468,0.0,0.0,obsx,no,"nmpc+learned[model=gdn_mix2,filt=1,gate=1,ffu=1,qyaw=1,obs=1,aci=2]",2,6.611853122711182,0,0.7151354581673307,8.45666939533683,17.0078805857338,
0.12926028865866288,0.14443766704658786,0.3257181072306626,0.589068325248526,0.589068325248526,1048.5248831410063,27.546252138285247,0.29282868525896416,0.002638403635627562,0.0,0.0,obsx,no,"nmpc+learned[model=gdn_mix2,filt=1,gate=1,ffu=1,qyaw=1,obs=1,aci=2]",3,5.261511564254761,0,0.5743306772908365,6.761482835606305,16.432525205891583,
0.05469723879198776,0.06110165562426182,0.11031767349893054,0.5065042644118664,0.5065042644118664,895.7237713250831,15.890478518358849,0.043824701195219126,0.0026478968774548695,0.0,0.0,obsx,no,"nmpc+learned[model=gdn_mix2,filt=1,gate=1,ffu=1,qyaw=1,obs=1,aci=2]",4,3.795440912246704,0,0.39079083665338643,4.7650908841658755,10.263056012336165,
0.056716027318619626,0.06336276119472278,0.11317949127177232,0.3567395022266958,0.3567395022266958,913.3549835857963,11.413588778462314,0.06374501992031872,0.002393853562210141,0.0,0.0,obsx,no,"nmpc+learned[model=gdn_mix2,filt=1,gate=1,ffu=1,qyaw=1,obs=1,aci=2]",5,5.0197343826293945,0,0.5061274900398406,6.417307353381854,10.866071674972774,
0.10746286687341908,0.11988331829167759,0.2510027375489818,0.7609202202062351,0.7609202202062351,1347.0499805393285,28.59503438403171,0.2848605577689243,0.0022540995484207904,0.0,0.0,obsx,no,"nmpc+learned[model=gdn_mix2,filt=1,gate=1,ffu=1,qyaw=1,obs=1,aci=2]",6,3.9338181018829346,0,0.3766175298804781,4.894253054348033,10.373389373999089,
0.054583671878587696,0.06094597220753844,0.1210627376604461,0.4929560394479767,0.4929560394479767,1132.9755446280146,42.279474613809256,0.0796812749003984,0.002085846733110852,0.0,0.0,obsx,no,"nmpc+learned[model=gdn_mix2,filt=1,gate=1,ffu=1,qyaw=1,obs=1,aci=2]",7,5.215286493301392,0,0.478695219123506,6.558080163943874,10.498226545751095,
0.05734845164273536,0.06405730181000706,0.10150340472530031,0.4725647941802164,0.4725647941802164,785.1582078046063,23.621022120724422,0.01593625498007968,0.0023492043122062267,0.0,0.0,obsx,no,"nmpc+learned[model=gdn_mix2,filt=1,gate=1,ffu=1,qyaw=1,obs=1,aci=2]",8,3.8949575424194336,0,0.36504183266932266,4.954152926524352,10.43518508784473,
0.04629448362843908,0.051683768246077476,0.089599945807326,0.3087324187106998,0.30873241871069984,770.7669875421799,8.915292929343991,0.0,0.002746549710845203,0.0,0.0,obsx,no,"nmpc+learned[model=gdn_mix2,filt=1,gate=1,ffu=1,qyaw=1,obs=1,aci=2]",9,5.146024227142334,0,0.5684721115537849,6.667587619490061,10.430047877598554,
0.032794536134958883,0.036601742505898524,0.05723299895877285,0.36444156815872436,0.3644415681587243,768.3010801599728,8.538820628952386,0.0,0.001840434295085236,0.0,0.0,obsx,no,"nmpc+learned[model=gdn_mix2,filt=1,gate=1,ffu=1,qyaw=1,obs=1,aci=2]",10,6.4639434814453125,0,0.5898266932270916,8.188998102640875,16.780637006741017,
0.03948924443772243,0.044054895030299746,0.09072687496250774,0.22099188238341672,0.22099188238341672,709.8598721457302,11.045697178840697,0.0,0.002905152470488309,0.0,0.0,obsx,no,"nmpc+learned[model=gdn_mix2,filt=1,gate=1,ffu=1,qyaw=1,obs=1,aci=2]",11,3.5946054458618164,0,0.382886454183267,4.614113898209456,10.075943961273879,
0.05783331085801409,0.06460718839739739,0.10295722398485202,0.30295630740271845,0.30295630740271845,891.9837249470208,13.422026878978729,0.03187250996015936,0.0012203997983881165,0.0,0.0,obsx,no,"nmpc+learned[model=gdn_mix2,filt=1,gate=1,ffu=1,qyaw=1,obs=1,aci=2]",12,4.592980623245239,0,0.4086633466135458,5.832349115322192,10.932026710361242,
0.06590665391065262,0.07363077953361237,0.10423756449052789,0.6761972729018803,0.6761972729018803,1447.728102648343,20.255013195911054,0.05776892430278884,0.0013619322349079366,0.0,0.0,obsx,no,"nmpc+learned[model=gdn_mix2,filt=1,gate=1,ffu=1,qyaw=1,obs=1,aci=2]",13,3.4705262184143066,0,0.38302390438247014,4.423002275987065,10.508456383831799,
0.052427259613815815,0.05856860794828932,0.09100909874616336,0.2174768705528692,0.2174768705528692,792.4235264632687,9.171653537679013,0.0,0.002751984883332781,0.0,0.0,obsx,no,"nmpc+learned[model=gdn_mix2,filt=1,gate=1,ffu=1,qyaw=1,obs=1,aci=2]",14,7.1832568645477295,0,0.7326274900398406,9.307504838436426,16.77903471980244,
0.0898191308008846,0.10030552256011226,0.18293419953221782,0.3065891076460094,0.30658910764600944,1068.199238499266,10.855203614095467,0.2450199203187251,0.002262657658877648,0.0,0.0,obsx,no,"nmpc+learned[model=gdn_mix2,filt=1,gate=1,ffu=1,qyaw=1,obs=1,aci=2]",15,3.530935525894165,0,0.37410956175298804,4.493262772299944,10.408402793109417,
0.03400831482230656,0.03796863624061815,0.09891932214098575,0.37516487851632446,0.37516487851632446,929.6212060711614,19.930176981962024,0.0,0.002097508966163397,0.0,0.0,obsx,no,"nmpc+learned[model=gdn_mix2,filt=1,gate=1,ffu=1,qyaw=1,obs=1,aci=2]",16,3.7027578353881836,0,0.3548784860557769,4.688223625395996,10.539941056631505,
0.022193513358914813,0.02475606638206172,0.05422956927449978,0.23620674464881028,0.23620674464881028,666.7913493496626,11.841658420994042,0.0,0.0019498982086356142,0.0,0.0,obsx,no,"nmpc+learned[model=gdn_mix2,filt=1,gate=1,ffu=1,qyaw=1,obs=1,aci=2]",17,4.398953199386597,0,0.44554780876494027,5.575170165365673,10.600669167470187,
0.049592676700968945,0.055387666636307,0.09234029598815693,0.42760675148400756,0.42760675148400756,1088.7280100409018,27.279517299588758,0.0,0.0016961948086304801,0.0,0.0,obsx,no,"nmpc+learned[model=gdn_mix2,filt=1,gate=1,ffu=1,qyaw=1,obs=1,aci=2]",18,5.46817421913147,0,0.6218924302788844,7.006651684790255,16.74255166668445,
0.08088329629065764,0.09031299597290604,0.14500825547697485,0.43036741841372317,0.43036741841372317,1054.718927692738,16.644690360928067,0.31274900398406374,0.002081201339823757,0.0,0.0,obsx,no,"nmpc+learned[model=gdn_mix2,filt=1,gate=1,ffu=1,qyaw=1,obs=1,aci=2]",19,3.3340792655944824,0,0.32400996015936256,4.225179514072212,10.016830782406032,
0.09050305126675429,0.1011035251938473,0.22210446883953985,0.577655882211937,0.577655882211937,863.959530843381,22.313949967604835,0.25697211155378485,0.0016628043212318366,0.0,0.0,obsx,payload,"nmpc+kf[r_v=0.15,r_w=0.15,q_F=10,q_tau=1,filt=1,gate=1,ffu=1,qyaw=1,obs=1,aci=1]",0,4.392994403839111,0,0.49674103585657375,4.665442149199367,9.146041581407191,
0.03579848715940087,0.03996666848550382,0.10041249605680666,0.3146857929211416,0.3146857929211416,940.9216414144842,27.198690471518994,0.00597609561752988,0.0022986012904713804,0.0,0.0,obsx,payload,"nmpc+kf[r_v=0.15,r_w=0.15,q_F=10,q_tau=1,filt=1,gate=1,ffu=1,qyaw=1,obs=1,aci=1]",1,3.2485368251800537,0,0.40427091633466133,3.4563080959608294,5.990869086235762,
0.05692138636939891,0.06355503841788954,0.13247099065891316,0.4666248778270926,0.4666248778270926,926.001425515716,28.85800215567954,0.0796812749003984,0.002855766342181598,0.0,0.0,obsx,payload,"nmpc+kf[r_v=0.15,r_w=0.15,q_F=10,q_tau=1,filt=1,gate=1,ffu=1,qyaw=1,obs=1,aci=1]",2,4.216317892074585,0,0.623308764940239,4.458540224514723,11.777541239280254,
0.13025734163126534,0.14555100820343,0.323067444247612,0.5880138591558801,0.5880138591558801,916.5396448214211,27.128813681706195,0.35258964143426297,0.002449886334054685,0.0,0.0,obsx,payload,"nmpc+kf[r_v=0.15,r_w=0.15,q_F=10,q_tau=1,filt=1,gate=1,ffu=1,qyaw=1,obs=1,aci=1]",3,5.905143737792969,0,0.8111494023904383,6.356022505282584,11.987530419137329,
0.0577588415951035,0.06437235800846913,0.11383508604104745,0.5321774899222994,0.5321774899222994,913.7746131716904,15.99728596962704,0.05179282868525897,0.003140622853453512,0.0,0.0,obsx,payload,"nmpc+kf[r_v=0.15,r_w=0.15,q_F=10,q_tau=1,filt=1,gate=1,ffu=1,qyaw=1,obs=1,aci=1]",4,6.417949676513672,0,0.7106752988047809,6.741923260580437,11.457331127021465,
0.057559913574108015,0.06412196530351967,0.11126968931861074,0.33417477255912553,0.33417477255912553,864.1327410594723,11.345058284422292,0.053784860557768925,0.0026252187828846585,0.0,0.0,obsx,payload,"nmpc+kf[r_v=0.15,r_w=0.15,q_F=10,q_tau=1,filt=1,gate=1,ffu=1,qyaw=1,obs=1,aci=1]",5,3.753312349319458,0,0.473109561752988,4.029497673059721,9.06170257832855,
0.10509774357506242,0.1172802987462708,0.2458020776443712,0.6437177150140925,0.6437177150140925,1267.315208462471,29.368732823000258,0.2788844621513944,0.00294872829146986,0.0,0.0,obsx,payload,"nmpc+kf[r_v=0.15,r_w=0.15,q_F=10,q_tau=1,filt=1,gate=1,ffu=1,qyaw=1,obs=1,aci=1]",6,4.231987953186035,0,0.6011573705179284,4.558372445797837,10.962352666538218,
0.05487874400869363,0.06127946004494424,0.12117357208743135,0.5298909019967063,0.5298909019967063,1129.5029955993434,41.53917439949341,0.0796812749003984,0.002305862780826423,0.0,0.0,obsx,payload,"nmpc+kf[r_v=0.15,r_w=0.15,q_F=10,q_tau=1,filt=1,gate=1,ffu=1,qyaw=1,obs=1,aci=1]",7,6.223326921463013,0,0.7917470119521913,6.59208639202068,9.24200473818928,
0.05846220867918169,0.0653085014952493,0.10754395536947042,0.5865255343572119,0.5865255343572119,649.9358132015103,25.88146118759291,0.07171314741035857,0.00517036757897843,0.0,0.0,obsx,payload,"nmpc+kf[r_v=0.15,r_w=0.15,q_F=10,q_tau=1,filt=1,gate=1,ffu=1,qyaw=1,obs=1,aci=1]",8,4.945202827453613,0,0.6089302788844622,5.216790220340291,9.023763809818774,
0.04637292174678291,0.05177308389351125,0.08957733283107368,0.28902815573663826,0.28902815573663826,737.3127273510407,8.948326133875273,0.0,0.0032532790313603843,0.0,0.0,obsx,payload,"nmpc+kf[r_v=0.15,r_w=0.15,q_F=10,q_tau=1,filt=1,gate=1,ffu=1,qyaw=1,obs=1,aci=1]",9,3.376042127609253,0,0.4263466135458167,3.6029853849705176,7.776399615686389,
0.03370196195522061,0.03761150926506292,0.0575795987134822,0.313207199414089,0.313207199414089,732.0075475319144,8.688402797654918,0.0,0.0019755281816173365,0.0,0.0,obsx,payload,"nmpc+kf[r_v=0.15,r_w=0.15,q_F=10,q_tau=1,filt=1,gate=1,ffu=1,qyaw=1,obs=1,aci=1]",10,5.4264235496521,0,0.7309023904382469,5.8539045076683704,12.024274575524032,
0.03964923212826683,0.04423559902979998,0.09067528859544183,0.20850901905896027,0.20850901905896027,660.7539785473296,10.716022418328821,0.0,0.0033212484636142847,0.0,0.0,obsx,payload,"nmpc+kf[r_v=0.15,r_w=0.15,q_F=10,q_tau=1,filt=1,gate=1,ffu=1,qyaw=1,obs=1,aci=1]",11,6.694696664810181,0,0.8254243027888446,7.230487289426633,12.103135362267494,
0.06028743231983377,0.06734597945476459,0.1096756569676765,0.3227986915052219,0.3227986915052219,829.6934349209965,13.57737066474207,0.053784860557768925,0.0020557726939609555,0.0,0.0,obsx,payload,"nmpc+kf[r_v=0.15,r_w=0.15,q_F=10,q_tau=1,filt=1,gate=1,ffu=1,qyaw=1,obs=1,aci=1]",12,3.0591814517974854,0,0.37611952191235065,3.2258843877853685,11.688340355176479,
0.06644646296734459,0.074232246553147,0.10242082091361938,0.6341883056826232,0.6341883056826232,1370.4370045028832,20.372972754948908,0.049800796812749,0.001786625871759484,0.0,0.0,obsx,payload,"nmpc+kf[r_v=0.15,r_w=0.15,q_F=10,q_tau=1,filt=1,gate=1,ffu=1,qyaw=1,obs=1,aci=1]",13,3.1573328971862793,0,0.41082470119521913,3.3733665231667254,6.034872767049819,
0.052699218349042364,0.058872460760267344,0.09113472839502,0.198493376865504,0.198493376865504,701.3022309937418,9.317586927359365,0.0,0.0028271788080622695,0.0,0.0,obsx,payload,"nmpc+kf[r_v=0.15,r_w=0.15,q_F=10,q_tau=1,filt=1,gate=1,ffu=1,qyaw=1,obs=1,aci=1]",14,4.698824405670166,0,0.5086075697211155,5.172903578546625,8.86546608991921,
0.09017945824784365,0.10070547601396318,0.1867659970508885,0.37594270314908096,0.37594270314908096,773.1346927085691,10.938251667975619,0.2350597609561753,0.0033244160497853947,0.0,0.0,obsx,payload,"nmpc+kf[r_v=0.15,r_w=0.15,q_F=10,q_tau=1,filt=1,gate=1,ffu=1,qyaw=1,obs=1,aci=1]",15,5.558303117752075,0,0.7619302788844621,5.97688568472135,11.73546621808783,
0.03417687650162208,0.03815972748575183,0.09935649320112133,0.3769642493350886,0.3769642493350886,909.5950031298764,19.945663168025455,0.0,0.00229215182331588,0.0,0.0,obsx,payload,"nmpc+kf[r_v=0.15,r_w=0.15,q_F=10,q_tau=1,filt=1,gate=1,ffu=1,qyaw=1,obs=1,aci=1]",16,4.819437503814697,0,0.6849960159362549,5.201531568564385,9.162418590858579,
0.02914743315174235,0.032540743219838304,0.0620705294130877,0.2419372741209191,0.2419372741209191,667.1431842433718,12.002240091176134,0.0,0.003763342639094225,0.0,0.0,obsx,payload,"nmpc+kf[r_v=0.15,r_w=0.15,q_F=10,q_tau=1,filt=1,gate=1,ffu=1,qyaw=1,obs=1,aci=1]",17,3.9418020248413086,0,0.4221235059760956,4.205231637827517,10.885500872973362,
0.05489953071208325,0.06106422102658045,0.09663861978741024,0.5743083092808041,0.5743083092808041,852.1599331533063,25.553458293399885,0.0,0.004609120447717718,0.0,0.0,obsx,payload,"nmpc+kf[r_v=0.15,r_w=0.15,q_F=10,q_tau=1,filt=1,gate=1,ffu=1,qyaw=1,obs=1,aci=1]",18,2.9695889949798584,0,0.4269442231075697,3.241221373158681,5.994629669003189,
0.08255758363034042,0.09218796049152295,0.14444427037260343,0.47913925548646424,0.47913925548646424,1024.413043566754,18.106379857143885,0.33266932270916333,0.0021294804148093704,0.0,0.0,obsx,payload,"nmpc+kf[r_v=0.15,r_w=0.15,q_F=10,q_tau=1,filt=1,gate=1,ffu=1,qyaw=1,obs=1,aci=1]",19,6.7094948291778564,0,0.9740657370517929,7.232510354425535,11.994329821318388,
0.09059219166973882,0.1011896517514573,0.2216326029305064,0.5732763267949134,0.5732763267949134,734.4918654161869,22.391397311338388,0.25697211155378485,0.0011219453412951719,0.0,0.0,obsx,payload,"nmpc+kf[r_v=0.15,r_w=0.15,q_F=10,q_tau=1,filt=1,gate=1,ffu=1,qyaw=1,obs=1,aci=2,aci_alpha=0.02]",0,3.790173292160034,0,0.42335856573705183,4.018488897110866,9.105675376486033,
0.037056669730482696,0.04137392825487269,0.10184513182599794,0.33526694161139214,0.33526694161139214,851.4959849661353,27.995632871454312,0.0099601593625498,0.0017137455260302636,0.0,0.0,obsx,payload,"nmpc+kf[r_v=0.15,r_w=0.15,q_F=10,q_tau=1,filt=1,gate=1,ffu=1,qyaw=1,obs=1,aci=2,aci_alpha=0.02]",1,3.6682608127593994,0,0.4698685258964143,3.9005272458697045,10.256946897134187,
0.05654435351637909,0.0631333566986795,0.1356242610778024,0.4893178044502381,0.4893178044502381,777.4826231607731,29.101326527846265,0.08167330677290836,0.0015086624615932576,0.0,0.0,obsx,payload,"nmpc+kf[r_v=0.15,r_w=0.15,q_F=10,q_tau=1,filt=1,gate=1,ffu=1,qyaw=1,obs=1,aci=2,aci_alpha=0.02]",2,4.515279054641724,0,0.5637988047808765,4.820083129772568,7.655395849142225,
0.13145206795245395,0.1468859766766033,0.3251523750365765,0.6442627468659395,0.6442627468659395,826.815550219419,25.75548280187357,0.35258964143426297,0.00200164687247939,0.0,0.0,obsx,payload,"nmpc+kf[r_v=0.15,r_w=0.15,q_F=10,q_tau=1,filt=1,gate=1,ffu=1,qyaw=1,obs=1,aci=2,aci_alpha=0.02]",3,3.0243000984191895,0,0.38407768924302793,3.2306105488414074,8.918917956762016,
0.0578852482522375,0.06451399090328966,0.11485834165394052,0.5130385119263138,0.5130385119263138,930.8942596526012,16.028699696693995,0.055776892430278883,0.0030592463414740867,0.0,0.0,obsx,payload,"nmpc+kf[r_v=0.15,r_w=0.15,q_F=10,q_tau=1,filt=1,gate=1,ffu=1,qyaw=1,obs=1,aci=2,aci_alpha=0.02]",4,7.2554771900177,0,0.6219422310756972,7.670085069693744,11.965413270518184,
0.05789382393725016,0.06449108769849836,0.10964371310660957,0.33754656902798436,0.33754656902798436,822.4900155066887,10.589751538221172,0.05179282868525897,0.0011544382175796286,0.0,0.0,obsx,payload,"nmpc+kf[r_v=0.15,r_w=0.15,q_F=10,q_tau=1,filt=1,gate=1,ffu=1,qyaw=1,obs=1,aci=2,aci_alpha=0.02]",5,3.535658359527588,0,0.4933147410358566,3.837011212323499,7.819365977775315,
0.10572012939208071,0.11792656992982209,0.2476355557243478,0.6742030067804918,0.6742030067804918,1129.2506625703506,28.730835162501474,0.2788844621513944,0.002573708025781385,0.0,0.0,obsx,payload,"nmpc+kf[r_v=0.15,r_w=0.15,q_F=10,q_tau=1,filt=1,gate=1,ffu=1,qyaw=1,obs=1,aci=2,aci_alpha=0.02]",6,7.509439945220947,0,0.9033207171314741,8.010907535556242,12.096871645189822,
0.05481229369208648,0.06120514704177411,0.1233611365673363,0.5304136142641818,0.5304136142641818,1087.4834457304576,41.25730827420123,0.08167330677290836,0.0008840537250815461,0.0,0.0,obsx,payload,"nmpc+kf[r_v=0.15,r_w=0.15,q_F=10,q_tau=1,filt=1,gate=1,ffu=1,qyaw=1,obs=1,aci=2,aci_alpha=0.02]",7,3.4646100997924805,0,0.46950796812749,3.7581179239063625,8.63676091190428,
0.05846929403494699,0.06531642185317031,0.10805614018178954,0.5839615356174681,0.5839615356174681,621.7742769218563,26.133838756594233,0.0697211155378486,0.005211475765117518,0.0,0.0,obsx,payload,"nmpc+kf[r_v=0.15,r_w=0.15,q_F=10,q_tau=1,filt=1,gate=1,ffu=1,qyaw=1,obs=1,aci=2,aci_alpha=0.02]",8,2.206278085708618,0,0.2766832669322709,2.33367099139127,5.70714063476772,
0.04601003882730343,0.051367194438331785,0.09280754860206586,0.2841078560645445,0.2841078560645445,606.174921609501,8.895529740532917,0.0,0.001435221799478581,0.0,0.0,obsx,payload,"nmpc+kf[r_v=0.15,r_w=0.15,q_F=10,q_tau=1,filt=1,gate=1,ffu=1,qyaw=1,obs=1,aci=2,aci_alpha=0.02]",9,5.8463499546051025,0,0.7455557768924302,6.260071702086296,11.03429106064141,
0.03371028374033201,0.037620484561840355,0.057403618393873194,0.3209167447409537,0.3209167447409537,561.17772357885,10.527013175120677,0.0,0.0030042953144067686,0.0,0.0,obsx,payload,"nmpc+kf[r_v=0.15,r_w=0.15,q_F=10,q_tau=1,filt=1,gate=1,ffu=1,qyaw=1,obs=1,aci=2,aci_alpha=0.02]",10,4.9099507331848145,0,0.5997609561752988,5.208177009664209,9.254350645933302,
0.04179494002869428,0.046619161957086847,0.09496747268531473,0.21500887737060304,0.21500887737060304,622.2164485672207,10.473594884583088,0.0,0.0032141447336703766,0.0,0.0,obsx,payload,"nmpc+kf[r_v=0.15,r_w=0.15,q_F=10,q_tau=1,filt=1,gate=1,ffu=1,qyaw=1,obs=1,aci=2,aci_alpha=0.02]",11,3.404772996902466,0,0.46927689243027887,3.6348178379786797,6.501508178189398,
0.05897976888134474,0.06588412081440281,0.10941806525824568,0.31564457717536204,0.31564457717536204,673.3245346009362,13.54740935307039,0.05179282868525897,0.0012222332649268752,0.0,0.0,obsx,payload,"nmpc+kf[r_v=0.15,r_w=0.15,q_F=10,q_tau=1,filt=1,gate=1,ffu=1,qyaw=1,obs=1,aci=2,aci_alpha=0.02]",12,4.23644232749939,0,0.4884760956175299,4.493274841461316,9.501215773634614,
0.06464360147811939,0.07221702599867542,0.10008246476152488,0.6574486652625412,0.6574486652625412,1019.7015630499232,19.99700423554849,0.00398406374501992,0.0010525508141578377,0.0,0.0,obsx,payload,"nmpc+kf[r_v=0.15,r_w=0.15,q_F=10,q_tau=1,filt=1,gate=1,ffu=1,qyaw=1,obs=1,aci=2,aci_alpha=0.02]",13,6.12823224067688,0,0.7483207171314741,6.5274466551743835,10.850311180111028,
0.05363157709463467,0.05991465920930272,0.09388068508265358,0.19761740096234687,0.19761740096234687,713.2736938169312,9.294560649454889,0.0,0.0014421818863304958,0.0,0.0,obsx,payload,"nmpc+kf[r_v=0.15,r_w=0.15,q_F=10,q_tau=1,filt=1,gate=1,ffu=1,qyaw=1,obs=1,aci=2,aci_alpha=0.02]",14,5.103650093078613,0,0.5916474103585657,5.499018456849949,11.69836132554338,
0.08990005636312316,0.10036860767472582,0.1867733928023712,0.37345129546824624,0.37345129546824624,619.9789746586187,10.601107120080178,0.22310756972111553,0.0018351322166994533,0.0,0.0,obsx,payload,"nmpc+kf[r_v=0.15,r_w=0.15,q_F=10,q_tau=1,filt=1,gate=1,ffu=1,qyaw=1,obs=1,aci=2,aci_alpha=0.02]",15,2.3119213581085205,0,0.3130099601593626,2.4542545424811393,4.230971499346203,
0.033908282445245776,0.03785932462257736,0.09539103790859084,0.38042313785436954,0.38042313785436954,891.4642164715527,21.108561978230526,0.0,0.0009653243507190545,0.0,0.0,obsx,payload,"nmpc+kf[r_v=0.15,r_w=0.15,q_F=10,q_tau=1,filt=1,gate=1,ffu=1,qyaw=1,obs=1,aci=2,aci_alpha=0.02]",16,5.984224557876587,0,0.7593067729083665,6.319365314805353,9.9496321962215,
0.029468207580301557,0.032899537709138796,0.06215036704169542,0.2438420998130412,0.2438420998130412,661.2604254916419,11.96723270281591,0.0,0.004386682038907241,0.0,0.0,obsx,payload,"nmpc+kf[r_v=0.15,r_w=0.15,q_F=10,q_tau=1,filt=1,gate=1,ffu=1,qyaw=1,obs=1,aci=2,aci_alpha=0.02]",17,4.9846038818359375,0,0.6624621513944223,5.337517776255648,8.9838871313259,
0.05496622040717214,0.06113894817277159,0.09433945410731627,0.5804913792211487,0.5804913792211487,770.2481612426378,25.420566645587822,0.0,0.004567516166418983,0.0,0.0,obsx,payload,"nmpc+kf[r_v=0.15,r_w=0.15,q_F=10,q_tau=1,filt=1,gate=1,ffu=1,qyaw=1,obs=1,aci=2,aci_alpha=0.02]",18,5.111154794692993,0,0.6485019920318725,5.4669119728417455,9.28630329668522,
0.09438498873038334,0.10539947139704527,0.19317522063526033,0.513665193398062,0.513665193398062,1178.4840728945962,31.189293845911937,0.3884462151394422,0.0034566120819118917,0.0,0.0,obsx,payload,"nmpc+kf[r_v=0.15,r_w=0.15,q_F=10,q_tau=1,filt=1,gate=1,ffu=1,qyaw=1,obs=1,aci=2,aci_alpha=0.02]",19,6.541067838668823,0,0.8580318725099602,7.050652481314997,12.113898296374828,
0.09050305126675429,0.1011035251938473,0.22210446883953985,0.577655882211937,0.577655882211937,863.959530843381,22.313949967604835,0.25697211155378485,0.0016628043212318366,0.0,0.0,obsx,payload,"nmpc+kf[r_v=0.15,r_w=0.15,q_F=10,q_tau=1,filt=1,gate=1,ffu=1,qyaw=1,obs=1,aci=2]",0,2.8052358627319336,0,0.3535258964143426,2.949136355242495,8.731957946438342,
0.03579848715940087,0.03996666848550382,0.10041249605680666,0.3146857929211416,0.3146857929211416,940.9216414144842,27.198690471518994,0.00597609561752988,0.0022986012904713804,0.0,0.0,obsx,payload,"nmpc+kf[r_v=0.15,r_w=0.15,q_F=10,q_tau=1,filt=1,gate=1,ffu=1,qyaw=1,obs=1,aci=2]",1,4.1128830909729,0,0.5208685258964143,4.453104602978138,9.044380933046341,
0.05692138636939891,0.06355503841788954,0.13247099065891316,0.4666248778270926,0.4666248778270926,926.001425515716,28.85800215567954,0.0796812749003984,0.002855766342181598,0.0,0.0,obsx,payload,"nmpc+kf[r_v=0.15,r_w=0.15,q_F=10,q_tau=1,filt=1,gate=1,ffu=1,qyaw=1,obs=1,aci=2]",2,6.57605242729187,0,0.7118605577689243,6.977991989917638,12.090475072618576,
0.13025734163126534,0.14555100820343,0.323067444247612,0.5880138591558801,0.5880138591558801,916.5396448214211,27.128813681706195,0.35258964143426297,0.002449886334054685,0.0,0.0,obsx,payload,"nmpc+kf[r_v=0.15,r_w=0.15,q_F=10,q_tau=1,filt=1,gate=1,ffu=1,qyaw=1,obs=1,aci=2]",3,3.973939895629883,0,0.524820717131474,4.3203850444666,9.195136956404896,
0.0577588415951035,0.06437235800846913,0.11383508604104745,0.5321774899222994,0.5321774899222994,913.7746131716904,15.99728596962704,0.05179282868525897,0.003140622853453512,0.0,0.0,obsx,payload,"nmpc+kf[r_v=0.15,r_w=0.15,q_F=10,q_tau=1,filt=1,gate=1,ffu=1,qyaw=1,obs=1,aci=2]",4,3.991410970687866,0,0.4613266932270916,4.316529612505875,12.025625193491578,
0.057559913574108015,0.06412196530351967,0.11126968931861074,0.33417477255912553,0.33417477255912553,864.1327410594723,11.345058284422292,0.053784860557768925,0.0026252187828846585,0.0,0.0,obsx,payload,"nmpc+kf[r_v=0.15,r_w=0.15,q_F=10,q_tau=1,filt=1,gate=1,ffu=1,qyaw=1,obs=1,aci=2]",5,3.6284751892089844,0,0.47849203187250994,3.8701186733008677,6.074085265863687,
0.10509774357506242,0.1172802987462708,0.2458020776443712,0.6437177150140925,0.6437177150140925,1267.315208462471,29.368732823000258,0.2788844621513944,0.00294872829146986,0.0,0.0,obsx,payload,"nmpc+kf[r_v=0.15,r_w=0.15,q_F=10,q_tau=1,filt=1,gate=1,ffu=1,qyaw=1,obs=1,aci=2]",6,3.149933099746704,0,0.41049800796812747,3.3607394383492992,8.80329837789759,
0.05487874400869363,0.06127946004494424,0.12117357208743135,0.5298909019967063,0.5298909019967063,1129.5029955993434,41.53917439949341,0.0796812749003984,0.002305862780826423,0.0,0.0,obsx,payload,"nmpc+kf[r_v=0.15,r_w=0.15,q_F=10,q_tau=1,filt=1,gate=1,ffu=1,qyaw=1,obs=1,aci=2]",7,3.7623329162597656,0,0.46709960159362546,4.072909701181449,8.863733597099783,
0.05846220867918169,0.0653085014952493,0.10754395536947042,0.5865255343572119,0.5865255343572119,649.9358132015103,25.88146118759291,0.07171314741035857,0.00517036757897843,0.0,0.0,obsx,payload,"nmpc+kf[r_v=0.15,r_w=0.15,q_F=10,q_tau=1,filt=1,gate=1,ffu=1,qyaw=1,obs=1,aci=2]",8,5.5491650104522705,0,0.6165677290836653,5.7124345859260375,10.419028459582483,
0.04637292174678291,0.05177308389351125,0.08957733283107368,0.28902815573663826,0.28902815573663826,737.3127273510407,8.948326133875273,0.0,0.0032532790313603843,0.0,0.0,obsx,payload,"nmpc+kf[r_v=0.15,r_w=0.15,q_F=10,q_tau=1,filt=1,gate=1,ffu=1,qyaw=1,obs=1,aci=2]",9,4.30127739906311,0,0.5654880478087649,4.6111293196440695,11.718116558622569,
0.03370196195522061,0.03761150926506292,0.0575795987134822,0.313207199414089,0.313207199414089,732.0075475319144,8.688402797654918,0.0,0.0019755281816173365,0.0,0.0,obsx,payload,"nmpc+kf[r_v=0.15,r_w=0.15,q_F=10,q_tau=1,filt=1,gate=1,ffu=1,qyaw=1,obs=1,aci=2]",10,3.9525864124298096,0,0.5089900398406375,4.247753207007817,11.35728158755228,
0.03964923212826683,0.04423559902979998,0.09067528859544183,0.20850901905896027,0.20850901905896027,660.7539785473296,10.716022418328821,0.0,0.0033212484636142847,0.0,0.0,obsx,payload,"nmpc+kf[r_v=0.15,r_w=0.15,q_F=10,q_tau=1,filt=1,gate=1,ffu=1,qyaw=1,obs=1,aci=2]",11,4.120746374130249,0,0.5174701195219125,4.4126582347724845,9.08159420127049,
0.06028743231983377,0.06734597945476459,0.1096756569676765,0.3227986915052219,0.3227986915052219,829.6934349209965,13.57737066474207,0.053784860557768925,0.0020557726939609555,0.0,0.0,obsx,payload,"nmpc+kf[r_v=0.15,r_w=0.15,q_F=10,q_tau=1,filt=1,gate=1,ffu=1,qyaw=1,obs=1,aci=2]",12,4.338723182678223,0,0.4749780876494024,4.636231246793947,9.982283040881164,
0.06644646296734459,0.074232246553147,0.10242082091361938,0.6341883056826232,0.6341883056826232,1370.4370045028832,20.372972754948908,0.049800796812749,0.001786625871759484,0.0,0.0,obsx,payload,"nmpc+kf[r_v=0.15,r_w=0.15,q_F=10,q_tau=1,filt=1,gate=1,ffu=1,qyaw=1,obs=1,aci=2]",13,6.217196941375732,0,0.7095278884462152,6.516103105400633,10.876908306963749,
0.052699218349042364,0.058872460760267344,0.09113472839502,0.198493376865504,0.198493376865504,701.3022309937418,9.317586927359365,0.0,0.0028271788080622695,0.0,0.0,obsx,payload,"nmpc+kf[r_v=0.15,r_w=0.15,q_F=10,q_tau=1,filt=1,gate=1,ffu=1,qyaw=1,obs=1,aci=2]",14,3.7751519680023193,0,0.5044342629482071,4.01693320762648,9.029222095850855,
0.09017945824784365,0.10070547601396318,0.1867659970508885,0.37594270314908096,0.37594270314908096,773.1346927085691,10.938251667975619,0.2350597609561753,0.0033244160497853947,0.0,0.0,obsx,payload,"nmpc+kf[r_v=0.15,r_w=0.15,q_F=10,q_tau=1,filt=1,gate=1,ffu=1,qyaw=1,obs=1,aci=2]",15,3.309695243835449,0,0.45402788844621517,3.5297468353797536,8.029545170720677,
0.03417687650162208,0.03815972748575183,0.09935649320112133,0.3769642493350886,0.3769642493350886,909.5950031298764,19.945663168025455,0.0,0.00229215182331588,0.0,0.0,obsx,payload,"nmpc+kf[r_v=0.15,r_w=0.15,q_F=10,q_tau=1,filt=1,gate=1,ffu=1,qyaw=1,obs=1,aci=2]",16,7.5376832485198975,0,0.9407689243027888,8.026367925808755,15.220943382009866,
0.02914743315174235,0.032540743219838304,0.0620705294130877,0.2419372741209191,0.2419372741209191,667.1431842433718,12.002240091176134,0.0,0.003763342639094225,0.0,0.0,obsx,payload,"nmpc+kf[r_v=0.15,r_w=0.15,q_F=10,q_tau=1,filt=1,gate=1,ffu=1,qyaw=1,obs=1,aci=2]",17,4.053845643997192,0,0.551191235059761,4.348305292405278,8.944027116522193,
0.05489953071208325,0.06106422102658045,0.09663861978741024,0.5743083092808041,0.5743083092808041,852.1599331533063,25.553458293399885,0.0,0.004609120447717718,0.0,0.0,obsx,payload,"nmpc+kf[r_v=0.15,r_w=0.15,q_F=10,q_tau=1,filt=1,gate=1,ffu=1,qyaw=1,obs=1,aci=2]",18,4.682921886444092,0,0.6403406374501992,4.990296078886673,8.955776339862496,
0.09296391821265072,0.103824455657155,0.192271259625527,0.558798332993083,0.558798332993083,1290.1924811947013,31.05642724995411,0.3605577689243028,0.002148805065856796,0.0,0.0,obsx,payload,"nmpc+kf[r_v=0.15,r_w=0.15,q_F=10,q_tau=1,filt=1,gate=1,ffu=1,qyaw=1,obs=1,aci=2]",19,5.938210487365723,0,0.6281573705179284,6.36075527928547,11.95301019353792,
0.08862165487203494,0.0989842347232146,0.21901494258834972,0.5342590999740305,0.5342590999740305,784.2282314509757,23.55110338970165,0.2450199203187251,0.0011197498257239369,0.0,0.0,obsx,payload,"nmpc+learned[model=gdn_mix2,filt=1,gate=1,ffu=1,qyaw=1,obs=1,aci=1,aci_alpha=0.02]",0,5.570654630661011,0,0.5542848605577689,7.244263404601837,16.68636213056743,
0.037050119157570505,0.04137239248311938,0.10125558695541485,0.35814635086058105,0.35814635086058105,875.7128558512704,27.159566180652554,0.0099601593625498,0.0012383372396326253,0.0,0.0,obsx,payload,"nmpc+learned[model=gdn_mix2,filt=1,gate=1,ffu=1,qyaw=1,obs=1,aci=1,aci_alpha=0.02]",1,3.8661231994628906,0,0.36593027888446217,4.82788686900292,10.444591934792697,
0.05411465347179803,0.06043679201566249,0.12258534045220865,0.43919067958270724,0.43919067958270724,910.4581393642763,28.83780994008708,0.055776892430278883,0.0009111401278221742,0.0,0.0,obsx,payload,"nmpc+learned[model=gdn_mix2,filt=1,gate=1,ffu=1,qyaw=1,obs=1,aci=1,aci_alpha=0.02]",2,5.493838310241699,0,0.5301274900398405,7.051091086475616,17.66781342448667,
0.1303624012067722,0.14566914903022543,0.3256667791092553,0.6407888982738326,0.6407888982738326,935.8958184942494,25.657922918626856,0.3187250996015936,0.0025484229710394657,0.0,0.0,obsx,payload,"nmpc+learned[model=gdn_mix2,filt=1,gate=1,ffu=1,qyaw=1,obs=1,aci=1,aci_alpha=0.02]",3,6.137131452560425,0,0.6385816733067728,7.924252305183545,16.508449658285826,
0.05599129274369896,0.06253410244494495,0.11271154813553509,0.6165910851976822,0.6165910851976822,1033.479481624602,15.911675627351276,0.049800796812749,0.0027097916090538243,0.0,0.0,obsx,payload,"nmpc+learned[model=gdn_mix2,filt=1,gate=1,ffu=1,qyaw=1,obs=1,aci=1,aci_alpha=0.02]",4,4.6222243309021,0,0.46380876494023904,5.859180832693569,10.467763969209047,
0.05703893351618389,0.0637023389832027,0.10968761640797164,0.3996554238183458,0.39965542381834585,990.0776437495763,13.105220132672112,0.055776892430278883,0.0010866616104079907,0.0,0.0,obsx,payload,"nmpc+learned[model=gdn_mix2,filt=1,gate=1,ffu=1,qyaw=1,obs=1,aci=1,aci_alpha=0.02]",5,7.246493816375732,0,0.6618904382470121,8.971542990543838,16.63167162099853,
0.10643957938536289,0.11873988530666912,0.24843917184887332,0.8527056463576755,0.8527056463576755,1123.2544136074391,28.94157624823077,0.2848605577689243,0.003102042631952906,0.0,0.0,obsx,payload,"nmpc+learned[model=gdn_mix2,filt=1,gate=1,ffu=1,qyaw=1,obs=1,aci=1,aci_alpha=0.02]",6,7.015115022659302,0,0.7826553784860559,9.072883194683499,16.836286769248545,
0.0545135594278386,0.06086755216980211,0.12201397298187516,0.5235243220867151,0.5235243220867151,1098.3417090873952,42.051490043333686,0.07768924302788845,0.0008994422879059216,0.0,0.0,obsx,payload,"nmpc+learned[model=gdn_mix2,filt=1,gate=1,ffu=1,qyaw=1,obs=1,aci=1,aci_alpha=0.02]",7,7.111367702484131,0,0.7390119521912352,9.14362670373231,16.842338296119124,
0.05552012652133356,0.06201325673857459,0.10206812453940714,0.6334194145085216,0.6334194145085216,622.3803029117852,25.423372586577898,0.017928286852589643,0.004123253635771762,0.0,0.0,obsx,payload,"nmpc+learned[model=gdn_mix2,filt=1,gate=1,ffu=1,qyaw=1,obs=1,aci=1,aci_alpha=0.02]",8,3.1617536544799805,0,0.3104123505976096,3.977274583407726,5.152512667700649,
0.0460479395839659,0.05140799668887858,0.09359470980180193,0.29613683693834547,0.29613683693834547,673.8618991861777,8.792420920327322,0.0,0.0012214271730315585,0.0,0.0,obsx,payload,"nmpc+learned[model=gdn_mix2,filt=1,gate=1,ffu=1,qyaw=1,obs=1,aci=1,aci_alpha=0.02]",9,3.908545970916748,0,0.3743386454183267,4.976145720918221,13.16114346496761,
0.033497337415561386,0.037387553368904064,0.0575736887811031,0.3816446984280368,0.3816446984280368,576.467654077065,10.3818396821528,0.0,0.003500653545283061,0.0,0.0,obsx,payload,"nmpc+learned[model=gdn_mix2,filt=1,gate=1,ffu=1,qyaw=1,obs=1,aci=1,aci_alpha=0.02]",10,3.7911553382873535,0,0.38583266932270915,4.759618780571982,12.429882329888649,
0.04162565238855542,0.04642738336071089,0.09517357118820066,0.26401155759792,0.26401155759792,649.2832349822675,10.323368217756197,0.0,0.003236868391661929,0.0,0.0,obsx,payload,"nmpc+learned[model=gdn_mix2,filt=1,gate=1,ffu=1,qyaw=1,obs=1,aci=1,aci_alpha=0.02]",11,3.2357969284057617,0,0.3231135458167331,4.08673196227709,5.41957893408835,
0.05509733169574097,0.06154874360647596,0.10461362622337939,0.3351301440888061,0.3351301440888061,776.6292742577849,13.220774010835568,0.037848605577689244,0.0007542348632546547,0.0,0.0,obsx,payload,"nmpc+learned[model=gdn_mix2,filt=1,gate=1,ffu=1,qyaw=1,obs=1,aci=1,aci_alpha=0.02]",12,5.582700490951538,0,0.5196553784860558,7.138547536720377,11.121273920871317,
0.06494385347246989,0.0725545982871017,0.10021134950018924,0.7088268740642485,0.7088268740642485,1105.2534102876652,20.094830444340598,0.00796812749003984,0.0008509688779198554,0.0,0.0,obsx,payload,"nmpc+learned[model=gdn_mix2,filt=1,gate=1,ffu=1,qyaw=1,obs=1,aci=1,aci_alpha=0.02]",13,5.080539226531982,0,0.4821613545816733,6.516360367028659,13.066548479255294,
0.05250251795372041,0.0586527328060181,0.09304060399272608,0.22944226398862355,0.22944226398862355,735.7491773398293,9.198456304654057,0.0,0.0011613368732731333,0.0,0.0,obsx,payload,"nmpc+learned[model=gdn_mix2,filt=1,gate=1,ffu=1,qyaw=1,obs=1,aci=1,aci_alpha=0.02]",14,4.541941404342651,0,0.4359561752988048,5.743920174612853,16.751048481091857,
0.09057433818683053,0.1011260960754445,0.18481180233621317,0.48935860061533176,0.48935860061533176,685.4550662499892,11.952455027510675,0.250996015936255,0.0002687297628740093,0.0,0.0,obsx,payload,"nmpc+learned[model=gdn_mix2,filt=1,gate=1,ffu=1,qyaw=1,obs=1,aci=1,aci_alpha=0.02]",15,3.4125683307647705,0,0.3702250996015936,4.349878809203308,10.33604474272579,
0.034223486992969746,0.038209305916568403,0.09794797232329751,0.3881010381580461,0.3881010381580461,900.8316099246457,20.75069758175166,0.0,0.0008685725751923501,0.0,0.0,obsx,payload,"nmpc+learned[model=gdn_mix2,filt=1,gate=1,ffu=1,qyaw=1,obs=1,aci=1,aci_alpha=0.02]",16,6.7462317943573,0,0.7191354581673307,8.657254805543507,16.785665382631123,
0.024163007450521638,0.026960580195323505,0.05477739489026892,0.23836660690881864,0.2383666069088187,994.2879931156931,11.14013011886311,0.0,0.004396925479823344,0.0,0.0,obsx,payload,"nmpc+learned[model=gdn_mix2,filt=1,gate=1,ffu=1,qyaw=1,obs=1,aci=1,aci_alpha=0.02]",17,4.775688886642456,0,0.47658366533864543,6.064317114020427,12.419422077946367,
0.05020033880692407,0.05603732410064484,0.09313079688602106,0.5250275184600472,0.5250275184600474,808.664199929858,26.90414916519137,0.0,0.004231260143714388,0.0,0.0,obsx,payload,"nmpc+learned[model=gdn_mix2,filt=1,gate=1,ffu=1,qyaw=1,obs=1,aci=1,aci_alpha=0.02]",18,5.172211647033691,0,0.5218386454183267,6.52267774186687,11.4293151977472,
0.08107579556262631,0.09051151084399199,0.14214998742781765,0.46714644887866724,0.46714644887866724,844.9064381719509,18.32675906464051,0.33067729083665337,0.0014830550007223775,0.0,0.0,obsx,payload,"nmpc+learned[model=gdn_mix2,filt=1,gate=1,ffu=1,qyaw=1,obs=1,aci=1,aci_alpha=0.02]",19,6.128144025802612,0,0.5968187250996018,7.893082689942859,19.017819741275165,
0.0944456725976905,0.10549445827928879,0.22890501799019503,0.5681381392472876,0.5681381392472876,973.8767743908232,23.320703662930338,0.26095617529880477,0.01173654213134212,0.0,0.0,obsx,payload,"nmpc+learned[model=gdn_mix2,filt=1,gate=1,ffu=1,qyaw=1,obs=1,aci=1,obsm=0.01]",0,5.792892217636108,0,0.6976733067729083,7.516821624202825,19.79121929500253,
0.042318874943206373,0.04726388207865894,0.11288545350953652,0.37106902030448075,0.37106902030448075,998.4384069186548,28.142591900534924,0.03386454183266932,0.011760123031290759,0.0,0.0,obsx,payload,"nmpc+learned[model=gdn_mix2,filt=1,gate=1,ffu=1,qyaw=1,obs=1,aci=1,obsm=0.01]",1,3.74853515625,0,0.44408366533864546,4.8296766961364455,11.26469042617828,
0.061091677552188035,0.06823747330229896,0.1345975632981676,0.49085981298124837,0.49085981298124837,1114.8186576618232,33.150796006195556,0.11752988047808766,0.012293303889720664,0.0,0.0,obsx,payload,"nmpc+learned[model=gdn_mix2,filt=1,gate=1,ffu=1,qyaw=1,obs=1,aci=1,obsm=0.01]",2,7.717717170715332,0,0.8295956175298804,9.885950549227367,17.06830260111019,
0.1348451310264622,0.15067877996776038,0.33820467401047644,0.6409385553808594,0.6409385553808594,1170.9198539399788,28.656854496058138,0.3804780876494024,0.013397976546231594,0.0,0.0,obsx,payload,"nmpc+learned[model=gdn_mix2,filt=1,gate=1,ffu=1,qyaw=1,obs=1,aci=1,obsm=0.01]",3,4.122305631637573,0,0.4298366533864541,5.278929650590595,10.936231147497894,
0.0614481513949798,0.06863512183869307,0.12127288009181489,0.666596874269581,0.666596874269581,1054.36884825088,15.91685955972808,0.10358565737051793,0.012960381809440535,0.0,0.0,obsx,payload,"nmpc+learned[model=gdn_mix2,filt=1,gate=1,ffu=1,qyaw=1,obs=1,aci=1,obsm=0.01]",4,3.5474212169647217,0,0.3625,4.497982156221788,10.265090921893718,
0.06372297850643303,0.07117558433142974,0.12065593664595568,0.40363761347125904,0.40363761347125904,1080.3482425746565,13.576622999579133,0.08167330677290836,0.012171444781174962,0.0,0.0,obsx,payload,"nmpc+learned[model=gdn_mix2,filt=1,gate=1,ffu=1,qyaw=1,obs=1,aci=1,obsm=0.01]",5,5.246971845626831,0,0.5556155378486057,6.714861473139094,17.69726687576622,
0.11326044096521017,0.1263675221453084,0.25963852663877995,0.8615317939080105,0.8615317939080105,1431.6622608844157,30.802576672650435,0.31673306772908366,0.012273781981988252,0.0,0.0,obsx,payload,"nmpc+learned[model=gdn_mix2,filt=1,gate=1,ffu=1,qyaw=1,obs=1,aci=1,obsm=0.01]",6,6.724806070327759,0,0.784284860557769,8.62598431712217,16.945133707486093,
0.06367967947037353,0.07111770662766376,0.14288867298531233,0.6313883320527593,0.6313883320527593,1157.4239029081411,45.98649425162557,0.1294820717131474,0.012092394653987565,0.0,0.0,obsx,payload,"nmpc+learned[model=gdn_mix2,filt=1,gate=1,ffu=1,qyaw=1,obs=1,aci=1,obsm=0.01]",7,5.5769922733306885,0,0.5634422310756971,7.150560721339457,16.840263491030782,
0.06296300025510926,0.0703339595574878,0.1136668288156193,0.6930439514637394,0.6930439514637394,655.0561125914033,26.37329377824255,0.10159362549800798,0.014144959280977809,0.0,0.0,obsx,payload,"nmpc+learned[model=gdn_mix2,filt=1,gate=1,ffu=1,qyaw=1,obs=1,aci=1,obsm=0.01]",8,4.620573282241821,0,0.44366733067729086,5.894644575497781,14.175318591296676,
0.052489563206669594,0.058612451969663505,0.10036891404086921,0.30666692223388087,0.30666692223388087,827.8317010802219,9.441356789315115,0.00796812749003984,0.012576858837833438,0.0,0.0,obsx,payload,"nmpc+learned[model=gdn_mix2,filt=1,gate=1,ffu=1,qyaw=1,obs=1,aci=1,obsm=0.01]",9,5.1420676708221436,0,0.45723107569721116,6.4352916950634516,11.226256859954448,
0.039911828586290735,0.04456288433604466,0.06716323227828858,0.38518213788575123,0.38518213788575123,847.8274495748915,9.052160172933378,0.0,0.012080796957627593,0.0,0.0,obsx,payload,"nmpc+learned[model=gdn_mix2,filt=1,gate=1,ffu=1,qyaw=1,obs=1,aci=1,obsm=0.01]",10,4.640238523483276,0,0.5236812749003985,5.937805981839083,14.229054674506195,
0.046531028559864636,0.05191814659684216,0.10116038128869824,0.250388695751843,0.250388695751843,748.4480968103551,12.503684644315893,0.017928286852589643,0.013096109523240529,0.0,0.0,obsx,payload,"nmpc+learned[model=gdn_mix2,filt=1,gate=1,ffu=1,qyaw=1,obs=1,aci=1,obsm=0.01]",11,4.660804986953735,0,0.45777290836653384,5.908905246027883,10.587057417724282,
0.0638320717163404,0.07131252483020525,0.11569346240125467,0.36130050570963723,0.36130050570963723,962.7320052832962,13.71988273716377,0.099601593625498,0.011608041108655598,0.0,0.0,obsx,payload,"nmpc+learned[model=gdn_mix2,filt=1,gate=1,ffu=1,qyaw=1,obs=1,aci=1,obsm=0.01]",12,4.374961853027344,0,0.4045179282868525,5.599731821529716,10.533060170710087,
0.07592989648763518,0.08483396222549591,0.11920344004511942,0.7407611548130276,0.7407611548130276,1499.1427220018597,21.83244572761594,0.24900398406374502,0.011872203783150459,0.0,0.0,obsx,payload,"nmpc+learned[model=gdn_mix2,filt=1,gate=1,ffu=1,qyaw=1,obs=1,aci=1,obsm=0.01]",13,3.3001832962036133,0,0.324996015936255,4.163108906612186,10.285088350065054,
0.059598055047970694,0.06658393922120547,0.10171521962057133,0.23419213581745532,0.23419213581745538,794.758582149442,9.247815790575897,0.02390438247011952,0.013108043243182432,0.0,0.0,obsx,payload,"nmpc+learned[model=gdn_mix2,filt=1,gate=1,ffu=1,qyaw=1,obs=1,aci=1,obsm=0.01]",14,7.811060905456543,0,0.9263187250996016,10.095352462337043,18.352229746524248,
0.0984595338486717,0.1099426626228068,0.19618481189287265,0.4652249318673512,0.4652249318673512,831.267084570601,13.13451971331567,0.3386454183266932,0.01080691151081592,0.0,0.0,obsx,payload,"nmpc+learned[model=gdn_mix2,filt=1,gate=1,ffu=1,qyaw=1,obs=1,aci=1,obsm=0.01]",15,3.2949798107147217,0,0.33849601593625495,4.182628223271781,6.3306172122247535,
0.039437656852737216,0.04404061183249756,0.10977903993686576,0.43736048019955015,0.4373604801995502,1040.3175870221817,21.673001183822166,0.04183266932270916,0.012130007264837317,0.0,0.0,obsx,payload,"nmpc+learned[model=gdn_mix2,filt=1,gate=1,ffu=1,qyaw=1,obs=1,aci=1,obsm=0.01]",16,5.193344593048096,0,0.5974541832669323,6.625406560951851,16.283581000752747,
0.029186887121758813,0.03258172549096285,0.06593962773675073,0.26667435719960764,0.26667435719960764,1010.442857776766,12.95166639671812,0.0,0.013852772611290642,0.0,0.0,obsx,payload,"nmpc+learned[model=gdn_mix2,filt=1,gate=1,ffu=1,qyaw=1,obs=1,aci=1,obsm=0.01]",17,7.217212438583374,0,0.8052649402390438,9.283400325761344,16.89095248701051,
0.05747519852857732,0.06417445932081255,0.10432648361313326,0.5385797452106216,0.5385797452106216,940.3446256202409,29.48809016819032,0.037848605577689244,0.013498449703129412,0.0,0.0,obsx,payload,"nmpc+learned[model=gdn_mix2,filt=1,gate=1,ffu=1,qyaw=1,obs=1,aci=1,obsm=0.01]",18,3.68188738822937,0,0.41451394422310756,4.704547760752122,10.134054059162736,
0.08862300480577441,0.09895274863450343,0.1557761483213265,0.4921236313316314,0.4921236313316314,1111.0317077939712,18.816437922732003,0.3844621513944223,0.011893402706823097,0.0,0.0,obsx,payload,"nmpc+learned[model=gdn_mix2,filt=1,gate=1,ffu=1,qyaw=1,obs=1,aci=1,obsm=0.01]",19,6.579154014587402,0,0.631723107569721,8.478121866798585,17.008146296720952,
0.088677193523367,0.09905996177673373,0.21959767165083907,0.5505105558173521,0.5505105558173521,936.2934443099435,23.47782106320952,0.24701195219123506,0.0017981643436648653,0.0,0.0,obsx,payload,"nmpc+learned[model=gdn_mix2,filt=1,gate=1,ffu=1,qyaw=1,obs=1,aci=1]",0,3.898226261138916,0,0.3617908366533865,4.875622809385933,12.21409650519491,
0.035686796596816936,0.0398477521338086,0.10043689650695722,0.3455589812490331,0.3455589812490331,963.2480557414366,26.124334497644288,0.00597609561752988,0.0022304188860416962,0.0,0.0,obsx,payload,"nmpc+learned[model=gdn_mix2,filt=1,gate=1,ffu=1,qyaw=1,obs=1,aci=1]",1,3.8994851112365723,0,0.36715537848605573,4.955213181155018,14.75291773676873,
0.054503675955678794,0.06087176676003774,0.12158261382359001,0.4274580633849402,0.4274580633849402,1121.6579904880277,29.282529466519726,0.055776892430278883,0.002291099143321762,0.0,0.0,obsx,payload,"nmpc+learned[model=gdn_mix2,filt=1,gate=1,ffu=1,qyaw=1,obs=1,aci=1]",2,7.810828924179077,0,0.8655996015936255,10.037395444075276,16.890871168579906,
0.12946769982542228,0.14466945689813068,0.3257181072306626,0.5999198637524388,0.5999198637524388,1066.746879615497,27.546252138285247,0.31274900398406374,0.0031228322253307184,0.0,0.0,obsx,payload,"nmpc+learned[model=gdn_mix2,filt=1,gate=1,ffu=1,qyaw=1,obs=1,aci=1]",3,3.972055673599243,0,0.4004860557768924,4.979249600606758,12.508510814514018,
0.055103736899411004,0.061541715984538996,0.10994092063024276,0.6354716837691522,0.6354716837691522,1034.8122457394363,15.812318491506666,0.043824701195219126,0.002955324789062186,0.0,0.0,obsx,payload,"nmpc+learned[model=gdn_mix2,filt=1,gate=1,ffu=1,qyaw=1,obs=1,aci=1]",4,3.354541778564453,0,0.33422509960159363,4.234420860546132,10.308583565056324,
0.056252010341630805,0.06282494710637263,0.11044733316528953,0.38695760071913515,0.38695760071913515,1065.9805789071456,12.984193746770949,0.05179282868525897,0.002117917899755628,0.0,0.0,obsx,payload,"nmpc+learned[model=gdn_mix2,filt=1,gate=1,ffu=1,qyaw=1,obs=1,aci=1]",5,3.0888607501983643,0,0.32527689243027885,3.87159607464084,9.84077403554693,
0.1055082646074655,0.11774644442796271,0.24695628579369758,0.8240261993149193,0.8240261993149194,1434.0345943303273,29.654484406203206,0.28286852589641437,0.0019789600876636837,0.0,0.0,obsx,payload,"nmpc+learned[model=gdn_mix2,filt=1,gate=1,ffu=1,qyaw=1,obs=1,aci=1]",6,4.272378921508789,0,0.43562350597609567,5.3579603550042885,10.46703745611012,
0.05465303506094716,0.061023541140269776,0.12111637935080811,0.4927385675701172,0.4927385675701172,1139.7813902201235,42.286480107359694,0.0796812749003984,0.0020815006173600104,0.0,0.0,obsx,payload,"nmpc+learned[model=gdn_mix2,filt=1,gate=1,ffu=1,qyaw=1,obs=1,aci=1]",7,6.758461952209473,0,0.6713565737051793,8.612552131303545,17.65986924059689,
0.0553547041563548,0.06182831352095172,0.10071494215437174,0.652353330004515,0.652353330004515,653.6725306214803,24.428336317053187,0.017928286852589643,0.004049762054425088,0.0,0.0,obsx,payload,"nmpc+learned[model=gdn_mix2,filt=1,gate=1,ffu=1,qyaw=1,obs=1,aci=1]",8,7.559293985366821,0,0.7712131474103586,9.771197120588555,17.461809848900888,
0.04635196632443123,0.05174806504518349,0.0902962667424677,0.300315264230141,0.30031526423014104,816.8688415583745,8.82662001838465,0.0,0.0029497982117950294,0.0,0.0,obsx,payload,"nmpc+learned[model=gdn_mix2,filt=1,gate=1,ffu=1,qyaw=1,obs=1,aci=1]",9,3.9310033321380615,0,0.4497549800796813,5.04809657790776,10.171240158379078,
0.03289381564448493,0.03671282238296793,0.05723299895877285,0.37149397361552977,0.37149397361552977,787.1648506039413,8.538820628952386,0.0,0.001840434295085236,0.0,0.0,obsx,payload,"nmpc+learned[model=gdn_mix2,filt=1,gate=1,ffu=1,qyaw=1,obs=1,aci=1]",10,6.61564564704895,0,0.6841533864541833,8.492326928373144,16.781554927583784,
0.03946448427553983,0.04402717994259262,0.09072687496250774,0.25188442290103247,0.25188442290103247,699.0330058154758,10.815976494517066,0.0,0.0033136550586179425,0.0,0.0,obsx,payload,"nmpc+learned[model=gdn_mix2,filt=1,gate=1,ffu=1,qyaw=1,obs=1,aci=1]",11,2.975292444229126,0,0.31047410358565736,3.7546675161558736,5.071382517926395,
0.056575915904034164,0.06320162766445517,0.10554249563324976,0.3509150534893075,0.3509150534893075,943.813491157314,13.329009446675814,0.0398406374501992,0.0015177968535251551,0.0,0.0,obsx,payload,"nmpc+learned[model=gdn_mix2,filt=1,gate=1,ffu=1,qyaw=1,obs=1,aci=1]",12,3.5961923599243164,0,0.39348007968127485,4.5330612794997025,10.492851247545332,
0.06580596798858132,0.07351823706253294,0.10423756449052789,0.6714470281802434,0.6714470281802434,1400.9829264763184,20.255013195911054,0.05776892430278884,0.0013619322349079366,0.0,0.0,obsx,payload,"nmpc+learned[model=gdn_mix2,filt=1,gate=1,ffu=1,qyaw=1,obs=1,aci=1]",13,6.434315204620361,0,0.6227788844621513,8.238941215375714,16.720839829649776,
0.05196066623951496,0.05804704147750296,0.09100909874616336,0.22495274952945404,0.22495274952945404,744.3500208738697,9.233393448853473,0.0,0.002751984883332781,0.0,0.0,obsx,payload,"nmpc+learned[model=gdn_mix2,filt=1,gate=1,ffu=1,qyaw=1,obs=1,aci=1]",14,6.93890380859375,0,0.6390517928286853,8.609917770377342,16.816124885808676,
0.08974914830423636,0.100227267699907,0.1836161068840305,0.4648758787351666,0.4648758787351666,824.4380697784951,11.632442776588098,0.24900398406374502,0.0007527540278672307,0.0,0.0,obsx,payload,"nmpc+learned[model=gdn_mix2,filt=1,gate=1,ffu=1,qyaw=1,obs=1,aci=1]",15,7.204051971435547,0,0.8548326693227092,9.397348815267275,20.500144527759407,
0.033481088048432604,0.03737892212574256,0.09682149076488909,0.37275569246006407,0.37275569246006407,819.2742495413409,20.296633586275444,0.0,0.002117062053482055,0.0,0.0,obsx,payload,"nmpc+learned[model=gdn_mix2,filt=1,gate=1,ffu=1,qyaw=1,obs=1,aci=1]",16,3.4948158264160156,0,0.3760318725099602,4.388988753632305,10.81318597309292,
0.0237841947711111,0.026536610838676387,0.055480598370823274,0.24217657892933075,0.24217657892933075,991.4309656089514,11.261709088423917,0.0,0.003874440517425304,0.0,0.0,obsx,payload,"nmpc+learned[model=gdn_mix2,filt=1,gate=1,ffu=1,qyaw=1,obs=1,aci=1]",17,5.2995641231536865,0,0.46579880478087643,6.71191544706128,16.392540358938277,
0.05049881960704447,0.05637126573919439,0.09564493396310089,0.5192166750027591,0.5192166750027591,906.8868537636995,27.09041225430091,0.0,0.003693650811917748,0.0,0.0,obsx,payload,"nmpc+learned[model=gdn_mix2,filt=1,gate=1,ffu=1,qyaw=1,obs=1,aci=1]",18,5.308288335800171,0,0.5701135458167331,6.8326692080192,16.313047138974074,
0.0799211069624051,0.08923690006832798,0.1431035580377625,0.45129169480293163,0.45129169480293163,1012.882903560655,18.04089926722538,0.30677290836653387,0.0019895664912402133,0.0,0.0,obsx,payload,"nmpc+learned[model=gdn_mix2,filt=1,gate=1,ffu=1,qyaw=1,obs=1,aci=1]",19,4.555114269256592,0,0.44943027888446213,5.724229424101008,11.399922429118305,
0.08862165487203494,0.0989842347232146,0.21901494258834972,0.5342590999740305,0.5342590999740305,784.2282314509757,23.55110338970165,0.2450199203187251,0.0011197498257239369,0.0,0.0,obsx,payload,"nmpc+learned[model=gdn_mix2,filt=1,gate=1,ffu=1,qyaw=1,obs=1,aci=2,aci_alpha=0.02]",0,4.669560670852661,0,0.3876812749003984,5.97281402034455,12.45636837091297,
0.037050119157570505,0.04137239248311938,0.10125558695541485,0.35814635086058105,0.35814635086058105,875.7128558512704,27.159566180652554,0.0099601593625498,0.0012383372396326253,0.0,0.0,obsx,payload,"nmpc+learned[model=gdn_mix2,filt=1,gate=1,ffu=1,qyaw=1,obs=1,aci=2,aci_alpha=0.02]",1,3.631551504135132,0,0.39655577689243027,4.591987635736238,10.405778996646406,
0.05411465347179803,0.06043679201566249,0.12258534045220865,0.43919067958270724,0.43919067958270724,910.4581393642763,28.83780994008708,0.055776892430278883,0.0009111401278221742,0.0,0.0,obsx,payload,"nmpc+learned[model=gdn_mix2,filt=1,gate=1,ffu=1,qyaw=1,obs=1,aci=2,aci_alpha=0.02]",2,4.603371858596802,0,0.45561952191235056,5.818991127342312,16.333843667525798,
0.1303624012067722,0.14566914903022543,0.3256667791092553,0.6407888982738326,0.6407888982738326,935.8958184942494,25.657922918626856,0.3187250996015936,0.0025484229710394657,0.0,0.0,obsx,payload,"nmpc+learned[model=gdn_mix2,filt=1,gate=1,ffu=1,qyaw=1,obs=1,aci=2,aci_alpha=0.02]",3,4.521413803100586,0,0.4628207171314741,5.833185464329276,11.531835554633291,
0.05599129274369896,0.06253410244494495,0.11271154813553509,0.6165910851976822,0.6165910851976822,1033.479481624602,15.911675627351276,0.049800796812749,0.0027097916090538243,0.0,0.0,obsx,payload,"nmpc+learned[model=gdn_mix2,filt=1,gate=1,ffu=1,qyaw=1,obs=1,aci=2,aci_alpha=0.02]",4,4.555154323577881,0,0.4495059760956176,5.767991972263472,11.384196470025929,
0.0583122003378672,0.06512479189238558,0.11168390789572984,0.40432534868501746,0.40432534868501746,1046.5061557243475,12.60332886923529,0.055776892430278883,0.001709034579493507,0.0,0.0,obsx,payload,"nmpc+learned[model=gdn_mix2,filt=1,gate=1,ffu=1,qyaw=1,obs=1,aci=2,aci_alpha=0.02]",5,3.913839340209961,0,0.42433266932270913,4.989982424934666,10.448732222430408,
0.10683173235652818,0.11914616580391185,0.24721848069462687,0.8166817148388874,0.8166817148388874,1136.9339540756453,28.729882188011803,0.2848605577689243,0.0020744949851186356,0.0,0.0,obsx,payload,"nmpc+learned[model=gdn_mix2,filt=1,gate=1,ffu=1,qyaw=1,obs=1,aci=2,aci_alpha=0.02]",6,5.0623040199279785,0,0.593207171314741,6.506451697318826,10.66732159582898,
0.0545135594278386,0.06086755216980211,0.12201397298187516,0.5235243220867151,0.5235243220867151,1098.3417090873952,42.051490043333686,0.07768924302788845,0.0008994422879059216,0.0,0.0,obsx,payload,"nmpc+learned[model=gdn_mix2,filt=1,gate=1,ffu=1,qyaw=1,obs=1,aci=2,aci_alpha=0.02]",7,5.382222652435303,0,0.5245677290836652,6.850464840927922,16.33092837408185,
0.05552012652133356,0.06201325673857459,0.10206812453940714,0.6334194145085216,0.6334194145085216,622.3803029117852,25.423372586577898,0.017928286852589643,0.004123253635771762,0.0,0.0,obsx,payload,"nmpc+learned[model=gdn_mix2,filt=1,gate=1,ffu=1,qyaw=1,obs=1,aci=2,aci_alpha=0.02]",8,7.149779319763184,0,0.7400398406374503,9.226643125085063,16.999461906962097,
0.0460479395839659,0.05140799668887858,0.09359470980180193,0.29613683693834547,0.29613683693834547,673.8618991861777,8.792420920327322,0.0,0.0012214271730315585,0.0,0.0,obsx,payload,"nmpc+learned[model=gdn_mix2,filt=1,gate=1,ffu=1,qyaw=1,obs=1,aci=2,aci_alpha=0.02]",9,8.975574731826782,0,1.040250996015936,11.517061951173194,19.672887385822833,
0.033497337415561386,0.037387553368904064,0.0575736887811031,0.3816446984280368,0.3816446984280368,576.467654077065,10.3818396821528,0.0,0.003500653545283061,0.0,0.0,obsx,payload,"nmpc+learned[model=gdn_mix2,filt=1,gate=1,ffu=1,qyaw=1,obs=1,aci=2,aci_alpha=0.02]",10,6.402577877044678,0,0.7560657370517928,8.296810131820578,16.970882036257535,
0.04162565238855542,0.04642738336071089,0.09517357118820066,0.26401155759792,0.26401155759792,649.2832349822675,10.323368217756197,0.0,0.003236868391661929,0.0,0.0,obsx,payload,"nmpc+learned[model=gdn_mix2,filt=1,gate=1,ffu=1,qyaw=1,obs=1,aci=2,aci_alpha=0.02]",11,6.851353883743286,0,0.6014482071713146,8.728019104699097,17.596618777606636,
0.05509733169574097,0.06154874360647596,0.10461362622337939,0.3351301440888061,0.3351301440888061,776.6292742577849,13.220774010835568,0.037848605577689244,0.0007542348632546547,0.0,0.0,obsx,payload,"nmpc+learned[model=gdn_mix2,filt=1,gate=1,ffu=1,qyaw=1,obs=1,aci=2,aci_alpha=0.02]",12,3.001854658126831,0,0.3104422310756972,3.7944104491855457,5.307878111489119,
0.06494385347246989,0.0725545982871017,0.10021134950018924,0.7088268740642485,0.7088268740642485,1105.2534102876652,20.094830444340598,0.00796812749003984,0.0008509688779198554,0.0,0.0,obsx,payload,"nmpc+learned[model=gdn_mix2,filt=1,gate=1,ffu=1,qyaw=1,obs=1,aci=2,aci_alpha=0.02]",13,6.564046382904053,0,0.6731812749003984,8.521328748396758,16.965274643152952,
0.05250251795372041,0.0586527328060181,0.09304060399272608,0.22944226398862355,0.22944226398862355,735.7491773398293,9.198456304654057,0.0,0.0011613368732731333,0.0,0.0,obsx,payload,"nmpc+learned[model=gdn_mix2,filt=1,gate=1,ffu=1,qyaw=1,obs=1,aci=2,aci_alpha=0.02]",14,7.724284410476685,0,0.8942988047808764,10.026138239684867,17.004012421239167,
0.09830433396919104,0.1097711734564811,0.18620863110324684,0.6135665665189107,0.6135665665189108,1057.698681916989,26.887788241594144,0.33665338645418325,0.0014983796839870833,0.0,0.0,obsx,payload,"nmpc+learned[model=gdn_mix2,filt=1,gate=1,ffu=1,qyaw=1,obs=1,aci=2,aci_alpha=0.02]",15,6.862460136413574,0,0.7247609561752988,8.928188000827939,16.804892199579626,
0.034223486992969746,0.038209305916568403,0.09794797232329751,0.3881010381580461,0.3881010381580461,900.8316099246457,20.75069758175166,0.0,0.0008685725751923501,0.0,0.0,obsx,payload,"nmpc+learned[model=gdn_mix2,filt=1,gate=1,ffu=1,qyaw=1,obs=1,aci=2,aci_alpha=0.02]",16,7.116302967071533,0,0.613077689243028,9.132603286817462,19.70973082119599,
0.0359434651878534,0.04013844026094894,0.10811590984917163,0.47472942518152417,0.47472942518152417,1137.5796568252329,19.655186487222256,0.03187250996015936,0.004396925479823344,0.0,0.0,obsx,payload,"nmpc+learned[model=gdn_mix2,filt=1,gate=1,ffu=1,qyaw=1,obs=1,aci=2,aci_alpha=0.02]",17,4.4595983028411865,0,0.4068545816733068,5.707873072775741,16.536565530113876,
0.05244430639284838,0.058547495946192185,0.09713918668935227,0.754623457108958,0.754623457108958,1163.7590931337597,26.747324024396576,0.0,0.004307163266415004,0.0,0.0,obsx,payload,"nmpc+learned[model=gdn_mix2,filt=1,gate=1,ffu=1,qyaw=1,obs=1,aci=2,aci_alpha=0.02]",18,4.3814003467559814,0,0.4195996015936255,5.601475121958025,10.558568586129695,
0.08107579556262631,0.09051151084399199,0.14214998742781765,0.46714644887866724,0.46714644887866724,844.9064381719509,18.32675906464051,0.33067729083665337,0.0014830550007223775,0.0,0.0,obsx,payload,"nmpc+learned[model=gdn_mix2,filt=1,gate=1,ffu=1,qyaw=1,obs=1,aci=2,aci_alpha=0.02]",19,6.534749507904053,0,0.726780876494024,8.454716024619799,16.8769643898122,
0.088677193523367,0.09905996177673373,0.21959767165083907,0.5505105558173521,0.5505105558173521,936.2934443099435,23.47782106320952,0.24701195219123506,0.0017981643436648653,0.0,0.0,obsx,payload,"nmpc+learned[model=gdn_mix2,filt=1,gate=1,ffu=1,qyaw=1,obs=1,aci=2]",0,6.811421632766724,0,0.6614003984063744,8.747620737658762,16.853824618738145,
0.035686796596816936,0.0398477521338086,0.10043689650695722,0.3455589812490331,0.3455589812490331,963.2480557414366,26.124334497644288,0.00597609561752988,0.0022304188860416962,0.0,0.0,obsx,payload,"nmpc+learned[model=gdn_mix2,filt=1,gate=1,ffu=1,qyaw=1,obs=1,aci=2]",1,4.34195613861084,0,0.4389940239043825,5.515109493482517,10.434319423511624,
0.054503675955678794,0.06087176676003774,0.12158261382359001,0.4274580633849402,0.4274580633849402,1121.6579904880277,29.282529466519726,0.055776892430278883,0.002291099143321762,0.0,0.0,obsx,payload,"nmpc+learned[model=gdn_mix2,filt=1,gate=1,ffu=1,qyaw=1,obs=1,aci=2]",2,7.075760841369629,0,0.7478705179282867,9.026873578499275,16.80422185221687,
0.12946769982542228,0.14466945689813068,0.3257181072306626,0.5999198637524388,0.5999198637524388,1066.746879615497,27.546252138285247,0.31274900398406374,0.0031228322253307184,0.0,0.0,obsx,payload,"nmpc+learned[model=gdn_mix2,filt=1,gate=1,ffu=1,qyaw=1,obs=1,aci=2]",3,6.5438573360443115,0,0.6413904382470119,8.418725718617942,17.381826445925984,
0.06122499030351545,0.06838562831016386,0.12374345065935759,0.7522749844618428,0.7522749844618428,1344.3122407078529,19.669607464611804,0.08366533864541832,0.0016479521486286453,0.0,0.0,obsx,payload,"nmpc+learned[model=gdn_mix2,filt=1,gate=1,ffu=1,qyaw=1,obs=1,aci=2]",4,4.267576217651367,0,0.42331075697211157,5.408053774297594,10.396122985985132,
0.05757284072526836,0.0643001096185538,0.11259444252506456,0.40820933212153293,0.40820933212153293,1121.4511778284402,12.280033145126248,0.061752988047808766,0.0024254318846409495,0.0,0.0,obsx,payload,"nmpc+learned[model=gdn_mix2,filt=1,gate=1,ffu=1,qyaw=1,obs=1,aci=2]",5,3.521559953689575,0,0.36550796812749003,4.454442318918487,10.440894085913897,
0.10687357124873009,0.11922366668174407,0.25000269454317353,0.8287910054816445,0.8287910054816445,1479.9747492763865,28.382310695578372,0.2848605577689243,0.0022540995484207904,0.0,0.0,obsx,payload,"nmpc+learned[model=gdn_mix2,filt=1,gate=1,ffu=1,qyaw=1,obs=1,aci=2]",6,3.3437371253967285,0,0.3481772908366534,4.222757011407103,10.224089410621673,
0.05465303506094716,0.061023541140269776,0.12111637935080811,0.4927385675701172,0.4927385675701172,1139.7813902201235,42.286480107359694,0.0796812749003984,0.0020815006173600104,0.0,0.0,obsx,payload,"nmpc+learned[model=gdn_mix2,filt=1,gate=1,ffu=1,qyaw=1,obs=1,aci=2]",7,3.775322198867798,0,0.3751693227091633,4.764824683603598,10.968653778545564,
0.0553547041563548,0.06182831352095172,0.10071494215437174,0.652353330004515,0.652353330004515,653.6725306214803,24.428336317053187,0.017928286852589643,0.004049762054425088,0.0,0.0,obsx,payload,"nmpc+learned[model=gdn_mix2,filt=1,gate=1,ffu=1,qyaw=1,obs=1,aci=2]",8,5.264457702636719,0,0.4854302788844622,6.8903771012027075,16.654747629072517,
0.04635196632443123,0.05174806504518349,0.0902962667424677,0.300315264230141,0.30031526423014104,816.8688415583745,8.82662001838465,0.0,0.0029497982117950294,0.0,0.0,obsx,payload,"nmpc+learned[model=gdn_mix2,filt=1,gate=1,ffu=1,qyaw=1,obs=1,aci=2]",9,5.86922025680542,0,0.5013167330677292,7.483897561882715,16.58977196086198,
0.03289381564448493,0.03671282238296793,0.05723299895877285,0.37149397361552977,0.37149397361552977,787.1648506039413,8.538820628952386,0.0,0.001840434295085236,0.0,0.0,obsx,payload,"nmpc+learned[model=gdn_mix2,filt=1,gate=1,ffu=1,qyaw=1,obs=1,aci=2]",10,6.657189607620239,0,0.7310258964143427,8.648267771818665,20.622750972397625,
0.03946448427553983,0.04402717994259262,0.09072687496250774,0.25188442290103247,0.25188442290103247,699.0330058154758,10.815976494517066,0.0,0.0033136550586179425,0.0,0.0,obsx,payload,"nmpc+learned[model=gdn_mix2,filt=1,gate=1,ffu=1,qyaw=1,obs=1,aci=2]",11,6.937190055847168,0,0.6265856573705179,8.84570452742709,16.78008947521448,
0.056575915904034164,0.06320162766445517,0.10554249563324976,0.3509150534893075,0.3509150534893075,943.813491157314,13.329009446675814,0.0398406374501992,0.0015177968535251551,0.0,0.0,obsx,payload,"nmpc+learned[model=gdn_mix2,filt=1,gate=1,ffu=1,qyaw=1,obs=1,aci=2]",12,3.5785505771636963,0,0.3394601593625498,4.512925482024828,10.542695389594885,
0.06580596798858132,0.07351823706253294,0.10423756449052789,0.6714470281802434,0.6714470281802434,1400.9829264763184,20.255013195911054,0.05776892430278884,0.0013619322349079366,0.0,0.0,obsx,payload,"nmpc+learned[model=gdn_mix2,filt=1,gate=1,ffu=1,qyaw=1,obs=1,aci=2]",13,3.967075824737549,0,0.3931693227091633,5.0646272303343585,13.213585796765994,
0.05196066623951496,0.05804704147750296,0.09100909874616336,0.22495274952945404,0.22495274952945404,744.3500208738697,9.233393448853473,0.0,0.002751984883332781,0.0,0.0,obsx,payload,"nmpc+learned[model=gdn_mix2,filt=1,gate=1,ffu=1,qyaw=1,obs=1,aci=2]",14,5.0302510261535645,0,0.517199203187251,6.372280358578045,10.603631895501167,
0.09812413314852776,0.10959171062082924,0.18869123173448515,0.6405241899669235,0.6405241899669236,1072.9814441608669,28.648393803579957,0.32669322709163345,0.001908487640516987,0.0,0.0,obsx,payload,"nmpc+learned[model=gdn_mix2,filt=1,gate=1,ffu=1,qyaw=1,obs=1,aci=2]",15,3.930231809616089,0,0.4118247011952191,4.971590017402671,10.3730175527744,
0.033481088048432604,0.03737892212574256,0.09682149076488909,0.37275569246006407,0.37275569246006407,819.2742495413409,20.296633586275444,0.0,0.002117062053482055,0.0,0.0,obsx,payload,"nmpc+learned[model=gdn_mix2,filt=1,gate=1,ffu=1,qyaw=1,obs=1,aci=2]",16,8.367086410522461,0,0.912227091633466,10.776456323938362,18.68920439388604,
0.03568991310731366,0.03985490542830555,0.10720424601980927,0.44710194682293924,0.44710194682293924,1215.3645423826845,19.812319960590717,0.03187250996015936,0.003874440517425304,0.0,0.0,obsx,payload,"nmpc+learned[model=gdn_mix2,filt=1,gate=1,ffu=1,qyaw=1,obs=1,aci=2]",17,5.807810306549072,0,0.5652450199203187,7.512934106602463,17.42783040972427,
0.050691995299967076,0.0565873642726906,0.09250900534878148,0.7724660840306191,0.7724660840306191,1169.6345685945803,26.912171314819265,0.0,0.0037175611973582767,0.0,0.0,obsx,payload,"nmpc+learned[model=gdn_mix2,filt=1,gate=1,ffu=1,qyaw=1,obs=1,aci=2]",18,5.205881834030151,0,0.5100219123505977,6.641382436857993,16.864201303105805,
0.0799211069624051,0.08923690006832798,0.1431035580377625,0.45129169480293163,0.45129169480293163,1012.882903560655,18.04089926722538,0.30677290836653387,0.0019895664912402133,0.0,0.0,obsx,payload,"nmpc+learned[model=gdn_mix2,filt=1,gate=1,ffu=1,qyaw=1,obs=1,aci=2]",19,3.4804346561431885,0,0.38420916334661354,4.374169946770626,10.140768396668136,
0.08945548296702659,0.09991489141439461,0.21962326929367146,0.5737411636477486,0.5737411636477486,997.1833664018545,22.827175815502084,0.250996015936255,0.00179640431850836,0.0,0.0,obsx,rotoreff,"nmpc+kf[r_v=0.15,r_w=0.15,q_F=10,q_tau=1,filt=1,gate=1,ffu=1,qyaw=1,obs=1,aci=1]",0,6.560266494750977,0,0.7620776892430279,7.058459860031526,15.179674122482547,
0.035524598086098064,0.039667076381729796,0.10134656091219717,0.3200890941158763,0.3200890941158763,1108.652239404605,27.23778811383583,0.0099601593625498,0.0016062250977840198,0.0,0.0,obsx,rotoreff,"nmpc+kf[r_v=0.15,r_w=0.15,q_F=10,q_tau=1,filt=1,gate=1,ffu=1,qyaw=1,obs=1,aci=1]",1,2.5467560291290283,0,0.31512948207171315,2.7141320213964915,5.967105932068081,
0.05464159511937436,0.060927108356205975,0.12017469814582822,0.45927895580902883,0.45927895580902883,917.5232109312911,27.279976078121525,0.061752988047808766,0.002624058288522413,0.0,0.0,obsx,rotoreff,"nmpc+kf[r_v=0.15,r_w=0.15,q_F=10,q_tau=1,filt=1,gate=1,ffu=1,qyaw=1,obs=1,aci=1]",2,2.465451955795288,0,0.31962549800796813,2.643378875849108,3.8322586705908184,
0.12934394865342197,0.1445277775098282,0.3227895377525684,0.5752289282741536,0.5752289282741536,1060.6742514728332,26.85852415024919,0.29282868525896416,0.0026237625164206024,0.0,0.0,obsx,rotoreff,"nmpc+kf[r_v=0.15,r_w=0.15,q_F=10,q_tau=1,filt=1,gate=1,ffu=1,qyaw=1,obs=1,aci=1]",3,2.77650785446167,0,0.34970916334661356,2.976213659315678,8.96535653853789,
0.05573829661249801,0.062162981794905495,0.11060894396269724,0.4911876562661539,0.4911876562661539,1363.995409806771,16.243853070811454,0.04780876494023904,0.001822873487629162,0.0,0.0,obsx,rotoreff,"nmpc+kf[r_v=0.15,r_w=0.15,q_F=10,q_tau=1,filt=1,gate=1,ffu=1,qyaw=1,obs=1,aci=1]",4,2.4060418605804443,0,0.3200677290836653,2.5480381812366,5.739577366039158,
0.056665306526931136,0.06321425119070029,0.11210933132398596,0.323537702145435,0.3235377021454349,936.320177243547,12.002218764230014,0.05776892430278884,0.003084390205246451,0.0,0.0,obsx,rotoreff,"nmpc+kf[r_v=0.15,r_w=0.15,q_F=10,q_tau=1,filt=1,gate=1,ffu=1,qyaw=1,obs=1,aci=1]",5,2.858819007873535,0,0.36987649402390443,3.057094556149615,7.239458921831105,
0.10495225461451109,0.11700114571648092,0.24836061759229736,0.6860513873882856,0.6860513873882856,1006.6525668820378,28.664124879797882,0.2749003984063745,0.003717477605801711,0.0,0.0,obsx,rotoreff,"nmpc+kf[r_v=0.15,r_w=0.15,q_F=10,q_tau=1,filt=1,gate=1,ffu=1,qyaw=1,obs=1,aci=1]",6,5.0935258865356445,0,0.5527788844621514,5.4483439173156105,9.164667213335633,
0.05658393344515408,0.06290907083552838,0.13337444623388386,0.5421675988740662,0.5421675988740662,1041.0224309520272,44.0448995369011,0.09561752988047809,0.002531073435631387,0.0,0.0,obsx,rotoreff,"nmpc+kf[r_v=0.15,r_w=0.15,q_F=10,q_tau=1,filt=1,gate=1,ffu=1,qyaw=1,obs=1,aci=1]",7,6.325409889221191,0,0.7672828685258964,6.744994652045675,12.058440984692425,
0.05712537845010743,0.0638084331695599,0.10145180391559454,0.4580394658856364,0.4580394658856364,761.6822629525888,24.075081969229824,0.025896414342629483,0.0026805005180429164,0.0,0.0,obsx,rotoreff,"nmpc+kf[r_v=0.15,r_w=0.15,q_F=10,q_tau=1,filt=1,gate=1,ffu=1,qyaw=1,obs=1,aci=1]",8,6.361928701400757,0,0.6669402390438246,6.771650483954208,9.98731083702296,
0.04642167560557841,0.05185341784216784,0.08878395061173606,0.2948603403942349,0.2948603403942349,901.3019404052958,8.717467944139436,0.0,0.00296328096624221,0.0,0.0,obsx,rotoreff,"nmpc+kf[r_v=0.15,r_w=0.15,q_F=10,q_tau=1,filt=1,gate=1,ffu=1,qyaw=1,obs=1,aci=1]",9,8.511296510696411,0,0.8053386454183266,9.098116127566334,13.96769666112961,
0.033125658150591,0.03679447318328873,0.058167102310429035,0.3676736069566235,0.3676736069566235,671.8657232984294,8.49699985979421,0.0,0.002190859956187119,0.0,0.0,obsx,rotoreff,"nmpc+kf[r_v=0.15,r_w=0.15,q_F=10,q_tau=1,filt=1,gate=1,ffu=1,qyaw=1,obs=1,aci=1]",10,2.2646849155426025,0,0.31030876494023907,2.42139113161609,5.528958290815353,
0.0395226489407858,0.04401851784856571,0.09124971022081382,0.21375877116165398,0.21375877116165398,697.5275267223409,10.96967643176588,0.0,0.0037238512306835836,0.0,0.0,obsx,rotoreff,"nmpc+kf[r_v=0.15,r_w=0.15,q_F=10,q_tau=1,filt=1,gate=1,ffu=1,qyaw=1,obs=1,aci=1]",11,6.394247531890869,0,0.7558007968127489,6.817560977825664,12.000907650217416,
0.05867923251800825,0.06554414677025741,0.10246507671370951,0.33625796574386185,0.33625796574386185,1090.309524968577,13.257625581983966,0.029880478087649404,0.00032933830696249555,0.0,0.0,obsx,rotoreff,"nmpc+kf[r_v=0.15,r_w=0.15,q_F=10,q_tau=1,filt=1,gate=1,ffu=1,qyaw=1,obs=1,aci=1]",12,2.7433323860168457,0,0.35835458167330675,2.8974677457388833,5.910697162616998,
0.06553385381226434,0.0731982054338389,0.10131479139609952,0.6781906529393582,0.6781906529393582,1457.467839343517,20.682148444777425,0.043824701195219126,0.0015536103662123768,0.0,0.0,obsx,rotoreff,"nmpc+kf[r_v=0.15,r_w=0.15,q_F=10,q_tau=1,filt=1,gate=1,ffu=1,qyaw=1,obs=1,aci=1]",13,2.571580410003662,0,0.3158745019920319,2.7564248687910484,5.729283755645157,
0.05285137252715912,0.05867456435672292,0.09209376432593233,0.23712176436894877,0.23712176436894877,601.665456063788,9.42108433008492,0.0,0.0035554864691188515,0.0,0.0,obsx,rotoreff,"nmpc+kf[r_v=0.15,r_w=0.15,q_F=10,q_tau=1,filt=1,gate=1,ffu=1,qyaw=1,obs=1,aci=1]",14,2.5539958477020264,0,0.3504003984063746,2.7404445602903627,5.763331963680685,
0.09241089763409172,0.10318158828853943,0.18496473486163173,0.3102613468691393,0.3102613468691393,1497.0083354252304,10.483696493365608,0.25697211155378485,0.0017517910685152238,0.0,0.0,obsx,rotoreff,"nmpc+kf[r_v=0.15,r_w=0.15,q_F=10,q_tau=1,filt=1,gate=1,ffu=1,qyaw=1,obs=1,aci=1]",15,4.774078369140625,0,0.5795278884462151,5.073677157088966,9.209973651450127,
0.0341240150077855,0.038103686605104506,0.0994431268741788,0.41661237280225927,0.41661237280225927,1078.202689301539,19.765544809334298,0.0,0.0021557340379697587,0.0,0.0,obsx,rotoreff,"nmpc+kf[r_v=0.15,r_w=0.15,q_F=10,q_tau=1,filt=1,gate=1,ffu=1,qyaw=1,obs=1,aci=1]",16,7.92125129699707,0,0.9456992031872509,8.390570738430753,12.159093883819878,
0.022046911878796115,0.02460268604950911,0.0540140236735066,0.22697340556636406,0.22697340556636406,768.070464265717,11.846533003830375,0.0,0.0016275403208926287,0.0,0.0,obsx,rotoreff,"nmpc+kf[r_v=0.15,r_w=0.15,q_F=10,q_tau=1,filt=1,gate=1,ffu=1,qyaw=1,obs=1,aci=1]",17,2.530632495880127,0,0.31509960159362543,2.6610396135472265,5.769084594212472,
0.0500207039013965,0.055806812061693856,0.09303359651085504,0.4979215676895236,0.4979215676895236,1024.1222698407685,27.209249015066842,0.0,0.0029515563671990153,0.0,0.0,obsx,rotoreff,"nmpc+kf[r_v=0.15,r_w=0.15,q_F=10,q_tau=1,filt=1,gate=1,ffu=1,qyaw=1,obs=1,aci=1]",18,2.438931465148926,0,0.31028087649402386,2.5963934478850894,3.180491586681458,
0.08104758481942337,0.09050963166054865,0.14492885781859935,0.4914793224906558,0.4914793224906558,1155.4925038226731,16.973212933327908,0.31673306772908366,0.002033654499800114,0.0,0.0,obsx,rotoreff,"nmpc+kf[r_v=0.15,r_w=0.15,q_F=10,q_tau=1,filt=1,gate=1,ffu=1,qyaw=1,obs=1,aci=1]",19,6.048172473907471,0,0.7279541832669323,6.518362634499887,10.019479487091303,
0.089321207473709,0.09975185250005053,0.2185453506163025,0.5338507546049768,0.5338507546049768,795.5603602729636,22.956603079804875,0.250996015936255,0.0011789028303721416,0.0,0.0,obsx,rotoreff,"nmpc+kf[r_v=0.15,r_w=0.15,q_F=10,q_tau=1,filt=1,gate=1,ffu=1,qyaw=1,obs=1,aci=2,aci_alpha=0.02]",0,6.093536853790283,0,0.7923486055776893,6.502826654062833,11.120630900841206,
0.036594064699009256,0.040863084136960715,0.10191798358056707,0.36149198872771104,0.361491988727711,965.6102572861417,28.289844277328342,0.01195219123505976,0.0013682348456000026,0.0,0.0,obsx,rotoreff,"nmpc+kf[r_v=0.15,r_w=0.15,q_F=10,q_tau=1,filt=1,gate=1,ffu=1,qyaw=1,obs=1,aci=2,aci_alpha=0.02]",1,5.896458387374878,0,0.6940677290836653,6.213695247772621,10.027100662700834,
0.05420529420041903,0.060438473694689424,0.12363706965054908,0.5010917852905528,0.5010917852905528,782.8431580424747,29.149966518809915,0.06772908366533864,0.001660705678405705,0.0,0.0,obsx,rotoreff,"nmpc+kf[r_v=0.15,r_w=0.15,q_F=10,q_tau=1,filt=1,gate=1,ffu=1,qyaw=1,obs=1,aci=2,aci_alpha=0.02]",2,3.095827341079712,0,0.40212151394422313,3.3093779737434064,8.702412017155444,
0.13037864661142815,0.14568389047478011,0.3248067334559054,0.628802866798436,0.628802866798436,1105.9812290138457,25.47319692691778,0.28286852589641437,0.0015669135782357957,0.0,0.0,obsx,rotoreff,"nmpc+kf[r_v=0.15,r_w=0.15,q_F=10,q_tau=1,filt=1,gate=1,ffu=1,qyaw=1,obs=1,aci=2,aci_alpha=0.02]",3,6.292417764663696,0,0.7297211155378485,6.73150082315463,11.107935020700097,
0.05661531904414928,0.063144948722224,0.11579464706935522,0.47683050835294954,0.47683050835294954,1260.13295205025,16.780011743277264,0.061752988047808766,0.0019349374568447542,0.0,0.0,obsx,rotoreff,"nmpc+kf[r_v=0.15,r_w=0.15,q_F=10,q_tau=1,filt=1,gate=1,ffu=1,qyaw=1,obs=1,aci=2,aci_alpha=0.02]",4,5.9130699634552,0,0.7385039840637451,6.2739716224053295,9.146673502400517,
0.057308261448165525,0.06392966499790664,0.11154475440310203,0.34692962260912524,0.34692962260912524,813.9543750907972,12.085497165801957,0.06374501992031872,0.0021362479196304907,0.0,0.0,obsx,rotoreff,"nmpc+kf[r_v=0.15,r_w=0.15,q_F=10,q_tau=1,filt=1,gate=1,ffu=1,qyaw=1,obs=1,aci=2,aci_alpha=0.02]",5,5.850882291793823,0,0.7017649402390438,6.207251418530347,9.978178269229836,
0.10623283462528708,0.11838763163084191,0.2507664998753198,0.7063817542984264,0.7063817542984263,951.5310706062916,29.562042044010628,0.27689243027888444,0.0032581042818159434,0.0,0.0,obsx,rotoreff,"nmpc+kf[r_v=0.15,r_w=0.15,q_F=10,q_tau=1,filt=1,gate=1,ffu=1,qyaw=1,obs=1,aci=2,aci_alpha=0.02]",6,2.8705520629882812,0,0.38921314741035856,3.0926571044870523,6.735117631033065,
0.05660737811737959,0.06293540183636903,0.13401197195113837,0.5470312645163761,0.5470312645163761,1008.1563806741226,42.864028795206025,0.09561752988047809,0.0011330199696071852,0.0,0.0,obsx,rotoreff,"nmpc+kf[r_v=0.15,r_w=0.15,q_F=10,q_tau=1,filt=1,gate=1,ffu=1,qyaw=1,obs=1,aci=2,aci_alpha=0.02]",7,8.130585193634033,0,0.9257948207171314,8.726082233882758,12.036900608800352,
0.057131797611145764,0.0638156095742844,0.10340587567518565,0.4607625723341461,0.4607625723341461,717.8566223809376,24.848451513673684,0.025896414342629483,0.002196036952433672,0.0,0.0,obsx,rotoreff,"nmpc+kf[r_v=0.15,r_w=0.15,q_F=10,q_tau=1,filt=1,gate=1,ffu=1,qyaw=1,obs=1,aci=2,aci_alpha=0.02]",8,5.454877853393555,0,0.5973486055776893,5.890485764744569,9.92612977745012,
0.04534671824881133,0.050651660878304736,0.08610571835834016,0.29155488897242,0.29155488897242,758.8979812016518,8.651617034709767,0.0,0.000913880911593723,0.0,0.0,obsx,rotoreff,"nmpc+kf[r_v=0.15,r_w=0.15,q_F=10,q_tau=1,filt=1,gate=1,ffu=1,qyaw=1,obs=1,aci=2,aci_alpha=0.02]",9,3.3437654972076416,0,0.40665537848605576,3.560621637398325,10.6232459563762,
0.03317259884704442,0.03684689812178011,0.057932665031469814,0.37246532991525577,0.37246532991525577,511.5847407824208,10.152218629962737,0.0,0.001512938331356739,0.0,0.0,obsx,rotoreff,"nmpc+kf[r_v=0.15,r_w=0.15,q_F=10,q_tau=1,filt=1,gate=1,ffu=1,qyaw=1,obs=1,aci=2,aci_alpha=0.02]",10,2.545161247253418,0,0.36971713147410357,2.747729366396617,5.992236267775298,
0.04192493992243238,0.046692374391324926,0.09556864029093781,0.22463399288648378,0.22463399288648378,678.3160077074283,10.532955144254789,0.0,0.0031007889001738453,0.0,0.0,obsx,rotoreff,"nmpc+kf[r_v=0.15,r_w=0.15,q_F=10,q_tau=1,filt=1,gate=1,ffu=1,qyaw=1,obs=1,aci=2,aci_alpha=0.02]",11,2.7763588428497314,0,0.3732231075697211,3.0148991033902384,11.393007852602773,
0.05728419301718894,0.06398452714078628,0.10276135003378145,0.31826359266274434,0.31826359266274434,840.7171438370101,13.480998382490995,0.03187250996015936,0.0006241524028826051,0.0,0.0,obsx,rotoreff,"nmpc+kf[r_v=0.15,r_w=0.15,q_F=10,q_tau=1,filt=1,gate=1,ffu=1,qyaw=1,obs=1,aci=2,aci_alpha=0.02]",12,6.071235418319702,0,0.6681892430278885,6.411251317954574,9.40342574613169,
0.06365691799713868,0.0710997566170181,0.10001090812597145,0.6622438229811827,0.6622438229811827,1028.284416635863,20.225286320331847,0.00199203187250996,0.0010717507500307422,0.0,0.0,obsx,rotoreff,"nmpc+kf[r_v=0.15,r_w=0.15,q_F=10,q_tau=1,filt=1,gate=1,ffu=1,qyaw=1,obs=1,aci=2,aci_alpha=0.02]",13,5.807215213775635,0,0.6662151394422311,6.289303873710156,11.530889538116757,
0.05370111534009715,0.05963027461966401,0.09506919484840128,0.2337371844193526,0.2337371844193526,631.4603859006368,9.395829930383846,0.0,0.0025228741164234902,0.0,0.0,obsx,rotoreff,"nmpc+kf[r_v=0.15,r_w=0.15,q_F=10,q_tau=1,filt=1,gate=1,ffu=1,qyaw=1,obs=1,aci=2,aci_alpha=0.02]",14,2.8147940635681152,0,0.3838386454183267,3.0161061911357647,6.88591019716114,
0.09313612763201164,0.10396709613667364,0.18638403687094532,0.310093179635613,0.310093179635613,1111.902774556004,11.620704911607874,0.26294820717131473,0.0018478574179985607,0.0,0.0,obsx,rotoreff,"nmpc+kf[r_v=0.15,r_w=0.15,q_F=10,q_tau=1,filt=1,gate=1,ffu=1,qyaw=1,obs=1,aci=2,aci_alpha=0.02]",15,7.7591845989227295,0,0.9295179282868525,8.268906816049848,15.193056929856539,
0.03384216580957429,0.037788483590548025,0.09533596221739729,0.39896595697702103,0.39896595697702103,1032.1332201829423,20.99009081349176,0.0,0.000901566519087682,0.0,0.0,obsx,rotoreff,"nmpc+kf[r_v=0.15,r_w=0.15,q_F=10,q_tau=1,filt=1,gate=1,ffu=1,qyaw=1,obs=1,aci=2,aci_alpha=0.02]",16,2.3314337730407715,0,0.30834063745019924,2.483023227140515,6.312091082800188,
0.021957431351338715,0.02450255381466213,0.05341718953265313,0.23238438316794885,0.23238438316794885,687.6055097269563,12.605113770983936,0.0,0.0011629876444977372,0.0,0.0,obsx,rotoreff,"nmpc+kf[r_v=0.15,r_w=0.15,q_F=10,q_tau=1,filt=1,gate=1,ffu=1,qyaw=1,obs=1,aci=2,aci_alpha=0.02]",17,5.889144420623779,0,0.5955896414342629,6.139103590373499,10.103785414248705,
0.05007174797508657,0.05586394988582797,0.09165917569685257,0.4875300971883271,0.4875300971883271,866.1852975226942,27.58337962365676,0.0,0.003534616788767847,0.0,0.0,obsx,rotoreff,"nmpc+kf[r_v=0.15,r_w=0.15,q_F=10,q_tau=1,filt=1,gate=1,ffu=1,qyaw=1,obs=1,aci=2,aci_alpha=0.02]",18,3.3053674697875977,0,0.4088784860557769,3.5591956494242485,8.783726822584867,
0.08238856604161898,0.09199366418413338,0.14750292416243174,0.5061802233629906,0.5061802233629906,992.3885686146407,18.883045728622136,0.3346613545816733,0.0012929404086139962,0.0,0.0,obsx,rotoreff,"nmpc+kf[r_v=0.15,r_w=0.15,q_F=10,q_tau=1,filt=1,gate=1,ffu=1,qyaw=1,obs=1,aci=2,aci_alpha=0.02]",19,7.912494659423828,0,1.0511752988047809,8.480093316675953,12.039100772235543,
0.08945548296702659,0.09991489141439461,0.21962326929367146,0.5737411636477486,0.5737411636477486,997.1833664018545,22.827175815502084,0.250996015936255,0.00179640431850836,0.0,0.0,obsx,rotoreff,"nmpc+kf[r_v=0.15,r_w=0.15,q_F=10,q_tau=1,filt=1,gate=1,ffu=1,qyaw=1,obs=1,aci=2]",0,3.0263311862945557,0,0.4141155378486056,3.270685569795064,8.924420941621067,
0.035524598086098064,0.039667076381729796,0.10134656091219717,0.3200890941158763,0.3200890941158763,1108.652239404605,27.23778811383583,0.0099601593625498,0.0016062250977840198,0.0,0.0,obsx,rotoreff,"nmpc+kf[r_v=0.15,r_w=0.15,q_F=10,q_tau=1,filt=1,gate=1,ffu=1,qyaw=1,obs=1,aci=2]",1,2.847288131713867,0,0.3396354581673307,2.992170863317333,7.713955515064306,
0.05464159511937436,0.060927108356205975,0.12017469814582822,0.45927895580902883,0.45927895580902883,917.5232109312911,27.279976078121525,0.061752988047808766,0.002624058288522413,0.0,0.0,obsx,rotoreff,"nmpc+kf[r_v=0.15,r_w=0.15,q_F=10,q_tau=1,filt=1,gate=1,ffu=1,qyaw=1,obs=1,aci=2]",2,3.008007049560547,0,0.34043426294820717,3.214254978565551,7.8524572076276025,
0.12934394865342197,0.1445277775098282,0.3227895377525684,0.5752289282741536,0.5752289282741536,1060.6742514728332,26.85852415024919,0.29282868525896416,0.0026237625164206024,0.0,0.0,obsx,rotoreff,"nmpc+kf[r_v=0.15,r_w=0.15,q_F=10,q_tau=1,filt=1,gate=1,ffu=1,qyaw=1,obs=1,aci=2]",3,5.009980201721191,0,0.5658804780876494,5.323743367886757,9.205126794986427,
0.05573829661249801,0.062162981794905495,0.11060894396269724,0.4911876562661539,0.4911876562661539,1363.995409806771,16.243853070811454,0.04780876494023904,0.001822873487629162,0.0,0.0,obsx,rotoreff,"nmpc+kf[r_v=0.15,r_w=0.15,q_F=10,q_tau=1,filt=1,gate=1,ffu=1,qyaw=1,obs=1,aci=2]",4,5.102031230926514,0,0.5561593625498008,5.4108671462757005,10.146402262616903,
0.056665306526931136,0.06321425119070029,0.11210933132398596,0.323537702145435,0.3235377021454349,936.320177243547,12.002218764230014,0.05776892430278884,0.003084390205246451,0.0,0.0,obsx,rotoreff,"nmpc+kf[r_v=0.15,r_w=0.15,q_F=10,q_tau=1,filt=1,gate=1,ffu=1,qyaw=1,obs=1,aci=2]",5,6.0250244140625,0,0.7291294820717131,6.4529057214615415,11.07469867914915,
0.10495225461451109,0.11700114571648092,0.24836061759229736,0.6860513873882856,0.6860513873882856,1006.6525668820378,28.664124879797882,0.2749003984063745,0.003717477605801711,0.0,0.0,obsx,rotoreff,"nmpc+kf[r_v=0.15,r_w=0.15,q_F=10,q_tau=1,filt=1,gate=1,ffu=1,qyaw=1,obs=1,aci=2]",6,3.6417644023895264,0,0.4760358565737052,3.9365852967765464,7.182115921750665,
0.05658393344515408,0.06290907083552838,0.13337444623388386,0.5421675988740662,0.5421675988740662,1041.0224309520272,44.0448995369011,0.09561752988047809,0.002531073435631387,0.0,0.0,obsx,rotoreff,"nmpc+kf[r_v=0.15,r_w=0.15,q_F=10,q_tau=1,filt=1,gate=1,ffu=1,qyaw=1,obs=1,aci=2]",7,5.605173110961914,0,0.6392370517928286,6.031273884617119,11.005523826461287,
0.05712537845010743,0.0638084331695599,0.10145180391559454,0.4580394658856364,0.4580394658856364,761.6822629525888,24.075081969229824,0.025896414342629483,0.0026805005180429164,0.0,0.0,obsx,rotoreff,"nmpc+kf[r_v=0.15,r_w=0.15,q_F=10,q_tau=1,filt=1,gate=1,ffu=1,qyaw=1,obs=1,aci=2]",8,2.6320064067840576,0,0.3111593625498008,2.7745491676626215,7.673251742962757,
0.04642167560557841,0.05185341784216784,0.08878395061173606,0.2948603403942349,0.2948603403942349,901.3019404052958,8.717467944139436,0.0,0.00296328096624221,0.0,0.0,obsx,rotoreff,"nmpc+kf[r_v=0.15,r_w=0.15,q_F=10,q_tau=1,filt=1,gate=1,ffu=1,qyaw=1,obs=1,aci=2]",9,2.5476882457733154,0,0.3132011952191235,2.7183489901833684,4.766088626347482,
0.033125658150591,0.03679447318328873,0.058167102310429035,0.3676736069566235,0.3676736069566235,671.8657232984294,8.49699985979421,0.0,0.002190859956187119,0.0,0.0,obsx,rotoreff,"nmpc+kf[r_v=0.15,r_w=0.15,q_F=10,q_tau=1,filt=1,gate=1,ffu=1,qyaw=1,obs=1,aci=2]",10,6.672232627868652,0,0.8078924302788844,7.059164080431173,11.00464033894241,
0.0395226489407858,0.04401851784856571,0.09124971022081382,0.21375877116165398,0.21375877116165398,697.5275267223409,10.96967643176588,0.0,0.0037238512306835836,0.0,0.0,obsx,rotoreff,"nmpc+kf[r_v=0.15,r_w=0.15,q_F=10,q_tau=1,filt=1,gate=1,ffu=1,qyaw=1,obs=1,aci=2]",11,3.1893341541290283,0,0.4689721115537849,3.424492021336172,12.483347451780014,
0.05867923251800825,0.06554414677025741,0.10246507671370951,0.33625796574386185,0.33625796574386185,1090.309524968577,13.257625581983966,0.029880478087649404,0.00032933830696249555,0.0,0.0,obsx,rotoreff,"nmpc+kf[r_v=0.15,r_w=0.15,q_F=10,q_tau=1,filt=1,gate=1,ffu=1,qyaw=1,obs=1,aci=2]",12,2.735320568084717,0,0.3629043824701195,2.9092254938067965,11.417536810040477,
0.06553385381226434,0.0731982054338389,0.10131479139609952,0.6781906529393582,0.6781906529393582,1457.467839343517,20.682148444777425,0.043824701195219126,0.0015536103662123768,0.0,0.0,obsx,rotoreff,"nmpc+kf[r_v=0.15,r_w=0.15,q_F=10,q_tau=1,filt=1,gate=1,ffu=1,qyaw=1,obs=1,aci=2]",13,2.5999724864959717,0,0.3425756972111554,2.777857623857064,5.806419076398015,
0.05285137252715912,0.05867456435672292,0.09209376432593233,0.23712176436894877,0.23712176436894877,601.665456063788,9.42108433008492,0.0,0.0035554864691188515,0.0,0.0,obsx,rotoreff,"nmpc+kf[r_v=0.15,r_w=0.15,q_F=10,q_tau=1,filt=1,gate=1,ffu=1,qyaw=1,obs=1,aci=2]",14,5.846634149551392,0,0.6797669322709162,6.265485511751348,10.24231537478045,
0.09241089763409172,0.10318158828853943,0.18496473486163173,0.3102613468691393,0.3102613468691393,1497.0083354252304,10.483696493365608,0.25697211155378485,0.0017517910685152238,0.0,0.0,obsx,rotoreff,"nmpc+kf[r_v=0.15,r_w=0.15,q_F=10,q_tau=1,filt=1,gate=1,ffu=1,qyaw=1,obs=1,aci=2]",15,6.097754716873169,0,0.6924701195219123,6.502822296141064,10.090844465885313,
0.0341240150077855,0.038103686605104506,0.0994431268741788,0.41661237280225927,0.41661237280225927,1078.202689301539,19.765544809334298,0.0,0.0021557340379697587,0.0,0.0,obsx,rotoreff,"nmpc+kf[r_v=0.15,r_w=0.15,q_F=10,q_tau=1,filt=1,gate=1,ffu=1,qyaw=1,obs=1,aci=2]",16,2.4245965480804443,0,0.3140298804780876,2.559029556573387,4.500856082886461,
0.022046911878796115,0.02460268604950911,0.0540140236735066,0.22697340556636406,0.22697340556636406,768.070464265717,11.846533003830375,0.0,0.0016275403208926287,0.0,0.0,obsx,rotoreff,"nmpc+kf[r_v=0.15,r_w=0.15,q_F=10,q_tau=1,filt=1,gate=1,ffu=1,qyaw=1,obs=1,aci=2]",17,2.2889115810394287,0,0.28097808764940235,2.4090815582256986,3.04238131036982,
0.0500207039013965,0.055806812061693856,0.09303359651085504,0.4979215676895236,0.4979215676895236,1024.1222698407685,27.209249015066842,0.0,0.0029515563671990153,0.0,0.0,obsx,rotoreff,"nmpc+kf[r_v=0.15,r_w=0.15,q_F=10,q_tau=1,filt=1,gate=1,ffu=1,qyaw=1,obs=1,aci=2]",18,6.771656274795532,0,0.7922490039840637,7.205333658568264,11.903223427943887,
0.08104758481942337,0.09050963166054865,0.14492885781859935,0.4914793224906558,0.4914793224906558,1155.4925038226731,16.973212933327908,0.31673306772908366,0.002033654499800114,0.0,0.0,obsx,rotoreff,"nmpc+kf[r_v=0.15,r_w=0.15,q_F=10,q_tau=1,filt=1,gate=1,ffu=1,qyaw=1,obs=1,aci=2]",19,6.040679693222046,0,0.7465039840637451,6.482797709620183,10.913815067615369,
0.08897162060237271,0.09937698163973988,0.2185386190843014,0.4753552570801169,0.4753552570801169,824.2022439765266,22.950184526986195,0.24900398406374502,0.001224101307776393,0.0,0.0,obsx,rotoreff,"nmpc+learned[model=gdn_mix2,filt=1,gate=1,ffu=1,qyaw=1,obs=1,aci=1,aci_alpha=0.02]",0,7.193655967712402,0,0.703605577689243,9.29131898917703,18.22596360463649,
0.03651589706242233,0.0407749405604168,0.10169938280246679,0.3520715865776548,0.3520715865776548,985.4433616687139,27.367806584169045,0.0099601593625498,0.0012697699323425127,0.0,0.0,obsx,rotoreff,"nmpc+learned[model=gdn_mix2,filt=1,gate=1,ffu=1,qyaw=1,obs=1,aci=1,aci_alpha=0.02]",1,4.330193519592285,0,0.4805557768924303,5.618776193823651,16.51838039048016,
0.053306407034891215,0.05951685587416604,0.11952123970365412,0.4824768904567671,0.4824768904567671,814.0216331164539,27.452555761650885,0.05976095617529881,0.0017120372682647989,0.0,0.0,obsx,rotoreff,"nmpc+learned[model=gdn_mix2,filt=1,gate=1,ffu=1,qyaw=1,obs=1,aci=1,aci_alpha=0.02]",2,9.588672637939453,0,1.0955597609561754,12.544648286300262,22.478315953630972,
0.13018749500581941,0.1454720181453173,0.32515401765958235,0.6607566058560123,0.6607566058560123,1150.1958940012312,25.28938873218375,0.28286852589641437,0.0019842105705161206,0.0,0.0,obsx,rotoreff,"nmpc+learned[model=gdn_mix2,filt=1,gate=1,ffu=1,qyaw=1,obs=1,aci=1,aci_alpha=0.02]",3,4.388228416442871,0,0.41855577689243023,5.601377719901947,15.489953549113126,
0.05613928286937355,0.06270736143151481,0.11159328892773653,0.41676259687887984,0.41676259687887984,1215.1397123752583,15.626823806843053,0.053784860557768925,0.0010771471925973275,0.0,0.0,obsx,rotoreff,"nmpc+learned[model=gdn_mix2,filt=1,gate=1,ffu=1,qyaw=1,obs=1,aci=1,aci_alpha=0.02]",4,7.33267879486084,0,0.7863824701195219,9.42443506894225,16.80823902366683,
0.05649600104612642,0.06309438587395884,0.11014977118652787,0.367208394301608,0.367208394301608,790.7271687201576,12.312833032383656,0.053784860557768925,0.0018202584597793725,0.0,0.0,obsx,rotoreff,"nmpc+learned[model=gdn_mix2,filt=1,gate=1,ffu=1,qyaw=1,obs=1,aci=1,aci_alpha=0.02]",5,6.508802890777588,0,0.8313525896414342,8.446878191005752,16.889564639423043,
0.10567388445317885,0.1178541146943065,0.25027615343767967,0.8376445967458267,0.8376445967458268,1042.2572151088766,30.31014396277255,0.28286852589641437,0.0024527571621215105,0.0,0.0,obsx,rotoreff,"nmpc+learned[model=gdn_mix2,filt=1,gate=1,ffu=1,qyaw=1,obs=1,aci=1,aci_alpha=0.02]",6,3.393293619155884,0,0.36505577689243035,4.325519327029764,10.372301135212185,
0.053570240337004846,0.0597624639540757,0.12150507813979494,0.567885257894793,0.567885257894793,1038.6027681891574,43.01410552542054,0.0697211155378486,0.0012921524399594486,0.0,0.0,obsx,rotoreff,"nmpc+learned[model=gdn_mix2,filt=1,gate=1,ffu=1,qyaw=1,obs=1,aci=1,aci_alpha=0.02]",7,9.0933678150177,0,0.9197310756972112,11.836864577840078,19.817247695755213,
0.057057522137394366,0.06373465733738927,0.10302369791771927,0.4695576236008483,0.4695576236008482,734.9069436950352,24.414199117455592,0.021912350597609563,0.00220940807002612,0.0,0.0,obsx,rotoreff,"nmpc+learned[model=gdn_mix2,filt=1,gate=1,ffu=1,qyaw=1,obs=1,aci=1,aci_alpha=0.02]",8,4.1532042026519775,0,0.3946653386454184,5.3071995591373735,10.663867050316185,
0.04533913092150214,0.05061118967718369,0.08746787733413688,0.3491693220351008,0.3491693220351008,747.298859396927,8.801224925227645,0.0,0.0009193418355091243,0.0,0.0,obsx,rotoreff,"nmpc+learned[model=gdn_mix2,filt=1,gate=1,ffu=1,qyaw=1,obs=1,aci=1,aci_alpha=0.02]",9,7.7586328983306885,0,0.7601274900398406,9.944401251938773,17.07557458197698,
0.03312448290386135,0.03693363084082884,0.05781405720552462,0.4559257980477803,0.4559257980477803,558.401912024021,10.06206715531598,0.0,0.0016359510820607714,0.0,0.0,obsx,rotoreff,"nmpc+learned[model=gdn_mix2,filt=1,gate=1,ffu=1,qyaw=1,obs=1,aci=1,aci_alpha=0.02]",10,6.678407192230225,0,0.7101673306772908,8.653690242598138,16.970062255859375,
0.04157759637905693,0.04637576107522774,0.09561819313699738,0.23761448216881245,0.23761448216881245,701.397083147636,10.646507859386743,0.0,0.0023234251169426123,0.0,0.0,obsx,rotoreff,"nmpc+learned[model=gdn_mix2,filt=1,gate=1,ffu=1,qyaw=1,obs=1,aci=1,aci_alpha=0.02]",11,3.4876816272735596,0,0.3629183266932271,4.369866260164139,9.979725461453201,
0.05721348889842352,0.06392736072723922,0.10311711670542828,0.3329398551481346,0.3329398551481346,832.1486635710446,13.24683291187592,0.03386454183266932,0.0005959099763384601,0.0,0.0,obsx,rotoreff,"nmpc+learned[model=gdn_mix2,filt=1,gate=1,ffu=1,qyaw=1,obs=1,aci=1,aci_alpha=0.02]",12,7.38553524017334,0,0.764601593625498,9.542644855963342,17.646564650349326,
0.06423027223402895,0.07174314180877231,0.09976660364988592,0.7342085137218449,0.7342085137218449,1081.4698448119204,20.23836932435804,0.0,0.0009567928223830346,0.0,0.0,obsx,rotoreff,"nmpc+learned[model=gdn_mix2,filt=1,gate=1,ffu=1,qyaw=1,obs=1,aci=1,aci_alpha=0.02]",13,5.047282457351685,0,0.5114800796812748,6.402904618127027,10.86630540667102,
0.052555647253422766,0.05868974633147876,0.09330821430779414,0.23693958138577034,0.23693958138577034,667.3330119120685,9.302349016404268,0.0,0.0019363832991994845,0.0,0.0,obsx,rotoreff,"nmpc+learned[model=gdn_mix2,filt=1,gate=1,ffu=1,qyaw=1,obs=1,aci=1,aci_alpha=0.02]",14,6.328986883163452,0,0.6054103585657371,8.089086812163938,16.853619918692857,
0.09293402160310794,0.10376585488788816,0.18789924529076577,0.3024981027916873,0.3024981027916873,1155.5237344340455,12.156371594222202,0.26095617529880477,0.0017196456503903446,0.0,0.0,obsx,rotoreff,"nmpc+learned[model=gdn_mix2,filt=1,gate=1,ffu=1,qyaw=1,obs=1,aci=1,aci_alpha=0.02]",15,8.015124320983887,0,0.8169023904382471,10.426119823320454,17.574637245852507,
0.03437374916967985,0.03838116421306746,0.09774318176702985,0.4397149363799006,0.4397149363799006,1079.0597665446342,20.60184743771005,0.0,0.0008027694496701709,0.0,0.0,obsx,rotoreff,"nmpc+learned[model=gdn_mix2,filt=1,gate=1,ffu=1,qyaw=1,obs=1,aci=1,aci_alpha=0.02]",16,4.284242391586304,0,0.4625298804780877,5.5028423486069675,10.51846133545041,
0.02179573297306105,0.024313987159769866,0.053191057757146304,0.23353432569924445,0.23353432569924445,687.9728359211797,12.299801371633821,0.0,0.0014966599715889317,0.0,0.0,obsx,rotoreff,"nmpc+learned[model=gdn_mix2,filt=1,gate=1,ffu=1,qyaw=1,obs=1,aci=1,aci_alpha=0.02]",17,4.2679431438446045,0,0.4751733067729084,5.433881649305947,12.27710482431576,
0.049659287008472254,0.05543932399659229,0.09164120999234364,0.46199946692912686,0.46199946692912686,894.4788624551513,28.178413022251718,0.0,0.003040274142871807,0.0,0.0,obsx,rotoreff,"nmpc+learned[model=gdn_mix2,filt=1,gate=1,ffu=1,qyaw=1,obs=1,aci=1,aci_alpha=0.02]",18,6.977823972702026,0,0.7234561752988047,9.00977082454054,17.328559344168756,
0.08210799386389173,0.09167401025445475,0.14610241200222782,0.4486841195688329,0.4486841195688329,1069.9347949545868,18.532256541059578,0.33067729083665337,0.001297326067518867,0.0,0.0,obsx,rotoreff,"nmpc+learned[model=gdn_mix2,filt=1,gate=1,ffu=1,qyaw=1,obs=1,aci=1,aci_alpha=0.02]",19,3.5810017585754395,0,0.37814342629482073,4.568409411221802,10.70682942867279,
0.09473078218268545,0.10581471421375187,0.22882138901521837,0.55877438863536,0.55877438863536,1096.7120384441346,22.890710020423462,0.2649402390438247,0.011673420051656613,0.0,0.0,obsx,rotoreff,"nmpc+learned[model=gdn_mix2,filt=1,gate=1,ffu=1,qyaw=1,obs=1,aci=1,obsm=0.01]",0,2.9298136234283447,0,0.3207131474103585,3.7293663133395856,6.271790752653035,
0.041866514511012705,0.046758069001913295,0.11325716012111013,0.3517038508224443,0.3517038508224444,1150.683908646609,28.380686906897377,0.03386454183266932,0.011486046602010469,0.0,0.0,obsx,rotoreff,"nmpc+learned[model=gdn_mix2,filt=1,gate=1,ffu=1,qyaw=1,obs=1,aci=1,obsm=0.01]",1,3.625328540802002,0,0.3935358565737051,4.580781573848984,16.89187177456916,
0.060436457098916506,0.06749064996290985,0.13047380522778532,0.5836274560682266,0.5836274560682266,1016.5553679259782,31.376399068837003,0.1254980079681275,0.012742272330011462,0.0,0.0,obsx,rotoreff,"nmpc+learned[model=gdn_mix2,filt=1,gate=1,ffu=1,qyaw=1,obs=1,aci=1,obsm=0.01]",2,4.22127628326416,0,0.4067649402390438,5.3759102813483945,10.570804523304105,
0.1342417087359906,0.15000282507461218,0.3372735196041053,0.6275987473458885,0.6275987473458886,1209.8145927991334,28.375859322648076,0.33266932270916333,0.012528626613313942,0.0,0.0,obsx,rotoreff,"nmpc+learned[model=gdn_mix2,filt=1,gate=1,ffu=1,qyaw=1,obs=1,aci=1,obsm=0.01]",3,3.027988910675049,0,0.33694422310756966,3.8793707768288086,7.189535561483354,
0.06242044808033121,0.06972914393662803,0.1227893040795858,0.45350970293917414,0.45350970293917414,1370.6075474268648,15.417700946474497,0.09760956175298804,0.012120709849109457,0.0,0.0,obsx,rotoreff,"nmpc+learned[model=gdn_mix2,filt=1,gate=1,ffu=1,qyaw=1,obs=1,aci=1,obsm=0.01]",4,4.697064638137817,0,0.4915,5.991802917259088,18.349026835057895,
0.06386797082655554,0.07133693787715353,0.12182517371319,0.3755886229544024,0.3755886229544024,983.8087016221351,13.179199409284656,0.08366533864541832,0.012546105572526223,0.0,0.0,obsx,rotoreff,"nmpc+learned[model=gdn_mix2,filt=1,gate=1,ffu=1,qyaw=1,obs=1,aci=1,obsm=0.01]",5,10.343522548675537,0,1.2350099601593625,13.71039429390098,22.755786841735244,
0.1126948189822345,0.12570678114322698,0.26009999845166937,0.8198513087681591,0.8198513087681591,1160.0426234921456,30.019539007366006,0.3187250996015936,0.013138078557339894,0.0,0.0,obsx,rotoreff,"nmpc+learned[model=gdn_mix2,filt=1,gate=1,ffu=1,qyaw=1,obs=1,aci=1,obsm=0.01]",6,8.312042713165283,0,1.0115717131474102,10.82494617643881,18.73202121350915,
0.062395016016599435,0.06963826851099317,0.14209143430891139,0.6034899910744355,0.6034899910744355,1119.9473090539313,47.57288827602043,0.10956175298804781,0.012705627777314127,0.0,0.0,obsx,rotoreff,"nmpc+learned[model=gdn_mix2,filt=1,gate=1,ffu=1,qyaw=1,obs=1,aci=1,obsm=0.01]",7,6.476496458053589,0,0.6524322709163348,8.33842296485392,19.55379238585011,
0.06458534373555758,0.07214984303231067,0.11314946402171767,0.485862094117781,0.485862094117781,807.2047417167164,25.2679272421248,0.10358565737051793,0.012614965965075914,0.0,0.0,obsx,rotoreff,"nmpc+learned[model=gdn_mix2,filt=1,gate=1,ffu=1,qyaw=1,obs=1,aci=1,obsm=0.01]",8,3.0331051349639893,0,0.307308764940239,3.836121552519916,6.3932036934420475,
0.05233305657227971,0.05843400465970499,0.09891430066019598,0.3794835566855421,0.3794835566855421,947.9991229852866,9.624214880422299,0.0,0.012745359970976977,0.0,0.0,obsx,rotoreff,"nmpc+learned[model=gdn_mix2,filt=1,gate=1,ffu=1,qyaw=1,obs=1,aci=1,obsm=0.01]",9,9.00558876991272,0,0.9316215139442232,11.684774627085345,22.437834870070223,
0.03930176227009732,0.04384958384879303,0.06697668005759998,0.46270908331270805,0.46270908331270805,767.3689419630623,9.010202085604439,0.0,0.012287056999321921,0.0,0.0,obsx,rotoreff,"nmpc+learned[model=gdn_mix2,filt=1,gate=1,ffu=1,qyaw=1,obs=1,aci=1,obsm=0.01]",10,4.64181661605835,0,0.5820796812749004,6.011460643851632,17.51780858961866,
0.046529152711582276,0.05191795341849434,0.10207165442339484,0.24277472576806472,0.24277472576806472,819.819515458878,12.757357926838447,0.0199203187250996,0.013550780935612433,0.0,0.0,obsx,rotoreff,"nmpc+learned[model=gdn_mix2,filt=1,gate=1,ffu=1,qyaw=1,obs=1,aci=1,obsm=0.01]",11,3.6920418739318848,0,0.3656733067729084,4.654892978158249,10.488573771435767,
0.06626763439435192,0.0740461764532618,0.11343704743384131,0.38145851238541556,0.38145851238541556,1133.6671607529174,13.388003924958458,0.11752988047808766,0.010799036892695735,0.0,0.0,obsx,rotoreff,"nmpc+learned[model=gdn_mix2,filt=1,gate=1,ffu=1,qyaw=1,obs=1,aci=1,obsm=0.01]",12,2.9308602809906006,0,0.30598007968127494,3.6755757039019548,6.858065137639642,
0.07553891334628102,0.08438519967739816,0.11849649693516698,0.7668212027772081,0.7668212027772081,1607.516872722501,21.549273714986533,0.2450199203187251,0.011870475059758134,0.0,0.0,obsx,rotoreff,"nmpc+learned[model=gdn_mix2,filt=1,gate=1,ffu=1,qyaw=1,obs=1,aci=1,obsm=0.01]",13,9.257565021514893,0,1.0660836653386454,12.117533338816457,18.8168231328018,
0.0594687919011291,0.06641968480100767,0.10173832184057294,0.2501468953400783,0.2501468953400783,685.4202382224462,9.352110855074343,0.02390438247011952,0.013463189908590245,0.0,0.0,obsx,rotoreff,"nmpc+learned[model=gdn_mix2,filt=1,gate=1,ffu=1,qyaw=1,obs=1,aci=1,obsm=0.01]",14,7.947415590286255,0,0.9420059760956176,10.387538233308113,18.940952916163955,
0.10121280151405167,0.11302211925196436,0.19848145349808738,0.3037568976478819,0.3037568976478819,1514.7845058148105,11.299038186511172,0.35258964143426297,0.011799916118129361,0.0,0.0,obsx,rotoreff,"nmpc+learned[model=gdn_mix2,filt=1,gate=1,ffu=1,qyaw=1,obs=1,aci=1,obsm=0.01]",15,8.1406729221344,0,0.9246175298804781,10.59617566276876,16.919038847554475,
0.04043709567738545,0.04516142905912344,0.11104671030988847,0.5162965138858179,0.5162965138858179,1284.226058805887,21.27767861547014,0.04780876494023904,0.012093737499273838,0.0,0.0,obsx,rotoreff,"nmpc+learned[model=gdn_mix2,filt=1,gate=1,ffu=1,qyaw=1,obs=1,aci=1,obsm=0.01]",16,8.467705011367798,0,1.0175756972111556,11.014938065077205,19.061244763433933,
0.02783829272543592,0.031075595694984103,0.06522958747419971,0.24678444573034283,0.24678444573034283,854.8779544792899,13.469395694660301,0.0,0.011833645676037952,0.0,0.0,obsx,rotoreff,"nmpc+learned[model=gdn_mix2,filt=1,gate=1,ffu=1,qyaw=1,obs=1,aci=1,obsm=0.01]",17,4.203911304473877,0,0.4061135458167331,5.384735575231511,12.595619622152299,
0.056762750365388984,0.06338402593769013,0.10167332125375546,0.4747286110459723,0.4747286110459723,1077.4395244834086,30.346904206025904,0.029880478087649404,0.011659429769778018,0.0,0.0,obsx,rotoreff,"nmpc+learned[model=gdn_mix2,filt=1,gate=1,ffu=1,qyaw=1,obs=1,aci=1,obsm=0.01]",18,3.84397292137146,0,0.39010557768924303,4.88879849236325,10.556309178937227,
0.08994133541621735,0.10043440362716875,0.1584021847292278,0.5103039353979467,0.5103039353979467,1268.645644673598,16.44438671159048,0.39243027888446214,0.011941042635388588,0.0,0.0,obsx,rotoreff,"nmpc+learned[model=gdn_mix2,filt=1,gate=1,ffu=1,qyaw=1,obs=1,aci=1,obsm=0.01]",19,3.350654125213623,0,0.375589641434263,4.3315362153700985,10.411728711333126,
0.08897207124794522,0.0993896977820585,0.2194762677931052,0.5390283565340295,0.5390283565340295,1051.4093900747791,22.850574771832363,0.24900398406374502,0.0016081495236168197,0.0,0.0,obsx,rotoreff,"nmpc+learned[model=gdn_mix2,filt=1,gate=1,ffu=1,qyaw=1,obs=1,aci=1]",0,5.330654144287109,0,0.5637490039840637,6.848435469094174,16.81684693787247,
0.03543662636677542,0.0395679422340184,0.10155729057137185,0.3334530318234282,0.33345303182342817,1075.3683233261852,26.32126730200917,0.0099601593625498,0.0019191716429595163,0.0,0.0,obsx,rotoreff,"nmpc+learned[model=gdn_mix2,filt=1,gate=1,ffu=1,qyaw=1,obs=1,aci=1]",1,6.401261568069458,0,0.5877350597609562,8.213819539363671,16.428845275659114,
0.05376334984185103,0.06002792038322031,0.11692621822483704,0.49112693033811217,0.49112693033811217,966.6729868223692,28.66252747119721,0.05179282868525897,0.0025958448536885226,0.0,0.0,obsx,rotoreff,"nmpc+learned[model=gdn_mix2,filt=1,gate=1,ffu=1,qyaw=1,obs=1,aci=1]",2,7.209475517272949,0,0.6605458167330677,9.260668831161293,16.900311764329675,
0.12938152716237494,0.14457154290709767,0.3252216597935085,0.6048208165976433,0.6048208165976433,1092.5358887511586,27.75272283598823,0.2908366533864542,0.002568032048620994,0.0,0.0,obsx,rotoreff,"nmpc+learned[model=gdn_mix2,filt=1,gate=1,ffu=1,qyaw=1,obs=1,aci=1]",3,9.32362413406372,0,1.0870537848605577,12.248391538312978,19.42455409793184,
0.055886279384848074,0.06242451327808077,0.11137396560228091,0.4339312374652469,0.43393123746524703,1361.282831327063,15.409691282277569,0.05179282868525897,0.002282965748886312,0.0,0.0,obsx,rotoreff,"nmpc+learned[model=gdn_mix2,filt=1,gate=1,ffu=1,qyaw=1,obs=1,aci=1]",4,3.7976033687591553,0,0.3724980079681275,4.86093106544187,10.369908469729125,
0.05647171997062062,0.0630713032130108,0.11159993668215966,0.3555860963972438,0.35558609639724387,957.8736157304545,12.570743531631118,0.055776892430278883,0.0025589710980775116,0.0,0.0,obsx,rotoreff,"nmpc+learned[model=gdn_mix2,filt=1,gate=1,ffu=1,qyaw=1,obs=1,aci=1]",5,7.697348356246948,0,0.8053047808764939,9.905434435277998,16.76924877334386,
0.10477059681818149,0.11689337233924396,0.2465526275846284,0.774488607844424,0.774488607844424,1111.4962969325504,28.62389649744169,0.28286852589641437,0.0031495303382899076,0.0,0.0,obsx,rotoreff,"nmpc+learned[model=gdn_mix2,filt=1,gate=1,ffu=1,qyaw=1,obs=1,aci=1]",6,3.0890414714813232,0,0.3289860557768924,3.9022654073268352,7.328688490670174,
0.0533636538138854,0.05953121678978602,0.11985613187835222,0.5733382897628075,0.5733382897628075,1067.2849852116524,44.309495015236905,0.06772908366533864,0.0026691752251707668,0.0,0.0,obsx,rotoreff,"nmpc+learned[model=gdn_mix2,filt=1,gate=1,ffu=1,qyaw=1,obs=1,aci=1]",7,5.7024853229522705,0,0.6291155378486055,7.31092878010688,16.597892830614,
0.05696484993758425,0.06363105616379017,0.10088830552006589,0.4650017073835314,0.4650017073835314,785.9307929497711,23.673498692578956,0.013944223107569721,0.002624893827064406,0.0,0.0,obsx,rotoreff,"nmpc+learned[model=gdn_mix2,filt=1,gate=1,ffu=1,qyaw=1,obs=1,aci=1]",8,3.6226353645324707,0,0.33767131474103584,4.541927202793945,10.997967133298518,
0.046183156098891266,0.051555361843098294,0.08898432277696175,0.3778163869821636,0.3778163869821636,936.8761885515717,9.158870228358996,0.0,0.0029123102501716625,0.0,0.0,obsx,rotoreff,"nmpc+learned[model=gdn_mix2,filt=1,gate=1,ffu=1,qyaw=1,obs=1,aci=1]",9,7.66830587387085,0,0.7619960159362551,9.963659007024333,16.959077659994364,
0.032456621214861425,0.03618605242221604,0.05735483042122379,0.45725442848139364,0.45725442848139364,700.2031659781844,8.56649098178028,0.0,0.0020054706883323448,0.0,0.0,obsx,rotoreff,"nmpc+learned[model=gdn_mix2,filt=1,gate=1,ffu=1,qyaw=1,obs=1,aci=1]",10,4.21242618560791,0,0.4825557768924303,5.369169970573598,11.325116411317145,
0.03945336467569038,0.04401635940666349,0.09142146863239749,0.22403816445490501,0.22403816445490501,764.1756059544265,11.114974282994975,0.0,0.0035473126849102365,0.0,0.0,obsx,rotoreff,"nmpc+learned[model=gdn_mix2,filt=1,gate=1,ffu=1,qyaw=1,obs=1,aci=1]",11,4.804714679718018,0,0.4896215139442231,6.158182742092684,16.370778714772314,
0.058972894000270365,0.06589370014210667,0.10336232218181467,0.37042942477989127,0.37042942477989127,1129.5113576620652,13.080997189209072,0.035856573705179286,0.0008933078208978873,0.0,0.0,obsx,rotoreff,"nmpc+learned[model=gdn_mix2,filt=1,gate=1,ffu=1,qyaw=1,obs=1,aci=1]",12,3.214622735977173,0,0.3203705179282868,4.021520340032281,7.322647173423321,
0.06709566026361172,0.07494654799097288,0.10491501994104147,0.7180611486909819,0.7180611486909819,1595.1351343220238,21.610657123540758,0.08167330677290836,0.0017356851667161832,0.0,0.0,obsx,rotoreff,"nmpc+learned[model=gdn_mix2,filt=1,gate=1,ffu=1,qyaw=1,obs=1,aci=1]",13,8.763887405395508,0,0.7894561752988046,11.245536550219018,18.337617891374983,
0.051844490972392424,0.05789449586355738,0.09117046013796834,0.2409777525936201,0.2409777525936201,673.8967356980758,9.334304774394981,0.0,0.0033921020542123648,0.0,0.0,obsx,rotoreff,"nmpc+learned[model=gdn_mix2,filt=1,gate=1,ffu=1,qyaw=1,obs=1,aci=1]",14,8.778323411941528,0,0.9309561752988047,11.334204506889668,17.019349785987288,
0.09184561276777346,0.10257443404757384,0.18493825993068125,0.29618594109205115,0.29618594109205115,1448.848600914392,10.684216161905338,0.25298804780876494,0.0016343020887460147,0.0,0.0,obsx,rotoreff,"nmpc+learned[model=gdn_mix2,filt=1,gate=1,ffu=1,qyaw=1,obs=1,aci=1]",15,4.434179306030273,0,0.4578705179282869,5.640966684624286,10.578628503717482,
0.03362922793555386,0.03754849748604209,0.09733530586620363,0.4387276565124384,0.4387276565124384,978.5923897471223,20.144108061789435,0.0,0.0019956715556979088,0.0,0.0,obsx,rotoreff,"nmpc+learned[model=gdn_mix2,filt=1,gate=1,ffu=1,qyaw=1,obs=1,aci=1]",16,7.361136436462402,0,0.8348505976095617,9.55710394829289,19.814314604736865,
0.02223235015186753,0.0248027283485269,0.05451284175751915,0.22816278087741995,0.22816278087741995,803.344038293173,11.63230167944259,0.0,0.001811654158095255,0.0,0.0,obsx,rotoreff,"nmpc+learned[model=gdn_mix2,filt=1,gate=1,ffu=1,qyaw=1,obs=1,aci=1]",17,8.212904691696167,0,0.7574282868525898,10.532863247968939,17.356689923908565,
0.04952602171887593,0.055290256590905876,0.09231690063408961,0.4598180277969356,0.4598180277969356,1032.0787914164814,27.62036712696838,0.0,0.0018611002930251641,0.0,0.0,obsx,rotoreff,"nmpc+learned[model=gdn_mix2,filt=1,gate=1,ffu=1,qyaw=1,obs=1,aci=1]",18,7.131251811981201,0,0.7643187250996015,9.370874171980113,16.914514789823443,
0.0808914906186425,0.09033051906524071,0.14441722090109904,0.4814485559737751,0.4814485559737751,1174.6595695841843,16.103030536225383,0.3147410358565737,0.001912136165621775,0.0,0.0,obsx,rotoreff,"nmpc+learned[model=gdn_mix2,filt=1,gate=1,ffu=1,qyaw=1,obs=1,aci=1]",19,5.866319894790649,0,0.5571713147410359,7.557157804146854,16.425158178899437,
0.08897162060237271,0.09937698163973988,0.2185386190843014,0.4753552570801169,0.4753552570801169,824.2022439765266,22.950184526986195,0.24900398406374502,0.001224101307776393,0.0,0.0,obsx,rotoreff,"nmpc+learned[model=gdn_mix2,filt=1,gate=1,ffu=1,qyaw=1,obs=1,aci=2,aci_alpha=0.02]",0,7.229761123657227,0,0.9209123505976095,9.402648128839989,17.5358273065649,
0.03651589706242233,0.0407749405604168,0.10169938280246679,0.3520715865776548,0.3520715865776548,985.4433616687139,27.367806584169045,0.0099601593625498,0.0012697699323425127,0.0,0.0,obsx,rotoreff,"nmpc+learned[model=gdn_mix2,filt=1,gate=1,ffu=1,qyaw=1,obs=1,aci=2,aci_alpha=0.02]",1,3.6923131942749023,0,0.33878087649402394,4.680060785248935,10.631240161601454,
0.053306407034891215,0.05951685587416604,0.11952123970365412,0.4824768904567671,0.4824768904567671,814.0216331164539,27.452555761650885,0.05976095617529881,0.0017120372682647989,0.0,0.0,obsx,rotoreff,"nmpc+learned[model=gdn_mix2,filt=1,gate=1,ffu=1,qyaw=1,obs=1,aci=2,aci_alpha=0.02]",2,9.385533332824707,0,0.8624043824701196,12.395475357511188,21.456722617149367,
0.13018749500581941,0.1454720181453173,0.32515401765958235,0.6607566058560123,0.6607566058560123,1150.1958940012312,25.28938873218375,0.28286852589641437,0.0019842105705161206,0.0,0.0,obsx,rotoreff,"nmpc+learned[model=gdn_mix2,filt=1,gate=1,ffu=1,qyaw=1,obs=1,aci=2,aci_alpha=0.02]",3,6.164337396621704,0,0.6109661354581674,7.928826196390052,16.814918839372694,
0.05613928286937355,0.06270736143151481,0.11159328892773653,0.41676259687887984,0.41676259687887984,1215.1397123752583,15.626823806843053,0.053784860557768925,0.0010771471925973275,0.0,0.0,obsx,rotoreff,"nmpc+learned[model=gdn_mix2,filt=1,gate=1,ffu=1,qyaw=1,obs=1,aci=2,aci_alpha=0.02]",4,3.3819026947021484,0,0.3391872509960159,4.259347039519761,10.43327454244718,
0.05649600104612642,0.06309438587395884,0.11014977118652787,0.367208394301608,0.367208394301608,790.7271687201576,12.312833032383656,0.053784860557768925,0.0018202584597793725,0.0,0.0,obsx,rotoreff,"nmpc+learned[model=gdn_mix2,filt=1,gate=1,ffu=1,qyaw=1,obs=1,aci=2,aci_alpha=0.02]",5,3.181877851486206,0,0.33384063745019926,4.011307241473036,10.266661290079357,
0.10567388445317885,0.1178541146943065,0.25027615343767967,0.8376445967458267,0.8376445967458268,1042.2572151088766,30.31014396277255,0.28286852589641437,0.0024527571621215105,0.0,0.0,obsx,rotoreff,"nmpc+learned[model=gdn_mix2,filt=1,gate=1,ffu=1,qyaw=1,obs=1,aci=2,aci_alpha=0.02]",6,3.5616397857666016,0,0.3720537848605578,4.475881184165578,10.752910193987192,
0.053570240337004846,0.0597624639540757,0.12150507813979494,0.567885257894793,0.567885257894793,1038.6027681891574,43.01410552542054,0.0697211155378486,0.0012921524399594486,0.0,0.0,obsx,rotoreff,"nmpc+learned[model=gdn_mix2,filt=1,gate=1,ffu=1,qyaw=1,obs=1,aci=2,aci_alpha=0.02]",7,8.58410930633545,0,0.8565298804780875,11.15333342013799,17.634818721562624,
0.057057522137394366,0.06373465733738927,0.10302369791771927,0.4695576236008483,0.4695576236008482,734.9069436950352,24.414199117455592,0.021912350597609563,0.00220940807002612,0.0,0.0,obsx,rotoreff,"nmpc+learned[model=gdn_mix2,filt=1,gate=1,ffu=1,qyaw=1,obs=1,aci=2,aci_alpha=0.02]",8,9.839558839797974,0,0.9757768924302788,12.720699517141686,20.558128296397634,
0.04533913092150214,0.05061118967718369,0.08746787733413688,0.3491693220351008,0.3491693220351008,747.298859396927,8.801224925227645,0.0,0.0009193418355091243,0.0,0.0,obsx,rotoreff,"nmpc+learned[model=gdn_mix2,filt=1,gate=1,ffu=1,qyaw=1,obs=1,aci=2,aci_alpha=0.02]",9,8.058174133300781,0,0.790792828685259,10.470835742006354,17.895011599175636,
0.03312448290386135,0.03693363084082884,0.05781405720552462,0.4559257980477803,0.4559257980477803,558.401912024021,10.06206715531598,0.0,0.0016359510820607714,0.0,0.0,obsx,rotoreff,"nmpc+learned[model=gdn_mix2,filt=1,gate=1,ffu=1,qyaw=1,obs=1,aci=2,aci_alpha=0.02]",10,8.192576885223389,0,0.8082011952191235,10.620142203343816,19.736278143245734,
0.04157759637905693,0.04637576107522774,0.09561819313699738,0.23761448216881245,0.23761448216881245,701.397083147636,10.646507859386743,0.0,0.0023234251169426123,0.0,0.0,obsx,rotoreff,"nmpc+learned[model=gdn_mix2,filt=1,gate=1,ffu=1,qyaw=1,obs=1,aci=2,aci_alpha=0.02]",11,8.650815725326538,0,0.8505537848605578,11.232026432922844,21.830250495113447,
0.05721348889842352,0.06392736072723922,0.10311711670542828,0.3329398551481346,0.3329398551481346,832.1486635710446,13.24683291187592,0.03386454183266932,0.0005959099763384601,0.0,0.0,obsx,rotoreff,"nmpc+learned[model=gdn_mix2,filt=1,gate=1,ffu=1,qyaw=1,obs=1,aci=2,aci_alpha=0.02]",12,3.1281204223632812,0,0.3177250996015936,3.931994217381148,5.443886970169844,
0.06423027223402895,0.07174314180877231,0.09976660364988592,0.7342085137218449,0.7342085137218449,1081.4698448119204,20.23836932435804,0.0,0.0009567928223830346,0.0,0.0,obsx,rotoreff,"nmpc+learned[model=gdn_mix2,filt=1,gate=1,ffu=1,qyaw=1,obs=1,aci=2,aci_alpha=0.02]",13,9.772693157196045,0,0.9460537848605579,12.689099441638655,22.56330336909742,
0.052555647253422766,0.05868974633147876,0.09330821430779414,0.23693958138577034,0.23693958138577034,667.3330119120685,9.302349016404268,0.0,0.0019363832991994845,0.0,0.0,obsx,rotoreff,"nmpc+learned[model=gdn_mix2,filt=1,gate=1,ffu=1,qyaw=1,obs=1,aci=2,aci_alpha=0.02]",14,4.368182897567749,0,0.4050418326693227,5.519448742882694,12.972598886117341,
0.09293402160310794,0.10376585488788816,0.18789924529076577,0.3024981027916873,0.3024981027916873,1155.5237344340455,12.156371594222202,0.26095617529880477,0.0017196456503903446,0.0,0.0,obsx,rotoreff,"nmpc+learned[model=gdn_mix2,filt=1,gate=1,ffu=1,qyaw=1,obs=1,aci=2,aci_alpha=0.02]",15,8.53998327255249,0,0.9928924302788843,11.081251820857336,19.8030005954206,
0.03437374916967985,0.03838116421306746,0.09774318176702985,0.4397149363799006,0.4397149363799006,1079.0597665446342,20.60184743771005,0.0,0.0008027694496701709,0.0,0.0,obsx,rotoreff,"nmpc+learned[model=gdn_mix2,filt=1,gate=1,ffu=1,qyaw=1,obs=1,aci=2,aci_alpha=0.02]",16,3.3396079540252686,0,0.3371553784860558,4.200040411938768,10.345884216949344,
0.02179573297306105,0.024313987159769866,0.053191057757146304,0.23353432569924445,0.23353432569924445,687.9728359211797,12.299801371633821,0.0,0.0014966599715889317,0.0,0.0,obsx,rotoreff,"nmpc+learned[model=gdn_mix2,filt=1,gate=1,ffu=1,qyaw=1,obs=1,aci=2,aci_alpha=0.02]",17,3.9404613971710205,0,0.376219123505976,4.987649801855098,11.319383981171997,
0.049659287008472254,0.05543932399659229,0.09164120999234364,0.46199946692912686,0.46199946692912686,894.4788624551513,28.178413022251718,0.0,0.003040274142871807,0.0,0.0,obsx,rotoreff,"nmpc+learned[model=gdn_mix2,filt=1,gate=1,ffu=1,qyaw=1,obs=1,aci=2,aci_alpha=0.02]",18,3.3375608921051025,0,0.36500796812749003,4.235412899972463,10.482870601117611,
0.08210799386389173,0.09167401025445475,0.14610241200222782,0.4486841195688329,0.4486841195688329,1069.9347949545868,18.532256541059578,0.33067729083665337,0.001297326067518867,0.0,0.0,obsx,rotoreff,"nmpc+learned[model=gdn_mix2,filt=1,gate=1,ffu=1,qyaw=1,obs=1,aci=2,aci_alpha=0.02]",19,7.7524354457855225,0,0.8371015936254981,10.004353034217282,17.807667856104672,
0.08897207124794522,0.0993896977820585,0.2194762677931052,0.5390283565340295,0.5390283565340295,1051.4093900747791,22.850574771832363,0.24900398406374502,0.0016081495236168197,0.0,0.0,obsx,rotoreff,"nmpc+learned[model=gdn_mix2,filt=1,gate=1,ffu=1,qyaw=1,obs=1,aci=2]",0,6.288591146469116,0,0.6045338645418327,7.9573490230210755,17.114875575061888,
0.03543662636677542,0.0395679422340184,0.10155729057137185,0.3334530318234282,0.33345303182342817,1075.3683233261852,26.32126730200917,0.0099601593625498,0.0019191716429595163,0.0,0.0,obsx,rotoreff,"nmpc+learned[model=gdn_mix2,filt=1,gate=1,ffu=1,qyaw=1,obs=1,aci=2]",1,3.5125439167022705,0,0.3594621513944223,4.488990631462835,10.414304926525801,
0.05376334984185103,0.06002792038322031,0.11692621822483704,0.49112693033811217,0.49112693033811217,966.6729868223692,28.66252747119721,0.05179282868525897,0.0025958448536885226,0.0,0.0,obsx,rotoreff,"nmpc+learned[model=gdn_mix2,filt=1,gate=1,ffu=1,qyaw=1,obs=1,aci=2]",2,8.626560688018799,0,0.9144302788844623,11.15804380065654,19.598201161716133,
0.12938152716237494,0.14457154290709767,0.3252216597935085,0.6048208165976433,0.6048208165976433,1092.5358887511586,27.75272283598823,0.2908366533864542,0.002568032048620994,0.0,0.0,obsx,rotoreff,"nmpc+learned[model=gdn_mix2,filt=1,gate=1,ffu=1,qyaw=1,obs=1,aci=2]",3,4.548542261123657,0,0.4982250996015937,5.8718131974792165,11.429520063102247,
0.055886279384848074,0.06242451327808077,0.11137396560228091,0.4339312374652469,0.43393123746524703,1361.282831327063,15.409691282277569,0.05179282868525897,0.002282965748886312,0.0,0.0,obsx,rotoreff,"nmpc+learned[model=gdn_mix2,filt=1,gate=1,ffu=1,qyaw=1,obs=1,aci=2]",4,3.337623119354248,0,0.3427749003984064,4.218466685661875,10.223406795412302,
0.05647171997062062,0.0630713032130108,0.11159993668215966,0.3555860963972438,0.35558609639724387,957.8736157304545,12.570743531631118,0.055776892430278883,0.0025589710980775116,0.0,0.0,obsx,rotoreff,"nmpc+learned[model=gdn_mix2,filt=1,gate=1,ffu=1,qyaw=1,obs=1,aci=2]",5,3.4761269092559814,0,0.3710498007968127,4.426415794922328,10.508134861011058,
0.10477059681818149,0.11689337233924396,0.2465526275846284,0.774488607844424,0.774488607844424,1111.4962969325504,28.62389649744169,0.28286852589641437,0.0031495303382899076,0.0,0.0,obsx,rotoreff,"nmpc+learned[model=gdn_mix2,filt=1,gate=1,ffu=1,qyaw=1,obs=1,aci=2]",6,4.736910343170166,0,0.4650657370517928,6.065583707620037,14.557115291245303,
0.0533636538138854,0.05953121678978602,0.11985613187835222,0.5733382897628075,0.5733382897628075,1067.2849852116524,44.309495015236905,0.06772908366533864,0.0026691752251707668,0.0,0.0,obsx,rotoreff,"nmpc+learned[model=gdn_mix2,filt=1,gate=1,ffu=1,qyaw=1,obs=1,aci=2]",7,7.565857410430908,0,0.8753247011952191,9.900300705107856,16.914680299814794,
0.05696484993758425,0.06363105616379017,0.10088830552006589,0.4650017073835314,0.4650017073835314,785.9307929497711,23.673498692578956,0.013944223107569721,0.002624893827064406,0.0,0.0,obsx,rotoreff,"nmpc+learned[model=gdn_mix2,filt=1,gate=1,ffu=1,qyaw=1,obs=1,aci=2]",8,8.312927007675171,0,0.8352948207171313,10.891159503364497,17.657787182834003,
0.046183156098891266,0.051555361843098294,0.08898432277696175,0.3778163869821636,0.3778163869821636,936.8761885515717,9.158870228358996,0.0,0.0029123102501716625,0.0,0.0,obsx,rotoreff,"nmpc+learned[model=gdn_mix2,filt=1,gate=1,ffu=1,qyaw=1,obs=1,aci=2]",9,4.322734355926514,0,0.3477768924302789,5.423843406560085,12.51700796652586,
0.032456621214861425,0.03618605242221604,0.05735483042122379,0.45725442848139364,0.45725442848139364,700.2031659781844,8.56649098178028,0.0,0.0020054706883323448,0.0,0.0,obsx,rotoreff,"nmpc+learned[model=gdn_mix2,filt=1,gate=1,ffu=1,qyaw=1,obs=1,aci=2]",10,7.640151739120483,0,0.7904701195219124,9.827090161982404,17.772222296334803,
0.03945336467569038,0.04401635940666349,0.09142146863239749,0.22403816445490501,0.22403816445490501,764.1756059544265,11.114974282994975,0.0,0.0035473126849102365,0.0,0.0,obsx,rotoreff,"nmpc+learned[model=gdn_mix2,filt=1,gate=1,ffu=1,qyaw=1,obs=1,aci=2]",11,3.7317795753479004,0,0.3939601593625498,4.797520933661654,11.647210239898415,
0.058972894000270365,0.06589370014210667,0.10336232218181467,0.37042942477989127,0.37042942477989127,1129.5113576620652,13.080997189209072,0.035856573705179286,0.0008933078208978873,0.0,0.0,obsx,rotoreff,"nmpc+learned[model=gdn_mix2,filt=1,gate=1,ffu=1,qyaw=1,obs=1,aci=2]",12,10.929917097091675,0,1.2132131474103585,14.228079953616804,22.57591034984216,
0.06709566026361172,0.07494654799097288,0.10491501994104147,0.7180611486909819,0.7180611486909819,1595.1351343220238,21.610657123540758,0.08167330677290836,0.0017356851667161832,0.0,0.0,obsx,rotoreff,"nmpc+learned[model=gdn_mix2,filt=1,gate=1,ffu=1,qyaw=1,obs=1,aci=2]",13,7.11536169052124,0,0.7470537848605577,9.217193277842139,16.949725481681526,
0.051844490972392424,0.05789449586355738,0.09117046013796834,0.2409777525936201,0.2409777525936201,673.8967356980758,9.334304774394981,0.0,0.0033921020542123648,0.0,0.0,obsx,rotoreff,"nmpc+learned[model=gdn_mix2,filt=1,gate=1,ffu=1,qyaw=1,obs=1,aci=2]",14,3.0528244972229004,0,0.32687250996015943,3.840090825215012,7.337480504065753,
0.09184561276777346,0.10257443404757384,0.18493825993068125,0.29618594109205115,0.29618594109205115,1448.848600914392,10.684216161905338,0.25298804780876494,0.0016343020887460147,0.0,0.0,obsx,rotoreff,"nmpc+learned[model=gdn_mix2,filt=1,gate=1,ffu=1,qyaw=1,obs=1,aci=2]",15,5.07390022277832,0,0.583886454183267,6.431979915698568,16.36017275042832,
0.03362922793555386,0.03754849748604209,0.09733530586620363,0.4387276565124384,0.4387276565124384,978.5923897471223,20.144108061789435,0.0,0.0019956715556979088,0.0,0.0,obsx,rotoreff,"nmpc+learned[model=gdn_mix2,filt=1,gate=1,ffu=1,qyaw=1,obs=1,aci=2]",16,3.3513219356536865,0,0.3482091633466135,4.248350451002825,10.403300863690674,
0.02223235015186753,0.0248027283485269,0.05451284175751915,0.22816278087741995,0.22816278087741995,803.344038293173,11.63230167944259,0.0,0.001811654158095255,0.0,0.0,obsx,rotoreff,"nmpc+learned[model=gdn_mix2,filt=1,gate=1,ffu=1,qyaw=1,obs=1,aci=2]",17,5.615249872207642,0,0.577011952191235,7.145194612272767,16.657292123418305,
0.04952602171887593,0.055290256590905876,0.09231690063408961,0.4598180277969356,0.4598180277969356,1032.0787914164814,27.62036712696838,0.0,0.0018611002930251641,0.0,0.0,obsx,rotoreff,"nmpc+learned[model=gdn_mix2,filt=1,gate=1,ffu=1,qyaw=1,obs=1,aci=2]",18,6.9610373973846436,0,0.7961972111553786,9.037967922028702,16.902895192615688,
0.0808914906186425,0.09033051906524071,0.14441722090109904,0.4814485559737751,0.4814485559737751,1174.6595695841843,16.103030536225383,0.3147410358565737,0.001912136165621775,0.0,0.0,obsx,rotoreff,"nmpc+learned[model=gdn_mix2,filt=1,gate=1,ffu=1,qyaw=1,obs=1,aci=2]",19,5.427872657775879,0,0.5455278884462151,6.976629833716795,16.797486962750554,
0.08949352109776398,0.09997504115473002,0.21986825304404176,1.497880541945891,1.497880541945891,1139.878310563499,23.102134443343108,0.250996015936255,0.001686989592501742,0.0,0.0,obsx,torque,"nmpc+kf[r_v=0.15,r_w=0.15,q_F=10,q_tau=1,filt=1,gate=1,ffu=1,qyaw=1,obs=1,aci=1]",0,6.17337703704834,0,0.7324143426294821,6.528809576191423,11.176798504311593,
0.035530950588725005,0.039667420936337426,0.10065206890368769,0.31477787380960415,0.31477787380960415,986.3641827969881,26.79112575320886,0.00597609561752988,0.0022857733880674025,0.0,0.0,obsx,torque,"nmpc+kf[r_v=0.15,r_w=0.15,q_F=10,q_tau=1,filt=1,gate=1,ffu=1,qyaw=1,obs=1,aci=1]",1,6.510138750076294,0,0.6784940239043825,6.911736387069304,10.07324408274144,
0.0537522327754759,0.0600355986298729,0.11512445686776895,0.5328026968568234,0.5328026968568234,1102.7836666264982,28.43890893456849,0.049800796812749,0.0019319644646940137,0.0,0.0,obsx,torque,"nmpc+kf[r_v=0.15,r_w=0.15,q_F=10,q_tau=1,filt=1,gate=1,ffu=1,qyaw=1,obs=1,aci=1]",2,5.030797481536865,0,0.5628964143426295,5.334043846116865,9.56226167501882,
0.12888823998277377,0.14402097581483758,0.32309226614293657,0.9980063122474488,0.9980063122474488,1214.9528030295482,27.143406990731773,0.2948207171314741,0.00292661800633226,0.0,0.0,obsx,torque,"nmpc+kf[r_v=0.15,r_w=0.15,q_F=10,q_tau=1,filt=1,gate=1,ffu=1,qyaw=1,obs=1,aci=1]",3,3.4725182056427,0,0.4947270916334662,3.7804613663514415,6.003866046667099,
0.054828294108084714,0.06124959927569037,0.11058070581254355,0.6907196354586322,0.6907196354586322,965.7713405432643,15.855673146719527,0.045816733067729085,0.002938800794973717,0.0,0.0,obsx,torque,"nmpc+kf[r_v=0.15,r_w=0.15,q_F=10,q_tau=1,filt=1,gate=1,ffu=1,qyaw=1,obs=1,aci=1]",4,2.6589012145996094,0,0.33678286852589645,2.81836402711952,5.864832948427647,
0.056818133076446,0.06347616440977051,0.11079354027294737,0.7658327968509919,0.7658327968509919,1161.8004665778224,12.258533203471355,0.055776892430278883,0.0024004491213232004,0.0,0.0,obsx,torque,"nmpc+kf[r_v=0.15,r_w=0.15,q_F=10,q_tau=1,filt=1,gate=1,ffu=1,qyaw=1,obs=1,aci=1]",5,3.4613280296325684,0,0.46937649402390436,3.7449117159968113,5.8322342950850725,
0.10670104358911506,0.11907441943007557,0.24902335059119293,0.8589875073553846,0.8589875073553846,1384.2875960654906,29.468142807949665,0.2868525896414343,0.0027255935184767877,0.0,0.0,obsx,torque,"nmpc+kf[r_v=0.15,r_w=0.15,q_F=10,q_tau=1,filt=1,gate=1,ffu=1,qyaw=1,obs=1,aci=1]",6,5.739858627319336,0,0.6995338645418326,6.19913963508232,12.084953885059804,
0.054917263084396754,0.061322577851733874,0.12371088050171096,2.359663034056565,2.359663034056565,1701.3769593212521,38.980040686657844,0.07768924302788845,0.002315352542364979,0.0,0.0,obsx,torque,"nmpc+kf[r_v=0.15,r_w=0.15,q_F=10,q_tau=1,filt=1,gate=1,ffu=1,qyaw=1,obs=1,aci=1]",7,2.7942800521850586,0,0.37621314741035855,3.0400911967578046,8.58590222429485,
0.05739878240165304,0.06412023626507282,0.10121421696705471,0.4378262993694864,0.4378262993694864,792.1747054598437,23.792889059283972,0.0199203187250996,0.0022081476993617843,0.0,0.0,obsx,torque,"nmpc+kf[r_v=0.15,r_w=0.15,q_F=10,q_tau=1,filt=1,gate=1,ffu=1,qyaw=1,obs=1,aci=1]",8,6.282884359359741,0,0.7291434262948207,6.543795769733648,9.240505862981083,
0.04619065554767942,0.051569368306019804,0.0893375145897797,0.30450334494267356,0.30450334494267356,742.092731286863,8.78033004701167,0.0,0.002842954924889618,0.0,0.0,obsx,torque,"nmpc+kf[r_v=0.15,r_w=0.15,q_F=10,q_tau=1,filt=1,gate=1,ffu=1,qyaw=1,obs=1,aci=1]",9,2.6315813064575195,0,0.32273306772908367,2.812640601861851,11.561316621955495,
0.0330365877473351,0.036866966563861236,0.05756589285651617,0.5201969389730785,0.5201969389730784,805.7504929355323,8.676494170688214,0.0,0.0019230979662995251,0.0,0.0,obsx,torque,"nmpc+kf[r_v=0.15,r_w=0.15,q_F=10,q_tau=1,filt=1,gate=1,ffu=1,qyaw=1,obs=1,aci=1]",10,6.702519655227661,0,0.8721494023904384,7.13369428584597,11.512782415375117,
0.039486669446592515,0.04405364390979959,0.09067528859544183,0.2511535458933814,0.2511535458933814,713.3154732359314,10.872622563548699,0.0,0.0032847763728766355,0.0,0.0,obsx,torque,"nmpc+kf[r_v=0.15,r_w=0.15,q_F=10,q_tau=1,filt=1,gate=1,ffu=1,qyaw=1,obs=1,aci=1]",11,3.340383768081665,0,0.4297908366533864,3.5809960918486174,6.038246881216765,
0.05806881988254196,0.06486661240430218,0.10300378479205663,0.3968230172069306,0.3968230172069306,928.263143377823,13.41930408525812,0.03187250996015936,0.0012270432032468748,0.0,0.0,obsx,torque,"nmpc+kf[r_v=0.15,r_w=0.15,q_F=10,q_tau=1,filt=1,gate=1,ffu=1,qyaw=1,obs=1,aci=1]",12,2.616825580596924,0,0.32156175298804784,2.756540792478449,5.821007299236955,
0.06599017386667921,0.07372221406651955,0.10245665516501448,0.4838247211754653,0.4838247211754653,1656.4133178032137,20.195961300519222,0.049800796812749,0.0017120542136435657,0.0,0.0,obsx,torque,"nmpc+kf[r_v=0.15,r_w=0.15,q_F=10,q_tau=1,filt=1,gate=1,ffu=1,qyaw=1,obs=1,aci=1]",13,2.5620110034942627,0,0.3324203187250996,2.7433218702532916,8.660598823335022,
0.05302919067706257,0.05924130784511477,0.091180291318657,0.25094606015068804,0.25094606015068804,791.1110730162742,9.209025649368616,0.0,0.0028585913175235844,0.0,0.0,obsx,torque,"nmpc+kf[r_v=0.15,r_w=0.15,q_F=10,q_tau=1,filt=1,gate=1,ffu=1,qyaw=1,obs=1,aci=1]",14,6.48125958442688,0,0.7383605577689243,6.914775341329911,11.127388374879958,
0.09078169314847791,0.1013801842945362,0.18341022390287762,0.6215869248223522,0.6215869248223522,1150.5049576901724,10.664090749617072,0.250996015936255,0.0019388856719255165,0.0,0.0,obsx,torque,"nmpc+kf[r_v=0.15,r_w=0.15,q_F=10,q_tau=1,filt=1,gate=1,ffu=1,qyaw=1,obs=1,aci=1]",15,6.330347299575806,0,0.6835836653386453,6.793128593687517,14.034243226051348,
0.03424283690667921,0.03823349877562322,0.09964998391068734,0.4769119694317895,0.4769119694317895,1062.1328340881153,19.872812311355947,0.0,0.0023468103146303543,0.0,0.0,obsx,torque,"nmpc+kf[r_v=0.15,r_w=0.15,q_F=10,q_tau=1,filt=1,gate=1,ffu=1,qyaw=1,obs=1,aci=1]",16,6.26189398765564,0,0.7158964143426296,6.67638833118803,12.176679733674977,
0.021955649932677852,0.02449255117960348,0.05426759061668447,0.39151559030032634,0.39151559030032634,721.9540435829252,11.984727686652874,0.0,0.002120669962740407,0.0,0.0,obsx,torque,"nmpc+kf[r_v=0.15,r_w=0.15,q_F=10,q_tau=1,filt=1,gate=1,ffu=1,qyaw=1,obs=1,aci=1]",17,5.620526552200317,0,0.632093625498008,5.881078574672876,9.221694148145616,
0.0499414177441453,0.05577439088386705,0.09338015670268897,0.624295194260745,0.624295194260745,1204.444944462684,26.74329847584506,0.0,0.0024095806338197967,0.0,0.0,obsx,torque,"nmpc+kf[r_v=0.15,r_w=0.15,q_F=10,q_tau=1,filt=1,gate=1,ffu=1,qyaw=1,obs=1,aci=1]",18,5.954357147216797,0,0.7232709163346613,6.403489744261027,11.822323566302657,
0.08179506038347471,0.09133522071975138,0.1458558417098639,0.4654165143938371,0.4654165143938371,1152.6079036831386,16.716919019318258,0.31673306772908366,0.0021362167783915975,0.0,0.0,obsx,torque,"nmpc+kf[r_v=0.15,r_w=0.15,q_F=10,q_tau=1,filt=1,gate=1,ffu=1,qyaw=1,obs=1,aci=1]",19,4.947124242782593,0,0.6437888446215139,5.359834956610019,12.010659840889275,
0.08973734074618417,0.10023394520983601,0.21989621711649815,1.4783608617514554,1.4783608617514554,987.4640415846393,23.22748875832911,0.250996015936255,0.0011171380146755006,0.0,0.0,obsx,torque,"nmpc+kf[r_v=0.15,r_w=0.15,q_F=10,q_tau=1,filt=1,gate=1,ffu=1,qyaw=1,obs=1,aci=2,aci_alpha=0.02]",0,2.7100462913513184,0,0.3532011952191235,2.8976703329805833,5.963608636520804,
0.0366810405829059,0.040953801385743,0.10197388053750163,0.31876962001990805,0.31876962001990805,955.8259704567163,27.321205537080612,0.01195219123505976,0.0014013083498844447,0.0,0.0,obsx,torque,"nmpc+kf[r_v=0.15,r_w=0.15,q_F=10,q_tau=1,filt=1,gate=1,ffu=1,qyaw=1,obs=1,aci=2,aci_alpha=0.02]",1,4.3360254764556885,0,0.5048147410358567,4.63766432960937,12.021429135929797,
0.053123395525951744,0.05933251616035951,0.11779973777941982,0.5214831705077745,0.5214831705077745,956.0380924828106,26.55020005390524,0.055776892430278883,0.0013802492815043754,0.0,0.0,obsx,torque,"nmpc+kf[r_v=0.15,r_w=0.15,q_F=10,q_tau=1,filt=1,gate=1,ffu=1,qyaw=1,obs=1,aci=2,aci_alpha=0.02]",2,2.903201103210449,0,0.3682649402390438,3.0675973396273366,5.971763953566551,
0.1301602260094672,0.14544228520956,0.32516236693804806,1.1041582661995177,1.1041582661995177,1217.1289109107668,25.771566177840956,0.28286852589641437,0.0019375778310575242,0.0,0.0,obsx,torque,"nmpc+kf[r_v=0.15,r_w=0.15,q_F=10,q_tau=1,filt=1,gate=1,ffu=1,qyaw=1,obs=1,aci=2,aci_alpha=0.02]",3,2.881718873977661,0,0.3756294820717131,3.0723277023025006,8.390403627417985,
0.05571469982827309,0.06224045281053305,0.1140106646642198,0.6911432733062256,0.6911432733062256,1008.8047582810829,15.924144742240738,0.055776892430278883,0.0025947005779628496,0.0,0.0,obsx,torque,"nmpc+kf[r_v=0.15,r_w=0.15,q_F=10,q_tau=1,filt=1,gate=1,ffu=1,qyaw=1,obs=1,aci=2,aci_alpha=0.02]",4,6.479112386703491,0,0.6932908366533865,7.155519949116436,12.97028865898028,
0.057109057928240864,0.0637973672392953,0.1097927987258414,0.6811625820561037,0.6811625820561037,1050.608306037371,12.165543254536955,0.05976095617529881,0.001231278612525144,0.0,0.0,obsx,torque,"nmpc+kf[r_v=0.15,r_w=0.15,q_F=10,q_tau=1,filt=1,gate=1,ffu=1,qyaw=1,obs=1,aci=2,aci_alpha=0.02]",5,2.78269624710083,0,0.43957370517928285,3.0350714905254272,8.63679392961786,
0.10699419183110981,0.1193528507212582,0.2489725117589039,0.8883755438546304,0.8883755438546305,1208.4231863750474,29.206916126401726,0.2868525896414343,0.0018080366514342527,0.0,0.0,obsx,torque,"nmpc+kf[r_v=0.15,r_w=0.15,q_F=10,q_tau=1,filt=1,gate=1,ffu=1,qyaw=1,obs=1,aci=2,aci_alpha=0.02]",6,7.575473785400391,0,0.821577689243028,7.982411017396536,12.185018765740097,
0.05511070780267299,0.06153891033339228,0.127907041806081,2.3530749944052247,2.3530749944052247,1601.866173523936,38.7018207922221,0.07768924302788845,0.0008917988150066447,0.0,0.0,obsx,torque,"nmpc+kf[r_v=0.15,r_w=0.15,q_F=10,q_tau=1,filt=1,gate=1,ffu=1,qyaw=1,obs=1,aci=2,aci_alpha=0.02]",7,7.173453092575073,0,0.7557928286852589,7.596953058210889,12.509819301776592,
0.057464233124428554,0.06419340061360707,0.10334408481735867,0.4443927204709977,0.4443927204709977,742.4474064105752,24.35804971947989,0.02390438247011952,0.0017259728202883295,0.0,0.0,obsx,torque,"nmpc+kf[r_v=0.15,r_w=0.15,q_F=10,q_tau=1,filt=1,gate=1,ffu=1,qyaw=1,obs=1,aci=2,aci_alpha=0.02]",8,7.227448463439941,0,0.730609561752988,7.60934774233288,12.841720723081387,
0.04496161394730228,0.05019463790219003,0.08615619688166172,0.29300601508014473,0.29300601508014473,625.3949056010023,8.713993431197554,0.0,0.0010627596577120202,0.0,0.0,obsx,torque,"nmpc+kf[r_v=0.15,r_w=0.15,q_F=10,q_tau=1,filt=1,gate=1,ffu=1,qyaw=1,obs=1,aci=2,aci_alpha=0.02]",9,2.3228189945220947,0,0.2994541832669323,2.469840165472541,3.7002950999885798,
0.03293605355839016,0.03675412262544474,0.05740155287971218,0.5229706555675441,0.5229706555675441,588.3541979077197,10.515381444216635,0.0,0.0014743726589208084,0.0,0.0,obsx,torque,"nmpc+kf[r_v=0.15,r_w=0.15,q_F=10,q_tau=1,filt=1,gate=1,ffu=1,qyaw=1,obs=1,aci=2,aci_alpha=0.02]",10,6.713341951370239,0,0.7249920318725099,7.127480275290777,11.961075637955219,
0.041527494560384154,0.04631974437356999,0.09496747268531473,0.25550536881646013,0.25550536881646013,655.0144658518678,10.473594884583088,0.0,0.0017972305050033832,0.0,0.0,obsx,torque,"nmpc+kf[r_v=0.15,r_w=0.15,q_F=10,q_tau=1,filt=1,gate=1,ffu=1,qyaw=1,obs=1,aci=2,aci_alpha=0.02]",11,6.943666696548462,0,0.7560617529880477,7.357111142714512,14.90071853855625,
0.05676810476079695,0.06341251773353075,0.10267036604129612,0.4869008027450929,0.4869008027450928,734.4932527896618,13.54167254845518,0.029880478087649404,0.0011469678161019625,0.0,0.0,obsx,torque,"nmpc+kf[r_v=0.15,r_w=0.15,q_F=10,q_tau=1,filt=1,gate=1,ffu=1,qyaw=1,obs=1,aci=2,aci_alpha=0.02]",12,7.73675799369812,0,0.8220079681274901,8.199913258408289,13.174622897058727,
0.06384143756267131,0.07132036496135542,0.09989373236088596,0.5221048740215424,0.5221048740215424,1172.8536904123318,19.98734199223871,0.0,0.0010194623212894105,0.0,0.0,obsx,torque,"nmpc+kf[r_v=0.15,r_w=0.15,q_F=10,q_tau=1,filt=1,gate=1,ffu=1,qyaw=1,obs=1,aci=2,aci_alpha=0.02]",13,6.449614524841309,0,0.814878486055777,6.881532339987705,12.120774996001273,
0.05310773067030957,0.05932910060255538,0.09378433340930023,0.24630773641735115,0.24630773641735115,737.2360131945401,9.20742391953347,0.0,0.001408316906118312,0.0,0.0,obsx,torque,"nmpc+kf[r_v=0.15,r_w=0.15,q_F=10,q_tau=1,filt=1,gate=1,ffu=1,qyaw=1,obs=1,aci=2,aci_alpha=0.02]",14,6.194610357284546,0,0.7170717131474104,6.577370470794162,12.206362357828766,
0.09163013205951202,0.1023051999741846,0.1876821305868958,0.6577882480913749,0.6577882480913749,986.0550711794857,12.34285988207937,0.250996015936255,0.0009222055530073159,0.0,0.0,obsx,torque,"nmpc+kf[r_v=0.15,r_w=0.15,q_F=10,q_tau=1,filt=1,gate=1,ffu=1,qyaw=1,obs=1,aci=2,aci_alpha=0.02]",15,6.250636100769043,0,0.78552390438247,6.742732798814239,12.105077570304275,
0.03403420780731318,0.03800016345803444,0.09558056304882855,0.5197201895631754,0.5197201895631754,1017.3642528049699,20.848386858198104,0.0,0.0009772445564328325,0.0,0.0,obsx,torque,"nmpc+kf[r_v=0.15,r_w=0.15,q_F=10,q_tau=1,filt=1,gate=1,ffu=1,qyaw=1,obs=1,aci=2,aci_alpha=0.02]",16,2.450989007949829,0,0.31954581673306776,2.607279916319892,5.795825347304345,
0.02180585999087063,0.02432487253118332,0.05372806681186341,0.39499497516246496,0.39499497516246496,625.879589210845,12.382329878061814,0.0,0.0015039627846631376,0.0,0.0,obsx,torque,"nmpc+kf[r_v=0.15,r_w=0.15,q_F=10,q_tau=1,filt=1,gate=1,ffu=1,qyaw=1,obs=1,aci=2,aci_alpha=0.02]",17,6.397643804550171,0,0.7893446215139442,6.7917392700465316,11.80800485191867,
0.05004198615081543,0.05588683808577778,0.0915270516349706,0.5885789544135814,0.5885789544135814,1004.8768206229564,27.18714350091075,0.0,0.003069712944655606,0.0,0.0,obsx,torque,"nmpc+kf[r_v=0.15,r_w=0.15,q_F=10,q_tau=1,filt=1,gate=1,ffu=1,qyaw=1,obs=1,aci=2,aci_alpha=0.02]",18,6.8412699699401855,0,0.7805159362549798,7.308046052425328,12.952466327697046,
0.08229891092090838,0.09188272613198392,0.1470155525525974,0.49053344185363007,0.49053344185363007,904.7977610410552,18.54010830858733,0.33067729083665337,0.0012777796187480872,0.0,0.0,obsx,torque,"nmpc+kf[r_v=0.15,r_w=0.15,q_F=10,q_tau=1,filt=1,gate=1,ffu=1,qyaw=1,obs=1,aci=2,aci_alpha=0.02]",19,2.6326706409454346,0,0.3460776892430279,2.8505200655589187,5.995946372859181,
0.08949352109776398,0.09997504115473002,0.21986825304404176,1.497880541945891,1.497880541945891,1139.878310563499,23.102134443343108,0.250996015936255,0.001686989592501742,0.0,0.0,obsx,torque,"nmpc+kf[r_v=0.15,r_w=0.15,q_F=10,q_tau=1,filt=1,gate=1,ffu=1,qyaw=1,obs=1,aci=2]",0,2.2259013652801514,0,0.29695816733067726,2.3748134773046488,3.4986552409827727,
0.035530950588725005,0.039667420936337426,0.10065206890368769,0.31477787380960415,0.31477787380960415,986.3641827969881,26.79112575320886,0.00597609561752988,0.0022857733880674025,0.0,0.0,obsx,torque,"nmpc+kf[r_v=0.15,r_w=0.15,q_F=10,q_tau=1,filt=1,gate=1,ffu=1,qyaw=1,obs=1,aci=2]",1,6.1890270709991455,0,0.6235398406374503,6.59598017842379,10.158026996068656,
0.0537522327754759,0.0600355986298729,0.11512445686776895,0.5328026968568234,0.5328026968568234,1102.7836666264982,28.43890893456849,0.049800796812749,0.0019319644646940137,0.0,0.0,obsx,torque,"nmpc+kf[r_v=0.15,r_w=0.15,q_F=10,q_tau=1,filt=1,gate=1,ffu=1,qyaw=1,obs=1,aci=2]",2,2.558750867843628,0,0.3458645418326693,2.7083629344319142,5.93872576020658,
0.12888823998277377,0.14402097581483758,0.32309226614293657,0.9980063122474488,0.9980063122474488,1214.9528030295482,27.143406990731773,0.2948207171314741,0.00292661800633226,0.0,0.0,obsx,torque,"nmpc+kf[r_v=0.15,r_w=0.15,q_F=10,q_tau=1,filt=1,gate=1,ffu=1,qyaw=1,obs=1,aci=2]",3,2.8822901248931885,0,0.4029501992031872,3.122303485536421,5.896364243235439,
0.054828294108084714,0.06124959927569037,0.11058070581254355,0.6907196354586322,0.6907196354586322,965.7713405432643,15.855673146719527,0.045816733067729085,0.002938800794973717,0.0,0.0,obsx,torque,"nmpc+kf[r_v=0.15,r_w=0.15,q_F=10,q_tau=1,filt=1,gate=1,ffu=1,qyaw=1,obs=1,aci=2]",4,3.174088716506958,0,0.4245059760956176,3.378182203430994,6.023710812442005,
0.056818133076446,0.06347616440977051,0.11079354027294737,0.7658327968509919,0.7658327968509919,1161.8004665778224,12.258533203471355,0.055776892430278883,0.0024004491213232004,0.0,0.0,obsx,torque,"nmpc+kf[r_v=0.15,r_w=0.15,q_F=10,q_tau=1,filt=1,gate=1,ffu=1,qyaw=1,obs=1,aci=2]",5,3.06789493560791,0,0.4294840637450199,3.3154070935772353,7.385773363057529,
0.10670104358911506,0.11907441943007557,0.24902335059119293,0.8589875073553846,0.8589875073553846,1384.2875960654906,29.468142807949665,0.2868525896414343,0.0027255935184767877,0.0,0.0,obsx,torque,"nmpc+kf[r_v=0.15,r_w=0.15,q_F=10,q_tau=1,filt=1,gate=1,ffu=1,qyaw=1,obs=1,aci=2]",6,7.267517805099487,0,0.8146055776892429,7.921473829509817,15.351141530554743,
0.054917263084396754,0.061322577851733874,0.12371088050171096,2.359663034056565,2.359663034056565,1701.3769593212521,38.980040686657844,0.07768924302788845,0.002315352542364979,0.0,0.0,obsx,torque,"nmpc+kf[r_v=0.15,r_w=0.15,q_F=10,q_tau=1,filt=1,gate=1,ffu=1,qyaw=1,obs=1,aci=2]",7,3.072080373764038,0,0.3790657370517928,3.275227011737982,9.044824554584924,
0.05739878240165304,0.06412023626507282,0.10121421696705471,0.4378262993694864,0.4378262993694864,792.1747054598437,23.792889059283972,0.0199203187250996,0.0022081476993617843,0.0,0.0,obsx,torque,"nmpc+kf[r_v=0.15,r_w=0.15,q_F=10,q_tau=1,filt=1,gate=1,ffu=1,qyaw=1,obs=1,aci=2]",8,2.76277232170105,0,0.3439701195219124,2.9182148057470227,5.953382104635239,
0.04619065554767942,0.051569368306019804,0.0893375145897797,0.30450334494267356,0.30450334494267356,742.092731286863,8.78033004701167,0.0,0.002842954924889618,0.0,0.0,obsx,torque,"nmpc+kf[r_v=0.15,r_w=0.15,q_F=10,q_tau=1,filt=1,gate=1,ffu=1,qyaw=1,obs=1,aci=2]",9,4.400641441345215,0,0.4924462151394423,4.726757899769007,10.89820623397828,
0.0330365877473351,0.036866966563861236,0.05756589285651617,0.5201969389730785,0.5201969389730784,805.7504929355323,8.676494170688214,0.0,0.0019230979662995251,0.0,0.0,obsx,torque,"nmpc+kf[r_v=0.15,r_w=0.15,q_F=10,q_tau=1,filt=1,gate=1,ffu=1,qyaw=1,obs=1,aci=2]",10,3.822305679321289,0,0.47815338645418326,4.067114286265703,9.211616152897479,
0.039486669446592515,0.04405364390979959,0.09067528859544183,0.2511535458933814,0.2511535458933814,713.3154732359314,10.872622563548699,0.0,0.0032847763728766355,0.0,0.0,obsx,torque,"nmpc+kf[r_v=0.15,r_w=0.15,q_F=10,q_tau=1,filt=1,gate=1,ffu=1,qyaw=1,obs=1,aci=2]",11,6.804524183273315,0,0.7013426294820717,7.161593228389334,11.961137671023609,
0.05806881988254196,0.06486661240430218,0.10300378479205663,0.3968230172069306,0.3968230172069306,928.263143377823,13.41930408525812,0.03187250996015936,0.0012270432032468748,0.0,0.0,obsx,torque,"nmpc+kf[r_v=0.15,r_w=0.15,q_F=10,q_tau=1,filt=1,gate=1,ffu=1,qyaw=1,obs=1,aci=2]",12,2.531008005142212,0,0.33497609561752983,2.6882343542431872,8.94760550931096,
0.06599017386667921,0.07372221406651955,0.10245665516501448,0.4838247211754653,0.4838247211754653,1656.4133178032137,20.195961300519222,0.049800796812749,0.0017120542136435657,0.0,0.0,obsx,torque,"nmpc+kf[r_v=0.15,r_w=0.15,q_F=10,q_tau=1,filt=1,gate=1,ffu=1,qyaw=1,obs=1,aci=2]",13,6.760106801986694,0,0.7982330677290836,7.23496163579305,11.898553001228724,
0.05302919067706257,0.05924130784511477,0.091180291318657,0.25094606015068804,0.25094606015068804,791.1110730162742,9.209025649368616,0.0,0.0028585913175235844,0.0,0.0,obsx,torque,"nmpc+kf[r_v=0.15,r_w=0.15,q_F=10,q_tau=1,filt=1,gate=1,ffu=1,qyaw=1,obs=1,aci=2]",14,3.323732852935791,0,0.4131752988047808,3.530713153977051,7.927453480660916,
0.09078169314847791,0.1013801842945362,0.18341022390287762,0.6215869248223522,0.6215869248223522,1150.5049576901724,10.664090749617072,0.250996015936255,0.0019388856719255165,0.0,0.0,obsx,torque,"nmpc+kf[r_v=0.15,r_w=0.15,q_F=10,q_tau=1,filt=1,gate=1,ffu=1,qyaw=1,obs=1,aci=2]",15,3.4371445178985596,0,0.40682868525896415,3.6578210876824193,9.233256983570755,
0.03424283690667921,0.03823349877562322,0.09964998391068734,0.4769119694317895,0.4769119694317895,1062.1328340881153,19.872812311355947,0.0,0.0023468103146303543,0.0,0.0,obsx,torque,"nmpc+kf[r_v=0.15,r_w=0.15,q_F=10,q_tau=1,filt=1,gate=1,ffu=1,qyaw=1,obs=1,aci=2]",16,2.4266412258148193,0,0.32197410358565737,2.561793736352834,5.202449415810408,
0.021955649932677852,0.02449255117960348,0.05426759061668447,0.39151559030032634,0.39151559030032634,721.9540435829252,11.984727686652874,0.0,0.002120669962740407,0.0,0.0,obsx,torque,"nmpc+kf[r_v=0.15,r_w=0.15,q_F=10,q_tau=1,filt=1,gate=1,ffu=1,qyaw=1,obs=1,aci=2]",17,6.18610143661499,0,0.6704661354581674,6.500514701891884,11.08515534317121,
0.0499414177441453,0.05577439088386705,0.09338015670268897,0.624295194260745,0.624295194260745,1204.444944462684,26.74329847584506,0.0,0.0024095806338197967,0.0,0.0,obsx,torque,"nmpc+kf[r_v=0.15,r_w=0.15,q_F=10,q_tau=1,filt=1,gate=1,ffu=1,qyaw=1,obs=1,aci=2]",18,6.790061712265015,0,0.8013864541832669,7.342397994120638,12.154385878238827,
0.08179506038347471,0.09133522071975138,0.1458558417098639,0.4654165143938371,0.4654165143938371,1152.6079036831386,16.716919019318258,0.31673306772908366,0.0021362167783915975,0.0,0.0,obsx,torque,"nmpc+kf[r_v=0.15,r_w=0.15,q_F=10,q_tau=1,filt=1,gate=1,ffu=1,qyaw=1,obs=1,aci=2]",19,7.033925533294678,0,0.86699203187251,7.599943639818148,14.811077932827175,
0.08935649200537522,0.09980579765199715,0.2211682699228464,1.438922329606165,1.438922329606165,1223.6059718271201,23.465984341798773,0.24701195219123506,0.0010155311130145561,0.0,0.0,obsx,torque,"nmpc+learned[model=gdn_mix2,filt=1,gate=1,ffu=1,qyaw=1,obs=1,aci=1,aci_alpha=0.02]",0,5.511052370071411,0,0.5688605577689244,7.126391589812251,18.309962383937105,
0.036220821884571416,0.04044497739694724,0.10110683011306468,0.250776500261329,0.250776500261329,1035.4434249574826,27.351195228530322,0.00796812749003984,0.0012378493320512884,0.0,0.0,obsx,torque,"nmpc+learned[model=gdn_mix2,filt=1,gate=1,ffu=1,qyaw=1,obs=1,aci=1,aci_alpha=0.02]",1,9.664448261260986,0,1.122886454183267,12.592589856956556,19.66936983866618,
0.05316216304850072,0.05937658399163673,0.1174523559403652,0.4484180356189868,0.4484180356189868,1005.6565363280125,26.67149229260505,0.055776892430278883,0.0013984690238404984,0.0,0.0,obsx,torque,"nmpc+learned[model=gdn_mix2,filt=1,gate=1,ffu=1,qyaw=1,obs=1,aci=1,aci_alpha=0.02]",2,8.100253105163574,0,0.7773426294820717,10.447578406354703,17.848812059964988,
0.12962503407461956,0.14484511273352593,0.325620391099974,0.7189770357438647,0.7189770357438647,1329.2955259404557,25.755669466759624,0.28087649402390436,0.0020763198929529825,0.0,0.0,obsx,torque,"nmpc+learned[model=gdn_mix2,filt=1,gate=1,ffu=1,qyaw=1,obs=1,aci=1,aci_alpha=0.02]",3,8.254241466522217,0,0.9023147410358566,10.809662615030676,19.729948618914936,
0.055331281535257515,0.06181000588958589,0.10979327844682392,0.533535963345873,0.533535963345873,1123.0347585600477,15.725801744247118,0.045816733067729085,0.0015643183537763505,0.0,0.0,obsx,torque,"nmpc+learned[model=gdn_mix2,filt=1,gate=1,ffu=1,qyaw=1,obs=1,aci=1,aci_alpha=0.02]",4,8.600967168807983,0,1.0008227091633468,11.156079656652276,17.72255478659645,
0.05702088873176241,0.06370242409035841,0.11016821548089209,0.5612114226388867,0.5612114226388867,1293.0992028230498,11.770841348971446,0.061752988047808766,0.0014731381620568529,0.0,0.0,obsx,torque,"nmpc+learned[model=gdn_mix2,filt=1,gate=1,ffu=1,qyaw=1,obs=1,aci=1,aci_alpha=0.02]",5,3.8760311603546143,0,0.41634462151394425,4.915072701396458,10.556993838399649,
0.10607518130427822,0.11833197673184533,0.24617605078307492,0.7480098080450948,0.7480098080450948,1354.5936548163704,29.332645660423225,0.2848605577689243,0.001328978385149282,0.0,0.0,obsx,torque,"nmpc+learned[model=gdn_mix2,filt=1,gate=1,ffu=1,qyaw=1,obs=1,aci=1,aci_alpha=0.02]",6,9.860530138015747,0,1.1584043824701196,12.955488737271839,19.6389474021271,
0.05467496309222077,0.0610480717197308,0.12462176408820164,2.7631441207108027,2.7631441207108027,1748.1869783949371,37.98188518789453,0.07171314741035857,0.0008995201096977934,0.0,0.0,obsx,torque,"nmpc+learned[model=gdn_mix2,filt=1,gate=1,ffu=1,qyaw=1,obs=1,aci=1,aci_alpha=0.02]",7,9.327183961868286,0,1.1430019920318728,12.137089000246766,17.59077756199986,
0.05788431172092303,0.06465668959492123,0.10349091233346804,0.540041395954385,0.540041395954385,798.1795584098272,24.25687835055197,0.035856573705179286,0.001751151239043458,0.0,0.0,obsx,torque,"nmpc+learned[model=gdn_mix2,filt=1,gate=1,ffu=1,qyaw=1,obs=1,aci=1,aci_alpha=0.02]",8,3.2299437522888184,0,0.3501673306772908,4.104036610087461,10.012266647536308,
0.04494467542717837,0.05017388854835217,0.08597516962490298,0.3345275636852037,0.3345275636852037,658.3517536034022,8.69956052498194,0.0,0.0011006065069535942,0.0,0.0,obsx,torque,"nmpc+learned[model=gdn_mix2,filt=1,gate=1,ffu=1,qyaw=1,obs=1,aci=1,aci_alpha=0.02]",9,3.025743246078491,0,0.3161872509960159,3.8262295436514804,9.915538958739491,
0.033263041662232956,0.037125415958539014,0.057565915314401854,0.4037754351743633,0.4037754351743633,814.9441665328195,10.4310863108813,0.0,0.0017410185019311464,0.0,0.0,obsx,torque,"nmpc+learned[model=gdn_mix2,filt=1,gate=1,ffu=1,qyaw=1,obs=1,aci=1,aci_alpha=0.02]",10,3.121304750442505,0,0.3334203187250996,3.9463792491585488,7.730776746757329,
0.04111141553778544,0.045851627916859775,0.09517357118820066,0.20987767507600386,0.20987767507600386,645.0519464936569,10.323368217756197,0.0,0.001795696066242386,0.0,0.0,obsx,torque,"nmpc+learned[model=gdn_mix2,filt=1,gate=1,ffu=1,qyaw=1,obs=1,aci=1,aci_alpha=0.02]",11,8.501355648040771,0,0.8859203187250996,10.915563215011828,17.75872007012368,
0.056377639777412544,0.06297963621427673,0.10245823962663446,0.35982961595739493,0.35982961595739493,876.4857045446016,13.545068872188919,0.029880478087649404,0.0010670377435696432,0.0,0.0,obsx,torque,"nmpc+learned[model=gdn_mix2,filt=1,gate=1,ffu=1,qyaw=1,obs=1,aci=1,aci_alpha=0.02]",12,3.144469976425171,0,0.3166513944223107,3.940108473379299,6.818300657905638,
0.06461084198695664,0.07218236897825879,0.10106324309378856,0.7307692417817264,0.7307692417817264,1339.0447710579233,20.03058302890595,0.017928286852589643,0.0009719880232382239,0.0,0.0,obsx,torque,"nmpc+learned[model=gdn_mix2,filt=1,gate=1,ffu=1,qyaw=1,obs=1,aci=1,aci_alpha=0.02]",13,9.573627948760986,0,0.8680637450199205,12.410439362571356,22.878554861526936,
0.05307757958263628,0.05929554264828633,0.09311198808722934,0.2136043508997906,0.2136043508997906,762.6131272526117,9.150044467045626,0.0,0.0014081517285999823,0.0,0.0,obsx,torque,"nmpc+learned[model=gdn_mix2,filt=1,gate=1,ffu=1,qyaw=1,obs=1,aci=1,aci_alpha=0.02]",14,3.5568618774414062,0,0.3842290836653386,4.528781689937222,10.448899262119085,
0.09184369715854329,0.10254590719748748,0.18725775744821052,0.44705739409917544,0.44705739409917544,1139.1344374842467,12.295381091750876,0.25298804780876494,0.0009420137371177195,0.0,0.0,obsx,torque,"nmpc+learned[model=gdn_mix2,filt=1,gate=1,ffu=1,qyaw=1,obs=1,aci=1,aci_alpha=0.02]",15,8.195228576660156,0,0.8906015936254981,10.598335589052168,16.8519582063891,
0.03460764055320974,0.038638974161963116,0.09797342064238623,0.41050744002589556,0.41050744002589556,1028.0379344687215,20.739855271047194,0.0,0.0008945745146431983,0.0,0.0,obsx,torque,"nmpc+learned[model=gdn_mix2,filt=1,gate=1,ffu=1,qyaw=1,obs=1,aci=1,aci_alpha=0.02]",16,8.459413290023804,0,0.9906075697211154,10.862820543834857,17.68026574747637,
0.02278146713830128,0.02541391995209815,0.05349575012484559,0.293439935420957,0.293439935420957,931.3506091522461,12.525616236486176,0.0,0.0025754004286156484,0.0,0.0,obsx,torque,"nmpc+learned[model=gdn_mix2,filt=1,gate=1,ffu=1,qyaw=1,obs=1,aci=1,aci_alpha=0.02]",17,7.791020154953003,0,0.7240199203187251,9.865833273383815,18.804178857244562,
0.04956017451235645,0.05535119879982129,0.09132778627439023,0.4461578889460136,0.4461578889460136,1058.9295380198832,27.484562488695207,0.0,0.002275704877911122,0.0,0.0,obsx,torque,"nmpc+learned[model=gdn_mix2,filt=1,gate=1,ffu=1,qyaw=1,obs=1,aci=1,aci_alpha=0.02]",18,5.40594220161438,0,0.5355219123505975,6.8842492444789505,11.615422556642443,
0.08174660977959176,0.09126186073855215,0.14559144570822632,0.4721935040604409,0.4721935040604409,923.2429218770816,18.685000609384453,0.32669322709163345,0.0013089748110032273,0.0,0.0,obsx,torque,"nmpc+learned[model=gdn_mix2,filt=1,gate=1,ffu=1,qyaw=1,obs=1,aci=1,aci_alpha=0.02]",19,3.8623127937316895,0,0.40562151394422313,5.012264785976464,10.581120422575623,
0.0947903279741428,0.10587977197278103,0.23046504666098092,1.4115030667996458,1.4115030667996458,1427.6090625137965,23.585711391473353,0.26294820717131473,0.012358312213496536,0.0,0.0,obsx,torque,"nmpc+learned[model=gdn_mix2,filt=1,gate=1,ffu=1,qyaw=1,obs=1,aci=1,obsm=0.01]",0,8.360254526138306,0,0.9370458167330676,10.85486318971739,17.87984195863828,
0.041605584797160394,0.046466341498955954,0.11272249385710104,0.3265448746764709,0.3265448746764709,1109.4376522982486,29.921037133363786,0.03386454183266932,0.011621640078472384,0.0,0.0,obsx,torque,"nmpc+learned[model=gdn_mix2,filt=1,gate=1,ffu=1,qyaw=1,obs=1,aci=1,obsm=0.01]",1,5.707192420959473,0,0.6030199203187251,7.259343427038228,16.831278812605888,
0.06027785450880693,0.06733186426798113,0.12762325567501628,0.5162895980370672,0.5162895980370672,1200.9245967036093,30.60351245966406,0.1254980079681275,0.011613867509936981,0.0,0.0,obsx,torque,"nmpc+learned[model=gdn_mix2,filt=1,gate=1,ffu=1,qyaw=1,obs=1,aci=1,obsm=0.01]",2,3.330092668533325,0,0.3453844621513944,4.215745145892836,10.227849096991122,
0.13378483732391677,0.149493864974106,0.33798010500163844,0.6428946228192195,0.6428946228192195,1457.7629285824557,28.777557708057152,0.3426294820717131,0.012547164588254667,0.0,0.0,obsx,torque,"nmpc+learned[model=gdn_mix2,filt=1,gate=1,ffu=1,qyaw=1,obs=1,aci=1,obsm=0.01]",3,9.932996034622192,0,0.8901394422310758,12.782747285399749,22.66022396273911,
0.061253500637357704,0.06843002886943482,0.12205850654161793,0.5382691087615301,0.5382691087615301,1067.6466317850045,15.844783737683471,0.09163346613545817,0.012729293291555588,0.0,0.0,obsx,torque,"nmpc+learned[model=gdn_mix2,filt=1,gate=1,ffu=1,qyaw=1,obs=1,aci=1,obsm=0.01]",4,7.322693586349487,0,0.7000378486055776,9.481224111296177,17.014765813946724,
0.06367925219631179,0.07114486727774794,0.12087646215220926,0.6281497260539252,0.6281497260539252,1410.1252078323182,12.45269237194246,0.08366533864541832,0.012443302314384758,0.0,0.0,obsx,torque,"nmpc+learned[model=gdn_mix2,filt=1,gate=1,ffu=1,qyaw=1,obs=1,aci=1,obsm=0.01]",5,3.9955074787139893,0,0.4240298804780876,5.085388373813603,10.381800148170441,
0.11380266073942426,0.12697438777504888,0.2609740657801186,0.7858426993187059,0.7858426993187059,1585.9196273939424,31.215669311771496,0.3207171314741036,0.012549910681562026,0.0,0.0,obsx,torque,"nmpc+learned[model=gdn_mix2,filt=1,gate=1,ffu=1,qyaw=1,obs=1,aci=1,obsm=0.01]",6,4.504214763641357,0,0.5190657370517928,5.828937806886625,14.691087394021457,
0.06325785350350437,0.07064604482199231,0.14198716076737566,2.6712818115358594,2.671281811535859,1855.0212771904335,42.85663167982138,0.11354581673306773,0.012092935845544439,0.0,0.0,obsx,torque,"nmpc+learned[model=gdn_mix2,filt=1,gate=1,ffu=1,qyaw=1,obs=1,aci=1,obsm=0.01]",7,3.4034621715545654,0,0.321109561752988,4.260253003497879,7.856171950697901,
0.06541539047332168,0.07307569547146325,0.11460793848878735,0.5756184373414036,0.5756184373414036,848.2074215013467,25.408167944149977,0.11155378486055777,0.012054524448940312,0.0,0.0,obsx,torque,"nmpc+learned[model=gdn_mix2,filt=1,gate=1,ffu=1,qyaw=1,obs=1,aci=1,obsm=0.01]",8,3.3173141479492188,0,0.32969521912350597,4.144839336260768,10.335396006703377,
0.05234898157570051,0.058455223121865546,0.09925773655957194,0.35276876738051216,0.35276876738051216,795.1829821000523,9.245720601321699,0.0,0.012557549850606697,0.0,0.0,obsx,torque,"nmpc+learned[model=gdn_mix2,filt=1,gate=1,ffu=1,qyaw=1,obs=1,aci=1,obsm=0.01]",9,3.2237496376037598,0,0.30628286852589637,4.1705444302090795,7.400862523354592,
0.04004700487613932,0.044714068143616774,0.06717763806617046,0.4061918424568796,0.4061918424568796,1044.9126723831876,9.088632887356214,0.0,0.01206687438479137,0.0,0.0,obsx,torque,"nmpc+learned[model=gdn_mix2,filt=1,gate=1,ffu=1,qyaw=1,obs=1,aci=1,obsm=0.01]",10,7.212797164916992,0,0.8545338645418328,9.268812797648232,16.890410725027323,
0.04703199680268508,0.052478812657346954,0.10116038128869824,0.2111357752327695,0.2111357752327695,814.7698738250026,12.582453485324216,0.017928286852589643,0.013096109523240529,0.0,0.0,obsx,torque,"nmpc+learned[model=gdn_mix2,filt=1,gate=1,ffu=1,qyaw=1,obs=1,aci=1,obsm=0.01]",11,3.376986265182495,0,0.32354382470119525,4.214464555553855,10.200011078268291,
0.06521143856486623,0.07285406207360462,0.11310867728919544,0.4001832661622617,0.4001832661622617,1050.3658469232457,13.73400618587911,0.10756972111553785,0.01125752977475844,0.0,0.0,obsx,torque,"nmpc+learned[model=gdn_mix2,filt=1,gate=1,ffu=1,qyaw=1,obs=1,aci=1,obsm=0.01]",12,6.406728982925415,0,0.7253525896414341,8.232101241490282,17.07909503253177,
0.07745167477560172,0.08653482977200996,0.12011825625853109,0.7813052856239474,0.7813052856239474,1894.2989479213486,21.798918585976732,0.2749003984063745,0.011720236752703672,0.0,0.0,obsx,torque,"nmpc+learned[model=gdn_mix2,filt=1,gate=1,ffu=1,qyaw=1,obs=1,aci=1,obsm=0.01]",13,9.444498538970947,0,0.9548087649402391,12.320917070958302,19.432005011476583,
0.06026899840322961,0.06733387658632989,0.10167490459941911,0.23376715734840334,0.23376715734840328,833.225413477329,9.170404780771273,0.02390438247011952,0.013341904977809016,0.0,0.0,obsx,torque,"nmpc+learned[model=gdn_mix2,filt=1,gate=1,ffu=1,qyaw=1,obs=1,aci=1,obsm=0.01]",14,3.145294427871704,0,0.3652111553784861,3.988963911269024,9.954580073244871,
0.09981223061979394,0.11145551562598377,0.19658990962752002,0.4543765682135047,0.4543765682135047,1368.843346855512,11.788516848882034,0.34063745019920316,0.012750580087029895,0.0,0.0,obsx,torque,"nmpc+learned[model=gdn_mix2,filt=1,gate=1,ffu=1,qyaw=1,obs=1,aci=1,obsm=0.01]",15,8.767704010009766,0,1.044663346613546,11.48125606420194,18.739403283689178,
0.03940262223385895,0.04400143466029926,0.10870741562314383,0.4322100792571945,0.4322100792571945,1046.2459755741113,21.80699559489105,0.04183266932270916,0.012240831818537523,0.0,0.0,obsx,torque,"nmpc+learned[model=gdn_mix2,filt=1,gate=1,ffu=1,qyaw=1,obs=1,aci=1,obsm=0.01]",16,2.883985757827759,0,0.32429880478087647,3.6330208492157348,4.942604317329826,
0.028153179095797454,0.031425066935654146,0.06469965830453397,0.31357655686207386,0.31357655686207386,987.0342798262262,13.681375172914716,0.0,0.012528366164052507,0.0,0.0,obsx,torque,"nmpc+learned[model=gdn_mix2,filt=1,gate=1,ffu=1,qyaw=1,obs=1,aci=1,obsm=0.01]",17,7.422842741012573,0,0.7174203187250997,9.4780667570876,16.971567235887054,
0.056706875479224386,0.06334141797521427,0.10154841823730873,0.5078292583896777,0.5078292583896779,1275.435403339766,29.80817882370429,0.027888446215139442,0.011343909231541771,0.0,0.0,obsx,torque,"nmpc+learned[model=gdn_mix2,filt=1,gate=1,ffu=1,qyaw=1,obs=1,aci=1,obsm=0.01]",18,9.794237613677979,0,1.2427808764940238,12.798190500913744,22.689172367099673,
0.08973511819822437,0.1001965210192226,0.15850215510417423,0.48302306069802536,0.48302306069802536,1167.1204156408037,17.37004620935427,0.39243027888446214,0.012082466725284763,0.0,0.0,obsx,torque,"nmpc+learned[model=gdn_mix2,filt=1,gate=1,ffu=1,qyaw=1,obs=1,aci=1,obsm=0.01]",19,8.282563924789429,0,0.8910278884462152,10.76447622724382,16.977462093345824,
0.08904857664850832,0.09947511936244947,0.22130792014024697,1.3916869462188992,1.3916869462188992,1364.8468665254074,23.65136054115475,0.24701195219123506,0.0023594188075802824,0.0,0.0,obsx,torque,"nmpc+learned[model=gdn_mix2,filt=1,gate=1,ffu=1,qyaw=1,obs=1,aci=1]",0,8.787618637084961,0,1.0051374501992032,11.383545291387435,17.832802997436374,
0.03510223185932315,0.03919399005511583,0.10096963757238779,0.28254827931490595,0.28254827931490595,1064.6369414329379,27.75539066597795,0.00796812749003984,0.0019746195446531667,0.0,0.0,obsx,torque,"nmpc+learned[model=gdn_mix2,filt=1,gate=1,ffu=1,qyaw=1,obs=1,aci=1]",1,6.320136785507202,0,0.6696693227091634,8.203336649455604,17.635411126539115,
0.053603019273234666,0.05986948557589649,0.11439208554955876,0.46267971852220086,0.46267971852220074,1148.9524374572054,28.0118649032562,0.04780876494023904,0.0019916880749351606,0.0,0.0,obsx,torque,"nmpc+learned[model=gdn_mix2,filt=1,gate=1,ffu=1,qyaw=1,obs=1,aci=1]",2,8.220998287200928,0,0.8426932270916335,10.681907774368486,17.29751464677975,
0.12858431188954705,0.14368223706884925,0.325499610591472,0.5906018023162799,0.5906018023162799,1360.080391399569,27.664868014095223,0.28884462151394424,0.0025922333316842905,0.0,0.0,obsx,torque,"nmpc+learned[model=gdn_mix2,filt=1,gate=1,ffu=1,qyaw=1,obs=1,aci=1]",3,6.7626824378967285,0,0.8837171314741036,8.76846274804413,17.6569848950021,
0.05477127434912887,0.061183990873995286,0.11064823265857959,0.5159521670407399,0.5159521670407399,1050.2125519066774,15.744635610905785,0.045816733067729085,0.0027131616417837012,0.0,0.0,obsx,torque,"nmpc+learned[model=gdn_mix2,filt=1,gate=1,ffu=1,qyaw=1,obs=1,aci=1]",4,3.4038519859313965,0,0.32229681274900396,4.268510372422457,10.17645865911618,
0.05623141185417158,0.06282329214604263,0.1107474299544555,0.5641108631574066,0.5641108631574066,1441.048443253192,11.60250795865335,0.055776892430278883,0.0023959195229193986,0.0,0.0,obsx,torque,"nmpc+learned[model=gdn_mix2,filt=1,gate=1,ffu=1,qyaw=1,obs=1,aci=1]",5,3.207601308822632,0,0.34857171314741037,4.0607767149924765,10.206878399476409,
0.10608961548469034,0.11839695072584315,0.24739246566165413,0.7276358104790058,0.7276358104790058,1563.207514663628,29.990524817936716,0.2868525896414343,0.002560677535480893,0.0,0.0,obsx,torque,"nmpc+learned[model=gdn_mix2,filt=1,gate=1,ffu=1,qyaw=1,obs=1,aci=1]",6,8.427921533584595,0,0.8945398406374502,10.876789015153816,22.336986078880752,
0.05448779568277247,0.060838744548669374,0.121404628719799,2.430535423345867,2.430535423345867,1680.574300528746,39.396367845555474,0.07370517928286853,0.002085846733110852,0.0,0.0,obsx,torque,"nmpc+learned[model=gdn_mix2,filt=1,gate=1,ffu=1,qyaw=1,obs=1,aci=1]",7,10.117979288101196,0,0.9809342629482072,13.050608402785969,19.50803737156093,
0.057750792581251466,0.06450742079928573,0.10142390573539728,0.5429465799925968,0.5429465799925968,837.2432325114993,23.783142418180127,0.035856573705179286,0.0020879255167146615,0.0,0.0,obsx,torque,"nmpc+learned[model=gdn_mix2,filt=1,gate=1,ffu=1,qyaw=1,obs=1,aci=1]",8,3.252305507659912,0,0.3321533864541833,4.09908135156277,10.060949423350394,
0.0462699948419149,0.05165635923954344,0.0894042774762209,0.34675345616137443,0.34675345616137443,784.1030219870255,8.79337074003168,0.0,0.0028257541665572816,0.0,0.0,obsx,torque,"nmpc+learned[model=gdn_mix2,filt=1,gate=1,ffu=1,qyaw=1,obs=1,aci=1]",9,3.2056615352630615,0,0.32138047808764936,4.012522839132207,10.272340951487422,
0.033008277912600685,0.03684088861554798,0.057244116772815865,0.3917599214383831,0.3917599214383831,998.116410692106,8.572678975188566,0.0,0.0018253867727798245,0.0,0.0,obsx,torque,"nmpc+learned[model=gdn_mix2,filt=1,gate=1,ffu=1,qyaw=1,obs=1,aci=1]",10,3.145918369293213,0,0.34693027888446215,3.943497337775668,10.018285124097021,
0.03985787027923264,0.044467506591344054,0.09072687496250774,0.20657487178997797,0.20657487178997797,754.0420533804992,10.906614208085633,0.0,0.0033136550586179425,0.0,0.0,obsx,torque,"nmpc+learned[model=gdn_mix2,filt=1,gate=1,ffu=1,qyaw=1,obs=1,aci=1]",11,3.630192995071411,0,0.38856573705179287,4.587639351393953,10.193765452131629,
0.05798695856587864,0.06477862609455924,0.10299291930762892,0.3909581286952798,0.3909581286952798,1024.8203690210069,13.413704189394338,0.03187250996015936,0.0012126722676271962,0.0,0.0,obsx,torque,"nmpc+learned[model=gdn_mix2,filt=1,gate=1,ffu=1,qyaw=1,obs=1,aci=1]",12,8.345560789108276,0,0.8097470119521911,10.692955561972916,17.547276332043115,
0.06696787652347692,0.0748169641878621,0.10406166808186702,0.7087974569146032,0.7087974569146032,1900.870880439909,20.623956464041868,0.06573705179282868,0.0016001979511673925,0.0,0.0,obsx,torque,"nmpc+learned[model=gdn_mix2,filt=1,gate=1,ffu=1,qyaw=1,obs=1,aci=1]",13,8.959808826446533,0,1.0396314741035857,11.744082059369857,17.81388983828947,
0.05278030038986831,0.05896324141425788,0.09095167045816913,0.2169839858102517,0.2169839858102517,805.8666724455214,9.148475335355343,0.0,0.0029329380359793267,0.0,0.0,obsx,torque,"nmpc+learned[model=gdn_mix2,filt=1,gate=1,ffu=1,qyaw=1,obs=1,aci=1]",14,3.9162485599517822,0,0.4437051792828685,5.039760667600658,10.56646070443094,
0.09062652011838829,0.10120849631361392,0.18342079182342402,0.44770129746760523,0.44770129746760523,1300.168412263992,10.502695851008284,0.24900398406374502,0.002685749507196883,0.0,0.0,obsx,torque,"nmpc+learned[model=gdn_mix2,filt=1,gate=1,ffu=1,qyaw=1,obs=1,aci=1]",15,5.927676677703857,0,0.6430338645418325,7.7089773731276505,16.71198716154322,
0.03402236584709281,0.03798435237063351,0.0981012826483418,0.32037502574198923,0.32037502574198923,945.8096752574521,20.366465530808235,0.0,0.0022110114791864532,0.0,0.0,obsx,torque,"nmpc+learned[model=gdn_mix2,filt=1,gate=1,ffu=1,qyaw=1,obs=1,aci=1]",16,6.401378393173218,0,0.7321075697211156,8.149157746683851,16.929643391631544,
0.02246513085433049,0.025059802547240176,0.05394645675717907,0.2874502048789102,0.2874502048789102,948.6408600097997,11.871661165636922,0.0,0.0023808002286773156,0.0,0.0,obsx,torque,"nmpc+learned[model=gdn_mix2,filt=1,gate=1,ffu=1,qyaw=1,obs=1,aci=1]",17,7.781685829162598,0,0.7758964143426296,9.983397187735603,16.912890921812505,
0.0493474352545261,0.05511331776376538,0.09210126012582738,0.4951874716885896,0.4951874716885896,1199.43168055397,27.018419351445626,0.0,0.00154520501147426,0.0,0.0,obsx,torque,"nmpc+learned[model=gdn_mix2,filt=1,gate=1,ffu=1,qyaw=1,obs=1,aci=1]",18,8.054585218429565,0,0.8967310756972111,10.437029591052834,17.15872982284054,
0.08091521619551269,0.09034869428710168,0.14480796483684785,0.45209004167434325,0.45209004167434325,1085.268015496557,16.658601215067513,0.31673306772908366,0.0020863212720385604,0.0,0.0,obsx,torque,"nmpc+learned[model=gdn_mix2,filt=1,gate=1,ffu=1,qyaw=1,obs=1,aci=1]",19,8.97109580039978,0,0.9267031872509959,11.795319141857178,19.304213796276613,
0.08935649200537522,0.09980579765199715,0.2211682699228464,1.438922329606165,1.438922329606165,1223.6059718271201,23.465984341798773,0.24701195219123506,0.0010155311130145561,0.0,0.0,obsx,torque,"nmpc+learned[model=gdn_mix2,filt=1,gate=1,ffu=1,qyaw=1,obs=1,aci=2,aci_alpha=0.02]",0,3.1283867359161377,0,0.3301175298804781,3.951596034008015,7.455717599950731,
0.036220821884571416,0.04044497739694724,0.10110683011306468,0.250776500261329,0.250776500261329,1035.4434249574826,27.351195228530322,0.00796812749003984,0.0012378493320512884,0.0,0.0,obsx,torque,"nmpc+learned[model=gdn_mix2,filt=1,gate=1,ffu=1,qyaw=1,obs=1,aci=2,aci_alpha=0.02]",1,8.12885046005249,0,0.823585657370518,10.568430995572344,18.373835736420013,
0.05316216304850072,0.05937658399163673,0.1174523559403652,0.4484180356189868,0.4484180356189868,1005.6565363280125,26.67149229260505,0.055776892430278883,0.0013984690238404984,0.0,0.0,obsx,torque,"nmpc+learned[model=gdn_mix2,filt=1,gate=1,ffu=1,qyaw=1,obs=1,aci=2,aci_alpha=0.02]",2,3.164137363433838,0,0.3448247011952192,4.023406204240641,6.701782627496868,
0.12962503407461956,0.14484511273352593,0.325620391099974,0.7189770357438647,0.7189770357438647,1329.2955259404557,25.755669466759624,0.28087649402390436,0.0020763198929529825,0.0,0.0,obsx,torque,"nmpc+learned[model=gdn_mix2,filt=1,gate=1,ffu=1,qyaw=1,obs=1,aci=2,aci_alpha=0.02]",3,7.007134675979614,0,0.7314123505976096,9.124206017751053,18.757428543176502,
0.055331281535257515,0.06181000588958589,0.10979327844682392,0.533535963345873,0.533535963345873,1123.0347585600477,15.725801744247118,0.045816733067729085,0.0015643183537763505,0.0,0.0,obsx,torque,"nmpc+learned[model=gdn_mix2,filt=1,gate=1,ffu=1,qyaw=1,obs=1,aci=2,aci_alpha=0.02]",4,5.914754152297974,0,0.5512250996015937,7.448589296610766,22.641120618209246,
0.05702242587016214,0.06370257757243711,0.11191707043012955,0.4842947929574698,0.4842947929574698,1139.61607078831,10.910266516892715,0.05776892430278884,0.001955521262409443,0.0,0.0,obsx,torque,"nmpc+learned[model=gdn_mix2,filt=1,gate=1,ffu=1,qyaw=1,obs=1,aci=2,aci_alpha=0.02]",5,10.04766058921814,0,1.0607370517928285,13.158872666067454,19.421745731960986,
0.10697803248519436,0.11930997617525944,0.24673275736006692,0.7344756758908801,0.7344756758908801,1270.3964607219273,28.985003032196524,0.2868525896414343,0.0027519446143844384,0.0,0.0,obsx,torque,"nmpc+learned[model=gdn_mix2,filt=1,gate=1,ffu=1,qyaw=1,obs=1,aci=2,aci_alpha=0.02]",6,3.158080816268921,0,0.3401972111553785,3.9986198558379336,8.02750089671463,
0.05467496309222077,0.0610480717197308,0.12462176408820164,2.7631441207108027,2.7631441207108027,1748.1869783949371,37.98188518789453,0.07171314741035857,0.0008995201096977934,0.0,0.0,obsx,torque,"nmpc+learned[model=gdn_mix2,filt=1,gate=1,ffu=1,qyaw=1,obs=1,aci=2,aci_alpha=0.02]",7,5.521600008010864,0,0.5660139442231077,7.134806218675794,17.018908674363047,
0.05788431172092303,0.06465668959492123,0.10349091233346804,0.540041395954385,0.540041395954385,798.1795584098272,24.25687835055197,0.035856573705179286,0.001751151239043458,0.0,0.0,obsx,torque,"nmpc+learned[model=gdn_mix2,filt=1,gate=1,ffu=1,qyaw=1,obs=1,aci=2,aci_alpha=0.02]",8,8.740661859512329,0,0.8065796812749004,11.27662191740738,22.686166099738347,
0.04494467542717837,0.05017388854835217,0.08597516962490298,0.3345275636852037,0.3345275636852037,658.3517536034022,8.69956052498194,0.0,0.0011006065069535942,0.0,0.0,obsx,torque,"nmpc+learned[model=gdn_mix2,filt=1,gate=1,ffu=1,qyaw=1,obs=1,aci=2,aci_alpha=0.02]",9,8.196468114852905,0,0.8144342629482071,10.610382904695623,17.061051095370207,
0.033263041662232956,0.037125415958539014,0.057565915314401854,0.4037754351743633,0.4037754351743633,814.9441665328195,10.4310863108813,0.0,0.0017410185019311464,0.0,0.0,obsx,torque,"nmpc+learned[model=gdn_mix2,filt=1,gate=1,ffu=1,qyaw=1,obs=1,aci=2,aci_alpha=0.02]",10,8.53379225730896,0,0.8587529880478086,11.16259958533815,20.76703214086593,
0.04111141553778544,0.045851627916859775,0.09517357118820066,0.20987767507600386,0.20987767507600386,645.0519464936569,10.323368217756197,0.0,0.001795696066242386,0.0,0.0,obsx,torque,"nmpc+learned[model=gdn_mix2,filt=1,gate=1,ffu=1,qyaw=1,obs=1,aci=2,aci_alpha=0.02]",11,8.376230716705322,0,0.9055657370517929,10.846333786941678,18.750645674299452,
0.056377639777412544,0.06297963621427673,0.10245823962663446,0.35982961595739493,0.35982961595739493,876.4857045446016,13.545068872188919,0.029880478087649404,0.0010670377435696432,0.0,0.0,obsx,torque,"nmpc+learned[model=gdn_mix2,filt=1,gate=1,ffu=1,qyaw=1,obs=1,aci=2,aci_alpha=0.02]",12,3.3993561267852783,0,0.32712948207171316,4.278924449743977,10.520449450705206,
0.06461084198695664,0.07218236897825879,0.10106324309378856,0.7307692417817264,0.7307692417817264,1339.0447710579233,20.03058302890595,0.017928286852589643,0.0009719880232382239,0.0,0.0,obsx,torque,"nmpc+learned[model=gdn_mix2,filt=1,gate=1,ffu=1,qyaw=1,obs=1,aci=2,aci_alpha=0.02]",13,3.3407442569732666,0,0.3368665338645418,4.236603020764591,10.482185487635435,
0.05307757958263628,0.05929554264828633,0.09311198808722934,0.2136043508997906,0.2136043508997906,762.6131272526117,9.150044467045626,0.0,0.0014081517285999823,0.0,0.0,obsx,torque,"nmpc+learned[model=gdn_mix2,filt=1,gate=1,ffu=1,qyaw=1,obs=1,aci=2,aci_alpha=0.02]",14,3.3586363792419434,0,0.33874900398406366,4.200656734132375,10.364216577727348,
0.09184369715854329,0.10254590719748748,0.18725775744821052,0.44705739409917544,0.44705739409917544,1139.1344374842467,12.295381091750876,0.25298804780876494,0.0009420137371177195,0.0,0.0,obsx,torque,"nmpc+learned[model=gdn_mix2,filt=1,gate=1,ffu=1,qyaw=1,obs=1,aci=2,aci_alpha=0.02]",15,10.450696468353271,0,1.0803705179282868,13.667091113641355,19.747380332555625,
0.03460764055320974,0.038638974161963116,0.09797342064238623,0.41050744002589556,0.41050744002589556,1028.0379344687215,20.739855271047194,0.0,0.0008945745146431983,0.0,0.0,obsx,torque,"nmpc+learned[model=gdn_mix2,filt=1,gate=1,ffu=1,qyaw=1,obs=1,aci=2,aci_alpha=0.02]",16,7.727791786193848,0,0.8399561752988047,9.940124747150417,16.89567602938041,
0.02278146713830128,0.02541391995209815,0.05349575012484559,0.293439935420957,0.293439935420957,931.3506091522461,12.525616236486176,0.0,0.0025754004286156484,0.0,0.0,obsx,torque,"nmpc+learned[model=gdn_mix2,filt=1,gate=1,ffu=1,qyaw=1,obs=1,aci=2,aci_alpha=0.02]",17,3.384467601776123,0,0.3549422310756972,4.278884645907646,10.09157360298559,
0.04956017451235645,0.05535119879982129,0.09132778627439023,0.4461578889460136,0.4461578889460136,1058.9295380198832,27.484562488695207,0.0,0.002275704877911122,0.0,0.0,obsx,torque,"nmpc+learned[model=gdn_mix2,filt=1,gate=1,ffu=1,qyaw=1,obs=1,aci=2,aci_alpha=0.02]",18,7.979065895080566,0,0.9312868525896414,10.420390413573154,16.987639092840254,
0.08174660977959176,0.09126186073855215,0.14559144570822632,0.4721935040604409,0.4721935040604409,923.2429218770816,18.685000609384453,0.32669322709163345,0.0013089748110032273,0.0,0.0,obsx,torque,"nmpc+learned[model=gdn_mix2,filt=1,gate=1,ffu=1,qyaw=1,obs=1,aci=2,aci_alpha=0.02]",19,3.228092670440674,0,0.3440378486055777,4.090026093357469,10.334732045885175,
0.08904857664850832,0.09947511936244947,0.22130792014024697,1.3916869462188992,1.3916869462188992,1364.8468665254074,23.65136054115475,0.24701195219123506,0.0023594188075802824,0.0,0.0,obsx,torque,"nmpc+learned[model=gdn_mix2,filt=1,gate=1,ffu=1,qyaw=1,obs=1,aci=2]",0,3.3411288261413574,0,0.36918725099601596,4.21086342521086,10.12266305508092,
0.03510223185932315,0.03919399005511583,0.10096963757238779,0.28254827931490595,0.28254827931490595,1064.6369414329379,27.75539066597795,0.00796812749003984,0.0019746195446531667,0.0,0.0,obsx,torque,"nmpc+learned[model=gdn_mix2,filt=1,gate=1,ffu=1,qyaw=1,obs=1,aci=2]",1,3.340843439102173,0,0.34439442231075695,4.16301566767933,10.15502178343013,
0.053603019273234666,0.05986948557589649,0.11439208554955876,0.46267971852220086,0.46267971852220074,1148.9524374572054,28.0118649032562,0.04780876494023904,0.0019916880749351606,0.0,0.0,obsx,torque,"nmpc+learned[model=gdn_mix2,filt=1,gate=1,ffu=1,qyaw=1,obs=1,aci=2]",2,7.846319675445557,0,0.9285637450199205,10.192111118759707,19.77824259316549,
0.12858431188954705,0.14368223706884925,0.325499610591472,0.5906018023162799,0.5906018023162799,1360.080391399569,27.664868014095223,0.28884462151394424,0.0025922333316842905,0.0,0.0,obsx,torque,"nmpc+learned[model=gdn_mix2,filt=1,gate=1,ffu=1,qyaw=1,obs=1,aci=2]",3,3.8494324684143066,0,0.5083645418326693,4.9643478670762295,12.769216350279764,
0.05477127434912887,0.061183990873995286,0.11064823265857959,0.5159521670407399,0.5159521670407399,1050.2125519066774,15.744635610905785,0.045816733067729085,0.0027131616417837012,0.0,0.0,obsx,torque,"nmpc+learned[model=gdn_mix2,filt=1,gate=1,ffu=1,qyaw=1,obs=1,aci=2]",4,10.458927869796753,0,1.0430498007968128,13.615285760659978,22.306165909394625,
0.05674747567902977,0.06339791297454662,0.11247520194551772,0.5218963797644922,0.5218963797644922,1273.4408079515392,11.367363018712101,0.061752988047808766,0.0022082703293934136,0.0,0.0,obsx,torque,"nmpc+learned[model=gdn_mix2,filt=1,gate=1,ffu=1,qyaw=1,obs=1,aci=2]",5,8.14391803741455,0,1.0247350597609564,10.71172801915007,22.722621508874,
0.10680394035603204,0.11914572173541507,0.24891786181355335,0.7420167158072368,0.7420167158072368,1569.9385884350595,28.543644325241683,0.2868525896414343,0.0022540995484207904,0.0,0.0,obsx,torque,"nmpc+learned[model=gdn_mix2,filt=1,gate=1,ffu=1,qyaw=1,obs=1,aci=2]",6,3.6376006603240967,0,0.4256852589641434,4.665974095330177,10.633987472392619,
0.05448779568277247,0.060838744548669374,0.121404628719799,2.430535423345867,2.430535423345867,1680.574300528746,39.396367845555474,0.07370517928286853,0.002085846733110852,0.0,0.0,obsx,torque,"nmpc+learned[model=gdn_mix2,filt=1,gate=1,ffu=1,qyaw=1,obs=1,aci=2]",7,8.194657325744629,0,0.8062749003984065,10.49946422968802,22.61568777495995,
0.057750792581251466,0.06450742079928573,0.10142390573539728,0.5429465799925968,0.5429465799925968,837.2432325114993,23.783142418180127,0.035856573705179286,0.0020879255167146615,0.0,0.0,obsx,torque,"nmpc+learned[model=gdn_mix2,filt=1,gate=1,ffu=1,qyaw=1,obs=1,aci=2]",8,3.4836816787719727,0,0.3242529880478088,4.560351206186373,10.288412352092582,
0.0462699948419149,0.05165635923954344,0.0894042774762209,0.34675345616137443,0.34675345616137443,784.1030219870255,8.79337074003168,0.0,0.0028257541665572816,0.0,0.0,obsx,torque,"nmpc+learned[model=gdn_mix2,filt=1,gate=1,ffu=1,qyaw=1,obs=1,aci=2]",9,9.0083327293396,0,0.9391075697211154,11.771222141448897,20.05582889541984,
0.033008277912600685,0.03684088861554798,0.057244116772815865,0.3917599214383831,0.3917599214383831,998.116410692106,8.572678975188566,0.0,0.0018253867727798245,0.0,0.0,obsx,torque,"nmpc+learned[model=gdn_mix2,filt=1,gate=1,ffu=1,qyaw=1,obs=1,aci=2]",10,3.2623977661132812,0,0.38855378486055775,4.202483611485635,15.994840231724087,
0.03985787027923264,0.044467506591344054,0.09072687496250774,0.20657487178997797,0.20657487178997797,754.0420533804992,10.906614208085633,0.0,0.0033136550586179425,0.0,0.0,obsx,torque,"nmpc+learned[model=gdn_mix2,filt=1,gate=1,ffu=1,qyaw=1,obs=1,aci=2]",11,9.253124475479126,0,1.0411952191235059,11.790344661354009,18.45292604295537,
0.05798695856587864,0.06477862609455924,0.10299291930762892,0.3909581286952798,0.3909581286952798,1024.8203690210069,13.413704189394338,0.03187250996015936,0.0012126722676271962,0.0,0.0,obsx,torque,"nmpc+learned[model=gdn_mix2,filt=1,gate=1,ffu=1,qyaw=1,obs=1,aci=2]",12,8.630657196044922,0,0.9598525896414343,11.203844704576193,22.813873116392642,
0.06696787652347692,0.0748169641878621,0.10406166808186702,0.7087974569146032,0.7087974569146032,1900.870880439909,20.623956464041868,0.06573705179282868,0.0016001979511673925,0.0,0.0,obsx,torque,"nmpc+learned[model=gdn_mix2,filt=1,gate=1,ffu=1,qyaw=1,obs=1,aci=2]",13,3.7120678424835205,0,0.3787051792828685,4.705932426852623,10.27535276953131,
0.05278030038986831,0.05896324141425788,0.09095167045816913,0.2169839858102517,0.2169839858102517,805.8666724455214,9.148475335355343,0.0,0.0029329380359793267,0.0,0.0,obsx,torque,"nmpc+learned[model=gdn_mix2,filt=1,gate=1,ffu=1,qyaw=1,obs=1,aci=2]",14,9.07359528541565,0,1.0309780876494024,11.859487314556402,18.853974533267323,
0.09062652011838829,0.10120849631361392,0.18342079182342402,0.44770129746760523,0.44770129746760523,1300.168412263992,10.502695851008284,0.24900398406374502,0.002685749507196883,0.0,0.0,obsx,torque,"nmpc+learned[model=gdn_mix2,filt=1,gate=1,ffu=1,qyaw=1,obs=1,aci=2]",15,6.961243629455566,0,0.8265637450199204,9.010669598597069,17.655809074640278,
0.03402236584709281,0.03798435237063351,0.0981012826483418,0.32037502574198923,0.32037502574198923,945.8096752574521,20.366465530808235,0.0,0.0022110114791864532,0.0,0.0,obsx,torque,"nmpc+learned[model=gdn_mix2,filt=1,gate=1,ffu=1,qyaw=1,obs=1,aci=2]",16,2.848389148712158,0,0.32073306772908367,3.6011716996531087,4.64292495744303,
0.02246513085433049,0.025059802547240176,0.05394645675717907,0.2874502048789102,0.2874502048789102,948.6408600097997,11.871661165636922,0.0,0.0023808002286773156,0.0,0.0,obsx,torque,"nmpc+learned[model=gdn_mix2,filt=1,gate=1,ffu=1,qyaw=1,obs=1,aci=2]",17,9.138030290603638,0,0.9205318725099602,11.769497549565754,22.630679113790393,
0.0493474352545261,0.05511331776376538,0.09210126012582738,0.4951874716885896,0.4951874716885896,1199.43168055397,27.018419351445626,0.0,0.00154520501147426,0.0,0.0,obsx,torque,"nmpc+learned[model=gdn_mix2,filt=1,gate=1,ffu=1,qyaw=1,obs=1,aci=2]",18,3.221505641937256,0,0.34307569721115544,4.04808988360562,8.135578448418531,
0.08091521619551269,0.09034869428710168,0.14480796483684785,0.45209004167434325,0.45209004167434325,1085.268015496557,16.658601215067513,0.31673306772908366,0.0020863212720385604,0.0,0.0,obsx,torque,"nmpc+learned[model=gdn_mix2,filt=1,gate=1,ffu=1,qyaw=1,obs=1,aci=2]",19,8.176558256149292,0,0.8240258964143427,10.502692693250765,16.881592993158847,
0.0893786671061809,0.09985435617233543,0.21823041560536643,0.573928592770975,0.573928592770975,1054.7391170060077,22.733565690266648,0.25298804780876494,0.0016696304407534113,0.0,0.0,obsx,uncertainty,"nmpc+kf[r_v=0.15,r_w=0.15,q_F=10,q_tau=1,filt=1,gate=1,ffu=1,qyaw=1,obs=1,aci=1]",0,4.460481405258179,0,0.5252549800796812,4.775240925971819,9.154471824876964,
0.03722560825209267,0.04144836843748205,0.10104428660072114,0.31419718956497533,0.31419718956497533,1545.2167061393736,26.557600672292345,0.00796812749003984,0.0019627956539412517,0.0,0.0,obsx,uncertainty,"nmpc+kf[r_v=0.15,r_w=0.15,q_F=10,q_tau=1,filt=1,gate=1,ffu=1,qyaw=1,obs=1,aci=1]",1,6.028249979019165,0,0.7382768924302789,6.487160900689335,12.137470417656004,
0.053690806083360874,0.05997870698693456,0.1149647327477943,0.49261627899207333,0.49261627899207333,1039.4579860338454,28.15379436371218,0.049800796812749,0.0017633930696384637,0.0,0.0,obsx,uncertainty,"nmpc+kf[r_v=0.15,r_w=0.15,q_F=10,q_tau=1,filt=1,gate=1,ffu=1,qyaw=1,obs=1,aci=1]",2,4.788849353790283,0,0.6767589641434262,5.142389102820381,11.05114671168849,
0.1320804221052174,0.14750512523688064,0.3267929264552076,0.540542698733091,0.540542698733091,1450.364556928844,27.985774395821085,0.29880478087649404,0.0019280519549130237,0.0,0.0,obsx,uncertainty,"nmpc+kf[r_v=0.15,r_w=0.15,q_F=10,q_tau=1,filt=1,gate=1,ffu=1,qyaw=1,obs=1,aci=1]",3,2.7457656860351562,0,0.3901693227091634,2.959295394422256,5.919067987706512,
0.05490552757271777,0.06127709503369091,0.11115552973925269,0.5110745497865783,0.5110745497865783,869.2790851920515,15.814698547335848,0.045816733067729085,0.0031585321591579008,0.0,0.0,obsx,uncertainty,"nmpc+kf[r_v=0.15,r_w=0.15,q_F=10,q_tau=1,filt=1,gate=1,ffu=1,qyaw=1,obs=1,aci=1]",4,2.1476693153381348,0,0.2889601593625499,2.289989209489014,2.533164904452861,
0.05676479180569362,0.06341949983805938,0.11050700935729532,0.3298341014664089,0.3298341014664089,948.7366546360948,12.656401430422212,0.055776892430278883,0.002010222018067692,0.0,0.0,obsx,uncertainty,"nmpc+kf[r_v=0.15,r_w=0.15,q_F=10,q_tau=1,filt=1,gate=1,ffu=1,qyaw=1,obs=1,aci=1]",5,2.5142345428466797,0,0.34941434262948207,2.703793725347614,5.876419667620213,
0.10907318440811373,0.1216596550015712,0.24998810814550726,0.7195446477820466,0.7195446477820466,1649.733442344491,30.65335803985998,0.29282868525896416,0.0019916678989964076,0.0,0.0,obsx,uncertainty,"nmpc+kf[r_v=0.15,r_w=0.15,q_F=10,q_tau=1,filt=1,gate=1,ffu=1,qyaw=1,obs=1,aci=1]",6,5.156944751739502,0,0.7005936254980079,5.547889131232651,9.069138157647103,
0.05489037304764439,0.06130557284618497,0.1190621187527403,0.5994384422338781,0.5994384422338781,1113.4487857416514,41.19133165791551,0.07569721115537849,0.0021570664237450243,0.0,0.0,obsx,uncertainty,"nmpc+kf[r_v=0.15,r_w=0.15,q_F=10,q_tau=1,filt=1,gate=1,ffu=1,qyaw=1,obs=1,aci=1]",7,6.262003421783447,0,0.6422231075697212,6.648564484411947,11.638614849653102,
0.05852084277910575,0.0652266542320053,0.10168140437283721,0.406805304277847,0.406805304277847,1052.5654086619709,23.720879401375665,0.017928286852589643,0.0014258407431970432,0.0,0.0,obsx,uncertainty,"nmpc+kf[r_v=0.15,r_w=0.15,q_F=10,q_tau=1,filt=1,gate=1,ffu=1,qyaw=1,obs=1,aci=1]",8,6.311022996902466,0,0.7683685258964142,6.704453163245967,12.06235519144684,
0.04661357955327437,0.05197708997136586,0.08822384978837644,0.26968404590191963,0.26968404590191963,940.9133810540527,8.913703867115386,0.0,0.00259261429260485,0.0,0.0,obsx,uncertainty,"nmpc+kf[r_v=0.15,r_w=0.15,q_F=10,q_tau=1,filt=1,gate=1,ffu=1,qyaw=1,obs=1,aci=1]",9,2.3622424602508545,0,0.30890039840637457,2.513418400815996,4.797941392753273,
0.032996981293466836,0.03677555327205236,0.05762819121776656,0.32130685537214315,0.32130685537214315,679.6780343348905,8.683126761034012,0.0,0.002051981880345388,0.0,0.0,obsx,uncertainty,"nmpc+kf[r_v=0.15,r_w=0.15,q_F=10,q_tau=1,filt=1,gate=1,ffu=1,qyaw=1,obs=1,aci=1]",10,5.816669464111328,0,0.6729442231075696,6.16689913616742,11.713466041255751,
0.039363147742754796,0.04379226602566854,0.09151237996021772,0.20835553335805657,0.20835553335805657,760.2556418160289,10.264386418439663,0.0,0.003785303052655953,0.0,0.0,obsx,uncertainty,"nmpc+kf[r_v=0.15,r_w=0.15,q_F=10,q_tau=1,filt=1,gate=1,ffu=1,qyaw=1,obs=1,aci=1]",11,5.570492267608643,0,0.6966035856573705,5.938625866194735,12.044045741204172,
0.05793915008383445,0.06453965762606412,0.10410394106183829,0.3259837444514101,0.3259837444514101,656.1591344072671,13.531648477953578,0.035856573705179286,0.0023160207368823904,0.0,0.0,obsx,uncertainty,"nmpc+kf[r_v=0.15,r_w=0.15,q_F=10,q_tau=1,filt=1,gate=1,ffu=1,qyaw=1,obs=1,aci=1]",12,6.083127021789551,0,0.60897609561753,6.429903147987042,10.088047499302775,
0.0686910885082782,0.07675433518780533,0.10830234912070161,0.6704584588124451,0.6704584588124451,1807.27176140887,20.84855549517582,0.10956175298804781,0.0016411450917365733,0.0,0.0,obsx,uncertainty,"nmpc+kf[r_v=0.15,r_w=0.15,q_F=10,q_tau=1,filt=1,gate=1,ffu=1,qyaw=1,obs=1,aci=1]",13,4.7287373542785645,0,0.5130318725099603,5.046416708988052,12.09715123055503,
0.05286819946844431,0.05900902005403189,0.09130338445274484,0.21185249821796565,0.21185249821796565,679.6377502431666,9.384908569629026,0.0,0.0029265860639712815,0.0,0.0,obsx,uncertainty,"nmpc+kf[r_v=0.15,r_w=0.15,q_F=10,q_tau=1,filt=1,gate=1,ffu=1,qyaw=1,obs=1,aci=1]",14,6.440276622772217,0,0.764784860557769,6.853080491453736,14.945625709369795,
0.09201493810633249,0.10274577482935741,0.1842366975204388,0.29265484121017393,0.29265484121017393,1427.0116907771626,10.41635875957229,0.2549800796812749,0.001342276923346597,0.0,0.0,obsx,uncertainty,"nmpc+kf[r_v=0.15,r_w=0.15,q_F=10,q_tau=1,filt=1,gate=1,ffu=1,qyaw=1,obs=1,aci=1]",15,6.646112680435181,0,0.7086334661354581,7.124817443165587,15.09072249289604,
0.0353076518957761,0.03898390363569777,0.10238486411082641,0.41936149766689645,0.41936149766689645,766.0957591088172,21.830089909697282,0.021912350597609563,0.0025137480711681925,0.0,0.0,obsx,uncertainty,"nmpc+kf[r_v=0.15,r_w=0.15,q_F=10,q_tau=1,filt=1,gate=1,ffu=1,qyaw=1,obs=1,aci=1]",16,3.062872886657715,0,0.4509721115537848,3.2443721983693092,8.654066601302475,
0.02213330697732558,0.02460713559052171,0.05472023021209997,0.23878853669194977,0.23878853669194972,714.3419226578292,11.918776221793173,0.0,0.002318739698839667,0.0,0.0,obsx,uncertainty,"nmpc+kf[r_v=0.15,r_w=0.15,q_F=10,q_tau=1,filt=1,gate=1,ffu=1,qyaw=1,obs=1,aci=1]",17,2.958052158355713,0,0.3743306772908367,3.142209147080868,5.953778193797916,
0.05008373828271855,0.05583697510479951,0.0936581447608711,0.4698942328225946,0.4698942328225946,1179.409531337341,25.787640631403658,0.0,0.003373890249769862,0.0,0.0,obsx,uncertainty,"nmpc+kf[r_v=0.15,r_w=0.15,q_F=10,q_tau=1,filt=1,gate=1,ffu=1,qyaw=1,obs=1,aci=1]",18,2.765697956085205,0,0.3766693227091633,2.977635524981466,8.81739281816408,
0.08188473491973414,0.09144898866332328,0.1468399740981571,0.45563505793710024,0.45563505793710024,1192.852987228268,16.738036823229667,0.3187250996015936,0.001517053250694067,0.0,0.0,obsx,uncertainty,"nmpc+kf[r_v=0.15,r_w=0.15,q_F=10,q_tau=1,filt=1,gate=1,ffu=1,qyaw=1,obs=1,aci=1]",19,4.036515712738037,0,0.5561414342629482,4.2880792834005685,9.859270639717582,
0.08920390656945396,0.09964492244101307,0.21729556060729827,0.5433112115637792,0.5433112115637792,862.1929028049605,22.83061548125577,0.25298804780876494,0.0011738312645381277,0.0,0.0,obsx,uncertainty,"nmpc+kf[r_v=0.15,r_w=0.15,q_F=10,q_tau=1,filt=1,gate=1,ffu=1,qyaw=1,obs=1,aci=2,aci_alpha=0.02]",0,5.462277412414551,0,0.699288844621514,5.851613326588148,12.382196011021735,
0.03702216219409145,0.04122019242668103,0.1016424104706543,0.30895164146178417,0.30895164146178417,1179.364723351399,27.707416833752923,0.0099601593625498,0.0012507463150954745,0.0,0.0,obsx,uncertainty,"nmpc+kf[r_v=0.15,r_w=0.15,q_F=10,q_tau=1,filt=1,gate=1,ffu=1,qyaw=1,obs=1,aci=2,aci_alpha=0.02]",1,4.128754377365112,0,0.4659262948207171,4.429819839227336,8.963655098341405,
0.05311300836895479,0.05933281804330866,0.11784149377031106,0.4802635985430786,0.4802635985430786,884.4179322718544,26.49512086045009,0.055776892430278883,0.0014588690820334649,0.0,0.0,obsx,uncertainty,"nmpc+kf[r_v=0.15,r_w=0.15,q_F=10,q_tau=1,filt=1,gate=1,ffu=1,qyaw=1,obs=1,aci=2,aci_alpha=0.02]",2,2.670644760131836,0,0.31957171314741034,2.83834247282183,7.690666241105653,
0.13301626432045668,0.14855170168105514,0.3255527308061325,0.5871509367967445,0.5871509367967445,1263.1114151706731,25.21824964314942,0.2908366533864542,0.0012661188924938949,0.0,0.0,obsx,uncertainty,"nmpc+kf[r_v=0.15,r_w=0.15,q_F=10,q_tau=1,filt=1,gate=1,ffu=1,qyaw=1,obs=1,aci=2,aci_alpha=0.02]",3,3.2041075229644775,0,0.424003984063745,3.460790487043411,7.881403004284954,
0.05601046559628212,0.06251339109860582,0.11603318572904862,0.49970355719672677,0.49970355719672677,866.5521056369648,15.794306558443669,0.05776892430278884,0.002872547934636427,0.0,0.0,obsx,uncertainty,"nmpc+kf[r_v=0.15,r_w=0.15,q_F=10,q_tau=1,filt=1,gate=1,ffu=1,qyaw=1,obs=1,aci=2,aci_alpha=0.02]",4,6.563288688659668,0,0.8322370517928287,7.010328803263397,12.26790325017646,
0.057550310506216104,0.06429367855924573,0.10980017450131142,0.3450831711818495,0.34508317118184945,820.4991679847176,12.61346665372371,0.061752988047808766,0.0010786146081338266,0.0,0.0,obsx,uncertainty,"nmpc+kf[r_v=0.15,r_w=0.15,q_F=10,q_tau=1,filt=1,gate=1,ffu=1,qyaw=1,obs=1,aci=2,aci_alpha=0.02]",5,6.467428207397461,0,0.7309741035856573,6.960873343180346,11.953407519031325,
0.11005672728041432,0.12271039642913001,0.25308252277146115,0.7480052323400562,0.7480052323400562,1382.1685150022756,31.886328760957742,0.29282868525896416,0.0019634467064062466,0.0,0.0,obsx,uncertainty,"nmpc+kf[r_v=0.15,r_w=0.15,q_F=10,q_tau=1,filt=1,gate=1,ffu=1,qyaw=1,obs=1,aci=2,aci_alpha=0.02]",6,7.000767946243286,0,0.9817848605577688,7.520206210452069,13.112585532944658,
0.0546835224606012,0.06107429649697766,0.12000312886074033,0.6664277692323697,0.6664277692323697,1067.9228821654326,40.838501594927344,0.07569721115537849,0.0009481449529626373,0.0,0.0,obsx,uncertainty,"nmpc+kf[r_v=0.15,r_w=0.15,q_F=10,q_tau=1,filt=1,gate=1,ffu=1,qyaw=1,obs=1,aci=2,aci_alpha=0.02]",7,7.599829435348511,0,1.0199501992031874,8.136569901250777,11.873432158026844,
0.05851014717807729,0.06521467114991696,0.10388158850021628,0.4091940041710972,0.4091940041710972,1021.5735770317139,23.784350184517283,0.027888446215139442,0.0010083482137279443,0.0,0.0,obsx,uncertainty,"nmpc+kf[r_v=0.15,r_w=0.15,q_F=10,q_tau=1,filt=1,gate=1,ffu=1,qyaw=1,obs=1,aci=2,aci_alpha=0.02]",8,3.8602607250213623,0,0.48547609561752986,4.071763423976463,8.858457864262173,
0.04603294178550122,0.05132681758318911,0.08621808905511688,0.2677172226422487,0.2677172226422486,831.0032647723878,8.656741154951142,0.0,0.0005073036285531685,0.0,0.0,obsx,uncertainty,"nmpc+kf[r_v=0.15,r_w=0.15,q_F=10,q_tau=1,filt=1,gate=1,ffu=1,qyaw=1,obs=1,aci=2,aci_alpha=0.02]",9,4.16278862953186,0,0.5247529880478089,4.4725615108215,8.922867893707007,
0.03293812649109465,0.03670924542858767,0.0575445067420096,0.3269888350004198,0.3269888350004198,485.3450844614926,10.460705360934067,0.0,0.0014818327535151554,0.0,0.0,obsx,uncertainty,"nmpc+kf[r_v=0.15,r_w=0.15,q_F=10,q_tau=1,filt=1,gate=1,ffu=1,qyaw=1,obs=1,aci=2,aci_alpha=0.02]",10,4.237494945526123,0,0.5871294820717131,4.5881514674965365,9.04557372443378,
0.04160025477073281,0.046285497273288685,0.09569133252009927,0.21720216970497733,0.21720216970497733,746.3103385211268,10.257674149528361,0.0,0.0032684037899603224,0.0,0.0,obsx,uncertainty,"nmpc+kf[r_v=0.15,r_w=0.15,q_F=10,q_tau=1,filt=1,gate=1,ffu=1,qyaw=1,obs=1,aci=2,aci_alpha=0.02]",11,5.864145040512085,0,0.6737729083665338,6.198215809468906,10.038086345884949,
0.05703389980776338,0.06352468623278895,0.10389032844459092,0.3258522146552738,0.3258522146552738,568.3600278379633,13.560172764887367,0.035856573705179286,0.0022450308102940075,0.0,0.0,obsx,uncertainty,"nmpc+kf[r_v=0.15,r_w=0.15,q_F=10,q_tau=1,filt=1,gate=1,ffu=1,qyaw=1,obs=1,aci=2,aci_alpha=0.02]",12,3.3784964084625244,0,0.46117131474103584,3.56553539733933,8.099434731993828,
0.06536573750372691,0.07303800332029078,0.10039333417344344,0.6443540954313476,0.6443540954313476,1282.261367857779,20.0869063607895,0.0099601593625498,0.000854289867722402,0.0,0.0,obsx,uncertainty,"nmpc+kf[r_v=0.15,r_w=0.15,q_F=10,q_tau=1,filt=1,gate=1,ffu=1,qyaw=1,obs=1,aci=2,aci_alpha=0.02]",13,3.969911813735962,0,0.48736454183266936,4.318944664590387,9.01613281108439,
0.05346278384640383,0.05967423429902163,0.09414689526687939,0.21088086923683497,0.21088086923683494,685.869511809231,9.365089158677124,0.0,0.0016135178877146883,0.0,0.0,obsx,uncertainty,"nmpc+kf[r_v=0.15,r_w=0.15,q_F=10,q_tau=1,filt=1,gate=1,ffu=1,qyaw=1,obs=1,aci=2,aci_alpha=0.02]",14,5.057273864746094,0,0.593878486055777,5.41822123851449,10.013074972666802,
0.09287744352840505,0.10368572399828135,0.18698548771597936,0.2983668012022,0.2983668012022,1104.152372176558,12.030210436983644,0.2589641434262948,0.0018345770847187637,0.0,0.0,obsx,uncertainty,"nmpc+kf[r_v=0.15,r_w=0.15,q_F=10,q_tau=1,filt=1,gate=1,ffu=1,qyaw=1,obs=1,aci=2,aci_alpha=0.02]",15,4.963133811950684,0,0.5630916334661353,5.43777943603635,9.961885719094427,
0.03608263125467346,0.03986017340740319,0.10333270688277675,0.43043975851561483,0.43043975851561483,793.6285604227626,21.600105513289254,0.025896414342629483,0.0013871525622011494,0.0,0.0,obsx,uncertainty,"nmpc+kf[r_v=0.15,r_w=0.15,q_F=10,q_tau=1,filt=1,gate=1,ffu=1,qyaw=1,obs=1,aci=2,aci_alpha=0.02]",16,3.5979626178741455,0,0.42147808764940237,3.846794034287601,12.075628745369617,
0.022039004254707707,0.02450121102610534,0.05431718374268977,0.2428433470705069,0.24284334707050695,630.9718559381371,12.271597477635732,0.0,0.0017807010724479322,0.0,0.0,obsx,uncertainty,"nmpc+kf[r_v=0.15,r_w=0.15,q_F=10,q_tau=1,filt=1,gate=1,ffu=1,qyaw=1,obs=1,aci=2,aci_alpha=0.02]",17,7.265247583389282,0,0.9011235059760957,7.701467139186315,12.159789581783118,
0.0501763623286953,0.05594069432111633,0.09189911639120515,0.4621960581176772,0.4621960581176772,926.2466672755776,26.30612036830524,0.0,0.0038050688207480476,0.0,0.0,obsx,uncertainty,"nmpc+kf[r_v=0.15,r_w=0.15,q_F=10,q_tau=1,filt=1,gate=1,ffu=1,qyaw=1,obs=1,aci=2,aci_alpha=0.02]",18,3.278984785079956,0,0.4883565737051793,3.5203381532439555,8.87469057692215,
0.08325070161590775,0.09295991610063632,0.14810580651678004,0.47795824530346537,0.47795824530346537,1055.4371546993082,19.452215871012758,0.3426294820717131,0.0008732454118536848,0.0,0.0,obsx,uncertainty,"nmpc+kf[r_v=0.15,r_w=0.15,q_F=10,q_tau=1,filt=1,gate=1,ffu=1,qyaw=1,obs=1,aci=2,aci_alpha=0.02]",19,2.8967950344085693,0,0.35016135458167336,3.076715124455611,5.917742226738484,
0.0893786671061809,0.09985435617233543,0.21823041560536643,0.573928592770975,0.573928592770975,1054.7391170060077,22.733565690266648,0.25298804780876494,0.0016696304407534113,0.0,0.0,obsx,uncertainty,"nmpc+kf[r_v=0.15,r_w=0.15,q_F=10,q_tau=1,filt=1,gate=1,ffu=1,qyaw=1,obs=1,aci=2]",0,5.60049295425415,0,0.5567290836653386,5.950507162921725,14.059621719643477,
0.03722560825209267,0.04144836843748205,0.10104428660072114,0.31419718956497533,0.31419718956497533,1545.2167061393736,26.557600672292345,0.00796812749003984,0.0019627956539412517,0.0,0.0,obsx,uncertainty,"nmpc+kf[r_v=0.15,r_w=0.15,q_F=10,q_tau=1,filt=1,gate=1,ffu=1,qyaw=1,obs=1,aci=2]",1,5.6553709506988525,0,0.6644641434262949,6.0822634959586,12.063556227367371,
0.053690806083360874,0.05997870698693456,0.1149647327477943,0.49261627899207333,0.49261627899207333,1039.4579860338454,28.15379436371218,0.049800796812749,0.0017633930696384637,0.0,0.0,obsx,uncertainty,"nmpc+kf[r_v=0.15,r_w=0.15,q_F=10,q_tau=1,filt=1,gate=1,ffu=1,qyaw=1,obs=1,aci=2]",2,2.6867098808288574,0,0.3477828685258964,2.968764033231632,5.890175858512522,
0.1320804221052174,0.14750512523688064,0.3267929264552076,0.540542698733091,0.540542698733091,1450.364556928844,27.985774395821085,0.29880478087649404,0.0019280519549130237,0.0,0.0,obsx,uncertainty,"nmpc+kf[r_v=0.15,r_w=0.15,q_F=10,q_tau=1,filt=1,gate=1,ffu=1,qyaw=1,obs=1,aci=2]",3,2.96852707862854,0,0.4800258964143426,3.240904715134803,10.012670755386358,
0.05490552757271777,0.06127709503369091,0.11115552973925269,0.5110745497865783,0.5110745497865783,869.2790851920515,15.814698547335848,0.045816733067729085,0.0031585321591579008,0.0,0.0,obsx,uncertainty,"nmpc+kf[r_v=0.15,r_w=0.15,q_F=10,q_tau=1,filt=1,gate=1,ffu=1,qyaw=1,obs=1,aci=2]",4,3.8555684089660645,0,0.48538247011952196,4.15610171208878,9.780920126941062,
0.06286841400467785,0.07024150923254159,0.11238793687466209,0.5836167398750243,0.5836167398750243,1214.4050894446548,16.047939390028905,0.15139442231075698,0.0013586901048634192,0.0,0.0,obsx,uncertainty,"nmpc+kf[r_v=0.15,r_w=0.15,q_F=10,q_tau=1,filt=1,gate=1,ffu=1,qyaw=1,obs=1,aci=2]",5,7.783892869949341,0,0.9256215139442232,8.822205743615132,12.931487201713031,
0.10907318440811373,0.1216596550015712,0.24998810814550726,0.7195446477820466,0.7195446477820466,1649.733442344491,30.65335803985998,0.29282868525896416,0.0019916678989964076,0.0,0.0,obsx,uncertainty,"nmpc+kf[r_v=0.15,r_w=0.15,q_F=10,q_tau=1,filt=1,gate=1,ffu=1,qyaw=1,obs=1,aci=2]",6,5.872919082641602,0,0.6719362549800797,6.414590366333129,15.132718058303007,
0.05489037304764439,0.06130557284618497,0.1190621187527403,0.5994384422338781,0.5994384422338781,1113.4487857416514,41.19133165791551,0.07569721115537849,0.0021570664237450243,0.0,0.0,obsx,uncertainty,"nmpc+kf[r_v=0.15,r_w=0.15,q_F=10,q_tau=1,filt=1,gate=1,ffu=1,qyaw=1,obs=1,aci=2]",7,7.252049446105957,0,0.8184860557768925,7.826758913168929,12.194458558224142,
0.05852084277910575,0.0652266542320053,0.10168140437283721,0.406805304277847,0.406805304277847,1052.5654086619709,23.720879401375665,0.017928286852589643,0.0014258407431970432,0.0,0.0,obsx,uncertainty,"nmpc+kf[r_v=0.15,r_w=0.15,q_F=10,q_tau=1,filt=1,gate=1,ffu=1,qyaw=1,obs=1,aci=2]",8,2.9949278831481934,0,0.33940637450199207,3.1967013355426164,8.986960139591247,
0.04661357955327437,0.05197708997136586,0.08822384978837644,0.26968404590191963,0.26968404590191963,940.9133810540527,8.913703867115386,0.0,0.00259261429260485,0.0,0.0,obsx,uncertainty,"nmpc+kf[r_v=0.15,r_w=0.15,q_F=10,q_tau=1,filt=1,gate=1,ffu=1,qyaw=1,obs=1,aci=2]",9,6.831007957458496,0,0.7833247011952191,7.540052083220734,14.84469155548142,
0.032996981293466836,0.03677555327205236,0.05762819121776656,0.32130685537214315,0.32130685537214315,679.6780343348905,8.683126761034012,0.0,0.002051981880345388,0.0,0.0,obsx,uncertainty,"nmpc+kf[r_v=0.15,r_w=0.15,q_F=10,q_tau=1,filt=1,gate=1,ffu=1,qyaw=1,obs=1,aci=2]",10,6.012437582015991,0,0.6805059760956175,6.3965267755009565,10.955079400446266,
0.039363147742754796,0.04379226602566854,0.09151237996021772,0.20835553335805657,0.20835553335805657,760.2556418160289,10.264386418439663,0.0,0.003785303052655953,0.0,0.0,obsx,uncertainty,"nmpc+kf[r_v=0.15,r_w=0.15,q_F=10,q_tau=1,filt=1,gate=1,ffu=1,qyaw=1,obs=1,aci=2]",11,3.86698317527771,0,0.5040119521912351,4.138830234760426,9.92869773413986,
0.05793915008383445,0.06453965762606412,0.10410394106183829,0.3259837444514101,0.3259837444514101,656.1591344072671,13.531648477953578,0.035856573705179286,0.0023160207368823904,0.0,0.0,obsx,uncertainty,"nmpc+kf[r_v=0.15,r_w=0.15,q_F=10,q_tau=1,filt=1,gate=1,ffu=1,qyaw=1,obs=1,aci=2]",12,4.107995271682739,0,0.4724163346613546,4.509471473747872,9.827897902578119,
0.0686910885082782,0.07675433518780533,0.10830234912070161,0.6704584588124451,0.6704584588124451,1807.27176140887,20.84855549517582,0.10956175298804781,0.0016411450917365733,0.0,0.0,obsx,uncertainty,"nmpc+kf[r_v=0.15,r_w=0.15,q_F=10,q_tau=1,filt=1,gate=1,ffu=1,qyaw=1,obs=1,aci=2]",13,4.363204717636108,0,0.5019103585657372,4.683321871538739,10.124385142698886,
0.05286819946844431,0.05900902005403189,0.09130338445274484,0.21185249821796565,0.21185249821796565,679.6377502431666,9.384908569629026,0.0,0.0029265860639712815,0.0,0.0,obsx,uncertainty,"nmpc+kf[r_v=0.15,r_w=0.15,q_F=10,q_tau=1,filt=1,gate=1,ffu=1,qyaw=1,obs=1,aci=2]",14,3.5504698753356934,0,0.4370438247011952,3.781677929654836,9.963259636424489,
0.09201493810633249,0.10274577482935741,0.1842366975204388,0.29265484121017393,0.29265484121017393,1427.0116907771626,10.41635875957229,0.2549800796812749,0.001342276923346597,0.0,0.0,obsx,uncertainty,"nmpc+kf[r_v=0.15,r_w=0.15,q_F=10,q_tau=1,filt=1,gate=1,ffu=1,qyaw=1,obs=1,aci=2]",15,3.397371292114258,0,0.4712450199203187,3.6631643955792446,5.880361231975257,
0.0353076518957761,0.03898390363569777,0.10238486411082641,0.41936149766689645,0.41936149766689645,766.0957591088172,21.830089909697282,0.021912350597609563,0.0025137480711681925,0.0,0.0,obsx,uncertainty,"nmpc+kf[r_v=0.15,r_w=0.15,q_F=10,q_tau=1,filt=1,gate=1,ffu=1,qyaw=1,obs=1,aci=2]",16,4.510718584060669,0,0.6305139442231076,4.892227392035177,8.932967991568148,
0.02213330697732558,0.02460713559052171,0.05472023021209997,0.23878853669194977,0.23878853669194972,714.3419226578292,11.918776221793173,0.0,0.002318739698839667,0.0,0.0,obsx,uncertainty,"nmpc+kf[r_v=0.15,r_w=0.15,q_F=10,q_tau=1,filt=1,gate=1,ffu=1,qyaw=1,obs=1,aci=2]",17,4.498863458633423,0,0.5755139442231075,4.907288650269676,12.66673469915987,
0.05008373828271855,0.05583697510479951,0.0936581447608711,0.4698942328225946,0.4698942328225946,1179.409531337341,25.787640631403658,0.0,0.003373890249769862,0.0,0.0,obsx,uncertainty,"nmpc+kf[r_v=0.15,r_w=0.15,q_F=10,q_tau=1,filt=1,gate=1,ffu=1,qyaw=1,obs=1,aci=2]",18,6.5717363357543945,0,0.7239382470119522,7.070416062829118,12.214034975040704,
0.08188473491973414,0.09144898866332328,0.1468399740981571,0.45563505793710024,0.45563505793710024,1192.852987228268,16.738036823229667,0.3187250996015936,0.001517053250694067,0.0,0.0,obsx,uncertainty,"nmpc+kf[r_v=0.15,r_w=0.15,q_F=10,q_tau=1,filt=1,gate=1,ffu=1,qyaw=1,obs=1,aci=2]",19,2.7999367713928223,0,0.3932290836653387,3.0101795719780653,5.962906605564058,
0.08889172017242902,0.09929025626796684,0.217429732105849,0.49206387852713596,0.49206387852713596,833.7157127399289,22.904570476855465,0.24701195219123506,0.0011096151102631402,0.0,0.0,obsx,uncertainty,"nmpc+learned[model=gdn_mix2,filt=1,gate=1,ffu=1,qyaw=1,obs=1,aci=1,aci_alpha=0.02]",0,3.0184097290039062,0,0.31554780876494026,3.822210583876655,7.108764713630081,
0.03700333087153678,0.041343432006789305,0.10201174261470508,0.30230423613825924,0.30230423613825924,1191.5808640593023,26.954565332620067,0.0099601593625498,0.00128023756424267,0.0,0.0,obsx,uncertainty,"nmpc+learned[model=gdn_mix2,filt=1,gate=1,ffu=1,qyaw=1,obs=1,aci=1,aci_alpha=0.02]",1,3.6124823093414307,0,0.3437948207171314,4.523896698958697,10.117950704880059,
0.05356682506603096,0.05983215060210162,0.11916129240466973,0.48455384300699417,0.4845538430069943,919.2475349978749,27.36610019542199,0.05976095617529881,0.0014429111500202652,0.0,0.0,obsx,uncertainty,"nmpc+learned[model=gdn_mix2,filt=1,gate=1,ffu=1,qyaw=1,obs=1,aci=1,aci_alpha=0.02]",2,7.944090366363525,0,0.7984661354581675,10.173512705735329,17.67061047721655,
0.133456934936261,0.14912902977828285,0.32815188330407624,0.562910452857823,0.562910452857823,1305.700644375935,24.835660558896844,0.30677290836653387,0.0014122160963977448,0.0,0.0,obsx,uncertainty,"nmpc+learned[model=gdn_mix2,filt=1,gate=1,ffu=1,qyaw=1,obs=1,aci=1,aci_alpha=0.02]",3,8.026716232299805,0,0.8523406374501992,10.491006913505851,19.330906448885813,
0.05561318797209046,0.06212314312121863,0.11371113014778951,0.4763965142194204,0.4763965142194204,945.7682472375063,16.177765074739202,0.05179282868525897,0.00305699939804549,0.0,0.0,obsx,uncertainty,"nmpc+learned[model=gdn_mix2,filt=1,gate=1,ffu=1,qyaw=1,obs=1,aci=1,aci_alpha=0.02]",4,3.644810676574707,0,0.3588804780876494,4.647152915789905,10.537108040880412,
0.057224539846791926,0.06393654180999851,0.10983145910220804,0.3577837127309924,0.3577837127309924,855.0460314217254,12.123485527323018,0.05976095617529881,0.0010903665518944283,0.0,0.0,obsx,uncertainty,"nmpc+learned[model=gdn_mix2,filt=1,gate=1,ffu=1,qyaw=1,obs=1,aci=1,aci_alpha=0.02]",5,3.22633695602417,0,0.3552589641434263,4.058282404945072,10.323030513245618,
0.10927677080827149,0.12191675913725301,0.25332110485368364,0.662819082585927,0.6628190825859271,1507.0388121075575,31.4475235586835,0.2868525896414343,0.0022215023639756137,0.0,0.0,obsx,uncertainty,"nmpc+learned[model=gdn_mix2,filt=1,gate=1,ffu=1,qyaw=1,obs=1,aci=1,aci_alpha=0.02]",6,3.233433723449707,0,0.3376752988047809,4.0751597152993195,6.591409819666296,
0.054877091832854066,0.0612789806823663,0.12173133061242371,0.7481149394595218,0.7481149394595218,1128.3630697337376,41.799931356975144,0.0796812749003984,0.001018439543845201,0.0,0.0,obsx,uncertainty,"nmpc+learned[model=gdn_mix2,filt=1,gate=1,ffu=1,qyaw=1,obs=1,aci=1,aci_alpha=0.02]",7,8.51097321510315,0,0.9402470119521912,11.043954289525718,19.412233359180405,
0.05848400048833151,0.06531771681522115,0.10429093044867135,0.39593735213030634,0.3959373521303064,942.6755817975055,24.186054843874352,0.029880478087649404,0.001631689128126862,0.0,0.0,obsx,uncertainty,"nmpc+learned[model=gdn_mix2,filt=1,gate=1,ffu=1,qyaw=1,obs=1,aci=1,aci_alpha=0.02]",8,8.647709131240845,0,0.948906374501992,11.288748790632445,17.74351028027013,
0.0460264101782576,0.051414448084344276,0.08848419951689823,0.2822888805181483,0.2822888805181483,812.4595374586615,8.744480410203602,0.0,0.0008906441865060843,0.0,0.0,obsx,uncertainty,"nmpc+learned[model=gdn_mix2,filt=1,gate=1,ffu=1,qyaw=1,obs=1,aci=1,aci_alpha=0.02]",9,8.606404781341553,0,0.9332689243027887,11.172480076974429,17.503234648611397,
0.033117299477216214,0.03695302616061201,0.057758282463507615,0.3952440301565798,0.3952440301565798,541.0108575244341,10.397416626084679,0.0,0.0017696999499005606,0.0,0.0,obsx,uncertainty,"nmpc+learned[model=gdn_mix2,filt=1,gate=1,ffu=1,qyaw=1,obs=1,aci=1,aci_alpha=0.02]",10,9.558415174484253,0,1.0429183266932271,12.40754575585479,22.40813144715503,
0.041164768675407,0.04590135103203367,0.09518252082172392,0.23172964858981507,0.23172964858981512,713.6415472904829,10.037785170739374,0.0,0.001778375791549297,0.0,0.0,obsx,uncertainty,"nmpc+learned[model=gdn_mix2,filt=1,gate=1,ffu=1,qyaw=1,obs=1,aci=1,aci_alpha=0.02]",11,7.946350336074829,0,0.8508525896414343,10.304387201057873,16.889362917281687,
0.05603265349856915,0.06256868023024645,0.10270940979274006,0.3074349539911506,0.3074349539911506,593.5216942503397,13.559698651935005,0.027888446215139442,0.0012422117271530808,0.0,0.0,obsx,uncertainty,"nmpc+learned[model=gdn_mix2,filt=1,gate=1,ffu=1,qyaw=1,obs=1,aci=1,aci_alpha=0.02]",12,8.767148494720459,0,0.9305916334661354,11.56170846220937,17.833380817901343,
0.06592407213599612,0.07365872758610902,0.10060154972478441,0.6708209191863631,0.6708209191863631,1307.2634515313528,19.915168655045118,0.025896414342629483,0.0008972683771490964,0.0,0.0,obsx,uncertainty,"nmpc+learned[model=gdn_mix2,filt=1,gate=1,ffu=1,qyaw=1,obs=1,aci=1,aci_alpha=0.02]",13,8.096840858459473,0,0.8108745019920319,10.405483381058353,19.701986771542597,
0.052381269259939495,0.058512139748540144,0.09308258431258562,0.24623980176751914,0.24623980176751914,691.0003210168038,9.278706226006555,0.0,0.0014339221556346482,0.0,0.0,obsx,uncertainty,"nmpc+learned[model=gdn_mix2,filt=1,gate=1,ffu=1,qyaw=1,obs=1,aci=1,aci_alpha=0.02]",14,7.83713960647583,0,0.84596015936255,10.200424822496316,17.02332424465567,
0.0921965094123351,0.10295032447774902,0.18745230281952882,0.2916703121529632,0.2916703121529632,1115.57291144902,12.455711184982627,0.2549800796812749,0.0017184326286613372,0.0,0.0,obsx,uncertainty,"nmpc+learned[model=gdn_mix2,filt=1,gate=1,ffu=1,qyaw=1,obs=1,aci=1,aci_alpha=0.02]",15,9.496427536010742,0,1.101053784860558,12.328906397082921,21.033547315746546,
0.034124074064013,0.03808511414393796,0.09735471862790208,0.41809015992476456,0.41809015992476456,826.3491985302267,21.688627056699364,0.0,0.0013591644427639604,0.0,0.0,obsx,uncertainty,"nmpc+learned[model=gdn_mix2,filt=1,gate=1,ffu=1,qyaw=1,obs=1,aci=1,aci_alpha=0.02]",16,7.1409807205200195,0,0.7439302788844623,9.149666577837323,19.769174039829522,
0.02181927007214223,0.024328414352790373,0.05395770470574131,0.2547960472801515,0.2547960472801515,617.1720982030387,12.534429292962582,0.0,0.0015671582951161112,0.0,0.0,obsx,uncertainty,"nmpc+learned[model=gdn_mix2,filt=1,gate=1,ffu=1,qyaw=1,obs=1,aci=1,aci_alpha=0.02]",17,6.4557435512542725,0,0.6509322709163347,8.289436864911531,16.76167219178751,
0.04930128040514067,0.05504944620681424,0.09219300981528629,0.4270969528363493,0.4270969528363493,906.1109255378902,26.80171161593225,0.0,0.0033490078726073347,0.0,0.0,obsx,uncertainty,"nmpc+learned[model=gdn_mix2,filt=1,gate=1,ffu=1,qyaw=1,obs=1,aci=1,aci_alpha=0.02]",18,3.938100576400757,0,0.46328087649402383,5.040098764595995,10.953309023752809,
0.08277118981675033,0.09241913163417052,0.14665768633567716,0.4583913536165553,0.4583913536165553,1013.0885264460497,19.458792807109358,0.33665338645418325,0.0010740704765753173,0.0,0.0,obsx,uncertainty,"nmpc+learned[model=gdn_mix2,filt=1,gate=1,ffu=1,qyaw=1,obs=1,aci=1,aci_alpha=0.02]",19,6.1272783279418945,0,0.7117928286852591,7.913123850109597,16.874047718010843,
0.09476845862117644,0.10585919586192657,0.22763412954188678,0.538330417432145,0.538330417432145,1088.4842099835316,22.595812716276434,0.2649402390438247,0.011661198161003639,0.0,0.0,obsx,uncertainty,"nmpc+learned[model=gdn_mix2,filt=1,gate=1,ffu=1,qyaw=1,obs=1,aci=1,obsm=0.01]",0,7.310329914093018,0,0.8083864541832669,9.489299634850003,16.798790427856147,
0.04323456601556521,0.04830770131786533,0.11434303766274556,0.318640053221701,0.318640053221701,1494.7966455353817,28.305310910869963,0.03386454183266932,0.011093580966567207,0.0,0.0,obsx,uncertainty,"nmpc+learned[model=gdn_mix2,filt=1,gate=1,ffu=1,qyaw=1,obs=1,aci=1,obsm=0.01]",1,7.785958766937256,0,0.7922948207171314,10.017217084509413,16.88394061755389,
0.06062733854955075,0.0677253291831747,0.12868915185119822,0.5864156903483047,0.5864156903483047,1066.930707470679,29.472999652139055,0.1294820717131474,0.012187987072499018,0.0,0.0,obsx,uncertainty,"nmpc+learned[model=gdn_mix2,filt=1,gate=1,ffu=1,qyaw=1,obs=1,aci=1,obsm=0.01]",2,3.571387767791748,0,0.36452589641434263,4.557072964174101,10.181167947594078,
0.1361305744049425,0.15211689351641303,0.3407283814458892,0.546497727375731,0.546497727375731,1589.9089347775696,27.543702073091524,0.3565737051792829,0.012223115404603802,0.0,0.0,obsx,uncertainty,"nmpc+learned[model=gdn_mix2,filt=1,gate=1,ffu=1,qyaw=1,obs=1,aci=1,obsm=0.01]",3,7.692071437835693,0,0.8163346613545818,10.017701871767343,17.121100081130862,
0.06087506560253524,0.06800519251547064,0.12123015724792967,0.521003706072004,0.521003706072004,872.4636329988456,16.2522852086279,0.09163346613545817,0.012949138022890105,0.0,0.0,obsx,uncertainty,"nmpc+learned[model=gdn_mix2,filt=1,gate=1,ffu=1,qyaw=1,obs=1,aci=1,obsm=0.01]",4,4.9492433071136475,0,0.7104382470119522,6.445475628106035,10.113668327685446,
0.06416591391763908,0.0716945935328953,0.12105908058886442,0.3550819120803169,0.3550819120803169,1071.1462289818637,12.862933955361179,0.08764940239043825,0.012184107046209286,0.0,0.0,obsx,uncertainty,"nmpc+learned[model=gdn_mix2,filt=1,gate=1,ffu=1,qyaw=1,obs=1,aci=1,obsm=0.01]",5,3.6719884872436523,0,0.36716733067729085,4.626525903168872,10.524045093916357,
0.11692920672735231,0.13047474597732073,0.2643782474107731,0.7063783221269418,0.7063783221269417,1872.592636769128,32.6840217350643,0.3187250996015936,0.012147284987073875,0.0,0.0,obsx,uncertainty,"nmpc+learned[model=gdn_mix2,filt=1,gate=1,ffu=1,qyaw=1,obs=1,aci=1,obsm=0.01]",6,3.8621068000793457,0,0.40146215139442226,4.908800460453853,10.608641938306391,
0.06419985769927,0.07170349274582652,0.1452090797730299,0.8871713413121392,0.8871713413121392,1162.0800000902982,45.97622069522933,0.13346613545816732,0.011872809823092079,0.0,0.0,obsx,uncertainty,"nmpc+learned[model=gdn_mix2,filt=1,gate=1,ffu=1,qyaw=1,obs=1,aci=1,obsm=0.01]",7,8.262614727020264,0,0.7082609561752988,10.665980005354818,19.16750994743781,
0.06618366779965218,0.07392621110188448,0.11412170874266571,0.4193563976571956,0.4193563976571956,1014.0486953704245,25.176178352979537,0.11553784860557768,0.011831019970711038,0.0,0.0,obsx,uncertainty,"nmpc+learned[model=gdn_mix2,filt=1,gate=1,ffu=1,qyaw=1,obs=1,aci=1,obsm=0.01]",8,3.2734487056732178,0,0.3360876494023905,4.162252240116704,10.451221843250096,
0.052903251203013986,0.059101639069786514,0.09899229187819795,0.31628740637304525,0.31628740637304525,1024.7069458195592,9.664139956943963,0.0,0.012570634081966542,0.0,0.0,obsx,uncertainty,"nmpc+learned[model=gdn_mix2,filt=1,gate=1,ffu=1,qyaw=1,obs=1,aci=1,obsm=0.01]",9,7.8400187492370605,0,0.8366852589641433,10.18558052995528,17.067040021065623,
0.03962255496763403,0.04423155298184716,0.06699380284299015,0.3871814037286116,0.3871814037286116,762.8855634306399,8.970527777139152,0.0,0.012162817547090088,0.0,0.0,obsx,uncertainty,"nmpc+learned[model=gdn_mix2,filt=1,gate=1,ffu=1,qyaw=1,obs=1,aci=1,obsm=0.01]",10,6.1449151039123535,0,0.6058605577689243,7.843143499615896,16.521741109900177,
0.04604955522923254,0.051370346998800595,0.10112617708256023,0.22606416181817085,0.22606416181817085,805.7552629143098,12.046650492143504,0.017928286852589643,0.013205697298616842,0.0,0.0,obsx,uncertainty,"nmpc+learned[model=gdn_mix2,filt=1,gate=1,ffu=1,qyaw=1,obs=1,aci=1,obsm=0.01]",11,7.429662227630615,0,0.7386972111553785,9.50543997082043,17.07180818542838,
0.0639943287225559,0.07147145761826472,0.11322161298976371,0.3287351841073972,0.3287351841073972,726.2284525881163,13.810642073322736,0.09561752988047809,0.011496777895184884,0.0,0.0,obsx,uncertainty,"nmpc+learned[model=gdn_mix2,filt=1,gate=1,ffu=1,qyaw=1,obs=1,aci=1,obsm=0.01]",12,5.794909477233887,0,0.6325498007968128,7.463672256794762,16.658359616994858,
0.07954225424325355,0.08887844445873312,0.12470635753276763,0.728607511646969,0.728607511646969,1975.5096140767953,22.217193380025883,0.30278884462151395,0.011873401654248772,0.0,0.0,obsx,uncertainty,"nmpc+learned[model=gdn_mix2,filt=1,gate=1,ffu=1,qyaw=1,obs=1,aci=1,obsm=0.01]",13,3.3377604484558105,0,0.3307051792828685,4.234981700403252,10.312312867026776,
0.05970523363084571,0.06669929833322051,0.10128810785657398,0.26601359166822913,0.26601359166822913,772.6075769147096,9.288210838614422,0.021912350597609563,0.013225528620921523,0.0,0.0,obsx,uncertainty,"nmpc+learned[model=gdn_mix2,filt=1,gate=1,ffu=1,qyaw=1,obs=1,aci=1,obsm=0.01]",14,3.3112733364105225,0,0.3499322709163346,4.167909284523017,10.274207422044128,
0.10094152310704085,0.11272745402283582,0.19821672751951977,0.31786039540283717,0.31786039540283717,1532.3971934090723,11.742488752279039,0.3545816733067729,0.01190552745686635,0.0,0.0,obsx,uncertainty,"nmpc+learned[model=gdn_mix2,filt=1,gate=1,ffu=1,qyaw=1,obs=1,aci=1,obsm=0.01]",15,6.240750074386597,0,0.6022848605577689,8.080790314240847,16.55248254071921,
0.038692359601851065,0.04319571742651279,0.10819332642685035,0.43232088987520056,0.43232088987520056,796.8120792303698,23.44907870041934,0.037848605577689244,0.01285727146321658,0.0,0.0,obsx,uncertainty,"nmpc+learned[model=gdn_mix2,filt=1,gate=1,ffu=1,qyaw=1,obs=1,aci=1,obsm=0.01]",16,6.123898029327393,0,0.5756533864541833,7.799724832110374,16.45757342223078,
0.027708665675945023,0.030921205608120977,0.06504511706469897,0.2680131300370067,0.2680131300370067,749.0068366084416,13.6684024447301,0.0,0.011982030290964008,0.0,0.0,obsx,uncertainty,"nmpc+learned[model=gdn_mix2,filt=1,gate=1,ffu=1,qyaw=1,obs=1,aci=1,obsm=0.01]",17,7.48145055770874,0,0.764784860557769,9.64611185950216,18.614599127322435,
0.05617077250162175,0.06273129140371171,0.10197914518476948,0.45513478519640693,0.45513478519640693,1189.5951575730858,29.00863407586857,0.027888446215139442,0.013072049555875764,0.0,0.0,obsx,uncertainty,"nmpc+learned[model=gdn_mix2,filt=1,gate=1,ffu=1,qyaw=1,obs=1,aci=1,obsm=0.01]",18,6.247806549072266,0,0.6925298804780876,8.136311699024056,22.209290286991745,
0.09116862536885373,0.10180986635752862,0.15978592096777805,0.4883825048399973,0.4883825048399973,1283.449696431663,17.526079729694082,0.40039840637450197,0.011760413185795765,0.0,0.0,obsx,uncertainty,"nmpc+learned[model=gdn_mix2,filt=1,gate=1,ffu=1,qyaw=1,obs=1,aci=1,obsm=0.01]",19,6.977894067764282,0,0.7481733067729084,9.163687883623954,19.605482914485044,
0.08899438850177281,0.09941847067461246,0.21826142851066196,0.5193597149942941,0.5193597149942941,1040.5779584600182,22.777531903802775,0.24900398406374502,0.0017432097926597945,0.0,0.0,obsx,uncertainty,"nmpc+learned[model=gdn_mix2,filt=1,gate=1,ffu=1,qyaw=1,obs=1,aci=1]",0,4.0439488887786865,0,0.37347808764940243,5.170142627321184,11.605930144432934,
0.0363627198157415,0.04062744082146101,0.10159718054307676,0.29053902440295715,0.29053902440295715,1440.3463683123712,26.622830010008546,0.0099601593625498,0.0012078199274156431,0.0,0.0,obsx,uncertainty,"nmpc+learned[model=gdn_mix2,filt=1,gate=1,ffu=1,qyaw=1,obs=1,aci=1]",1,7.62736439704895,0,0.8728266932270916,10.043249122308664,21.698749435599893,
0.05381800654950533,0.060112969055949914,0.11486578179566671,0.5077095183779332,0.5077095183779332,1064.0713890951995,26.929259821151803,0.049800796812749,0.0020216716560504666,0.0,0.0,obsx,uncertainty,"nmpc+learned[model=gdn_mix2,filt=1,gate=1,ffu=1,qyaw=1,obs=1,aci=1]",2,3.4212839603424072,0,0.33913147410358563,4.320503270023491,10.619173566810787,
0.13257364374476593,0.1481420888252945,0.32861114421191634,0.4826757664562337,0.4826757664562337,1684.9839089454722,27.050162806897806,0.2968127490039841,0.0022636318477081696,0.0,0.0,obsx,uncertainty,"nmpc+learned[model=gdn_mix2,filt=1,gate=1,ffu=1,qyaw=1,obs=1,aci=1]",3,3.9132189750671387,0,0.4117868525896414,4.945935011726333,11.01968730101362,
0.054376034159822416,0.060740119979930646,0.10989825686456488,0.49375330474412,0.49375330474412,843.5530716970568,16.11921656666545,0.04183266932270916,0.002904016295641465,0.0,0.0,obsx,uncertainty,"nmpc+learned[model=gdn_mix2,filt=1,gate=1,ffu=1,qyaw=1,obs=1,aci=1]",4,9.344614028930664,0,0.961117529880478,12.139513359991351,22.7822835277766,
0.05659660994125287,0.06323791164136548,0.11069381355888296,0.33620928363235897,0.33620928363235897,1043.923501090271,12.244013311200117,0.055776892430278883,0.002113059971944664,0.0,0.0,obsx,uncertainty,"nmpc+learned[model=gdn_mix2,filt=1,gate=1,ffu=1,qyaw=1,obs=1,aci=1]",5,6.5609517097473145,0,0.7307430278884461,8.477710839546475,17.918678184505552,
0.10838162740038414,0.12096301394690129,0.25004901665133733,0.6750221333014544,0.6750221333014544,1750.8790475402118,31.572316525098216,0.2848605577689243,0.002222347250628476,0.0,0.0,obsx,uncertainty,"nmpc+learned[model=gdn_mix2,filt=1,gate=1,ffu=1,qyaw=1,obs=1,aci=1]",6,3.426325798034668,0,0.3656195219123506,4.366545188444782,12.891237251460554,
0.05497215486755537,0.06138528921827807,0.1219658360550131,0.7158973807075689,0.7158973807075689,1131.9462423420791,41.964359914609034,0.08167330677290836,0.001836881885110997,0.0,0.0,obsx,uncertainty,"nmpc+learned[model=gdn_mix2,filt=1,gate=1,ffu=1,qyaw=1,obs=1,aci=1]",7,3.469498872756958,0,0.3725378486055777,4.458563727886969,10.213832852896303,
0.05844412344331744,0.06527312995652429,0.10243614997625283,0.4031857616756906,0.40318576167569065,995.721497954771,23.604859288917666,0.025896414342629483,0.001951468186946942,0.0,0.0,obsx,uncertainty,"nmpc+learned[model=gdn_mix2,filt=1,gate=1,ffu=1,qyaw=1,obs=1,aci=1]",8,3.602673053741455,0,0.34244820717131474,4.577000206150856,10.516283453907818,
0.046651765031647266,0.05211352338486408,0.08890177639173262,0.3097291186467716,0.3097291186467716,1014.8394525752716,9.257111219713353,0.0,0.0026330999098299057,0.0,0.0,obsx,uncertainty,"nmpc+learned[model=gdn_mix2,filt=1,gate=1,ffu=1,qyaw=1,obs=1,aci=1]",9,3.23569393157959,0,0.32881274900398405,4.075381450310528,5.881121673155577,
0.032658968728266013,0.03644053417434831,0.057069458875620094,0.38518483240810786,0.38518483240810786,703.3107530248756,8.525010687699641,0.0,0.0019181517682915206,0.0,0.0,obsx,uncertainty,"nmpc+learned[model=gdn_mix2,filt=1,gate=1,ffu=1,qyaw=1,obs=1,aci=1]",10,9.08304238319397,0,1.0361374501992031,11.802175668053389,22.784782245289534,
0.03903755964505062,0.04353735293628746,0.09069594492847192,0.22515442510021016,0.22515442510021016,767.9933101415347,10.338341211153262,0.0,0.003167297747099118,0.0,0.0,obsx,uncertainty,"nmpc+learned[model=gdn_mix2,filt=1,gate=1,ffu=1,qyaw=1,obs=1,aci=1]",11,8.963446855545044,0,0.9361613545816733,11.67039040975139,20.747660477645695,
0.05708000761141963,0.06373998713478042,0.10316739563710581,0.31460717434620183,0.31460717434620183,712.7571128667676,13.466208563880516,0.03187250996015936,0.0014297704943766476,0.0,0.0,obsx,uncertainty,"nmpc+learned[model=gdn_mix2,filt=1,gate=1,ffu=1,qyaw=1,obs=1,aci=1]",12,2.944417953491211,0,0.3068386454183266,3.733230341018077,5.668246680870656,
0.06905000808129218,0.07715234140561829,0.10916856472528141,0.7175711913361975,0.7175711913361975,1804.5142002768341,20.59217837940037,0.11155378486055777,0.0016864182855003684,0.0,0.0,obsx,uncertainty,"nmpc+learned[model=gdn_mix2,filt=1,gate=1,ffu=1,qyaw=1,obs=1,aci=1]",13,8.783504486083984,0,1.0018326693227093,11.476475772804088,18.807685929350555,
0.05205950009737231,0.05815242920742927,0.09064788269404005,0.2484239105979534,0.2484239105979534,746.8021989655372,9.278225146927038,0.0,0.0029645337993163823,0.0,0.0,obsx,uncertainty,"nmpc+learned[model=gdn_mix2,filt=1,gate=1,ffu=1,qyaw=1,obs=1,aci=1]",14,9.401380777359009,0,1.046784860557769,12.305379920802357,22.63147589052096,
0.09159777559878544,0.10230491746957093,0.18460721025424348,0.29392816405068883,0.29392816405068883,1446.3678357148656,10.629902234161849,0.2549800796812749,0.001653140677581627,0.0,0.0,obsx,uncertainty,"nmpc+learned[model=gdn_mix2,filt=1,gate=1,ffu=1,qyaw=1,obs=1,aci=1]",15,8.249186515808105,0,0.9308266932270917,10.710480417017324,17.437678112182766,
0.0335864776796508,0.03748359654351804,0.0974274294797905,0.40418294723226184,0.40418294723226184,750.8655809479854,21.33093141122129,0.0,0.0025446127582628986,0.0,0.0,obsx,uncertainty,"nmpc+learned[model=gdn_mix2,filt=1,gate=1,ffu=1,qyaw=1,obs=1,aci=1]",16,3.143965244293213,0,0.3327011952191235,3.97641772767937,6.16035743849352,
0.022009159517960338,0.02454107962781154,0.05424668322737401,0.24891669933964203,0.24891669933964203,706.4625877016219,11.921221049659495,0.0,0.0018956834332505834,0.0,0.0,obsx,uncertainty,"nmpc+learned[model=gdn_mix2,filt=1,gate=1,ffu=1,qyaw=1,obs=1,aci=1]",17,3.8233704566955566,0,0.3720179282868526,4.839559105610793,10.47611202346161,
0.049028405340069844,0.05474427128982218,0.0920399391785456,0.4320178614610105,0.4320178614610105,1133.4909241003243,26.34423225955998,0.0,0.0030595435809368243,0.0,0.0,obsx,uncertainty,"nmpc+learned[model=gdn_mix2,filt=1,gate=1,ffu=1,qyaw=1,obs=1,aci=1]",18,5.552736520767212,0,0.6177171314741036,7.124421603706818,20.03096860833466,
0.08214210013042893,0.09173253135753164,0.14589350065110065,0.4547914799749665,0.4547914799749665,1216.9158768961238,16.735317684503393,0.32669322709163345,0.0016842742087470053,0.0,0.0,obsx,uncertainty,"nmpc+learned[model=gdn_mix2,filt=1,gate=1,ffu=1,qyaw=1,obs=1,aci=1]",19,3.5552310943603516,0,0.3809302788844622,4.56287517292106,10.281636354047805,
0.08889172017242902,0.09929025626796684,0.217429732105849,0.49206387852713596,0.49206387852713596,833.7157127399289,22.904570476855465,0.24701195219123506,0.0011096151102631402,0.0,0.0,obsx,uncertainty,"nmpc+learned[model=gdn_mix2,filt=1,gate=1,ffu=1,qyaw=1,obs=1,aci=2,aci_alpha=0.02]",0,6.961177825927734,0,0.8242250996015935,9.078321718718426,22.568845076020832,
0.03700333087153678,0.041343432006789305,0.10201174261470508,0.30230423613825924,0.30230423613825924,1191.5808640593023,26.954565332620067,0.0099601593625498,0.00128023756424267,0.0,0.0,obsx,uncertainty,"nmpc+learned[model=gdn_mix2,filt=1,gate=1,ffu=1,qyaw=1,obs=1,aci=2,aci_alpha=0.02]",1,11.074960470199585,0,1.1704999999999999,14.437728536415444,22.870106869377196,
0.05356682506603096,0.05983215060210162,0.11916129240466973,0.48455384300699417,0.4845538430069943,919.2475349978749,27.36610019542199,0.05976095617529881,0.0014429111500202652,0.0,0.0,obsx,uncertainty,"nmpc+learned[model=gdn_mix2,filt=1,gate=1,ffu=1,qyaw=1,obs=1,aci=2,aci_alpha=0.02]",2,2.860496997833252,0,0.30526693227091634,3.594429058716651,6.89135606167838,
0.133456934936261,0.14912902977828285,0.32815188330407624,0.562910452857823,0.562910452857823,1305.700644375935,24.835660558896844,0.30677290836653387,0.0014122160963977448,0.0,0.0,obsx,uncertainty,"nmpc+learned[model=gdn_mix2,filt=1,gate=1,ffu=1,qyaw=1,obs=1,aci=2,aci_alpha=0.02]",3,6.853077411651611,0,0.7327848605577688,8.872239108835588,20.833843864966198,
0.05561318797209046,0.06212314312121863,0.11371113014778951,0.4763965142194204,0.4763965142194204,945.7682472375063,16.177765074739202,0.05179282868525897,0.00305699939804549,0.0,0.0,obsx,uncertainty,"nmpc+learned[model=gdn_mix2,filt=1,gate=1,ffu=1,qyaw=1,obs=1,aci=2,aci_alpha=0.02]",4,6.4987640380859375,0,0.6737888446215139,8.362793543587525,16.797460839152336,
0.057422908403330766,0.06415670240633017,0.11175805295806769,0.33963329212432797,0.33963329212432797,786.6279290676779,11.180522449267825,0.05976095617529881,0.001864636797555136,0.0,0.0,obsx,uncertainty,"nmpc+learned[model=gdn_mix2,filt=1,gate=1,ffu=1,qyaw=1,obs=1,aci=2,aci_alpha=0.02]",5,6.601023197174072,0,0.696617529880478,8.576018516849949,16.850213191937655,
0.10952239021943731,0.12216070257493405,0.24960488516920584,0.6455246334530828,0.6455246334530828,1270.9754988743225,30.782821048927698,0.2868525896414343,0.0018777757016804064,0.0,0.0,obsx,uncertainty,"nmpc+learned[model=gdn_mix2,filt=1,gate=1,ffu=1,qyaw=1,obs=1,aci=2,aci_alpha=0.02]",6,11.19930100440979,0,1.330581673306773,14.623047035387847,22.831601542420685,
0.054877091832854066,0.0612789806823663,0.12173133061242371,0.7481149394595218,0.7481149394595218,1128.3630697337376,41.799931356975144,0.0796812749003984,0.001018439543845201,0.0,0.0,obsx,uncertainty,"nmpc+learned[model=gdn_mix2,filt=1,gate=1,ffu=1,qyaw=1,obs=1,aci=2,aci_alpha=0.02]",7,9.102898120880127,0,1.0518306772908366,11.891878360281309,19.456444664392624,
0.05848400048833151,0.06531771681522115,0.10429093044867135,0.39593735213030634,0.3959373521303064,942.6755817975055,24.186054843874352,0.029880478087649404,0.001631689128126862,0.0,0.0,obsx,uncertainty,"nmpc+learned[model=gdn_mix2,filt=1,gate=1,ffu=1,qyaw=1,obs=1,aci=2,aci_alpha=0.02]",8,8.337371349334717,0,0.8097569721115538,10.774505861285347,17.703372333198786,
0.0460264101782576,0.051414448084344276,0.08848419951689823,0.2822888805181483,0.2822888805181483,812.4595374586615,8.744480410203602,0.0,0.0008906441865060843,0.0,0.0,obsx,uncertainty,"nmpc+learned[model=gdn_mix2,filt=1,gate=1,ffu=1,qyaw=1,obs=1,aci=2,aci_alpha=0.02]",9,5.6221678256988525,0,0.5944362549800797,7.188554655155723,11.705640428699555,
0.033117299477216214,0.03695302616061201,0.057758282463507615,0.3952440301565798,0.3952440301565798,541.0108575244341,10.397416626084679,0.0,0.0017696999499005606,0.0,0.0,obsx,uncertainty,"nmpc+learned[model=gdn_mix2,filt=1,gate=1,ffu=1,qyaw=1,obs=1,aci=2,aci_alpha=0.02]",10,3.276069402694702,0,0.35506374501992033,4.215974478511162,11.937494683079438,
0.041164768675407,0.04590135103203367,0.09518252082172392,0.23172964858981507,0.23172964858981512,713.6415472904829,10.037785170739374,0.0,0.001778375791549297,0.0,0.0,obsx,uncertainty,"nmpc+learned[model=gdn_mix2,filt=1,gate=1,ffu=1,qyaw=1,obs=1,aci=2,aci_alpha=0.02]",11,7.436239719390869,0,0.8116653386454183,9.641023149131332,16.973430716898292,
0.05603265349856915,0.06256868023024645,0.10270940979274006,0.3074349539911506,0.3074349539911506,593.5216942503397,13.559698651935005,0.027888446215139442,0.0012422117271530808,0.0,0.0,obsx,uncertainty,"nmpc+learned[model=gdn_mix2,filt=1,gate=1,ffu=1,qyaw=1,obs=1,aci=2,aci_alpha=0.02]",12,10.798600435256958,0,1.358300796812749,14.15934391130519,22.797033477108926,
0.06592407213599612,0.07365872758610902,0.10060154972478441,0.6708209191863631,0.6708209191863631,1307.2634515313528,19.915168655045118,0.025896414342629483,0.0008972683771490964,0.0,0.0,obsx,uncertainty,"nmpc+learned[model=gdn_mix2,filt=1,gate=1,ffu=1,qyaw=1,obs=1,aci=2,aci_alpha=0.02]",13,7.537949085235596,0,0.822788844621514,9.792703236787174,17.656719582155347,
0.052381269259939495,0.058512139748540144,0.09308258431258562,0.24623980176751914,0.24623980176751914,691.0003210168038,9.278706226006555,0.0,0.0014339221556346482,0.0,0.0,obsx,uncertainty,"nmpc+learned[model=gdn_mix2,filt=1,gate=1,ffu=1,qyaw=1,obs=1,aci=2,aci_alpha=0.02]",14,4.554366111755371,0,0.4533924302788845,5.7640591231861205,13.21612171595917,
0.0921965094123351,0.10295032447774902,0.18745230281952882,0.2916703121529632,0.2916703121529632,1115.57291144902,12.455711184982627,0.2549800796812749,0.0017184326286613372,0.0,0.0,obsx,uncertainty,"nmpc+learned[model=gdn_mix2,filt=1,gate=1,ffu=1,qyaw=1,obs=1,aci=2,aci_alpha=0.02]",15,8.519426345825195,0,0.9201334661354582,11.098548752326236,18.60213122330606,
0.034124074064013,0.03808511414393796,0.09735471862790208,0.41809015992476456,0.41809015992476456,826.3491985302267,21.688627056699364,0.0,0.0013591644427639604,0.0,0.0,obsx,uncertainty,"nmpc+learned[model=gdn_mix2,filt=1,gate=1,ffu=1,qyaw=1,obs=1,aci=2,aci_alpha=0.02]",16,4.719872713088989,0,0.5009840637450199,6.0447138544928976,11.539282763842495,
0.02181927007214223,0.024328414352790373,0.05395770470574131,0.2547960472801515,0.2547960472801515,617.1720982030387,12.534429292962582,0.0,0.0015671582951161112,0.0,0.0,obsx,uncertainty,"nmpc+learned[model=gdn_mix2,filt=1,gate=1,ffu=1,qyaw=1,obs=1,aci=2,aci_alpha=0.02]",17,3.2693374156951904,0,0.33499003984063747,4.161631541449087,10.323171778582036,
0.04930128040514067,0.05504944620681424,0.09219300981528629,0.4270969528363493,0.4270969528363493,906.1109255378902,26.80171161593225,0.0,0.0033490078726073347,0.0,0.0,obsx,uncertainty,"nmpc+learned[model=gdn_mix2,filt=1,gate=1,ffu=1,qyaw=1,obs=1,aci=2,aci_alpha=0.02]",18,3.0101704597473145,0,0.35716733067729084,3.8379703136346492,8.453159488271924,
0.08277118981675033,0.09241913163417052,0.14665768633567716,0.4583913536165553,0.4583913536165553,1013.0885264460497,19.458792807109358,0.33665338645418325,0.0010740704765753173,0.0,0.0,obsx,uncertainty,"nmpc+learned[model=gdn_mix2,filt=1,gate=1,ffu=1,qyaw=1,obs=1,aci=2,aci_alpha=0.02]",19,3.9298341274261475,0,0.42859561752988046,5.033155897654503,12.506306357681767,
0.08899438850177281,0.09941847067461246,0.21826142851066196,0.5193597149942941,0.5193597149942941,1040.5779584600182,22.777531903802775,0.24900398406374502,0.0017432097926597945,0.0,0.0,obsx,uncertainty,"nmpc+learned[model=gdn_mix2,filt=1,gate=1,ffu=1,qyaw=1,obs=1,aci=2]",0,6.44500470161438,0,0.7400597609561753,8.418712859594844,16.8689717608504,
0.0363627198157415,0.04062744082146101,0.10159718054307676,0.29053902440295715,0.29053902440295715,1440.3463683123712,26.622830010008546,0.0099601593625498,0.0012078199274156431,0.0,0.0,obsx,uncertainty,"nmpc+learned[model=gdn_mix2,filt=1,gate=1,ffu=1,qyaw=1,obs=1,aci=2]",1,9.62443733215332,0,1.18099203187251,12.544897631222598,22.70840213401243,
0.05381800654950533,0.060112969055949914,0.11486578179566671,0.5077095183779332,0.5077095183779332,1064.0713890951995,26.929259821151803,0.049800796812749,0.0020216716560504666,0.0,0.0,obsx,uncertainty,"nmpc+learned[model=gdn_mix2,filt=1,gate=1,ffu=1,qyaw=1,obs=1,aci=2]",2,3.7083582878112793,0,0.406211155378486,4.683327410310744,11.307090320624416,
0.13257364374476593,0.1481420888252945,0.32861114421191634,0.4826757664562337,0.4826757664562337,1684.9839089454722,27.050162806897806,0.2968127490039841,0.0022636318477081696,0.0,0.0,obsx,uncertainty,"nmpc+learned[model=gdn_mix2,filt=1,gate=1,ffu=1,qyaw=1,obs=1,aci=2]",3,7.390124559402466,0,0.8135756972111553,9.59485453837347,22.19142636051402,
0.054376034159822416,0.060740119979930646,0.10989825686456488,0.49375330474412,0.49375330474412,843.5530716970568,16.11921656666545,0.04183266932270916,0.002904016295641465,0.0,0.0,obsx,uncertainty,"nmpc+learned[model=gdn_mix2,filt=1,gate=1,ffu=1,qyaw=1,obs=1,aci=2]",4,3.3184478282928467,0,0.3368685258964143,4.1959650106765185,10.34237843938172,
0.05681176923212397,0.06347629174306794,0.1134077419667279,0.34379221355265366,0.34379221355265366,932.2116769313772,11.750381884946744,0.06374501992031872,0.002123872231049345,0.0,0.0,obsx,uncertainty,"nmpc+learned[model=gdn_mix2,filt=1,gate=1,ffu=1,qyaw=1,obs=1,aci=2]",5,3.3971011638641357,0,0.3443147410358566,4.315028971235501,10.353795047849417,
0.10949666998133675,0.12216194797379679,0.252909303825776,0.6503593309591886,0.6503593309591886,1764.0334812172518,30.50169646482537,0.28884462151394424,0.0018432641129842997,0.0,0.0,obsx,uncertainty,"nmpc+learned[model=gdn_mix2,filt=1,gate=1,ffu=1,qyaw=1,obs=1,aci=2]",6,3.5551562309265137,0,0.3682051792828685,4.538377499731027,10.52871075225994,
0.05497215486755537,0.06138528921827807,0.1219658360550131,0.7158973807075689,0.7158973807075689,1131.9462423420791,41.964359914609034,0.08167330677290836,0.001836881885110997,0.0,0.0,obsx,uncertainty,"nmpc+learned[model=gdn_mix2,filt=1,gate=1,ffu=1,qyaw=1,obs=1,aci=2]",7,3.695202589035034,0,0.3637768924302789,4.658206443458172,10.876372435595842,
0.05844412344331744,0.06527312995652429,0.10243614997625283,0.4031857616756906,0.40318576167569065,995.721497954771,23.604859288917666,0.025896414342629483,0.001951468186946942,0.0,0.0,obsx,uncertainty,"nmpc+learned[model=gdn_mix2,filt=1,gate=1,ffu=1,qyaw=1,obs=1,aci=2]",8,2.9145357608795166,0,0.3264382470119522,3.7224513262443515,9.857400306500496,
0.046651765031647266,0.05211352338486408,0.08890177639173262,0.3097291186467716,0.3097291186467716,1014.8394525752716,9.257111219713353,0.0,0.0026330999098299057,0.0,0.0,obsx,uncertainty,"nmpc+learned[model=gdn_mix2,filt=1,gate=1,ffu=1,qyaw=1,obs=1,aci=2]",9,8.298351764678955,0,0.8524282868525898,10.750024821572154,17.064133954700086,
0.032658968728266013,0.03644053417434831,0.057069458875620094,0.38518483240810786,0.38518483240810786,703.3107530248756,8.525010687699641,0.0,0.0019181517682915206,0.0,0.0,obsx,uncertainty,"nmpc+learned[model=gdn_mix2,filt=1,gate=1,ffu=1,qyaw=1,obs=1,aci=2]",10,3.3931572437286377,0,0.3865657370517928,4.325167861752272,10.944113843142986,
0.03903755964505062,0.04353735293628746,0.09069594492847192,0.22515442510021016,0.22515442510021016,767.9933101415347,10.338341211153262,0.0,0.003167297747099118,0.0,0.0,obsx,uncertainty,"nmpc+learned[model=gdn_mix2,filt=1,gate=1,ffu=1,qyaw=1,obs=1,aci=2]",11,3.773200035095215,0,0.3813764940239044,4.797843788598342,10.418224197346719,
0.05708000761141963,0.06373998713478042,0.10316739563710581,0.31460717434620183,0.31460717434620183,712.7571128667676,13.466208563880516,0.03187250996015936,0.0014297704943766476,0.0,0.0,obsx,uncertainty,"nmpc+learned[model=gdn_mix2,filt=1,gate=1,ffu=1,qyaw=1,obs=1,aci=2]",12,7.202443599700928,0,0.7350159362549801,9.23077102223656,18.026581865269694,
0.06905000808129218,0.07715234140561829,0.10916856472528141,0.7175711913361975,0.7175711913361975,1804.5142002768341,20.59217837940037,0.11155378486055777,0.0016864182855003684,0.0,0.0,obsx,uncertainty,"nmpc+learned[model=gdn_mix2,filt=1,gate=1,ffu=1,qyaw=1,obs=1,aci=2]",13,7.045258522033691,0,0.763187250996016,9.129720872205004,22.360177736263733,
0.05205950009737231,0.05815242920742927,0.09064788269404005,0.2484239105979534,0.2484239105979534,746.8021989655372,9.278225146927038,0.0,0.0029645337993163823,0.0,0.0,obsx,uncertainty,"nmpc+learned[model=gdn_mix2,filt=1,gate=1,ffu=1,qyaw=1,obs=1,aci=2]",14,3.3562393188476562,0,0.394,4.377504587136357,10.20789687288925,
0.09159777559878544,0.10230491746957093,0.18460721025424348,0.29392816405068883,0.29392816405068883,1446.3678357148656,10.629902234161849,0.2549800796812749,0.001653140677581627,0.0,0.0,obsx,uncertainty,"nmpc+learned[model=gdn_mix2,filt=1,gate=1,ffu=1,qyaw=1,obs=1,aci=2]",15,3.291423797607422,0,0.3439422310756972,4.159570012085763,10.530763275455683,
0.0335864776796508,0.03748359654351804,0.0974274294797905,0.40418294723226184,0.40418294723226184,750.8655809479854,21.33093141122129,0.0,0.0025446127582628986,0.0,0.0,obsx,uncertainty,"nmpc+learned[model=gdn_mix2,filt=1,gate=1,ffu=1,qyaw=1,obs=1,aci=2]",16,6.448051929473877,0,0.7606055776892431,8.321153658137943,16.835559483151883,
0.022009159517960338,0.02454107962781154,0.05424668322737401,0.24891669933964203,0.24891669933964203,706.4625877016219,11.921221049659495,0.0,0.0018956834332505834,0.0,0.0,obsx,uncertainty,"nmpc+learned[model=gdn_mix2,filt=1,gate=1,ffu=1,qyaw=1,obs=1,aci=2]",17,2.993718385696411,0,0.3084741035856574,3.779056427287925,8.494258078280838,
0.049028405340069844,0.05474427128982218,0.0920399391785456,0.4320178614610105,0.4320178614610105,1133.4909241003243,26.34423225955998,0.0,0.0030595435809368243,0.0,0.0,obsx,uncertainty,"nmpc+learned[model=gdn_mix2,filt=1,gate=1,ffu=1,qyaw=1,obs=1,aci=2]",18,4.20497989654541,0,0.5213784860557769,5.494449326612679,10.52662022644654,
0.08214210013042893,0.09173253135753164,0.14589350065110065,0.4547914799749665,0.4547914799749665,1216.9158768961238,16.735317684503393,0.32669322709163345,0.0016842742087470053,0.0,0.0,obsx,uncertainty,"nmpc+learned[model=gdn_mix2,filt=1,gate=1,ffu=1,qyaw=1,obs=1,aci=2]",19,5.512853384017944,0,0.5491155378486056,6.998487380407454,16.682919613085687,
0.08931763792781472,0.09978431823578798,0.21861805431412573,0.6527334280883084,0.6527334280883084,919.519429757357,24.394879285956666,0.2549800796812749,0.0021524783616140297,0.0,0.0,obsx,wind,"nmpc+kf[r_v=0.15,r_w=0.15,q_F=10,q_tau=1,filt=1,gate=1,ffu=1,qyaw=1,obs=1,aci=1]",0,2.8189706802368164,0,0.35494223107569717,3.039585275248999,6.12549897748977,
0.036077957293666155,0.04011307573339813,0.10117392089044644,0.32090512973463964,0.32090512973463964,979.2537871246299,30.18582755643799,0.00796812749003984,0.0020485091754632867,0.0,0.0,obsx,wind,"nmpc+kf[r_v=0.15,r_w=0.15,q_F=10,q_tau=1,filt=1,gate=1,ffu=1,qyaw=1,obs=1,aci=1]",1,7.283375978469849,0,0.7930517928286853,7.673839765296603,11.948426738381386,
0.05392269662734167,0.0601295076762607,0.11577269897867859,0.5432439839424645,0.5432439839424645,1037.951495533871,28.73586350752895,0.053784860557768925,0.0015067788519149694,0.0,0.0,obsx,wind,"nmpc+kf[r_v=0.15,r_w=0.15,q_F=10,q_tau=1,filt=1,gate=1,ffu=1,qyaw=1,obs=1,aci=1]",2,4.783265590667725,0,0.5179262948207172,5.096271605345891,12.68232509493828,
0.12905729618407288,0.14420014321996794,0.32296508103409644,0.6085888000103109,0.6085888000103109,1085.7265466058575,27.539599161179844,0.28884462151394424,0.002459858441080043,0.0,0.0,obsx,wind,"nmpc+kf[r_v=0.15,r_w=0.15,q_F=10,q_tau=1,filt=1,gate=1,ffu=1,qyaw=1,obs=1,aci=1]",3,7.074288606643677,0,0.8023904382470118,7.607684969304657,15.189517743419856,
0.05473848219131532,0.06099909239063843,0.11043154668982863,0.5576493354690895,0.5576493354690895,891.947981551068,13.217953181573105,0.045816733067729085,0.0022033678823221714,0.0,0.0,obsx,wind,"nmpc+kf[r_v=0.15,r_w=0.15,q_F=10,q_tau=1,filt=1,gate=1,ffu=1,qyaw=1,obs=1,aci=1]",4,7.4442033767700195,0,0.6889621513944224,7.837091592990189,12.149376824963838,
0.05631456870004228,0.06283527593279586,0.11160202445677404,0.3452013947367783,0.3452013947367783,851.2077869750224,11.40176771228075,0.05776892430278884,0.0024460971321302594,0.0,0.0,obsx,wind,"nmpc+kf[r_v=0.15,r_w=0.15,q_F=10,q_tau=1,filt=1,gate=1,ffu=1,qyaw=1,obs=1,aci=1]",5,2.5364179611206055,0,0.3576394422310757,2.6886829558158833,5.928783384151758,
0.10579602669228613,0.11796865322005722,0.24666868507762382,0.6091836732892725,0.6091836732892725,1247.3156664933076,26.59986763789111,0.28286852589641437,0.0029041633085171714,0.0,0.0,obsx,wind,"nmpc+kf[r_v=0.15,r_w=0.15,q_F=10,q_tau=1,filt=1,gate=1,ffu=1,qyaw=1,obs=1,aci=1]",6,7.0161988735198975,0,0.8113665338645419,7.490657469855094,13.061677285004414,
0.055815578448522446,0.061977394765517876,0.12317858188258443,0.5933216079287249,0.5933216079287249,1242.338074503548,40.0290659037549,0.08565737051792828,0.0019722811882312563,0.0,0.0,obsx,wind,"nmpc+kf[r_v=0.15,r_w=0.15,q_F=10,q_tau=1,filt=1,gate=1,ffu=1,qyaw=1,obs=1,aci=1]",7,6.1734442710876465,0,0.6308346613545815,6.619388065987315,12.044156778138133,
0.05850881198368976,0.0652038202753985,0.10163720587503325,0.32736380245226665,0.3273638024522667,855.8584703049396,22.086515888149258,0.01593625498007968,0.0016711123850347842,0.0,0.0,obsx,wind,"nmpc+kf[r_v=0.15,r_w=0.15,q_F=10,q_tau=1,filt=1,gate=1,ffu=1,qyaw=1,obs=1,aci=1]",8,2.514132499694824,0,0.3264243027888446,2.689046088134892,5.806703714188188,
0.045520712186168454,0.05065732467568546,0.08774551397244082,0.25310909310726937,0.25310909310726937,659.6557304507704,10.934510946020305,0.0,0.003333742449550897,0.0,0.0,obsx,wind,"nmpc+kf[r_v=0.15,r_w=0.15,q_F=10,q_tau=1,filt=1,gate=1,ffu=1,qyaw=1,obs=1,aci=1]",9,7.961125612258911,0,0.9192569721115537,8.442567773181871,15.102586080320188,
0.03367733028031211,0.03736442952688708,0.058690325051174996,0.3424850814609327,0.3424850814609327,711.2083078765705,9.01303021483513,0.0,0.0021938216193252424,0.0,0.0,obsx,wind,"nmpc+kf[r_v=0.15,r_w=0.15,q_F=10,q_tau=1,filt=1,gate=1,ffu=1,qyaw=1,obs=1,aci=1]",10,3.9615890979766846,0,0.4701792828685259,4.193229061844518,9.259245502762496,
0.038536058523218716,0.042546741659828566,0.08891187971131669,0.22625239718486853,0.22625239718486853,712.4304431161102,11.9767267715569,0.0,0.0028796250570370385,0.0,0.0,obsx,wind,"nmpc+kf[r_v=0.15,r_w=0.15,q_F=10,q_tau=1,filt=1,gate=1,ffu=1,qyaw=1,obs=1,aci=1]",11,7.923559904098511,0,0.8612111553784861,8.335387272541356,12.111557847820222,
0.058274068771487,0.06476553662659482,0.10256831456659826,0.46404177683627473,0.46404177683627473,1053.489290961307,15.72232263966404,0.029880478087649404,0.0007209719638959777,0.0,0.0,obsx,wind,"nmpc+kf[r_v=0.15,r_w=0.15,q_F=10,q_tau=1,filt=1,gate=1,ffu=1,qyaw=1,obs=1,aci=1]",12,3.761721134185791,0,0.46761354581673303,4.060210140637193,5.9527931176126,
0.06816293179639173,0.07575903699153382,0.10583471341516804,0.6689331247473657,0.6689331247473655,1588.1280150841553,23.8895621429491,0.07370517928286853,0.0015837467928673243,0.0,0.0,obsx,wind,"nmpc+kf[r_v=0.15,r_w=0.15,q_F=10,q_tau=1,filt=1,gate=1,ffu=1,qyaw=1,obs=1,aci=1]",13,8.183360815048218,0,0.8264601593625498,8.729104949365485,15.419197885785254,
0.05310712314340711,0.058947492030022974,0.09249312266143397,0.22387983768921285,0.22387983768921285,621.539166470567,10.858148278160069,0.0,0.0034604101073862914,0.0,0.0,obsx,wind,"nmpc+kf[r_v=0.15,r_w=0.15,q_F=10,q_tau=1,filt=1,gate=1,ffu=1,qyaw=1,obs=1,aci=1]",14,2.6476969718933105,0,0.3452390438247013,2.8153841047032007,5.917466008104384,
0.09118592289949741,0.10183400517985758,0.18447685429595745,0.3118482385591463,0.3118482385591463,1031.2991950015846,10.840224974974118,0.2549800796812749,0.0027861874487164207,0.0,0.0,obsx,wind,"nmpc+kf[r_v=0.15,r_w=0.15,q_F=10,q_tau=1,filt=1,gate=1,ffu=1,qyaw=1,obs=1,aci=1]",15,2.93283748626709,0,0.36899203187250995,3.1538325430550778,8.908346046227962,
0.036244411763026146,0.0394250361654406,0.09720179743150818,0.3846075210514973,0.3846075210514973,969.3209347325059,21.98237791691678,0.0,0.0021618401320431246,0.0,0.0,obsx,wind,"nmpc+kf[r_v=0.15,r_w=0.15,q_F=10,q_tau=1,filt=1,gate=1,ffu=1,qyaw=1,obs=1,aci=1]",16,2.9242358207702637,0,0.40358167330677286,3.1278199577459183,6.007499643601477,
0.024269427368415985,0.02673335149617838,0.05657175207217506,0.2776604417218676,0.27766044172186766,849.3025586767204,12.899722453835047,0.0,0.001485123355925988,0.0,0.0,obsx,wind,"nmpc+kf[r_v=0.15,r_w=0.15,q_F=10,q_tau=1,filt=1,gate=1,ffu=1,qyaw=1,obs=1,aci=1]",17,4.168567657470703,0,0.5677450199203188,4.4464645689293985,8.790530588012189,
0.04981928505778997,0.055380347022973404,0.09311047839872234,0.48948864180051815,0.48948864180051815,1054.280986882903,27.869666537399947,0.0,0.002571207056310282,0.0,0.0,obsx,wind,"nmpc+kf[r_v=0.15,r_w=0.15,q_F=10,q_tau=1,filt=1,gate=1,ffu=1,qyaw=1,obs=1,aci=1]",18,8.698672533035278,0,0.9345776892430278,9.246350085618813,15.08090601535514,
0.08110074767862294,0.09023947965735388,0.14405867140828074,0.48016996644122784,0.48016996644122784,967.4626397116572,17.0897651446513,0.32270916334661354,0.002213897789772934,0.0,0.0,obsx,wind,"nmpc+kf[r_v=0.15,r_w=0.15,q_F=10,q_tau=1,filt=1,gate=1,ffu=1,qyaw=1,obs=1,aci=1]",19,6.367627143859863,0,0.7908545816733068,6.860564710512994,11.07068132609129,
0.08925642877616774,0.09970347382705798,0.21851822897256049,0.6149925865943369,0.6149925865943369,690.3081373722586,24.2644880612267,0.25298804780876494,0.0012828755192770824,0.0,0.0,obsx,wind,"nmpc+kf[r_v=0.15,r_w=0.15,q_F=10,q_tau=1,filt=1,gate=1,ffu=1,qyaw=1,obs=1,aci=2,aci_alpha=0.02]",0,8.560626983642578,0,0.9558466135458168,9.17934431264036,15.104382215067764,
0.03764264673409503,0.04187006911984522,0.10231439390026496,0.3374733409977711,0.3374733409977711,958.7930526154383,31.15886675719468,0.01195219123505976,0.0012855579875528655,0.0,0.0,obsx,wind,"nmpc+kf[r_v=0.15,r_w=0.15,q_F=10,q_tau=1,filt=1,gate=1,ffu=1,qyaw=1,obs=1,aci=2,aci_alpha=0.02]",1,6.4776952266693115,0,0.7344382470119521,6.95708132185695,12.07986073102802,
0.0530733473946356,0.05917832766086035,0.11728785098240053,0.4886078813020648,0.48860788130206484,969.3705957076289,28.91736373525257,0.05776892430278884,0.0014764580749287992,0.0,0.0,obsx,wind,"nmpc+kf[r_v=0.15,r_w=0.15,q_F=10,q_tau=1,filt=1,gate=1,ffu=1,qyaw=1,obs=1,aci=2,aci_alpha=0.02]",2,5.321703910827637,0,0.74697609561753,5.7119174778787976,11.977892005816104,
0.13033414605744895,0.14562738617036386,0.3251782985419439,0.7219517370267287,0.7219517370267287,1124.4367729237356,26.353687609619683,0.28087649402390436,0.0018538865112187608,0.0,0.0,obsx,wind,"nmpc+kf[r_v=0.15,r_w=0.15,q_F=10,q_tau=1,filt=1,gate=1,ffu=1,qyaw=1,obs=1,aci=2,aci_alpha=0.02]",3,5.817638635635376,0,0.7546733067729083,6.296777960925968,15.150205621030201,
0.05552624306278332,0.06188181501820662,0.1146715841009499,0.5461927768204882,0.5461927768204882,849.9974018812308,13.249968129157399,0.053784860557768925,0.001769928882489169,0.0,0.0,obsx,wind,"nmpc+kf[r_v=0.15,r_w=0.15,q_F=10,q_tau=1,filt=1,gate=1,ffu=1,qyaw=1,obs=1,aci=2,aci_alpha=0.02]",4,5.255078554153442,0,0.6326354581673307,5.599854366048666,11.900458103045832,
0.05700713905081134,0.06360424598116475,0.1107691084275045,0.3470275353161984,0.3470275353161984,764.2216555474507,11.542117375713133,0.06374501992031872,0.0015009569586837412,0.0,0.0,obsx,wind,"nmpc+kf[r_v=0.15,r_w=0.15,q_F=10,q_tau=1,filt=1,gate=1,ffu=1,qyaw=1,obs=1,aci=2,aci_alpha=0.02]",5,2.500242233276367,0,0.31865936254980076,2.678806662088282,5.723582925274968,
0.10621048691518781,0.1183788428597872,0.24619593339405635,0.6787758869581025,0.6787758869581026,1138.1031304806763,27.943110728737512,0.2848605577689243,0.0021318793459326746,0.0,0.0,obsx,wind,"nmpc+kf[r_v=0.15,r_w=0.15,q_F=10,q_tau=1,filt=1,gate=1,ffu=1,qyaw=1,obs=1,aci=2,aci_alpha=0.02]",6,2.3975942134857178,0,0.3242828685258964,2.5499464639748233,5.677972517441958,
0.055429597849403905,0.061543300576095,0.12238705814649423,0.6199167679776952,0.6199167679776952,1191.5790669981418,39.76855806705809,0.08167330677290836,0.0013388910920970054,0.0,0.0,obsx,wind,"nmpc+kf[r_v=0.15,r_w=0.15,q_F=10,q_tau=1,filt=1,gate=1,ffu=1,qyaw=1,obs=1,aci=2,aci_alpha=0.02]",7,7.416822671890259,0,0.7999362549800796,7.846365616456476,14.986967532895514,
0.05882767558994355,0.06556111319021354,0.10453771912570481,0.3332827736108652,0.3332827736108652,838.3098636452365,21.338716228606472,0.027888446215139442,0.0012809767847095366,0.0,0.0,obsx,wind,"nmpc+kf[r_v=0.15,r_w=0.15,q_F=10,q_tau=1,filt=1,gate=1,ffu=1,qyaw=1,obs=1,aci=2,aci_alpha=0.02]",8,3.2876555919647217,0,0.42522111553784864,3.50010359336982,8.828338724561036,
0.046537148486534764,0.05179779774498282,0.09145222577371133,0.24099869888157466,0.24099869888157466,644.9556921955792,9.209882558550069,0.0,0.0011251508289297774,0.0,0.0,obsx,wind,"nmpc+kf[r_v=0.15,r_w=0.15,q_F=10,q_tau=1,filt=1,gate=1,ffu=1,qyaw=1,obs=1,aci=2,aci_alpha=0.02]",9,3.587049961090088,0,0.4298366533864542,3.877488549787596,6.193046560510993,
0.03343388384697848,0.0370904988267187,0.057825206329425054,0.3500254099273373,0.3500254099273374,548.7596090857564,10.677456581729718,0.0,0.0014315913745864828,0.0,0.0,obsx,wind,"nmpc+kf[r_v=0.15,r_w=0.15,q_F=10,q_tau=1,filt=1,gate=1,ffu=1,qyaw=1,obs=1,aci=2,aci_alpha=0.02]",10,5.511404752731323,0,0.671503984063745,5.919607760629568,11.94042919203639,
0.040533749409915054,0.04478746193851267,0.09342263236947328,0.24177235903757247,0.24177235903757247,647.0390811525006,11.818981066580697,0.0,0.0009724095562274049,0.0,0.0,obsx,wind,"nmpc+kf[r_v=0.15,r_w=0.15,q_F=10,q_tau=1,filt=1,gate=1,ffu=1,qyaw=1,obs=1,aci=2,aci_alpha=0.02]",11,4.179884910583496,0,0.5655298804780877,4.483371819517912,8.880421144422144,
0.05662850680520029,0.06291647231234135,0.10221052802356617,0.42015946597832843,0.42015946597832843,794.8348999266029,15.761665385570618,0.025896414342629483,0.0006765706733674048,0.0,0.0,obsx,wind,"nmpc+kf[r_v=0.15,r_w=0.15,q_F=10,q_tau=1,filt=1,gate=1,ffu=1,qyaw=1,obs=1,aci=2,aci_alpha=0.02]",12,7.426174879074097,0,0.8907868525896415,7.926908222424141,11.791087060701102,
0.06659331033103742,0.07399526608544264,0.10121307104656616,0.684285128408957,0.684285128408957,1114.053359444953,23.79415586482601,0.03386454183266932,0.0015000908387967082,0.0,0.0,obsx,wind,"nmpc+kf[r_v=0.15,r_w=0.15,q_F=10,q_tau=1,filt=1,gate=1,ffu=1,qyaw=1,obs=1,aci=2,aci_alpha=0.02]",13,4.514918088912964,0,0.593304780876494,4.862268207190314,9.796992882620549,
0.054213048007182706,0.06019152141664919,0.09556008696935878,0.22555769164283387,0.22555769164283387,671.2407969389333,11.203388296686715,0.0,0.0027418324015308637,0.0,0.0,obsx,wind,"nmpc+kf[r_v=0.15,r_w=0.15,q_F=10,q_tau=1,filt=1,gate=1,ffu=1,qyaw=1,obs=1,aci=2,aci_alpha=0.02]",14,6.8433122634887695,0,0.8371414342629482,7.315000783525912,11.565251604188237,
0.09227467201843169,0.10302791507396195,0.18941250095968565,0.3677509194371423,0.3677509194371423,860.0476063133999,11.530888594069488,0.2549800796812749,0.0010455399506348328,0.0,0.0,obsx,wind,"nmpc+kf[r_v=0.15,r_w=0.15,q_F=10,q_tau=1,filt=1,gate=1,ffu=1,qyaw=1,obs=1,aci=2,aci_alpha=0.02]",15,7.3974151611328125,0,0.8459621513944223,7.818721632280227,17.872036453336484,
0.0370780630472794,0.04038148299876896,0.0987382924903412,0.34425544787110185,0.34425544787110185,1123.7272718495817,21.925750436737186,0.0,0.0008760250458635377,0.0,0.0,obsx,wind,"nmpc+kf[r_v=0.15,r_w=0.15,q_F=10,q_tau=1,filt=1,gate=1,ffu=1,qyaw=1,obs=1,aci=2,aci_alpha=0.02]",16,4.312056064605713,0,0.4897011952191235,4.561026172018591,12.223026419524105,
0.023345782524232424,0.025685644902004128,0.053731614105521124,0.287884993878579,0.287884993878579,685.1156557267836,12.882762711446194,0.0,0.0010629022355833628,0.0,0.0,obsx,wind,"nmpc+kf[r_v=0.15,r_w=0.15,q_F=10,q_tau=1,filt=1,gate=1,ffu=1,qyaw=1,obs=1,aci=2,aci_alpha=0.02]",17,2.717496633529663,0,0.3427171314741036,2.826991696022006,5.8604729594662786,
0.04991315853116364,0.05548581303876603,0.09200436263050005,0.4888405321153789,0.4888405321153789,843.745838069152,28.52220424655279,0.0,0.003442820820940218,0.0,0.0,obsx,wind,"nmpc+kf[r_v=0.15,r_w=0.15,q_F=10,q_tau=1,filt=1,gate=1,ffu=1,qyaw=1,obs=1,aci=2,aci_alpha=0.02]",18,3.3075921535491943,0,0.4290876494023905,3.533174702155578,5.998296749312431,
0.08225324348206509,0.09151057435111709,0.14634655216595643,0.5006286290944865,0.5006286290944865,856.0301076521367,17.377995376653015,0.33665338645418325,0.0016853958531369284,0.0,0.0,obsx,wind,"nmpc+kf[r_v=0.15,r_w=0.15,q_F=10,q_tau=1,filt=1,gate=1,ffu=1,qyaw=1,obs=1,aci=2,aci_alpha=0.02]",19,2.792989492416382,0,0.35154980079681275,3.0113676659376973,5.943507505580783,
0.08931763792781472,0.09978431823578798,0.21861805431412573,0.6527334280883084,0.6527334280883084,919.519429757357,24.394879285956666,0.2549800796812749,0.0021524783616140297,0.0,0.0,obsx,wind,"nmpc+kf[r_v=0.15,r_w=0.15,q_F=10,q_tau=1,filt=1,gate=1,ffu=1,qyaw=1,obs=1,aci=2]",0,2.7816169261932373,0,0.3781354581673307,2.99449906864415,9.144858091603968,
0.036077957293666155,0.04011307573339813,0.10117392089044644,0.32090512973463964,0.32090512973463964,979.2537871246299,30.18582755643799,0.00796812749003984,0.0020485091754632867,0.0,0.0,obsx,wind,"nmpc+kf[r_v=0.15,r_w=0.15,q_F=10,q_tau=1,filt=1,gate=1,ffu=1,qyaw=1,obs=1,aci=2]",1,8.041446685791016,0,0.7168107569721116,8.525119038795927,14.095393100287783,
0.05392269662734167,0.0601295076762607,0.11577269897867859,0.5432439839424645,0.5432439839424645,1037.951495533871,28.73586350752895,0.053784860557768925,0.0015067788519149694,0.0,0.0,obsx,wind,"nmpc+kf[r_v=0.15,r_w=0.15,q_F=10,q_tau=1,filt=1,gate=1,ffu=1,qyaw=1,obs=1,aci=2]",2,5.83196759223938,0,0.8136414342629482,6.288868118637795,12.051337151788179,
0.12905729618407288,0.14420014321996794,0.32296508103409644,0.6085888000103109,0.6085888000103109,1085.7265466058575,27.539599161179844,0.28884462151394424,0.002459858441080043,0.0,0.0,obsx,wind,"nmpc+kf[r_v=0.15,r_w=0.15,q_F=10,q_tau=1,filt=1,gate=1,ffu=1,qyaw=1,obs=1,aci=2]",3,9.039903402328491,0,0.9047490039840638,9.611226185095084,17.86589968716727,
0.05473848219131532,0.06099909239063843,0.11043154668982863,0.5576493354690895,0.5576493354690895,891.947981551068,13.217953181573105,0.045816733067729085,0.0022033678823221714,0.0,0.0,obsx,wind,"nmpc+kf[r_v=0.15,r_w=0.15,q_F=10,q_tau=1,filt=1,gate=1,ffu=1,qyaw=1,obs=1,aci=2]",4,6.556152820587158,0,0.7709701195219124,7.065014221679523,11.875130278058357,
0.05631456870004228,0.06283527593279586,0.11160202445677404,0.3452013947367783,0.3452013947367783,851.2077869750224,11.40176771228075,0.05776892430278884,0.0024460971321302594,0.0,0.0,obsx,wind,"nmpc+kf[r_v=0.15,r_w=0.15,q_F=10,q_tau=1,filt=1,gate=1,ffu=1,qyaw=1,obs=1,aci=2]",5,7.492424964904785,0,0.8956314741035857,7.9370851886358516,12.853895255830144,
0.10579602669228613,0.11796865322005722,0.24666868507762382,0.6091836732892725,0.6091836732892725,1247.3156664933076,26.59986763789111,0.28286852589641437,0.0029041633085171714,0.0,0.0,obsx,wind,"nmpc+kf[r_v=0.15,r_w=0.15,q_F=10,q_tau=1,filt=1,gate=1,ffu=1,qyaw=1,obs=1,aci=2]",6,5.294105768203735,0,0.7144780876494023,5.703674926166515,12.005803249776374,
0.055815578448522446,0.061977394765517876,0.12317858188258443,0.5933216079287249,0.5933216079287249,1242.338074503548,40.0290659037549,0.08565737051792828,0.0019722811882312563,0.0,0.0,obsx,wind,"nmpc+kf[r_v=0.15,r_w=0.15,q_F=10,q_tau=1,filt=1,gate=1,ffu=1,qyaw=1,obs=1,aci=2]",7,6.415832996368408,0,0.8158904382470119,6.821554866099945,10.206416486762466,
0.05850881198368976,0.0652038202753985,0.10163720587503325,0.32736380245226665,0.3273638024522667,855.8584703049396,22.086515888149258,0.01593625498007968,0.0016711123850347842,0.0,0.0,obsx,wind,"nmpc+kf[r_v=0.15,r_w=0.15,q_F=10,q_tau=1,filt=1,gate=1,ffu=1,qyaw=1,obs=1,aci=2]",8,6.779912233352661,0,0.7510677290836653,7.240158807675529,15.16520180273801,
0.045520712186168454,0.05065732467568546,0.08774551397244082,0.25310909310726937,0.25310909310726937,659.6557304507704,10.934510946020305,0.0,0.003333742449550897,0.0,0.0,obsx,wind,"nmpc+kf[r_v=0.15,r_w=0.15,q_F=10,q_tau=1,filt=1,gate=1,ffu=1,qyaw=1,obs=1,aci=2]",9,3.0303237438201904,0,0.36017131474103586,3.2318141575776544,5.94123451737687,
0.03367733028031211,0.03736442952688708,0.058690325051174996,0.3424850814609327,0.3424850814609327,711.2083078765705,9.01303021483513,0.0,0.0021938216193252424,0.0,0.0,obsx,wind,"nmpc+kf[r_v=0.15,r_w=0.15,q_F=10,q_tau=1,filt=1,gate=1,ffu=1,qyaw=1,obs=1,aci=2]",10,3.2833054065704346,0,0.4007629482071713,3.497603209318215,6.940355829428883,
0.038536058523218716,0.042546741659828566,0.08891187971131669,0.22625239718486853,0.22625239718486853,712.4304431161102,11.9767267715569,0.0,0.0028796250570370385,0.0,0.0,obsx,wind,"nmpc+kf[r_v=0.15,r_w=0.15,q_F=10,q_tau=1,filt=1,gate=1,ffu=1,qyaw=1,obs=1,aci=2]",11,7.792588710784912,0,0.8457171314741035,8.308046980690493,14.899404286406941,
0.058274068771487,0.06476553662659482,0.10256831456659826,0.46404177683627473,0.46404177683627473,1053.489290961307,15.72232263966404,0.029880478087649404,0.0007209719638959777,0.0,0.0,obsx,wind,"nmpc+kf[r_v=0.15,r_w=0.15,q_F=10,q_tau=1,filt=1,gate=1,ffu=1,qyaw=1,obs=1,aci=2]",12,3.6631593704223633,0,0.5071593625498008,3.929948943028917,6.593001252040268,
0.06816293179639173,0.07575903699153382,0.10583471341516804,0.6689331247473657,0.6689331247473655,1588.1280150841553,23.8895621429491,0.07370517928286853,0.0015837467928673243,0.0,0.0,obsx,wind,"nmpc+kf[r_v=0.15,r_w=0.15,q_F=10,q_tau=1,filt=1,gate=1,ffu=1,qyaw=1,obs=1,aci=2]",13,4.182306528091431,0,0.5620657370517927,4.518589234922037,10.238095500972126,
0.05310712314340711,0.058947492030022974,0.09249312266143397,0.22387983768921285,0.22387983768921285,621.539166470567,10.858148278160069,0.0,0.0034604101073862914,0.0,0.0,obsx,wind,"nmpc+kf[r_v=0.15,r_w=0.15,q_F=10,q_tau=1,filt=1,gate=1,ffu=1,qyaw=1,obs=1,aci=2]",14,3.333179235458374,0,0.4068406374501991,3.531625070442182,5.911498749628663,
0.09118592289949741,0.10183400517985758,0.18447685429595745,0.3118482385591463,0.3118482385591463,1031.2991950015846,10.840224974974118,0.2549800796812749,0.0027861874487164207,0.0,0.0,obsx,wind,"nmpc+kf[r_v=0.15,r_w=0.15,q_F=10,q_tau=1,filt=1,gate=1,ffu=1,qyaw=1,obs=1,aci=2]",15,4.816341161727905,0,0.5619621513944224,5.202725898396535,10.102330713998533,
0.036244411763026146,0.0394250361654406,0.09720179743150818,0.3846075210514973,0.3846075210514973,969.3209347325059,21.98237791691678,0.0,0.0021618401320431246,0.0,0.0,obsx,wind,"nmpc+kf[r_v=0.15,r_w=0.15,q_F=10,q_tau=1,filt=1,gate=1,ffu=1,qyaw=1,obs=1,aci=2]",16,3.3690969944000244,0,0.39028486055776895,3.557375006088282,7.1162567660212535,
0.024269427368415985,0.02673335149617838,0.05657175207217506,0.2776604417218676,0.27766044172186766,849.3025586767204,12.899722453835047,0.0,0.001485123355925988,0.0,0.0,obsx,wind,"nmpc+kf[r_v=0.15,r_w=0.15,q_F=10,q_tau=1,filt=1,gate=1,ffu=1,qyaw=1,obs=1,aci=2]",17,6.510181665420532,0,0.6899362549800797,6.838046756862436,13.160023896489292,
0.04981928505778997,0.055380347022973404,0.09311047839872234,0.48948864180051815,0.48948864180051815,1054.280986882903,27.869666537399947,0.0,0.002571207056310282,0.0,0.0,obsx,wind,"nmpc+kf[r_v=0.15,r_w=0.15,q_F=10,q_tau=1,filt=1,gate=1,ffu=1,qyaw=1,obs=1,aci=2]",18,5.208517551422119,0,0.6507290836653388,5.566926281138572,13.111875241156667,
0.08110074767862294,0.09023947965735388,0.14405867140828074,0.48016996644122784,0.48016996644122784,967.4626397116572,17.0897651446513,0.32270916334661354,0.002213897789772934,0.0,0.0,obsx,wind,"nmpc+kf[r_v=0.15,r_w=0.15,q_F=10,q_tau=1,filt=1,gate=1,ffu=1,qyaw=1,obs=1,aci=2]",19,3.3859331607818604,0,0.4633027888446215,3.6747134142217646,14.38886221731084,
0.08893377498866269,0.09934443768534709,0.2178125603580182,0.5521915577049908,0.5521915577049908,791.9747882881569,24.156300571587934,0.250996015936255,0.001416008267100477,0.0,0.0,obsx,wind,"nmpc+learned[model=gdn_mix2,filt=1,gate=1,ffu=1,qyaw=1,obs=1,aci=1,aci_alpha=0.02]",0,8.114703178405762,0,0.9353386454183266,10.559030116509751,23.29724808689207,
0.03658654535355383,0.04083959184100645,0.10183056544821495,0.3757678479229796,0.3757678479229796,951.3478170022704,30.717650980316925,0.01195219123505976,0.0011815208885621598,0.0,0.0,obsx,wind,"nmpc+learned[model=gdn_mix2,filt=1,gate=1,ffu=1,qyaw=1,obs=1,aci=1,aci_alpha=0.02]",1,4.319734334945679,0,0.4480418326693226,5.4598632338178525,16.392801876645535,
0.05378220645513879,0.060029482174191004,0.11939482932583206,0.45630320957574244,0.45630320957574244,1006.7718185744238,29.435075501944052,0.06772908366533864,0.0017900104394341643,0.0,0.0,obsx,wind,"nmpc+learned[model=gdn_mix2,filt=1,gate=1,ffu=1,qyaw=1,obs=1,aci=1,aci_alpha=0.02]",2,8.227200984954834,0,0.8802669322709163,10.73482974137428,22.674288253765553,
0.13017756014087647,0.14545720895905376,0.32588005027177785,0.7292491976040858,0.7292491976040858,1250.2365791575126,25.887726295449287,0.28286852589641437,0.0016091069515071776,0.0,0.0,obsx,wind,"nmpc+learned[model=gdn_mix2,filt=1,gate=1,ffu=1,qyaw=1,obs=1,aci=1,aci_alpha=0.02]",3,8.489059925079346,0,0.8541374501992033,11.018766516047824,22.779410409275442,
0.05547630287173459,0.06194018432904754,0.11459012176504763,0.5272917373053858,0.5272917373053858,842.5912425239892,13.346706496131839,0.053784860557768925,0.0022081381159852476,0.0,0.0,obsx,wind,"nmpc+learned[model=gdn_mix2,filt=1,gate=1,ffu=1,qyaw=1,obs=1,aci=1,aci_alpha=0.02]",4,7.767606735229492,0,0.8907270916334661,10.160782142074787,22.624113645870242,
0.05722169602221269,0.06390296524799645,0.110624253499235,0.3814790892760268,0.3814790892760268,832.1224304828092,11.448925641230781,0.061752988047808766,0.001464683345727219,0.0,0.0,obsx,wind,"nmpc+learned[model=gdn_mix2,filt=1,gate=1,ffu=1,qyaw=1,obs=1,aci=1,aci_alpha=0.02]",5,7.95659875869751,0,0.7943964143426295,10.275702130427934,22.811556071974337,
0.10577794286327796,0.1179595790010922,0.24697073656400875,0.7229192580746645,0.7229192580746645,1178.7467788153351,27.151073632135045,0.28087649402390436,0.001557394507735621,0.0,0.0,obsx,wind,"nmpc+learned[model=gdn_mix2,filt=1,gate=1,ffu=1,qyaw=1,obs=1,aci=1,aci_alpha=0.02]",6,7.604194641113281,0,0.9751653386454184,9.864575159086648,22.86983168683946,
0.054373999321562304,0.060613722764466124,0.11819578042823667,0.6427124987569994,0.6427124987569994,1196.5123857912597,41.184510905392024,0.0697211155378486,0.0012099473658981896,0.0,0.0,obsx,wind,"nmpc+learned[model=gdn_mix2,filt=1,gate=1,ffu=1,qyaw=1,obs=1,aci=1,aci_alpha=0.02]",7,8.229969501495361,0,0.9464780876494024,10.704320479755797,22.672975624445826,
0.05814822045366924,0.06490848201706015,0.10366023303582717,0.3756868507434192,0.3756868507434192,821.2761018561879,22.60196759398086,0.025896414342629483,0.0021826437488125516,0.0,0.0,obsx,wind,"nmpc+learned[model=gdn_mix2,filt=1,gate=1,ffu=1,qyaw=1,obs=1,aci=1,aci_alpha=0.02]",8,3.674992799758911,0,0.393406374501992,4.722095230980163,11.359863425605,
0.04616890159576023,0.051480879522340484,0.09244999206775165,0.2741718965697278,0.2741718965697278,656.7967183013609,9.020896534927411,0.0,0.0013169329956400078,0.0,0.0,obsx,wind,"nmpc+learned[model=gdn_mix2,filt=1,gate=1,ffu=1,qyaw=1,obs=1,aci=1,aci_alpha=0.02]",9,3.716592788696289,0,0.3967131474103585,4.747319822774762,16.15925252204763,
0.0332699429155905,0.037070656401991225,0.05837536524185578,0.4136042612468905,0.4136042612468905,550.8696384055077,11.047976064876988,0.0,0.00207976132894766,0.0,0.0,obsx,wind,"nmpc+learned[model=gdn_mix2,filt=1,gate=1,ffu=1,qyaw=1,obs=1,aci=1,aci_alpha=0.02]",10,8.362656116485596,0,0.9086155378486056,10.782455207791134,17.109211422502995,
0.041058112903342846,0.045645286366558,0.0939736621821254,0.2501676575358162,0.2501676575358162,641.3540944395397,11.644306406444388,0.0,0.0010864111814865851,0.0,0.0,obsx,wind,"nmpc+learned[model=gdn_mix2,filt=1,gate=1,ffu=1,qyaw=1,obs=1,aci=1,aci_alpha=0.02]",11,8.236302375793457,0,1.0051812749003983,10.680616286442246,22.691361424513175,
0.05607656217758244,0.06259883818892818,0.10216910842089763,0.4292006247731017,0.4292006247731017,779.1667845415851,15.932551186926878,0.025896414342629483,0.0006638429259833156,0.0,0.0,obsx,wind,"nmpc+learned[model=gdn_mix2,filt=1,gate=1,ffu=1,qyaw=1,obs=1,aci=1,aci_alpha=0.02]",12,7.169082880020142,0,0.7992350597609562,9.363966912821498,22.762250758241862,
0.06564483000588092,0.0732364539654561,0.10058097598707831,0.7310177025404221,0.7310177025404221,1145.710085706694,24.123266940261864,0.017928286852589643,0.0010638166870753918,0.0,0.0,obsx,wind,"nmpc+learned[model=gdn_mix2,filt=1,gate=1,ffu=1,qyaw=1,obs=1,aci=1,aci_alpha=0.02]",13,3.882354497909546,0,0.4368446215139442,4.922900752413024,10.386629395652562,
0.053014464930170695,0.05913001275432811,0.09412969245753273,0.2621950749714598,0.26219507497145983,717.6416212558477,10.88457696376306,0.0,0.001712976614347661,0.0,0.0,obsx,wind,"nmpc+learned[model=gdn_mix2,filt=1,gate=1,ffu=1,qyaw=1,obs=1,aci=1,aci_alpha=0.02]",14,7.66309380531311,0,0.8668346613545815,9.889086076258812,22.832292162347585,
0.09147931296493339,0.10214155011774612,0.18774446693810717,0.34060111191002496,0.34060111191002496,872.4544668244325,11.761349159013337,0.250996015936255,0.0015389762012948949,0.0,0.0,obsx,wind,"nmpc+learned[model=gdn_mix2,filt=1,gate=1,ffu=1,qyaw=1,obs=1,aci=1,aci_alpha=0.02]",15,5.413689613342285,0,0.5451892430278885,6.9056467368337975,16.439495191443715,
0.03520897826097963,0.03905942975309577,0.09895869019938419,0.3761152277223326,0.3761152277223326,1097.1120485831257,22.1627192605522,0.0,0.0008447368776724473,0.0,0.0,obsx,wind,"nmpc+learned[model=gdn_mix2,filt=1,gate=1,ffu=1,qyaw=1,obs=1,aci=1,aci_alpha=0.02]",16,9.843316555023193,0,1.226878486055777,12.800661863228566,22.917578641790897,
0.02269466805839793,0.025208729743245888,0.05399747244366939,0.3081316094561103,0.3081316094561103,633.8123134530616,12.873488363823473,0.0,0.001497705800403426,0.0,0.0,obsx,wind,"nmpc+learned[model=gdn_mix2,filt=1,gate=1,ffu=1,qyaw=1,obs=1,aci=1,aci_alpha=0.02]",17,9.029214859008789,0,0.8928725099601593,11.621244850037879,23.82027837913484,
0.049228468464989426,0.054903761218328975,0.09270458536867444,0.4418657410769627,0.4418657410769627,893.8781744315612,28.69660494239051,0.0,0.002640690366542575,0.0,0.0,obsx,wind,"nmpc+learned[model=gdn_mix2,filt=1,gate=1,ffu=1,qyaw=1,obs=1,aci=1,aci_alpha=0.02]",18,8.293449640274048,0,0.9870478087649402,10.865713404287469,22.982685675378892,
0.0813341542519243,0.09073752219894415,0.14539741391555883,0.49418461191616503,0.49418461191616503,881.2177701750074,17.47815949345888,0.32669322709163345,0.0011791482871459369,0.0,0.0,obsx,wind,"nmpc+learned[model=gdn_mix2,filt=1,gate=1,ffu=1,qyaw=1,obs=1,aci=1,aci_alpha=0.02]",19,9.62077283859253,0,1.0378784860557768,12.542957129732397,23.661472585517913,
0.09459007228385186,0.10566666653517885,0.22787055859368108,0.6156856186845758,0.6156856186845758,985.9482516269446,24.3554920922454,0.26693227091633465,0.011749885884362543,0.0,0.0,obsx,wind,"nmpc+learned[model=gdn_mix2,filt=1,gate=1,ffu=1,qyaw=1,obs=1,aci=1,obsm=0.01]",0,9.460132122039795,0,0.973296812749004,12.378515767497548,22.876113972160965,
0.04147069312967054,0.046302828622733994,0.11294571528415397,0.3816336508970465,0.3816336508970465,1002.0744160365541,31.869734610705873,0.03187250996015936,0.011899397467602046,0.0,0.0,obsx,wind,"nmpc+learned[model=gdn_mix2,filt=1,gate=1,ffu=1,qyaw=1,obs=1,aci=1,obsm=0.01]",1,8.751325368881226,0,0.9732071713147412,11.49662924871086,22.60488678701222,
0.06114511970877965,0.06826592238014594,0.12879650055862837,0.5590856790138362,0.5590856790138362,1109.8774882775847,31.030515445045243,0.14143426294820718,0.012265802742826348,0.0,0.0,obsx,wind,"nmpc+learned[model=gdn_mix2,filt=1,gate=1,ffu=1,qyaw=1,obs=1,aci=1,obsm=0.01]",2,9.749581336975098,0,1.0646733067729084,12.761235659648905,22.680605808272958,
0.134425132675455,0.15020419383117037,0.3379524741107212,0.6354714154363972,0.6354714154363972,1338.3514627569666,28.75392370591564,0.34462151394422313,0.012502754685015882,0.0,0.0,obsx,wind,"nmpc+learned[model=gdn_mix2,filt=1,gate=1,ffu=1,qyaw=1,obs=1,aci=1,obsm=0.01]",3,8.132890224456787,0,0.8655776892430279,10.658298807860579,22.758245451841503,
0.06079971079183889,0.06789364748175551,0.12119629223933433,0.5657008164770163,0.5657008164770163,853.6375201743183,13.36575615565413,0.08764940239043825,0.012061818642699396,0.0,0.0,obsx,wind,"nmpc+learned[model=gdn_mix2,filt=1,gate=1,ffu=1,qyaw=1,obs=1,aci=1,obsm=0.01]",4,9.460406064987183,0,1.086414342629482,12.454501072601582,20.745198745280515,
0.0639243197945198,0.07139740046258836,0.12160586411777331,0.4003633892395273,0.40036338923952736,973.2268491660625,11.970032077918168,0.08565737051792828,0.012303548286058452,0.0,0.0,obsx,wind,"nmpc+learned[model=gdn_mix2,filt=1,gate=1,ffu=1,qyaw=1,obs=1,aci=1,obsm=0.01]",5,8.374866247177124,0,0.9797310756972111,10.853551535503529,20.704599132295705,
0.11300616094745561,0.12604472700910546,0.2590313610890813,0.7529505966524317,0.7529505966524317,1330.632305420099,28.72504293212845,0.3207171314741036,0.012206504062336532,0.0,0.0,obsx,wind,"nmpc+learned[model=gdn_mix2,filt=1,gate=1,ffu=1,qyaw=1,obs=1,aci=1,obsm=0.01]",6,3.4092133045196533,0,0.3667450199203187,4.366521959181919,12.190225697122523,
0.06348815617073497,0.07081987735598176,0.13902820278646832,0.7065096423877878,0.7065096423877878,1254.5901302753011,45.03248798411844,0.11952191235059761,0.012041700038689734,0.0,0.0,obsx,wind,"nmpc+learned[model=gdn_mix2,filt=1,gate=1,ffu=1,qyaw=1,obs=1,aci=1,obsm=0.01]",7,8.770305871963501,0,0.9501354581673306,11.471067887333877,19.80182799510659,
0.06570680353707505,0.07336318736594626,0.11331212696016602,0.39038588680988545,0.39038588680988545,876.5032217495714,24.105755193837915,0.10557768924302789,0.01250915250068993,0.0,0.0,obsx,wind,"nmpc+learned[model=gdn_mix2,filt=1,gate=1,ffu=1,qyaw=1,obs=1,aci=1,obsm=0.01]",8,3.2287750244140625,0,0.3220378486055777,4.1218573311937465,10.10071249678731,
0.05152903352583134,0.057482361622942874,0.09935605666367585,0.2924984663018894,0.2924984663018894,719.7333200063902,11.949952743596658,0.0,0.013183498576097935,0.0,0.0,obsx,wind,"nmpc+learned[model=gdn_mix2,filt=1,gate=1,ffu=1,qyaw=1,obs=1,aci=1,obsm=0.01]",9,3.3880019187927246,0,0.32303187250996024,4.276733826920093,10.344582346733661,
0.039965201283211196,0.04457056878639021,0.06755737999465147,0.3975830241668328,0.39758302416683283,802.6908091720129,9.56110903584174,0.0,0.01238043090655222,0.0,0.0,obsx,wind,"nmpc+learned[model=gdn_mix2,filt=1,gate=1,ffu=1,qyaw=1,obs=1,aci=1,obsm=0.01]",10,8.173057317733765,0,0.8882948207171315,10.582376302561288,18.730057363864034,
0.046252466713058014,0.05147635659513384,0.0994554765032004,0.2447255018026046,0.2447255018026046,827.0390847071696,13.345953887225553,0.0,0.01239139863717012,0.0,0.0,obsx,wind,"nmpc+learned[model=gdn_mix2,filt=1,gate=1,ffu=1,qyaw=1,obs=1,aci=1,obsm=0.01]",11,7.7431511878967285,0,0.8647011952191236,10.037579986014482,18.93258373485878,
0.06483690676462212,0.07239719345631065,0.1126665353091678,0.4539167942908588,0.4539167942908587,1093.687629192654,16.750663407369938,0.10557768924302789,0.01109774726298568,0.0,0.0,obsx,wind,"nmpc+learned[model=gdn_mix2,filt=1,gate=1,ffu=1,qyaw=1,obs=1,aci=1,obsm=0.01]",12,3.3067238330841064,0,0.3168665338645419,4.170880895534687,6.472458450589329,
0.07794321656360616,0.08699861160964383,0.12185190466035145,0.7907780162401654,0.7907780162401654,1684.3827199961759,26.18901281694068,0.27689243027888444,0.011673526547444524,0.0,0.0,obsx,wind,"nmpc+learned[model=gdn_mix2,filt=1,gate=1,ffu=1,qyaw=1,obs=1,aci=1,obsm=0.01]",13,9.582588911056519,0,0.953406374501992,12.49384782991309,22.856504705268893,
0.0598666097258049,0.06680002398973951,0.10149834200752408,0.2742024831681248,0.27420248316812484,719.4769928319249,11.200870605587603,0.025896414342629483,0.012967364504781975,0.0,0.0,obsx,wind,"nmpc+learned[model=gdn_mix2,filt=1,gate=1,ffu=1,qyaw=1,obs=1,aci=1,obsm=0.01]",14,8.912144184112549,0,0.8292370517928287,11.443508604812283,22.71332463482395,
0.09927852232959743,0.11086158115495376,0.19552375105766606,0.33945159866066543,0.33945159866066543,1122.938918786024,11.60927464897091,0.3386454183266932,0.01299192197416188,0.0,0.0,obsx,wind,"nmpc+learned[model=gdn_mix2,filt=1,gate=1,ffu=1,qyaw=1,obs=1,aci=1,obsm=0.01]",15,2.9197943210601807,0,0.3261533864541833,3.6826040308210124,6.990725360810757,
0.03998020350012509,0.04442548261345907,0.10804212583247505,0.4484855693154353,0.4484855693154353,1032.67890987908,23.636411116455648,0.04183266932270916,0.0121640660515282,0.0,0.0,obsx,wind,"nmpc+learned[model=gdn_mix2,filt=1,gate=1,ffu=1,qyaw=1,obs=1,aci=1,obsm=0.01]",16,9.202834129333496,0,0.9199501992031871,11.882675996706988,22.61420562164858,
0.029128828298805497,0.03243248650174522,0.06689612433035089,0.32122674672922147,0.32122674672922147,834.1458295491623,14.124659858515422,0.0,0.011871832302853713,0.0,0.0,obsx,wind,"nmpc+learned[model=gdn_mix2,filt=1,gate=1,ffu=1,qyaw=1,obs=1,aci=1,obsm=0.01]",17,3.1289098262786865,0,0.3166215139442231,3.9207471207162716,10.036066453903913,
0.056431801054252044,0.06296713661045861,0.10246218999958716,0.4757680013520394,0.4757680013520394,1034.3578760532623,30.86896128424973,0.03187250996015936,0.011809430695349843,0.0,0.0,obsx,wind,"nmpc+learned[model=gdn_mix2,filt=1,gate=1,ffu=1,qyaw=1,obs=1,aci=1,obsm=0.01]",18,8.63168740272522,0,1.0548505976095617,11.29226072179339,18.73493439750746,
0.08951890716799388,0.09989753057188568,0.15799939251339493,0.5100973960360048,0.5100973960360048,1101.5762348077503,18.44396761539163,0.39243027888446214,0.012054305585986552,0.0,0.0,obsx,wind,"nmpc+learned[model=gdn_mix2,filt=1,gate=1,ffu=1,qyaw=1,obs=1,aci=1,obsm=0.01]",19,10.925800323486328,0,1.4589302788844623,14.605203005244057,23.08202943066135,
0.08874016950043698,0.09914069827789437,0.2179499876026828,0.5936738650364705,0.5936738650364705,929.3526184296626,24.4206112867972,0.24900398406374502,0.0018855898680557037,0.0,0.0,obsx,wind,"nmpc+learned[model=gdn_mix2,filt=1,gate=1,ffu=1,qyaw=1,obs=1,aci=1]",0,5.994086027145386,0,0.6351075697211156,7.745275464543397,16.714699019212276,
0.035070884869540755,0.03914392580740737,0.10137734935347938,0.35013775202967495,0.35013775202967495,963.6804630684146,29.881487902280153,0.00796812749003984,0.002361442035316408,0.0,0.0,obsx,wind,"nmpc+learned[model=gdn_mix2,filt=1,gate=1,ffu=1,qyaw=1,obs=1,aci=1]",1,9.366080045700073,0,0.9538207171314742,12.251745129794445,20.773640354163955,
0.05435735666398467,0.06067295103368204,0.11531413127833139,0.5369865062592896,0.5369865062592897,1091.307985954058,28.993142806882968,0.055776892430278883,0.002195816624797786,0.0,0.0,obsx,wind,"nmpc+learned[model=gdn_mix2,filt=1,gate=1,ffu=1,qyaw=1,obs=1,aci=1]",2,5.858129978179932,0,0.6925557768924301,7.5179761052094545,16.741710647474974,
0.1292885384359572,0.14446360503041067,0.3258279276950807,0.6421070037733512,0.6421070037733512,1204.5432768012577,28.006948201395954,0.28884462151394424,0.0025062065983444404,0.0,0.0,obsx,wind,"nmpc+learned[model=gdn_mix2,filt=1,gate=1,ffu=1,qyaw=1,obs=1,aci=1]",3,3.656280755996704,0,0.4033844621513944,4.718031967058778,16.395917164627466,
0.05439261585414782,0.06072812464252671,0.10997071364215302,0.5428465054163191,0.5428465054163191,849.3087655147931,13.194276965035188,0.043824701195219126,0.0020656422700011112,0.0,0.0,obsx,wind,"nmpc+learned[model=gdn_mix2,filt=1,gate=1,ffu=1,qyaw=1,obs=1,aci=1]",4,6.037251234054565,0,0.6819561752988047,7.75055923922158,22.823104332201183,
0.056366310049555085,0.06295144397809686,0.1112257510010262,0.37990516997049606,0.379905169970496,937.2466999602912,11.388403389181448,0.055776892430278883,0.002191736318952836,0.0,0.0,obsx,wind,"nmpc+learned[model=gdn_mix2,filt=1,gate=1,ffu=1,qyaw=1,obs=1,aci=1]",5,6.212670803070068,0,0.6892490039840637,8.10951854016973,17.618883147370077,
0.1052375894879875,0.1174080893286689,0.24564583600406106,0.7184392344494825,0.7184392344494825,1274.6860925367528,27.278208318905243,0.28286852589641437,0.0022453004600251902,0.0,0.0,obsx,wind,"nmpc+learned[model=gdn_mix2,filt=1,gate=1,ffu=1,qyaw=1,obs=1,aci=1]",6,3.9278836250305176,0,0.39956972111553785,4.9268868311208145,14.157246579416105,
0.05465481762608532,0.060928293110224754,0.11813868047779218,0.584839526214003,0.584839526214003,1241.1320029495241,41.404883063985395,0.07370517928286853,0.0021002541972696687,0.0,0.0,obsx,wind,"nmpc+learned[model=gdn_mix2,filt=1,gate=1,ffu=1,qyaw=1,obs=1,aci=1]",7,5.311261177062988,0,0.4587988047808765,6.845009385188856,16.173761165700878,
0.05811072038515435,0.0648665307573997,0.10123267707263571,0.36732276553539106,0.36732276553539106,859.6803490809963,22.391902481669362,0.021912350597609563,0.00258584834324041,0.0,0.0,obsx,wind,"nmpc+learned[model=gdn_mix2,filt=1,gate=1,ffu=1,qyaw=1,obs=1,aci=1]",8,8.41955041885376,0,0.9192729083665339,10.892055639755945,22.76306341169402,
0.04563248412820008,0.05088012747898398,0.08959855631326995,0.28470917286522257,0.28470917286522257,707.2511101585641,10.837554069269917,0.0,0.0031547308375134975,0.0,0.0,obsx,wind,"nmpc+learned[model=gdn_mix2,filt=1,gate=1,ffu=1,qyaw=1,obs=1,aci=1]",9,5.923829078674316,0,0.6057151394422311,7.576996722143604,15.212406986393038,
0.033046955283586636,0.03682083979911033,0.05753820426094352,0.39806699777765286,0.39806699777765286,749.0274058446729,8.951561519041304,0.0,0.002177079033642615,0.0,0.0,obsx,wind,"nmpc+learned[model=gdn_mix2,filt=1,gate=1,ffu=1,qyaw=1,obs=1,aci=1]",10,9.91948413848877,0,1.1388227091633465,13.254243042412774,22.719938410446048,
0.03889791201995909,0.04323923787886651,0.08914552820215596,0.23100456532571567,0.23100456532571567,718.0008183871896,11.903119320705562,0.0,0.002666434005876489,0.0,0.0,obsx,wind,"nmpc+learned[model=gdn_mix2,filt=1,gate=1,ffu=1,qyaw=1,obs=1,aci=1]",11,4.722142457962036,0,0.542097609561753,6.0164212783524,15.46487831044943,
0.05738916716512875,0.06406707765122564,0.10207734123127456,0.4279937802258674,0.4279937802258674,1044.8298647045117,15.434403913716494,0.025896414342629483,0.0007799813012548396,0.0,0.0,obsx,wind,"nmpc+learned[model=gdn_mix2,filt=1,gate=1,ffu=1,qyaw=1,obs=1,aci=1]",12,9.115705251693726,0,0.9610816733067729,11.797417176468112,22.80575857264921,
0.06754607420260346,0.0753644396967112,0.10579208657541998,0.719356810610974,0.719356810610974,1599.0673379291395,24.092321088396634,0.07370517928286853,0.0015001030519601333,0.0,0.0,obsx,wind,"nmpc+learned[model=gdn_mix2,filt=1,gate=1,ffu=1,qyaw=1,obs=1,aci=1]",13,6.722866535186768,0,0.6928525896414343,8.713204720692035,22.711221114732353,
0.05226027994727312,0.05828560173121477,0.09089263331893056,0.2571194479793691,0.2571194479793691,677.3558354160621,10.745807579548494,0.0,0.002785872639180509,0.0,0.0,obsx,wind,"nmpc+learned[model=gdn_mix2,filt=1,gate=1,ffu=1,qyaw=1,obs=1,aci=1]",14,4.291776657104492,0,0.4205219123505976,5.527005228028443,11.546721828635782,
0.09025801687003643,0.10079946445554513,0.18254995700017845,0.3245866934301914,0.3245866934301914,1066.175807817232,10.752813945323158,0.24701195219123506,0.0028433898062391605,0.0,0.0,obsx,wind,"nmpc+learned[model=gdn_mix2,filt=1,gate=1,ffu=1,qyaw=1,obs=1,aci=1]",15,4.834291696548462,0,0.5019402390438248,6.219397997019805,12.402641354128722,
0.034713389680817136,0.038501509626807526,0.09750406878439015,0.3811958399864114,0.3811958399864114,984.8141557187303,22.018143475728223,0.0,0.0020810278060063303,0.0,0.0,obsx,wind,"nmpc+learned[model=gdn_mix2,filt=1,gate=1,ffu=1,qyaw=1,obs=1,aci=1]",16,5.9730353355407715,0,0.7546932270916336,7.83270482805027,16.46909023169428,
0.023410879122820714,0.026013758115112653,0.056237340687642065,0.2968860485527445,0.2968860485527445,801.2817595872832,13.046099307575206,0.0,0.0017498843208741954,0.0,0.0,obsx,wind,"nmpc+learned[model=gdn_mix2,filt=1,gate=1,ffu=1,qyaw=1,obs=1,aci=1]",17,4.0038206577301025,0,0.3941673306772909,5.150611406615175,15.871810670942073,
0.04880483578614415,0.05442940287071224,0.09195911329525276,0.4563260397392384,0.4563260397392384,1002.5301608294857,28.141164213052132,0.0,0.0020257311273747525,0.0,0.0,obsx,wind,"nmpc+learned[model=gdn_mix2,filt=1,gate=1,ffu=1,qyaw=1,obs=1,aci=1]",18,5.77786111831665,0,0.6255139442231075,7.4988555736409355,16.998799948487434,
0.08049292871583746,0.08981450560771174,0.14416320842690247,0.47216389322636637,0.47216389322636637,1009.5771826131022,17.65177526596952,0.3147410358565737,0.002021641283776937,0.0,0.0,obsx,wind,"nmpc+learned[model=gdn_mix2,filt=1,gate=1,ffu=1,qyaw=1,obs=1,aci=1]",19,5.675952434539795,0,0.6046115537848605,7.432638453709266,16.333950313273817,
0.08893377498866269,0.09934443768534709,0.2178125603580182,0.5521915577049908,0.5521915577049908,791.9747882881569,24.156300571587934,0.250996015936255,0.001416008267100477,0.0,0.0,obsx,wind,"nmpc+learned[model=gdn_mix2,filt=1,gate=1,ffu=1,qyaw=1,obs=1,aci=2,aci_alpha=0.02]",0,9.513222455978394,0,1.0674203187250995,12.388882153496828,22.67074063420296,
0.03658654535355383,0.04083959184100645,0.10183056544821495,0.3757678479229796,0.3757678479229796,951.3478170022704,30.717650980316925,0.01195219123505976,0.0011815208885621598,0.0,0.0,obsx,wind,"nmpc+learned[model=gdn_mix2,filt=1,gate=1,ffu=1,qyaw=1,obs=1,aci=2,aci_alpha=0.02]",1,3.8524985313415527,0,0.3949641434262948,4.830829770419286,11.973656981717797,
0.05378220645513879,0.060029482174191004,0.11939482932583206,0.45630320957574244,0.45630320957574244,1006.7718185744238,29.435075501944052,0.06772908366533864,0.0017900104394341643,0.0,0.0,obsx,wind,"nmpc+learned[model=gdn_mix2,filt=1,gate=1,ffu=1,qyaw=1,obs=1,aci=2,aci_alpha=0.02]",2,5.127939224243164,0,0.5415697211155378,6.535584006859249,16.391573171131313,
0.13017756014087647,0.14545720895905376,0.32588005027177785,0.7292491976040858,0.7292491976040858,1250.2365791575126,25.887726295449287,0.28286852589641437,0.0016091069515071776,0.0,0.0,obsx,wind,"nmpc+learned[model=gdn_mix2,filt=1,gate=1,ffu=1,qyaw=1,obs=1,aci=2,aci_alpha=0.02]",3,11.389387369155884,0,1.272988047808765,15.020307216540989,23.544264738447968,
0.05547630287173459,0.06194018432904754,0.11459012176504763,0.5272917373053858,0.5272917373053858,842.5912425239892,13.346706496131839,0.053784860557768925,0.0022081381159852476,0.0,0.0,obsx,wind,"nmpc+learned[model=gdn_mix2,filt=1,gate=1,ffu=1,qyaw=1,obs=1,aci=2,aci_alpha=0.02]",4,9.630845069885254,0,1.1591932270916336,12.515006429215234,22.84688926767558,
0.057016286980624435,0.06367118246115216,0.11185942166636616,0.3810466790384145,0.3810466790384145,735.5658574826904,10.669154394920014,0.05776892430278884,0.0021329641778750352,0.0,0.0,obsx,wind,"nmpc+learned[model=gdn_mix2,filt=1,gate=1,ffu=1,qyaw=1,obs=1,aci=2,aci_alpha=0.02]",5,9.336167573928833,0,1.0435278884462154,12.16779414803695,22.810525053646415,
0.10674169000880432,0.11900358161074327,0.24671545210624654,0.7119397562199319,0.7119397562199319,1048.3900041093307,26.814816982016186,0.2868525896414343,0.0020571247288372896,0.0,0.0,obsx,wind,"nmpc+learned[model=gdn_mix2,filt=1,gate=1,ffu=1,qyaw=1,obs=1,aci=2,aci_alpha=0.02]",6,3.2299513816833496,0,0.3437290836653386,4.091458426662294,7.405572161078455,
0.054373999321562304,0.060613722764466124,0.11819578042823667,0.6427124987569994,0.6427124987569994,1196.5123857912597,41.184510905392024,0.0697211155378486,0.0012099473658981896,0.0,0.0,obsx,wind,"nmpc+learned[model=gdn_mix2,filt=1,gate=1,ffu=1,qyaw=1,obs=1,aci=2,aci_alpha=0.02]",7,7.931511878967285,0,0.8579601593625497,10.313718467468462,20.295555919874467,
0.05814822045366924,0.06490848201706015,0.10366023303582717,0.3756868507434192,0.3756868507434192,821.2761018561879,22.60196759398086,0.025896414342629483,0.0021826437488125516,0.0,0.0,obsx,wind,"nmpc+learned[model=gdn_mix2,filt=1,gate=1,ffu=1,qyaw=1,obs=1,aci=2,aci_alpha=0.02]",8,4.171782970428467,0,0.41939442231075696,5.307217607686511,10.42212825966999,
0.04616890159576023,0.051480879522340484,0.09244999206775165,0.2741718965697278,0.2741718965697278,656.7967183013609,9.020896534927411,0.0,0.0013169329956400078,0.0,0.0,obsx,wind,"nmpc+learned[model=gdn_mix2,filt=1,gate=1,ffu=1,qyaw=1,obs=1,aci=2,aci_alpha=0.02]",9,9.262041091918945,0,1.1159880478087647,12.135092378686743,22.810170550365,
0.0332699429155905,0.037070656401991225,0.05837536524185578,0.4136042612468905,0.4136042612468905,550.8696384055077,11.047976064876988,0.0,0.00207976132894766,0.0,0.0,obsx,wind,"nmpc+learned[model=gdn_mix2,filt=1,gate=1,ffu=1,qyaw=1,obs=1,aci=2,aci_alpha=0.02]",10,6.441528081893921,0,0.7474741035856572,8.359792068103454,18.884728532284498,
0.041058112903342846,0.045645286366558,0.0939736621821254,0.2501676575358162,0.2501676575358162,641.3540944395397,11.644306406444388,0.0,0.0010864111814865851,0.0,0.0,obsx,wind,"nmpc+learned[model=gdn_mix2,filt=1,gate=1,ffu=1,qyaw=1,obs=1,aci=2,aci_alpha=0.02]",11,3.094130516052246,0,0.32848804780876495,3.873418023127068,9.714495278894923,
0.05607656217758244,0.06259883818892818,0.10216910842089763,0.4292006247731017,0.4292006247731017,779.1667845415851,15.932551186926878,0.025896414342629483,0.0006638429259833156,0.0,0.0,obsx,wind,"nmpc+learned[model=gdn_mix2,filt=1,gate=1,ffu=1,qyaw=1,obs=1,aci=2,aci_alpha=0.02]",12,9.469474077224731,0,1.1100418326693224,12.264816786173686,19.97796335024759,
0.06564483000588092,0.0732364539654561,0.10058097598707831,0.7310177025404221,0.7310177025404221,1145.710085706694,24.123266940261864,0.017928286852589643,0.0010638166870753918,0.0,0.0,obsx,wind,"nmpc+learned[model=gdn_mix2,filt=1,gate=1,ffu=1,qyaw=1,obs=1,aci=2,aci_alpha=0.02]",13,11.215699672698975,0,1.3089900398406376,14.60151759855657,22.92156726354733,
0.053014464930170695,0.05913001275432811,0.09412969245753273,0.2621950749714598,0.26219507497145983,717.6416212558477,10.88457696376306,0.0,0.001712976614347661,0.0,0.0,obsx,wind,"nmpc+learned[model=gdn_mix2,filt=1,gate=1,ffu=1,qyaw=1,obs=1,aci=2,aci_alpha=0.02]",14,9.175715446472168,0,1.1367231075697213,11.877371370235823,19.746420790906996,
0.09147931296493339,0.10214155011774612,0.18774446693810717,0.34060111191002496,0.34060111191002496,872.4544668244325,11.761349159013337,0.250996015936255,0.0015389762012948949,0.0,0.0,obsx,wind,"nmpc+learned[model=gdn_mix2,filt=1,gate=1,ffu=1,qyaw=1,obs=1,aci=2,aci_alpha=0.02]",15,8.4837646484375,0,0.9621553784860559,11.104454545200287,19.545877538621433,
0.03520897826097963,0.03905942975309577,0.09895869019938419,0.3761152277223326,0.3761152277223326,1097.1120485831257,22.1627192605522,0.0,0.0008447368776724473,0.0,0.0,obsx,wind,"nmpc+learned[model=gdn_mix2,filt=1,gate=1,ffu=1,qyaw=1,obs=1,aci=2,aci_alpha=0.02]",16,2.998358964920044,0,0.32365537848605574,3.776174623508051,7.239276894833895,
0.02269466805839793,0.025208729743245888,0.05399747244366939,0.3081316094561103,0.3081316094561103,633.8123134530616,12.873488363823473,0.0,0.001497705800403426,0.0,0.0,obsx,wind,"nmpc+learned[model=gdn_mix2,filt=1,gate=1,ffu=1,qyaw=1,obs=1,aci=2,aci_alpha=0.02]",17,2.8867828845977783,0,0.30209760956175297,3.6289672482298667,4.025558501016349,
0.049228468464989426,0.054903761218328975,0.09270458536867444,0.4418657410769627,0.4418657410769627,893.8781744315612,28.69660494239051,0.0,0.002640690366542575,0.0,0.0,obsx,wind,"nmpc+learned[model=gdn_mix2,filt=1,gate=1,ffu=1,qyaw=1,obs=1,aci=2,aci_alpha=0.02]",18,3.2098963260650635,0,0.3437490039840638,4.06971905914792,10.173999953549355,
0.0813341542519243,0.09073752219894415,0.14539741391555883,0.49418461191616503,0.49418461191616503,881.2177701750074,17.47815949345888,0.32669322709163345,0.0011791482871459369,0.0,0.0,obsx,wind,"nmpc+learned[model=gdn_mix2,filt=1,gate=1,ffu=1,qyaw=1,obs=1,aci=2,aci_alpha=0.02]",19,9.287570238113403,0,1.1208685258964142,12.201668548052648,22.941113726701587,
0.08874016950043698,0.09914069827789437,0.2179499876026828,0.5936738650364705,0.5936738650364705,929.3526184296626,24.4206112867972,0.24900398406374502,0.0018855898680557037,0.0,0.0,obsx,wind,"nmpc+learned[model=gdn_mix2,filt=1,gate=1,ffu=1,qyaw=1,obs=1,aci=2]",0,8.10591721534729,0,0.786707171314741,10.449127375289235,23.798180299345404,
0.035070884869540755,0.03914392580740737,0.10137734935347938,0.35013775202967495,0.35013775202967495,963.6804630684146,29.881487902280153,0.00796812749003984,0.002361442035316408,0.0,0.0,obsx,wind,"nmpc+learned[model=gdn_mix2,filt=1,gate=1,ffu=1,qyaw=1,obs=1,aci=2]",1,9.847341775894165,0,1.115065737051793,12.727207371564322,22.853063733782623,
0.05435735666398467,0.06067295103368204,0.11531413127833139,0.5369865062592896,0.5369865062592897,1091.307985954058,28.993142806882968,0.055776892430278883,0.002195816624797786,0.0,0.0,obsx,wind,"nmpc+learned[model=gdn_mix2,filt=1,gate=1,ffu=1,qyaw=1,obs=1,aci=2]",2,4.032447338104248,0,0.43662350597609567,5.09107444691379,11.994419200345877,
0.1292885384359572,0.14446360503041067,0.3258279276950807,0.6421070037733512,0.6421070037733512,1204.5432768012577,28.006948201395954,0.28884462151394424,0.0025062065983444404,0.0,0.0,obsx,wind,"nmpc+learned[model=gdn_mix2,filt=1,gate=1,ffu=1,qyaw=1,obs=1,aci=2]",3,4.881052494049072,0,0.5029840637450199,6.2206400098256855,13.26316429767758,
0.05439261585414782,0.06072812464252671,0.10997071364215302,0.5428465054163191,0.5428465054163191,849.3087655147931,13.194276965035188,0.043824701195219126,0.0020656422700011112,0.0,0.0,obsx,wind,"nmpc+learned[model=gdn_mix2,filt=1,gate=1,ffu=1,qyaw=1,obs=1,aci=2]",4,7.302450895309448,0,0.7828565737051794,9.48854843414281,22.789517871569842,
0.05630924235997302,0.06288423430970491,0.1127522215412864,0.3748634707376041,0.3748634707376041,882.8439259203429,11.01047564608478,0.05976095617529881,0.002493184826239697,0.0,0.0,obsx,wind,"nmpc+learned[model=gdn_mix2,filt=1,gate=1,ffu=1,qyaw=1,obs=1,aci=2]",5,7.0757362842559814,0,0.7196115537848605,8.959026418188476,17.710819113999612,
0.10697871019382069,0.11930220111007728,0.24999491585152753,0.6901409465745516,0.6901409465745516,1280.3547614248225,26.436123894496895,0.28286852589641437,0.002657656956860127,0.0,0.0,obsx,wind,"nmpc+learned[model=gdn_mix2,filt=1,gate=1,ffu=1,qyaw=1,obs=1,aci=2]",6,3.328599452972412,0,0.35063147410358564,4.256116648379015,10.544315201696008,
0.05465481762608532,0.060928293110224754,0.11813868047779218,0.584839526214003,0.584839526214003,1241.1320029495241,41.404883063985395,0.07370517928286853,0.0021002541972696687,0.0,0.0,obsx,wind,"nmpc+learned[model=gdn_mix2,filt=1,gate=1,ffu=1,qyaw=1,obs=1,aci=2]",7,3.691955327987671,0,0.38080478087649405,4.7174217494805735,12.772160733584316,
0.05811072038515435,0.0648665307573997,0.10123267707263571,0.36732276553539106,0.36732276553539106,859.6803490809963,22.391902481669362,0.021912350597609563,0.00258584834324041,0.0,0.0,obsx,wind,"nmpc+learned[model=gdn_mix2,filt=1,gate=1,ffu=1,qyaw=1,obs=1,aci=2]",8,9.656540632247925,0,1.1419083665338645,12.626287115058783,22.748748296871785,
0.04563248412820008,0.05088012747898398,0.08959855631326995,0.28470917286522257,0.28470917286522257,707.2511101585641,10.837554069269917,0.0,0.0031547308375134975,0.0,0.0,obsx,wind,"nmpc+learned[model=gdn_mix2,filt=1,gate=1,ffu=1,qyaw=1,obs=1,aci=2]",9,10.04229474067688,0,1.1482171314741036,13.185466764461383,22.983519209083173,
0.033046955283586636,0.03682083979911033,0.05753820426094352,0.39806699777765286,0.39806699777765286,749.0274058446729,8.951561519041304,0.0,0.002177079033642615,0.0,0.0,obsx,wind,"nmpc+learned[model=gdn_mix2,filt=1,gate=1,ffu=1,qyaw=1,obs=1,aci=2]",10,4.013798952102661,0,0.44142629482071716,5.148781771007257,10.20694020902738,
0.03889791201995909,0.04323923787886651,0.08914552820215596,0.23100456532571567,0.23100456532571567,718.0008183871896,11.903119320705562,0.0,0.002666434005876489,0.0,0.0,obsx,wind,"nmpc+learned[model=gdn_mix2,filt=1,gate=1,ffu=1,qyaw=1,obs=1,aci=2]",11,10.117971897125244,0,1.1011135458167332,13.0860909501432,22.785112340934575,
0.05738916716512875,0.06406707765122564,0.10207734123127456,0.4279937802258674,0.4279937802258674,1044.8298647045117,15.434403913716494,0.025896414342629483,0.0007799813012548396,0.0,0.0,obsx,wind,"nmpc+learned[model=gdn_mix2,filt=1,gate=1,ffu=1,qyaw=1,obs=1,aci=2]",12,6.225766658782959,0,0.7155,8.07584613418778,18.822316979058087,
0.06754607420260346,0.0753644396967112,0.10579208657541998,0.719356810610974,0.719356810610974,1599.0673379291395,24.092321088396634,0.07370517928286853,0.0015001030519601333,0.0,0.0,obsx,wind,"nmpc+learned[model=gdn_mix2,filt=1,gate=1,ffu=1,qyaw=1,obs=1,aci=2]",13,8.259656190872192,0,0.8980996015936255,10.886888996052344,24.62666439823807,
0.05226027994727312,0.05828560173121477,0.09089263331893056,0.2571194479793691,0.2571194479793691,677.3558354160621,10.745807579548494,0.0,0.002785872639180509,0.0,0.0,obsx,wind,"nmpc+learned[model=gdn_mix2,filt=1,gate=1,ffu=1,qyaw=1,obs=1,aci=2]",14,10.81362509727478,0,1.131882470119522,14.529579980911102,22.721238762605935,
0.09025801687003643,0.10079946445554513,0.18254995700017845,0.3245866934301914,0.3245866934301914,1066.175807817232,10.752813945323158,0.24701195219123506,0.0028433898062391605,0.0,0.0,obsx,wind,"nmpc+learned[model=gdn_mix2,filt=1,gate=1,ffu=1,qyaw=1,obs=1,aci=2]",15,7.341505527496338,0,0.8132111553784859,9.553877665082446,22.40215626778083,
0.034713389680817136,0.038501509626807526,0.09750406878439015,0.3811958399864114,0.3811958399864114,984.8141557187303,22.018143475728223,0.0,0.0020810278060063303,0.0,0.0,obsx,wind,"nmpc+learned[model=gdn_mix2,filt=1,gate=1,ffu=1,qyaw=1,obs=1,aci=2]",16,2.961237668991089,0,0.3355876494023904,3.747500219489949,5.334898354485631,
0.023410879122820714,0.026013758115112653,0.056237340687642065,0.2968860485527445,0.2968860485527445,801.2817595872832,13.046099307575206,0.0,0.0017498843208741954,0.0,0.0,obsx,wind,"nmpc+learned[model=gdn_mix2,filt=1,gate=1,ffu=1,qyaw=1,obs=1,aci=2]",17,4.13970422744751,0,0.4350517928286852,5.234686924938662,10.331488605588675,
0.04880483578614415,0.05442940287071224,0.09195911329525276,0.4563260397392384,0.4563260397392384,1002.5301608294857,28.141164213052132,0.0,0.0020257311273747525,0.0,0.0,obsx,wind,"nmpc+learned[model=gdn_mix2,filt=1,gate=1,ffu=1,qyaw=1,obs=1,aci=2]",18,10.486154556274414,0,0.9770418326693227,13.581269181359454,22.820220661815256,
0.08049292871583746,0.08981450560771174,0.14416320842690247,0.47216389322636637,0.47216389322636637,1009.5771826131022,17.65177526596952,0.3147410358565737,0.002021641283776937,0.0,0.0,obsx,wind,"nmpc+learned[model=gdn_mix2,filt=1,gate=1,ffu=1,qyaw=1,obs=1,aci=2]",19,10.593242406845093,0,1.1803147410358565,13.93243887107374,24.024075365159664,
0.11790958680333016,0.13163532901062153,0.23754376346594022,2.6321250637805655,2.6321250637805655,9075.057559584855,28.53408671026521,0.42231075697211157,0.015290768311477632,0.0,0.0,obsx_stress,force,"nmpc+kf[r_v=0.15,r_w=0.15,q_F=10,q_tau=1,filt=1,gate=1,ffu=1,qyaw=1,obs=1,aci=1]",0,4.420185565948486,9,0.544711155378486,4.6842428317582945,9.081135692540556,
0.06345912138802101,0.07069523731605981,0.13109070523387886,2.06328489457661,2.06328489457661,8646.034816668363,34.355584198599665,0.1294820717131474,0.022633542293432674,0.0,0.0,obsx_stress,force,"nmpc+kf[r_v=0.15,r_w=0.15,q_F=10,q_tau=1,filt=1,gate=1,ffu=1,qyaw=1,obs=1,aci=1]",1,7.5922558307647705,1,0.7589243027888446,8.056540304676172,12.022204725071788,
0.09559833587412343,0.10678076109696465,0.2127385271649385,3.3837754154343673,3.3837754154343673,10011.998561100005,44.58751821038792,0.3147410358565737,0.030184627023820798,0.0,0.0,obsx_stress,force,"nmpc+kf[r_v=0.15,r_w=0.15,q_F=10,q_tau=1,filt=1,gate=1,ffu=1,qyaw=1,obs=1,aci=1]",2,3.6899378299713135,5,0.4618625498007967,3.9248007022222855,9.124175058677794,
1.3311037799435037,1.6414518719523903,4.265516787661385,36.579385554472786,36.579385554472786,8974.62059179824,173.17821741732203,0.571917808219178,0.030176119821175573,0.0,0.0,obsx_stress,force,"nmpc+kf[r_v=0.15,r_w=0.15,q_F=10,q_tau=1,filt=1,gate=1,ffu=1,qyaw=1,obs=1,aci=1]",3,4.289137363433838,88,0.8898321917808218,7.921623261422175,15.162421208806334,
0.10575022378627946,0.11806693200467867,0.202913264314437,6.205060415954594,6.205060415954594,8510.29551730151,32.8801827228265,0.4163346613545817,0.027274712193250283,0.0,0.0,obsx_stress,force,"nmpc+kf[r_v=0.15,r_w=0.15,q_F=10,q_tau=1,filt=1,gate=1,ffu=1,qyaw=1,obs=1,aci=1]",4,2.285365104675293,10,0.30090239043824696,2.4385650807331167,3.1988020101562142,
1.5381992235272495,1.7371959360754234,6.296219016248158,6.66551227784982,6.665512277849821,8502.880408794108,154.73764221318882,0.509719222462203,-0.16104822578610606,1.0,0.06695464362850972,obsx_stress,force,"nmpc+kf[r_v=0.15,r_w=0.15,q_F=10,q_tau=1,filt=1,gate=1,ffu=1,qyaw=1,obs=1,aci=1]",5,5.4842307567596436,117,0.7051533477321814,6.319705913342198,15.047984360717235,
0.1306719075806943,0.14550790078533166,0.29509683138133314,2.090160298571032,2.090160298571032,11045.678480658606,30.698200598873065,0.42828685258964144,0.0221130440402017,0.0,0.0,obsx_stress,force,"nmpc+kf[r_v=0.15,r_w=0.15,q_F=10,q_tau=1,filt=1,gate=1,ffu=1,qyaw=1,obs=1,aci=1]",6,3.8092591762542725,12,0.4978426294820718,4.166035175479325,9.065202947240326,
0.07399686874901559,0.0825608546200431,0.1504239555058278,1.8717955413197795,1.8717955413197795,10460.301708072513,53.5799418032543,0.13147410358565736,0.018213154929107883,0.0,0.0,obsx_stress,force,"nmpc+kf[r_v=0.15,r_w=0.15,q_F=10,q_tau=1,filt=1,gate=1,ffu=1,qyaw=1,obs=1,aci=1]",7,3.6250815391540527,9,0.4468924302788845,3.8257655715458543,8.695132771972567,
0.16013977614278768,0.1789139622987281,1.0443464410909569,2.1379342850251595,2.1379342850251595,9760.605716333397,161.23001450693104,0.37250996015936255,0.022115919129753803,0.0,0.0,obsx_stress,force,"nmpc+kf[r_v=0.15,r_w=0.15,q_F=10,q_tau=1,filt=1,gate=1,ffu=1,qyaw=1,obs=1,aci=1]",8,2.6191070079803467,25,0.32634860557768924,2.784840932832029,5.962375965900719,
0.07816404948614666,0.08716065450889031,0.14852974859934556,2.3613737917807445,2.3613737917807445,9117.17702572904,24.74196539903813,0.25298804780876494,0.025603764587284472,0.0,0.0,obsx_stress,force,"nmpc+kf[r_v=0.15,r_w=0.15,q_F=10,q_tau=1,filt=1,gate=1,ffu=1,qyaw=1,obs=1,aci=1]",9,2.417694330215454,1,0.318402390438247,2.5884595252499283,5.677245471160859,
0.07630950117547557,0.08300118275106448,0.12029814186894554,2.730722546742739,2.730722546742739,8930.153067330379,26.311079529919063,0.1752988047808765,0.01348186356024747,0.0,0.0,obsx_stress,force,"nmpc+kf[r_v=0.15,r_w=0.15,q_F=10,q_tau=1,filt=1,gate=1,ffu=1,qyaw=1,obs=1,aci=1]",10,3.917525291442871,2,0.5585079681274902,4.218763062838034,9.658161911647769,
0.081041263944429,0.0902322257667584,0.14240499585297714,3.148040234055824,3.148040234055824,9096.418728817864,20.932937400155843,0.22310756972111553,0.019693269610109088,0.0,0.0,obsx_stress,force,"nmpc+kf[r_v=0.15,r_w=0.15,q_F=10,q_tau=1,filt=1,gate=1,ffu=1,qyaw=1,obs=1,aci=1]",11,4.455687522888184,4,0.5425577689243027,4.691197785485787,9.24378820694983,
0.08595849576792552,0.09561828203559267,0.14556988372639884,1.4494159056945433,1.4494159056945433,9214.37300734053,19.284588446932553,0.33665338645418325,0.023632079422982455,0.0,0.0,obsx_stress,force,"nmpc+kf[r_v=0.15,r_w=0.15,q_F=10,q_tau=1,filt=1,gate=1,ffu=1,qyaw=1,obs=1,aci=1]",12,2.3142473697662354,7,0.2840199203187251,2.4332164501979117,4.858811732847248,
0.08987973623888003,0.10039961652459223,0.16443230049336072,3.7556809304018413,3.7556809304018413,10774.738708771003,49.23623745691423,0.3426294820717131,-0.024211888882087418,1.0,0.021912350597609563,obsx_stress,force,"nmpc+kf[r_v=0.15,r_w=0.15,q_F=10,q_tau=1,filt=1,gate=1,ffu=1,qyaw=1,obs=1,aci=1]",13,6.794929265975952,2,0.6947828685258964,7.296843855433997,15.062055042944849,
0.11038643312308193,0.12320026162284965,0.274347682829726,2.6978242792160216,2.6978242792160216,9047.20442150244,50.72314020187857,0.5199203187250996,-0.015906155265423577,1.0,0.025896414342629483,obsx_stress,force,"nmpc+kf[r_v=0.15,r_w=0.15,q_F=10,q_tau=1,filt=1,gate=1,ffu=1,qyaw=1,obs=1,aci=1]",14,4.879949569702148,0,0.5925577689243028,5.222222415741489,11.266694234218448,
0.1267371565857667,0.14140066880004676,0.23231736364872352,3.5930669871742817,3.5930669871742817,9781.13263438701,30.74548006266494,0.5637450199203188,0.0057744200746253915,0.0,0.0,obsx_stress,force,"nmpc+kf[r_v=0.15,r_w=0.15,q_F=10,q_tau=1,filt=1,gate=1,ffu=1,qyaw=1,obs=1,aci=1]",15,4.039486646652222,12,0.5460617529880478,4.267550046199495,9.30064148735255,
0.050815883462379564,0.056657330980203785,0.12461702430824137,0.9391573833921938,0.9391573833921938,9649.516671232865,27.440199599664144,0.08366533864541832,0.020411918342653185,0.0,0.0,obsx_stress,force,"nmpc+kf[r_v=0.15,r_w=0.15,q_F=10,q_tau=1,filt=1,gate=1,ffu=1,qyaw=1,obs=1,aci=1]",16,7.1709303855896,1,0.7958764940239045,7.605079418619672,15.221831374801697,
0.04167575632733585,0.04649102519805986,0.09143178817297838,0.9825998634830171,0.9825998634830171,8009.348442262427,17.342536341096757,0.0,0.018637302211209517,0.0,0.0,obsx_stress,force,"nmpc+kf[r_v=0.15,r_w=0.15,q_F=10,q_tau=1,filt=1,gate=1,ffu=1,qyaw=1,obs=1,aci=1]",17,3.625429391860962,0,0.43170517928286856,3.87878338871264,6.371186990290881,
0.07841442730726089,0.08735486363887092,0.12857274960007298,3.618479645246439,3.618479645246439,10359.855457294294,77.55070410725173,0.27689243027888444,0.018815782158895927,0.0,0.0,obsx_stress,force,"nmpc+kf[r_v=0.15,r_w=0.15,q_F=10,q_tau=1,filt=1,gate=1,ffu=1,qyaw=1,obs=1,aci=1]",18,6.590898513793945,10,0.8208386454183267,7.013886338155493,12.147510058712216,
0.4335796141101622,0.484489483727578,0.9810902788676433,15.123938704811938,15.123938704811941,9395.57878394016,116.92442810335776,0.7549800796812749,0.031014298447184535,0.0,0.0,obsx_stress,force,"nmpc+kf[r_v=0.15,r_w=0.15,q_F=10,q_tau=1,filt=1,gate=1,ffu=1,qyaw=1,obs=1,aci=1]",19,3.620368242263794,36,0.42914143426294815,3.8765010106714954,8.84493684861809,
0.12227991555672403,0.13650000478618782,0.24519967253878414,2.6807215240940545,2.6807215240940545,9210.954183010002,28.28110197258177,0.4541832669322709,0.023077609304278768,0.0,0.0,obsx_stress,force,"nmpc+kf[r_v=0.15,r_w=0.15,q_F=10,q_tau=1,filt=1,gate=1,ffu=1,qyaw=1,obs=1,aci=2,aci_alpha=0.02]",0,2.762425661087036,9,0.3410099601593626,2.927931024232857,8.683669848833233,
0.06700716651249151,0.07467172274658604,0.13838211696222474,2.0776663147891643,2.0776663147891643,8618.266791303198,34.409121256195846,0.14143426294820718,0.02490007609727446,0.0,0.0,obsx_stress,force,"nmpc+kf[r_v=0.15,r_w=0.15,q_F=10,q_tau=1,filt=1,gate=1,ffu=1,qyaw=1,obs=1,aci=2,aci_alpha=0.02]",1,4.661309719085693,1,0.6290776892430279,5.01208663157436,8.891682024113834,
0.10441757109730836,0.11664013501406698,0.2372608023045806,3.28232359931564,3.28232359931564,10082.051874629164,45.981796839603234,0.35856573705179284,0.048070972134969414,0.0,0.0,obsx_stress,force,"nmpc+kf[r_v=0.15,r_w=0.15,q_F=10,q_tau=1,filt=1,gate=1,ffu=1,qyaw=1,obs=1,aci=2,aci_alpha=0.02]",2,2.9504189491271973,6,0.3668964143426295,3.1132890932833353,5.910042168106885,
2.002974865048138,2.465686642186572,6.440682849545525,32.09263635103928,32.09263635103928,7621.570682831773,177.34922725961889,0.5816326530612245,-0.027087778344505903,1.0,0.061224489795918366,obsx_stress,force,"nmpc+kf[r_v=0.15,r_w=0.15,q_F=10,q_tau=1,filt=1,gate=1,ffu=1,qyaw=1,obs=1,aci=2,aci_alpha=0.02]",3,3.091616153717041,112,0.668642857142857,5.754669679195753,9.159398511983454,
0.1162812172180889,0.12984474106119015,0.24676491156660738,5.988629451458748,5.988629451458748,8741.070735247275,34.659886843828886,0.44621513944223107,0.031738979629298225,0.0,0.0,obsx_stress,force,"nmpc+kf[r_v=0.15,r_w=0.15,q_F=10,q_tau=1,filt=1,gate=1,ffu=1,qyaw=1,obs=1,aci=2,aci_alpha=0.02]",4,6.429200172424316,10,0.6881752988047809,6.866443164338658,9.174227733165027,
1.0586511156249976,1.2047103048650862,4.743661762228492,21.524039250279387,21.524039250279387,9363.087844127478,172.49753943720972,0.5694760820045558,-0.155444913632911,1.0,0.09567198177676538,obsx_stress,force,"nmpc+kf[r_v=0.15,r_w=0.15,q_F=10,q_tau=1,filt=1,gate=1,ffu=1,qyaw=1,obs=1,aci=2,aci_alpha=0.02]",5,2.1391305923461914,92,0.3166127562642369,2.60780782943723,2.961674788966775,
0.14206835832683237,0.15823797917157495,0.3159508256151158,2.0845001594501245,2.0845001594501245,11141.122929395191,31.564221930468978,0.5099601593625498,0.027920133608039743,0.0,0.0,obsx_stress,force,"nmpc+kf[r_v=0.15,r_w=0.15,q_F=10,q_tau=1,filt=1,gate=1,ffu=1,qyaw=1,obs=1,aci=2,aci_alpha=0.02]",6,3.580167055130005,12,0.47890438247011946,3.8228194002967433,8.6435650405474,
0.09215297825246134,0.10287549343946463,0.19857888407066204,3.6201365277735857,3.6201365277735857,10713.9776687262,60.47587771603064,0.2968127490039841,0.023968640163932298,0.0,0.0,obsx_stress,force,"nmpc+kf[r_v=0.15,r_w=0.15,q_F=10,q_tau=1,filt=1,gate=1,ffu=1,qyaw=1,obs=1,aci=2,aci_alpha=0.02]",7,4.94698691368103,10,0.5981792828685261,5.2613032549486105,11.374132323544474,
0.1630680870925164,0.18218697849448645,1.0479272481853992,2.162462912016154,2.162462912016154,9833.01757299891,162.62998021953743,0.4302788844621514,0.029656237062280377,0.0,0.0,obsx_stress,force,"nmpc+kf[r_v=0.15,r_w=0.15,q_F=10,q_tau=1,filt=1,gate=1,ffu=1,qyaw=1,obs=1,aci=2,aci_alpha=0.02]",8,5.498083114624023,23,0.5755936254980079,5.841493905722293,12.045367415994411,
0.08705276636377043,0.09711261527352477,0.16583926049707579,2.450530399877724,2.450530399877724,9318.205072660892,25.0733870624662,0.29880478087649404,0.0316595226583139,0.0,0.0,obsx_stress,force,"nmpc+kf[r_v=0.15,r_w=0.15,q_F=10,q_tau=1,filt=1,gate=1,ffu=1,qyaw=1,obs=1,aci=2,aci_alpha=0.02]",9,2.875394105911255,5,0.3499203187250996,3.0223542701015136,6.765000082086772,
0.08609154905215899,0.09419075453102466,0.13087059273265694,3.1059722148202056,3.1059722148202056,9127.218332258857,26.17163253999333,0.2968127490039841,0.025241435926803196,0.0,0.0,obsx_stress,force,"nmpc+kf[r_v=0.15,r_w=0.15,q_F=10,q_tau=1,filt=1,gate=1,ffu=1,qyaw=1,obs=1,aci=2,aci_alpha=0.02]",10,5.3332884311676025,2,0.6886792828685259,5.641292188357398,12.002562917768957,
0.09229543330640665,0.10276721443035625,0.1559756318807875,3.089322972694899,3.089322972694899,9188.287804627073,20.90239963276503,0.35856573705179284,0.03546308180633495,0.0,0.0,obsx_stress,force,"nmpc+kf[r_v=0.15,r_w=0.15,q_F=10,q_tau=1,filt=1,gate=1,ffu=1,qyaw=1,obs=1,aci=2,aci_alpha=0.02]",11,3.8926126956939697,4,0.48553187250996016,4.137511137850672,12.060160490218552,
0.09320984519116002,0.10375626061102705,0.15614040423565811,1.4455769231355877,1.4455769231355877,9264.09917580437,19.255163554399257,0.39641434262948205,0.028631217278095866,0.0,0.0,obsx_stress,force,"nmpc+kf[r_v=0.15,r_w=0.15,q_F=10,q_tau=1,filt=1,gate=1,ffu=1,qyaw=1,obs=1,aci=2,aci_alpha=0.02]",12,3.502633571624756,7,0.4527350597609562,3.7079013882212313,8.920432354789227,
0.10416588629324183,0.11636941665386659,0.1919902507005541,3.3673846740560602,3.36738467405606,10683.828709772608,51.7643949603949,0.4681274900398406,-0.013227799792095485,1.0,0.01593625498007968,obsx_stress,force,"nmpc+kf[r_v=0.15,r_w=0.15,q_F=10,q_tau=1,filt=1,gate=1,ffu=1,qyaw=1,obs=1,aci=2,aci_alpha=0.02]",13,2.5273706912994385,2,0.312902390438247,2.6882133498580094,4.641791167668998,
0.1149426118663503,0.12829780514750194,0.20801480328557023,2.2511835000376164,2.2511835000376164,9069.200720689421,34.87472217672398,0.5537848605577689,-0.013050444741972117,1.0,0.021912350597609563,obsx_stress,force,"nmpc+kf[r_v=0.15,r_w=0.15,q_F=10,q_tau=1,filt=1,gate=1,ffu=1,qyaw=1,obs=1,aci=2,aci_alpha=0.02]",14,3.054888963699341,0,0.37744422310756975,3.2157552974907113,10.756131166126618,
0.31243685071737426,0.3490330046516933,0.7505138330681316,9.406927353330888,9.406927353330888,9302.468080772634,103.41516096929864,0.6374501992031872,-0.10288632085848082,1.0,0.08366533864541832,obsx_stress,force,"nmpc+kf[r_v=0.15,r_w=0.15,q_F=10,q_tau=1,filt=1,gate=1,ffu=1,qyaw=1,obs=1,aci=2,aci_alpha=0.02]",15,5.477027177810669,41,0.6868266932270917,5.865827752870927,9.257453549653292,
0.0532170204870548,0.059346347904261486,0.127124609829303,0.9635788829847922,0.9635788829847922,9452.092178915338,29.699617926684482,0.08764940239043825,0.02517421881445403,0.0,0.0,obsx_stress,force,"nmpc+kf[r_v=0.15,r_w=0.15,q_F=10,q_tau=1,filt=1,gate=1,ffu=1,qyaw=1,obs=1,aci=2,aci_alpha=0.02]",16,3.1951351165771484,1,0.42955179282868533,3.4287398522422903,5.921305459924042,
0.04579378064398189,0.0511000930736736,0.10032420100311601,1.0702081360884599,1.0702081360884599,8012.555459874155,17.585674471279326,0.00796812749003984,0.02463750004406645,0.0,0.0,obsx_stress,force,"nmpc+kf[r_v=0.15,r_w=0.15,q_F=10,q_tau=1,filt=1,gate=1,ffu=1,qyaw=1,obs=1,aci=2,aci_alpha=0.02]",17,4.142691612243652,0,0.4369223107569721,4.408976860414909,9.107276680879295,
0.0851551194442604,0.09490902734362608,0.13791425189725948,3.5052511814543346,3.5052511814543346,10663.671788507503,77.7955897523689,0.3645418326693227,0.031132416254113088,0.0,0.0,obsx_stress,force,"nmpc+kf[r_v=0.15,r_w=0.15,q_F=10,q_tau=1,filt=1,gate=1,ffu=1,qyaw=1,obs=1,aci=2,aci_alpha=0.02]",18,2.614027500152588,10,0.3310836653386454,2.791292658836332,5.878114805091178,
0.4604866224208389,0.51454975176158,0.9531349101480173,12.021681225506807,12.021681225506807,9639.350772642056,123.14363266545092,0.7549800796812749,0.053856973399616564,0.0,0.0,obsx_stress,force,"nmpc+kf[r_v=0.15,r_w=0.15,q_F=10,q_tau=1,filt=1,gate=1,ffu=1,qyaw=1,obs=1,aci=2,aci_alpha=0.02]",19,5.607545614242554,37,0.618906374501992,5.991025274504437,10.99870397709311,
0.1182835696838843,0.13203936332798033,0.2373067058410195,2.788701431738625,2.788701431738625,9047.543677900589,28.515820864906427,0.43227091633466136,0.015919226406361897,0.0,0.0,obsx_stress,force,"nmpc+kf[r_v=0.15,r_w=0.15,q_F=10,q_tau=1,filt=1,gate=1,ffu=1,qyaw=1,obs=1,aci=2]",0,3.0244553089141846,9,0.4104183266932271,3.1954840644711693,6.006801356561483,
0.06506794213753725,0.0724984872372515,0.13302120365457692,2.0573085355354803,2.0573085355354803,8687.68610020257,34.34630394355965,0.13745019920318724,0.022614570121822497,0.0,0.0,obsx_stress,force,"nmpc+kf[r_v=0.15,r_w=0.15,q_F=10,q_tau=1,filt=1,gate=1,ffu=1,qyaw=1,obs=1,aci=2]",1,6.88429856300354,1,0.818613545816733,7.30098220631035,12.028709310106935,
0.09724999752799611,0.10862727567313642,0.21758545495548423,3.2917186569205663,3.2917186569205663,10080.444613559603,44.2263875375633,0.3187250996015936,0.0335478179069299,0.0,0.0,obsx_stress,force,"nmpc+kf[r_v=0.15,r_w=0.15,q_F=10,q_tau=1,filt=1,gate=1,ffu=1,qyaw=1,obs=1,aci=2]",2,3.1913492679595947,5,0.39164741035856576,3.3638933311732284,8.73477363958955,
1.27060663433431,1.568246930092718,3.8808858102487105,25.28282401093226,25.28282401093226,10574.633070926808,172.69251765656395,0.5738831615120275,-0.04459466690015129,1.0,0.09278350515463918,obsx_stress,force,"nmpc+kf[r_v=0.15,r_w=0.15,q_F=10,q_tau=1,filt=1,gate=1,ffu=1,qyaw=1,obs=1,aci=2]",3,3.9386203289031982,84,0.7477697594501718,7.291803159670987,14.590191771276308,
0.1061974805130366,0.11856718064944481,0.20842376683055075,6.245896257060457,6.245896257060457,8530.212676303909,32.2247090369653,0.4163346613545817,0.026810412850015564,0.0,0.0,obsx_stress,force,"nmpc+kf[r_v=0.15,r_w=0.15,q_F=10,q_tau=1,filt=1,gate=1,ffu=1,qyaw=1,obs=1,aci=2]",4,3.2412407398223877,10,0.4525258964143426,3.434817788128062,6.870843844953925,
inf,inf,inf,,,,,,-inf,1.0,,obsx_stress,force,"nmpc+kf[r_v=0.15,r_w=0.15,q_F=10,q_tau=1,filt=1,gate=1,ffu=1,qyaw=1,obs=1,aci=2]",5,2.5609402656555176,157,0.3502651821862348,2.851056058038976,5.765944882296026,RuntimeError('diverged')
0.1317851438949538,0.1467363792348591,0.29431207178557606,2.071223946332952,2.071223946332952,11121.017849452515,31.42760131692178,0.4541832669322709,0.02309845754144041,0.0,0.0,obsx_stress,force,"nmpc+kf[r_v=0.15,r_w=0.15,q_F=10,q_tau=1,filt=1,gate=1,ffu=1,qyaw=1,obs=1,aci=2]",6,4.809640407562256,12,0.6749860557768925,5.085131144652002,12.162024264689535,
0.08477270683034194,0.09461913004402892,0.18183143889417228,3.675726488214044,3.675726488214044,10839.862931998417,56.518849604636074,0.2410358565737052,0.019134649498475875,0.0,0.0,obsx_stress,force,"nmpc+kf[r_v=0.15,r_w=0.15,q_F=10,q_tau=1,filt=1,gate=1,ffu=1,qyaw=1,obs=1,aci=2]",7,4.949934959411621,10,0.5113466135458168,5.242501828444758,14.716265359893464,
0.16031203786125403,0.1791065024557977,1.04444333455876,2.214665112272742,2.214665112272742,9805.61607753624,161.22557207042627,0.3745019920318725,0.019237518168303158,0.0,0.0,obsx_stress,force,"nmpc+kf[r_v=0.15,r_w=0.15,q_F=10,q_tau=1,filt=1,gate=1,ffu=1,qyaw=1,obs=1,aci=2]",8,6.782561540603638,25,0.7199382470119522,7.227995290524842,13.13900157809258,
0.07833838133741071,0.0873558810665629,0.14812800814475408,2.3743349997459195,2.3743349997459195,9127.349213133337,24.757654894122272,0.25298804780876494,0.027317133759741374,0.0,0.0,obsx_stress,force,"nmpc+kf[r_v=0.15,r_w=0.15,q_F=10,q_tau=1,filt=1,gate=1,ffu=1,qyaw=1,obs=1,aci=2]",9,3.4328432083129883,1,0.41789840637450193,3.618199312855374,8.744613816961646,
0.07604140914709177,0.08269376502093213,0.12078970386308881,3.0160041114549894,3.0160041114549894,8974.732163416003,26.296882596205478,0.1553784860557769,0.012838508766960494,0.0,0.0,obsx_stress,force,"nmpc+kf[r_v=0.15,r_w=0.15,q_F=10,q_tau=1,filt=1,gate=1,ffu=1,qyaw=1,obs=1,aci=2]",10,2.5020487308502197,2,0.3234302788844622,2.650300950828598,5.612610825337476,
0.0814232112598242,0.09059629046285943,0.13854183502334633,3.0986200682265967,3.0986200682265967,8826.621278856695,20.935060513522934,0.2350597609561753,0.0274318079582892,0.0,0.0,obsx_stress,force,"nmpc+kf[r_v=0.15,r_w=0.15,q_F=10,q_tau=1,filt=1,gate=1,ffu=1,qyaw=1,obs=1,aci=2]",11,6.236726999282837,4,0.6763227091633466,6.684553772359492,12.022157185710968,
0.08743218065367497,0.09727267951933954,0.1465610412876032,1.416349473700294,1.416349473700294,9250.522756455435,19.231246929090048,0.3565737051792829,0.021522866580719613,0.0,0.0,obsx_stress,force,"nmpc+kf[r_v=0.15,r_w=0.15,q_F=10,q_tau=1,filt=1,gate=1,ffu=1,qyaw=1,obs=1,aci=2]",12,5.991808176040649,7,0.6907191235059761,6.337309146737791,12.002540712710474,
0.09081900264887727,0.10144962896671035,0.16606676921604244,3.6803864350996234,3.6803864350996243,10936.73747915486,49.25976603767739,0.3386454183266932,-0.02411563809748063,1.0,0.021912350597609563,obsx_stress,force,"nmpc+kf[r_v=0.15,r_w=0.15,q_F=10,q_tau=1,filt=1,gate=1,ffu=1,qyaw=1,obs=1,aci=2]",13,4.754683971405029,2,0.5243864541832669,5.016117186500762,9.261505289468914,
0.11279814796256864,0.12589859787538743,0.2932066806650223,2.7211510662594427,2.7211510662594427,9186.599949514659,53.09598834990748,0.5517928286852589,-0.0160431849090632,1.0,0.025896414342629483,obsx_stress,force,"nmpc+kf[r_v=0.15,r_w=0.15,q_F=10,q_tau=1,filt=1,gate=1,ffu=1,qyaw=1,obs=1,aci=2]",14,2.80165696144104,0,0.34818725099601594,2.9640665219399143,6.8700995203107595,
0.12694045748159327,0.1415997062799364,0.2446219477394045,3.165027455602391,3.165027455602391,9408.12153710729,31.267487133899866,0.5697211155378487,0.006424634531049883,0.0,0.0,obsx_stress,force,"nmpc+kf[r_v=0.15,r_w=0.15,q_F=10,q_tau=1,filt=1,gate=1,ffu=1,qyaw=1,obs=1,aci=2]",15,3.762740135192871,8,0.4799243027888446,3.9874032697273027,8.844308101106435,
0.04887198732827112,0.054479955757570926,0.1207412655902326,1.0111716259984844,1.0111716259984844,9499.053605198635,27.963593928954534,0.07569721115537849,0.019214842247781444,0.0,0.0,obsx_stress,force,"nmpc+kf[r_v=0.15,r_w=0.15,q_F=10,q_tau=1,filt=1,gate=1,ffu=1,qyaw=1,obs=1,aci=2]",16,5.060085773468018,1,0.620890438247012,5.408214298967436,9.667912882287059,
0.04221949982374259,0.047099687479074025,0.09079669060042184,1.0381835781590407,1.0381835781590407,8057.3553707527335,17.259242117109743,0.0,0.018477465584059605,0.0,0.0,obsx_stress,force,"nmpc+kf[r_v=0.15,r_w=0.15,q_F=10,q_tau=1,filt=1,gate=1,ffu=1,qyaw=1,obs=1,aci=2]",17,5.244868040084839,0,0.5653027888446215,5.578707764945568,9.17117337230593,
0.08703301092829745,0.09701292345430186,0.1462387398250234,3.9392462962717896,3.9392462962717896,10560.759954175444,81.26868922540652,0.35258964143426297,0.023335492852959022,0.0,0.0,obsx_stress,force,"nmpc+kf[r_v=0.15,r_w=0.15,q_F=10,q_tau=1,filt=1,gate=1,ffu=1,qyaw=1,obs=1,aci=2]",18,6.902466535568237,8,0.7547151394422312,7.319328998516043,14.826276663225144,
0.4438748109363729,0.49598702294977287,0.9199423260770286,12.438041413254416,12.438041413254416,9665.74565149436,125.65675111112692,0.7549800796812749,0.034677157804769626,0.0,0.0,obsx_stress,force,"nmpc+kf[r_v=0.15,r_w=0.15,q_F=10,q_tau=1,filt=1,gate=1,ffu=1,qyaw=1,obs=1,aci=2]",19,6.381443500518799,37,0.7833286852589642,6.880086779397767,12.268807187210768,
0.10921172938394497,0.1218850353521339,0.23708643897866857,1.0404784156350257,1.0404784156350257,6139.975151031353,29.27686543803804,0.3565737051792829,0.019848956813183882,0.0,0.0,obsx_stress,force,"nmpc+learned[model=gdn_mix2,filt=1,gate=1,ffu=1,qyaw=1,obs=1,aci=1,aci_alpha=0.02]",0,5.907363653182983,0,0.578093625498008,7.421972534797374,16.724489184562117,
0.05975775111942997,0.06663767688736282,0.1287223218324703,1.0693718649812642,1.069371864981264,6818.350968050077,32.76396999294782,0.053784860557768925,0.0212673585937444,0.0,0.0,obsx_stress,force,"nmpc+learned[model=gdn_mix2,filt=1,gate=1,ffu=1,qyaw=1,obs=1,aci=1,aci_alpha=0.02]",1,6.606775522232056,0,0.6202749003984064,8.306254210707497,16.496285672765225,
0.09323749723499494,0.10415943184878566,0.2161821783684026,2.531175035790375,2.531175035790375,6584.469362067078,47.53077359281696,0.28087649402390436,0.04036862706970279,0.0,0.0,obsx_stress,force,"nmpc+learned[model=gdn_mix2,filt=1,gate=1,ffu=1,qyaw=1,obs=1,aci=1,aci_alpha=0.02]",2,3.7464046478271484,0,0.4351434262948207,4.748007467673327,17.191268398892138,
0.15200459111624126,0.16958341822638806,0.379952671189454,1.4947915155894484,1.4947915155894484,8072.810137840661,33.36733207866094,0.5139442231075697,0.026129625664054967,0.0,0.0,obsx_stress,force,"nmpc+learned[model=gdn_mix2,filt=1,gate=1,ffu=1,qyaw=1,obs=1,aci=1,aci_alpha=0.02]",3,2.8923137187957764,0,0.35062151394422314,3.6275281016139753,6.324556844774635,
0.09353285714297276,0.10427427586593005,0.18278397691111153,6.056511198494809,6.056511198494809,7152.980424754443,36.74923887065883,0.34860557768924305,0.03044286666322188,0.0,0.0,obsx_stress,force,"nmpc+learned[model=gdn_mix2,filt=1,gate=1,ffu=1,qyaw=1,obs=1,aci=1,aci_alpha=0.02]",4,6.224168300628662,0,0.680980079681275,7.938469689621393,16.758345884736627,
0.10066770537607553,0.11246113705476177,0.2808385751443923,1.6292677795353805,1.6292677795353805,6613.212907611925,36.581989635183675,0.2868525896414343,0.020975806706256345,0.0,0.0,obsx_stress,force,"nmpc+learned[model=gdn_mix2,filt=1,gate=1,ffu=1,qyaw=1,obs=1,aci=1,aci_alpha=0.02]",5,9.973904609680176,0,1.0448227091633466,12.75240077240118,20.656970872078098,
0.13653853869101448,0.15207369628971537,0.30053499302639547,1.268905508190708,1.268905508190708,8531.991518114095,32.16278408372868,0.47808764940239046,0.027145718417907583,0.0,0.0,obsx_stress,force,"nmpc+learned[model=gdn_mix2,filt=1,gate=1,ffu=1,qyaw=1,obs=1,aci=1,aci_alpha=0.02]",6,6.237277269363403,1,0.6181713147410358,7.971650454219416,16.47039413684979,
0.08083925351846542,0.09011460344979355,0.17766012692708782,1.4668117423152476,1.4668117423152476,6733.609011865306,56.91778825012961,0.20916334661354583,0.02286648902725899,0.0,0.0,obsx_stress,force,"nmpc+learned[model=gdn_mix2,filt=1,gate=1,ffu=1,qyaw=1,obs=1,aci=1,aci_alpha=0.02]",7,3.565643548965454,0,0.3728107569721115,4.508006016805441,10.351312614511698,
0.08564319711810764,0.09562613261390901,0.14934391234270855,2.2193863718288296,2.2193863718288296,6814.145666187217,46.16261868854693,0.3247011952191235,0.026938664690835723,0.0,0.0,obsx_stress,force,"nmpc+learned[model=gdn_mix2,filt=1,gate=1,ffu=1,qyaw=1,obs=1,aci=1,aci_alpha=0.02]",8,7.847130060195923,0,0.8240916334661355,9.819053173755329,17.66584632219747,
0.07206495820870072,0.08034469462420633,0.1321623206556491,1.2339970420036195,1.2339970420036195,5276.701948123525,24.912214509488056,0.22310756972111553,0.023769588936459807,0.0,0.0,obsx_stress,force,"nmpc+learned[model=gdn_mix2,filt=1,gate=1,ffu=1,qyaw=1,obs=1,aci=1,aci_alpha=0.02]",9,7.877933979034424,0,0.7378346613545816,10.014687894390844,16.826517989393324,
0.08514728158054365,0.09471168559094958,0.13604156127490705,2.2466629472774495,2.2466629472774495,7325.279445681981,26.81256436108737,0.2908366533864542,0.023726615917239624,0.0,0.0,obsx_stress,force,"nmpc+learned[model=gdn_mix2,filt=1,gate=1,ffu=1,qyaw=1,obs=1,aci=1,aci_alpha=0.02]",10,6.069145679473877,1,0.6880318725099601,7.659281538131524,16.81437514256686,
0.0786027937345795,0.08770350058435629,0.13361135640495098,0.8481020083922742,0.8481020083922742,7422.604970106735,18.85461568015467,0.2788844621513944,0.02467755637961852,0.0,0.0,obsx_stress,force,"nmpc+learned[model=gdn_mix2,filt=1,gate=1,ffu=1,qyaw=1,obs=1,aci=1,aci_alpha=0.02]",11,7.066197395324707,1,0.7113685258964143,8.922260262506208,16.899336229544133,
0.0895932555012969,0.09956207577661054,0.15119206243121353,0.9047210392517253,0.9047210392517253,6241.165949962557,18.796769597025715,0.38247011952191234,0.02233955140284999,0.0,0.0,obsx_stress,force,"nmpc+learned[model=gdn_mix2,filt=1,gate=1,ffu=1,qyaw=1,obs=1,aci=1,aci_alpha=0.02]",12,3.2386293411254883,0,0.34635657370517925,4.032156944545765,12.272808488924058,
0.1115822593464675,0.12462014616932804,0.1888437009858308,3.1713508255689224,3.1713508255689224,8236.943436022895,58.34034729632978,0.5796812749003984,0.017433125340578448,0.0,0.0,obsx_stress,force,"nmpc+learned[model=gdn_mix2,filt=1,gate=1,ffu=1,qyaw=1,obs=1,aci=1,aci_alpha=0.02]",13,3.322028636932373,0,0.35766135458167325,4.092976504721608,10.385308363474905,
0.11754506473003434,0.13124898806796312,0.21525543250093174,2.1798548754881217,2.1798548754881213,6293.910325534072,45.329701007593385,0.5557768924302788,-0.008113010663192782,1.0,0.017928286852589643,obsx_stress,force,"nmpc+learned[model=gdn_mix2,filt=1,gate=1,ffu=1,qyaw=1,obs=1,aci=1,aci_alpha=0.02]",14,8.68266773223877,0,0.9270577689243028,10.985612163813673,22.662266874685884,
0.14582921083576414,0.1627829451309322,0.27834027199697847,1.341353502206495,1.341353502206495,7999.853529892388,26.64690603583532,0.5916334661354582,0.02450675136727501,0.0,0.0,obsx_stress,force,"nmpc+learned[model=gdn_mix2,filt=1,gate=1,ffu=1,qyaw=1,obs=1,aci=1,aci_alpha=0.02]",15,3.11092209815979,0,0.3405199203187251,3.842873182017876,8.392695533111693,
0.05035830090537591,0.05609550448162297,0.1208713930107977,0.9891560213716102,0.9891560213716102,6386.706726122294,30.226585524091888,0.0697211155378486,0.023133528564971972,0.0,0.0,obsx_stress,force,"nmpc+learned[model=gdn_mix2,filt=1,gate=1,ffu=1,qyaw=1,obs=1,aci=1,aci_alpha=0.02]",16,4.102021932601929,0,0.4969840637450199,5.198088776045646,12.864952005911618,
0.04125042340708696,0.04595007678515513,0.09011095336251906,1.0815640304847807,1.0815640304847807,5431.72683836066,23.682134467387957,0.0,0.01608874554316647,0.0,0.0,obsx_stress,force,"nmpc+learned[model=gdn_mix2,filt=1,gate=1,ffu=1,qyaw=1,obs=1,aci=1,aci_alpha=0.02]",17,5.843728303909302,0,0.6184003984063746,7.477979760605886,12.304736734367916,
0.7851461473831838,0.8773647515574657,2.18118849859157,28.21191663073551,28.21191663073551,10136.598217367324,98.21437115146993,0.5517928286852589,-0.08502720534908556,1.0,0.025896414342629483,obsx_stress,force,"nmpc+learned[model=gdn_mix2,filt=1,gate=1,ffu=1,qyaw=1,obs=1,aci=1,aci_alpha=0.02]",18,7.274759769439697,20,0.9263924302788845,9.364310695615362,17.03068998409435,
0.11575184325391155,0.1291499611945729,0.21542691084649174,4.552368520712731,4.552368520712731,8885.855865165198,43.96211128115265,0.48804780876494025,0.020315463122206667,0.0,0.0,obsx_stress,force,"nmpc+learned[model=gdn_mix2,filt=1,gate=1,ffu=1,qyaw=1,obs=1,aci=1,aci_alpha=0.02]",19,4.805851697921753,0,0.485796812749004,5.990283270143863,13.489648853428664,
0.11503903194251427,0.12838436202160106,0.24920353748065757,1.2506256236135345,1.2506256236135345,6518.183929422966,29.47221383213914,0.39641434262948205,0.024535502344873172,0.0,0.0,obsx_stress,force,"nmpc+learned[model=gdn_mix2,filt=1,gate=1,ffu=1,qyaw=1,obs=1,aci=1,obsm=0.01]",0,6.187813758850098,0,0.6415577689243026,7.680850012591517,16.673257369548082,
0.06424006336942173,0.07165636639337108,0.13890099513339285,1.1019918060176266,1.1019918060176264,6929.458103184606,34.501177862893904,0.14741035856573706,0.02621611086552783,0.0,0.0,obsx_stress,force,"nmpc+learned[model=gdn_mix2,filt=1,gate=1,ffu=1,qyaw=1,obs=1,aci=1,obsm=0.01]",1,7.25252366065979,0,0.6982071713147411,9.201649813894257,16.973214969038963,
0.09167478109658579,0.10241259641188817,0.21527987257169523,2.775524166684277,2.775524166684277,6477.198180487659,49.20965718841236,0.2689243027888446,0.036154122745446104,0.0,0.0,obsx_stress,force,"nmpc+learned[model=gdn_mix2,filt=1,gate=1,ffu=1,qyaw=1,obs=1,aci=1,obsm=0.01]",2,7.489476919174194,0,0.8279482071713147,9.60934758316206,17.670365339145068,
0.1536727104701841,0.17145050789562793,0.3765291345355832,1.589379231034703,1.589379231034703,7888.826751960061,34.895088602791425,0.5637450199203188,0.021342449292436005,0.0,0.0,obsx_stress,force,"nmpc+learned[model=gdn_mix2,filt=1,gate=1,ffu=1,qyaw=1,obs=1,aci=1,obsm=0.01]",3,8.383817911148071,0,0.9636195219123507,10.594097649737954,16.84761418728158,
0.09262623701670944,0.10325872861264715,0.18302790789668427,5.7350966580209946,5.7350966580209946,6744.266332935508,36.43328384964329,0.37250996015936255,0.03584124508065595,0.0,0.0,obsx_stress,force,"nmpc+learned[model=gdn_mix2,filt=1,gate=1,ffu=1,qyaw=1,obs=1,aci=1,obsm=0.01]",4,5.2229392528533936,0,0.5494721115537848,6.573349639561873,13.71086896630004,
0.10147815135424873,0.11336405869024033,0.26693827764338257,1.5957033288120153,1.595703328812015,6591.02851639918,36.82292117209463,0.33665338645418325,0.02873939309222953,0.0,0.0,obsx_stress,force,"nmpc+learned[model=gdn_mix2,filt=1,gate=1,ffu=1,qyaw=1,obs=1,aci=1,obsm=0.01]",5,8.544207096099854,0,0.9945298804780877,11.044784239864356,18.399219617713246,
0.13846373688592548,0.15417779246367697,0.3009083563341438,1.3184100368506098,1.31841003685061,8463.530009821341,32.106314940285365,0.4960159362549801,0.031224291279540572,0.0,0.0,obsx_stress,force,"nmpc+learned[model=gdn_mix2,filt=1,gate=1,ffu=1,qyaw=1,obs=1,aci=1,obsm=0.01]",6,9.447876930236816,1,1.1876215139442232,12.375545072966661,23.051276658661664,
0.08630633060552377,0.09623801962083739,0.19059756717119294,1.497773457151315,1.497773457151315,6679.881878977234,56.496183481554944,0.2290836653386454,0.028532814762475267,0.0,0.0,obsx_stress,force,"nmpc+learned[model=gdn_mix2,filt=1,gate=1,ffu=1,qyaw=1,obs=1,aci=1,obsm=0.01]",7,3.724252939224243,0,0.3641075697211155,4.7918059682265755,10.591879810672253,
0.08808985597187859,0.09836239345592691,0.14955826704554678,1.6477479227716139,1.6477479227716134,6902.3939350668215,43.12084202593003,0.3645418326693227,0.031997562409296076,0.0,0.0,obsx_stress,force,"nmpc+learned[model=gdn_mix2,filt=1,gate=1,ffu=1,qyaw=1,obs=1,aci=1,obsm=0.01]",8,8.238851070404053,0,0.7743027888446216,10.449484656694757,17.813098032493148,
0.07218669137089852,0.08048104355668492,0.1305624622771029,1.2539470670644879,1.2539470670644874,5318.113443555163,25.43980348866842,0.20717131474103587,0.035337507139852564,0.0,0.0,obsx_stress,force,"nmpc+learned[model=gdn_mix2,filt=1,gate=1,ffu=1,qyaw=1,obs=1,aci=1,obsm=0.01]",9,4.1974546909332275,0,0.4177808764940239,5.247621702872573,10.991745772771537,
0.0826533328776,0.09191396832401637,0.14681424831645679,1.8977708433305118,1.8977708433305118,7198.465048257766,26.958244915217712,0.29282868525896416,0.020399753080209165,0.0,0.0,obsx_stress,force,"nmpc+learned[model=gdn_mix2,filt=1,gate=1,ffu=1,qyaw=1,obs=1,aci=1,obsm=0.01]",10,8.29076862335205,1,1.0610876494023904,10.54260151022934,22.906819893978536,
0.08167072840255214,0.09112824461255002,0.14420355078196712,0.8380989825917925,0.8380989825917925,7256.027148812288,18.692775645863087,0.29282868525896416,0.03233846401070145,0.0,0.0,obsx_stress,force,"nmpc+learned[model=gdn_mix2,filt=1,gate=1,ffu=1,qyaw=1,obs=1,aci=1,obsm=0.01]",11,9.154828548431396,1,0.9322390438247012,11.570099536682001,18.266259885858748,
0.09177390110986405,0.1020126130218242,0.15301843242450708,0.9169810373940119,0.9169810373940119,6239.66443300933,18.979182900267638,0.398406374501992,0.033818522263413364,0.0,0.0,obsx_stress,force,"nmpc+learned[model=gdn_mix2,filt=1,gate=1,ffu=1,qyaw=1,obs=1,aci=1,obsm=0.01]",12,4.671037197113037,0,0.4350796812749004,5.896959727930565,13.761117251124237,
0.10402126584886501,0.11616577532308098,0.17282143143094,3.0924479639430245,3.0924479639430245,8305.16624495235,59.41714625832821,0.5438247011952191,0.013040270790897562,0.0,0.0,obsx_stress,force,"nmpc+learned[model=gdn_mix2,filt=1,gate=1,ffu=1,qyaw=1,obs=1,aci=1,obsm=0.01]",13,3.505411386489868,0,0.3936533864541832,4.381484987930324,10.200717691332102,
0.10397598021435035,0.1160721251904563,0.20592637245968215,2.0376353102697755,2.0376353102697755,6334.595136925813,32.503906036892054,0.50199203187251,-0.0019186856691292276,1.0,0.00796812749003984,obsx_stress,force,"nmpc+learned[model=gdn_mix2,filt=1,gate=1,ffu=1,qyaw=1,obs=1,aci=1,obsm=0.01]",14,9.640836000442505,0,1.15649203187251,12.405432214351942,23.922278718091558,
0.15436005680749948,0.1722952444998229,0.29621815713763194,1.8812515950494457,1.8812515950494457,7406.718442295538,27.228191198192622,0.601593625498008,0.0270893012751654,0.0,0.0,obsx_stress,force,"nmpc+learned[model=gdn_mix2,filt=1,gate=1,ffu=1,qyaw=1,obs=1,aci=1,obsm=0.01]",15,8.153934240341187,0,0.981679282868526,10.502617221336767,19.910021456889808,
0.05389196821052114,0.060056054157907,0.12949846394690684,1.0151917366784602,1.0151917366784602,6351.113203088027,32.03230316061555,0.08366533864541832,0.028917949021979944,0.0,0.0,obsx_stress,force,"nmpc+learned[model=gdn_mix2,filt=1,gate=1,ffu=1,qyaw=1,obs=1,aci=1,obsm=0.01]",16,10.01780366897583,0,1.2032250996015934,13.15383127922066,23.085682250093672,
0.042951475566503805,0.04785677781468844,0.09529965025167907,1.0483012690219318,1.0483012690219318,5399.696163579973,24.43199749477265,0.0,0.02169977101266224,0.0,0.0,obsx_stress,force,"nmpc+learned[model=gdn_mix2,filt=1,gate=1,ffu=1,qyaw=1,obs=1,aci=1,obsm=0.01]",17,2.683824062347412,0,0.3046633466135458,3.336565029636708,4.600659320130944,
0.09611871092830085,0.10725954100530102,0.17282947475907426,2.4702295385133044,2.4702295385133044,9250.971289059175,49.97848205939278,0.38247011952191234,0.02749341040327899,0.0,0.0,obsx_stress,force,"nmpc+learned[model=gdn_mix2,filt=1,gate=1,ffu=1,qyaw=1,obs=1,aci=1,obsm=0.01]",18,5.615022420883179,0,0.6227370517928287,7.0780266486330925,16.517577345948666,
0.11991094579570308,0.1338039425912339,0.22331211930325195,4.396474908027644,4.396474908027644,9002.963477835863,42.68927198567474,0.5,0.026984877394433004,0.0,0.0,obsx_stress,force,"nmpc+learned[model=gdn_mix2,filt=1,gate=1,ffu=1,qyaw=1,obs=1,aci=1,obsm=0.01]",19,5.770003318786621,0,0.6522330677290836,7.324461666570301,16.883786879479885,
0.10847553805872637,0.12106047471860325,0.23916939470681897,1.2501461212547558,1.2501461212547558,6485.01895714184,29.31957938806569,0.34860557768924305,0.014333189982208172,0.0,0.0,obsx_stress,force,"nmpc+learned[model=gdn_mix2,filt=1,gate=1,ffu=1,qyaw=1,obs=1,aci=1]",0,5.4464640617370605,0,0.5999980079681275,6.827615250172872,17.121148777659986,
0.05737568670812506,0.06396993653371667,0.12613836652829463,1.1100856960052186,1.1100856960052186,6757.5222322005675,31.65463208473539,0.049800796812749,0.016625602471221357,0.0,0.0,obsx_stress,force,"nmpc+learned[model=gdn_mix2,filt=1,gate=1,ffu=1,qyaw=1,obs=1,aci=1]",1,9.301866054534912,0,1.0197151394422312,12.019503612138063,25.535588732454947,
0.08322485166292488,0.09296674742479943,0.19662210545789788,2.6378269830349526,2.6378269830349526,6458.257902148178,47.58561604164257,0.21912350597609562,0.026023719670486445,0.0,0.0,obsx_stress,force,"nmpc+learned[model=gdn_mix2,filt=1,gate=1,ffu=1,qyaw=1,obs=1,aci=1]",2,4.538917303085327,0,0.4473784860557769,5.697482010902489,14.264070326462393,
0.28322999367071056,0.3163536498557681,0.6400159510728541,12.268847274738336,12.268847274738336,9544.000414663165,171.82478698311283,0.6434262948207171,0.010881111986925762,0.0,0.0,obsx_stress,force,"nmpc+learned[model=gdn_mix2,filt=1,gate=1,ffu=1,qyaw=1,obs=1,aci=1]",3,9.229166030883789,16,1.108141434262948,11.76568095069527,23.903414926026024,
0.08610820834705252,0.09595607720069274,0.17279578543741286,5.401119897830892,5.401119897830892,6642.572402970768,35.19846514223384,0.3207171314741036,0.026324357481616267,0.0,0.0,obsx_stress,force,"nmpc+learned[model=gdn_mix2,filt=1,gate=1,ffu=1,qyaw=1,obs=1,aci=1]",4,5.045074939727783,0,0.5643127490039841,6.413410913080452,16.7115463106893,
0.09653192487294344,0.10784065091798094,0.26426646787407393,1.575983580645179,1.575983580645179,6676.525325864132,36.51541797191408,0.2649402390438247,0.018919713993980097,0.0,0.0,obsx_stress,force,"nmpc+learned[model=gdn_mix2,filt=1,gate=1,ffu=1,qyaw=1,obs=1,aci=1]",5,9.131345272064209,0,1.1240657370517928,11.733980975540511,21.90864834934473,
0.1292849040436162,0.14396798284428122,0.28613559496048363,1.2581567990316511,1.2581567990316511,8395.554651708246,30.962374628673235,0.42828685258964144,0.021133731679712442,0.0,0.0,obsx_stress,force,"nmpc+learned[model=gdn_mix2,filt=1,gate=1,ffu=1,qyaw=1,obs=1,aci=1]",6,8.645781755447388,1,0.8565278884462151,11.116596344168265,18.780580048915006,
0.07358936299623536,0.08199112060651578,0.15354372644678205,1.5381290492448416,1.5381290492448416,6613.581317153982,53.12741745612055,0.14342629482071714,0.018547649990125842,0.0,0.0,obsx_stress,force,"nmpc+learned[model=gdn_mix2,filt=1,gate=1,ffu=1,qyaw=1,obs=1,aci=1]",7,8.598237037658691,0,0.8253167330677291,11.108350539784063,17.195579903200272,
0.08084345291408258,0.0902578775819711,0.13863763228936413,1.5514104128905613,1.5514104128905613,6806.557366058774,40.30972759174183,0.2948207171314741,0.022125127130427746,0.0,0.0,obsx_stress,force,"nmpc+learned[model=gdn_mix2,filt=1,gate=1,ffu=1,qyaw=1,obs=1,aci=1]",8,9.622452020645142,0,1.0525517928286852,12.53511158673397,22.859087553806607,
0.066355383681912,0.07394830198064822,0.12006792177323333,1.2047931062589128,1.2047931062589128,5247.416940910171,24.947150939217003,0.17330677290836655,0.025523695639046384,0.0,0.0,obsx_stress,force,"nmpc+learned[model=gdn_mix2,filt=1,gate=1,ffu=1,qyaw=1,obs=1,aci=1]",9,9.40174126625061,0,0.9500378486055777,12.092337305416386,22.859590952284634,
0.07535518086823682,0.08371464655881804,0.1342700660431564,1.8404439769305543,1.8404439769305543,7070.382318825875,27.19358821850797,0.16533864541832669,0.009953608523029567,0.0,0.0,obsx_stress,force,"nmpc+learned[model=gdn_mix2,filt=1,gate=1,ffu=1,qyaw=1,obs=1,aci=1]",10,5.871350288391113,1,0.6172350597609562,7.334015378542986,17.085734955035154,
0.0735774155803897,0.08208663867754802,0.1323057634565329,0.857410186408438,0.8574101864084378,6994.46958091961,18.838985867827784,0.20318725099601595,0.022430327189743665,0.0,0.0,obsx_stress,force,"nmpc+learned[model=gdn_mix2,filt=1,gate=1,ffu=1,qyaw=1,obs=1,aci=1]",11,8.25507640838623,1,0.9315617529880477,10.575376291002382,22.774554698262364,
0.08479129157142469,0.09416421665812397,0.14182232456436755,0.9165512520072935,0.9165512520072935,6135.398348227777,18.5917042981371,0.3286852589641434,0.023827194721809497,0.0,0.0,obsx_stress,force,"nmpc+learned[model=gdn_mix2,filt=1,gate=1,ffu=1,qyaw=1,obs=1,aci=1]",12,5.9057018756866455,0,0.6440438247011953,7.526270692715369,16.61617518402636,
0.09338169858207224,0.1042676699270204,0.1550023658295483,3.023014798097952,3.023014798097952,8099.907672134911,58.55080855051483,0.44621513944223107,0.0035336021665932082,0.0,0.0,obsx_stress,force,"nmpc+learned[model=gdn_mix2,filt=1,gate=1,ffu=1,qyaw=1,obs=1,aci=1]",13,7.222177505493164,0,0.7718784860557769,9.062775632411062,17.065878813154995,
0.10534826083356637,0.11760716588084956,0.2121316886883758,2.045341756586798,2.045341756586798,6258.1254169689455,41.118774172955824,0.5557768924302788,-0.011336717014433034,1.0,0.02390438247011952,obsx_stress,force,"nmpc+learned[model=gdn_mix2,filt=1,gate=1,ffu=1,qyaw=1,obs=1,aci=1]",14,9.113126039505005,0,1.0221314741035856,11.592089487017091,22.73427618900314,
0.14485170210446086,0.161696389977957,0.2867222676700064,1.9012570924678192,1.9012570924678192,7555.59017009342,30.91020960753374,0.5697211155378487,0.017736582018208435,0.0,0.0,obsx_stress,force,"nmpc+learned[model=gdn_mix2,filt=1,gate=1,ffu=1,qyaw=1,obs=1,aci=1]",15,6.248555421829224,0,0.7068545816733066,7.910206915339478,16.8296763044782,
0.04816467654926621,0.053636008682148316,0.11915766026429028,0.9678458292475297,0.9678458292475297,6245.171127693002,30.027783206435117,0.06573705179282868,0.018772867613254807,0.0,0.0,obsx_stress,force,"nmpc+learned[model=gdn_mix2,filt=1,gate=1,ffu=1,qyaw=1,obs=1,aci=1]",16,9.165775060653687,0,1.1717828685258964,11.954274647256945,22.70987181691453,
0.03911134941651047,0.04355167779617585,0.08699302045670056,1.0156019108989853,1.0156019108989853,5423.777576586183,23.34647132690494,0.0,0.012576197133144729,0.0,0.0,obsx_stress,force,"nmpc+learned[model=gdn_mix2,filt=1,gate=1,ffu=1,qyaw=1,obs=1,aci=1]",17,6.005343675613403,0,0.6864681274900398,7.6132675770121025,16.26524805556983,
0.08432137035729026,0.0940548478808249,0.15569375584736422,2.3589607309879708,2.3589607309879708,9149.755883650338,50.822931716894,0.2589641434262948,0.01751708414950326,0.0,0.0,obsx_stress,force,"nmpc+learned[model=gdn_mix2,filt=1,gate=1,ffu=1,qyaw=1,obs=1,aci=1]",18,3.989853858947754,0,0.4426832669322709,5.092959460965636,11.47828073240817,
0.1113468967090741,0.1242368531382676,0.20880944286283537,4.4358408321263605,4.4358408321263605,8827.351918114176,42.781395834648244,0.4820717131474104,0.017415169566163013,0.0,0.0,obsx_stress,force,"nmpc+learned[model=gdn_mix2,filt=1,gate=1,ffu=1,qyaw=1,obs=1,aci=1]",19,5.7321860790252686,0,0.6662788844621513,7.205586428234569,16.837160466238856,
0.10979885630210279,0.122510533446188,0.23660941221510698,1.0070357320605534,1.0070357320605534,6207.22701966856,29.331964166721306,0.3565737051792829,0.025586896430566386,0.0,0.0,obsx_stress,force,"nmpc+learned[model=gdn_mix2,filt=1,gate=1,ffu=1,qyaw=1,obs=1,aci=2,aci_alpha=0.02]",0,6.001266002655029,0,0.8005776892430277,7.632965727549685,17.308336365967993,
0.0623786956788523,0.06957242917018647,0.12989200854578906,1.0704175904027207,1.0704175904027207,6607.324064717362,33.863628970725024,0.11155378486055777,0.02702869613787212,0.0,0.0,obsx_stress,force,"nmpc+learned[model=gdn_mix2,filt=1,gate=1,ffu=1,qyaw=1,obs=1,aci=2,aci_alpha=0.02]",1,4.739854574203491,0,0.5127709163346613,5.968996644135104,16.267680034507077,
0.0950126760481912,0.1061437409761709,0.21756919096349286,2.483746094140264,2.483746094140264,6632.630730308132,47.558011502710016,0.3207171314741036,0.04237301809228644,0.0,0.0,obsx_stress,force,"nmpc+learned[model=gdn_mix2,filt=1,gate=1,ffu=1,qyaw=1,obs=1,aci=2,aci_alpha=0.02]",2,6.5219948291778564,0,0.7303007968127491,8.303370823957529,16.94569213781506,
0.15626372988061946,0.1743508943689107,0.39633270073409127,1.4574423440785218,1.4574423440785218,8207.250795304068,33.30101381974657,0.5039840637450199,0.025361368851223365,0.0,0.0,obsx_stress,force,"nmpc+learned[model=gdn_mix2,filt=1,gate=1,ffu=1,qyaw=1,obs=1,aci=2,aci_alpha=0.02]",3,7.469250917434692,0,0.8019980079681275,9.413060452510784,17.582998939324174,
0.09485309056297798,0.10575304743662933,0.18946780958627807,6.1674088589804645,6.167408858980465,6970.581842957622,36.66846936375301,0.3565737051792829,0.030927099395598456,0.0,0.0,obsx_stress,force,"nmpc+learned[model=gdn_mix2,filt=1,gate=1,ffu=1,qyaw=1,obs=1,aci=2,aci_alpha=0.02]",4,8.523058891296387,0,0.927097609561753,10.897035091332498,17.782215729821473,
0.1026961179524048,0.11471780853681852,0.28091662584153354,1.6774616302261784,1.677461630226179,6564.269957303065,36.65108960332644,0.3187250996015936,0.02861435551107286,0.0,0.0,obsx_stress,force,"nmpc+learned[model=gdn_mix2,filt=1,gate=1,ffu=1,qyaw=1,obs=1,aci=2,aci_alpha=0.02]",5,4.4568517208099365,0,0.47162749003984067,5.5184941418817735,16.704736598767376,
0.1387805010451493,0.15452616060758503,0.30422392549149774,1.2998511886808881,1.2998511886808881,8553.477935118688,32.264394724216295,0.4960159362549801,0.02747855459417964,0.0,0.0,obsx_stress,force,"nmpc+learned[model=gdn_mix2,filt=1,gate=1,ffu=1,qyaw=1,obs=1,aci=2,aci_alpha=0.02]",6,7.371248722076416,1,0.7234163346613546,9.447359732738084,16.712806741707027,
0.08004990141593986,0.0892303511099012,0.16578990238733152,1.368729106943553,1.368729106943553,6806.0402382278535,55.959946673259914,0.199203187250996,0.023165316832107374,0.0,0.0,obsx_stress,force,"nmpc+learned[model=gdn_mix2,filt=1,gate=1,ffu=1,qyaw=1,obs=1,aci=2,aci_alpha=0.02]",7,3.901656150817871,0,0.3597529880478088,4.869210659489184,10.508346860297024,
0.0876922196930875,0.09791769870000412,0.1532227448258119,2.0710864350260505,2.0710864350260505,6994.679020927427,45.69987348321093,0.34860557768924305,0.029285344703589566,0.0,0.0,obsx_stress,force,"nmpc+learned[model=gdn_mix2,filt=1,gate=1,ffu=1,qyaw=1,obs=1,aci=2,aci_alpha=0.02]",8,3.2766878604888916,0,0.3194163346613546,4.037075751624348,9.322192808613183,
0.07142923162484315,0.07963262256034555,0.12770775050510427,1.2380848564564328,1.2380848564564328,5276.683793283194,24.768048311066003,0.21115537848605578,0.03134980953167432,0.0,0.0,obsx_stress,force,"nmpc+learned[model=gdn_mix2,filt=1,gate=1,ffu=1,qyaw=1,obs=1,aci=2,aci_alpha=0.02]",9,5.766050100326538,0,0.5807410358565738,7.349070841520728,16.8676231126301,
0.08566398398659443,0.0952936092624911,0.13659241543011302,2.2774865635159416,2.2774865635159416,7345.109952508107,26.771580699028263,0.30278884462151395,0.024786576140482713,0.0,0.0,obsx_stress,force,"nmpc+learned[model=gdn_mix2,filt=1,gate=1,ffu=1,qyaw=1,obs=1,aci=2,aci_alpha=0.02]",10,3.334970712661743,1,0.36731673306772905,4.137241245392131,10.519560559187084,
0.08827137203801733,0.09848901872515985,0.15176021875388987,0.839165547948895,0.839165547948895,7398.010614109843,18.680387171148578,0.3605577689243028,0.03503793135598657,0.0,0.0,obsx_stress,force,"nmpc+learned[model=gdn_mix2,filt=1,gate=1,ffu=1,qyaw=1,obs=1,aci=2,aci_alpha=0.02]",11,6.295508623123169,1,0.7131334661354581,8.019197775344123,17.147691852878783,
0.09248673277281898,0.10281365935577826,0.15659734978740283,0.9119311717790136,0.9119311717790136,5954.18070252309,18.695227173414704,0.39641434262948205,0.0286185289873373,0.0,0.0,obsx_stress,force,"nmpc+learned[model=gdn_mix2,filt=1,gate=1,ffu=1,qyaw=1,obs=1,aci=2,aci_alpha=0.02]",12,4.953686714172363,0,0.4060916334661354,6.2097375813604465,15.875131350476302,
0.10402274345326273,0.11616742755119785,0.17335778601085944,3.2252945099266728,3.225294509926673,8271.869552712995,58.21511011071159,0.5358565737051793,0.009725675516600224,0.0,0.0,obsx_stress,force,"nmpc+learned[model=gdn_mix2,filt=1,gate=1,ffu=1,qyaw=1,obs=1,aci=2,aci_alpha=0.02]",13,3.4845712184906006,0,0.3877171314741036,4.277980814046,10.415017460472882,
0.1267693652393318,0.14156458243013365,0.21996568939963526,2.0221907312038527,2.022190731203853,6280.46774807,48.96163063608249,0.5557768924302788,-0.00732563814646206,1.0,0.017928286852589643,obsx_stress,force,"nmpc+learned[model=gdn_mix2,filt=1,gate=1,ffu=1,qyaw=1,obs=1,aci=2,aci_alpha=0.02]",14,4.044352054595947,0,0.4345398406374501,5.011964748906662,12.83815432107076,
0.14600092398914322,0.1629547028233358,0.2652855482365118,2.070564823217109,2.070564823217109,7434.028581543387,24.12170858103498,0.6075697211155379,0.024064280693027573,0.0,0.0,obsx_stress,force,"nmpc+learned[model=gdn_mix2,filt=1,gate=1,ffu=1,qyaw=1,obs=1,aci=2,aci_alpha=0.02]",15,8.660621404647827,0,0.9490637450199202,11.007060493951093,19.66930804308504,
0.052693304201524495,0.05871276381478111,0.12125539662550057,0.9914851985799055,0.9914851985799055,6280.749964458607,31.827928924838897,0.06772908366533864,0.024921630879416512,0.0,0.0,obsx_stress,force,"nmpc+learned[model=gdn_mix2,filt=1,gate=1,ffu=1,qyaw=1,obs=1,aci=2,aci_alpha=0.02]",16,10.109843015670776,0,1.102573705179283,13.147692383912604,23.106163004413247,
0.04140086544962739,0.04611872586171428,0.09067536102360498,1.0747580607416618,1.0747580607416618,5474.148981456497,23.83167652028063,0.0,0.016957071494422105,0.0,0.0,obsx_stress,force,"nmpc+learned[model=gdn_mix2,filt=1,gate=1,ffu=1,qyaw=1,obs=1,aci=2,aci_alpha=0.02]",17,10.086740255355835,0,1.2036035856573706,13.07584530492109,22.92321850080043,
0.4480566140831617,0.5006608278129432,0.9836230117337514,25.216223309498083,25.216223309498083,9915.136667677138,88.96042413913045,0.5737051792828686,-0.09456239188601948,1.0,0.025896414342629483,obsx_stress,force,"nmpc+learned[model=gdn_mix2,filt=1,gate=1,ffu=1,qyaw=1,obs=1,aci=2,aci_alpha=0.02]",18,8.82851505279541,4,1.0611474103585659,11.33559027081912,17.896655206568543,
0.11651450472311141,0.12998247052260825,0.21660968568690184,4.001454094377833,4.001454094377833,8930.935977814244,43.457116357081475,0.4940239043824701,0.019645630942049852,0.0,0.0,obsx_stress,force,"nmpc+learned[model=gdn_mix2,filt=1,gate=1,ffu=1,qyaw=1,obs=1,aci=2,aci_alpha=0.02]",19,9.642969131469727,0,0.8797151394422312,12.127694670125782,21.128544474486265,
0.10900976064724009,0.12163980414159863,0.23988890870364546,1.2423583435697196,1.2423583435697194,6462.364683138806,29.40748012395599,0.350597609561753,0.016882462833401113,0.0,0.0,obsx_stress,force,"nmpc+learned[model=gdn_mix2,filt=1,gate=1,ffu=1,qyaw=1,obs=1,aci=2]",0,9.162640571594238,0,1.0276334661354583,11.620302849256273,18.70370055316017,
0.057154599961524756,0.06372231055847101,0.12609717262867823,1.1089569617958532,1.1089569617958532,6756.33529604093,31.71538698774701,0.049800796812749,0.015887761144129875,0.0,0.0,obsx_stress,force,"nmpc+learned[model=gdn_mix2,filt=1,gate=1,ffu=1,qyaw=1,obs=1,aci=2]",1,7.053075790405273,0,0.7226474103585658,8.99639256638048,16.91281754290685,
0.08294215214376599,0.09265071715492477,0.19189581942688003,2.5363956247496886,2.5363956247496886,6546.341156895909,46.549630331589015,0.2151394422310757,0.02829254245526036,0.0,0.0,obsx_stress,force,"nmpc+learned[model=gdn_mix2,filt=1,gate=1,ffu=1,qyaw=1,obs=1,aci=2]",2,3.619932174682617,0,0.3951494023904382,4.53368371001916,11.006206821184607,
0.3686213462974312,0.41181148781399396,0.8650731765505864,15.60733777151592,15.60733777151592,10402.129961053111,176.72708971632514,0.6055776892430279,0.01257538496895072,0.0,0.0,obsx_stress,force,"nmpc+learned[model=gdn_mix2,filt=1,gate=1,ffu=1,qyaw=1,obs=1,aci=2]",3,4.847858667373657,15,0.5059422310756971,5.973600896550305,11.588680888526149,
0.08706883260131226,0.09703251734035123,0.17278451042015464,5.437541295367234,5.437541295367234,6684.446087876712,35.90694286372537,0.32270916334661354,0.029274444629378116,0.0,0.0,obsx_stress,force,"nmpc+learned[model=gdn_mix2,filt=1,gate=1,ffu=1,qyaw=1,obs=1,aci=2]",4,8.030333995819092,0,0.8266772908366534,10.279413250987362,18.55772719020025,
0.09697271141095326,0.10832287020506069,0.2644222548025677,1.5643165105446344,1.5643165105446344,6635.631713527558,36.51826228250224,0.26693227091633465,0.02028318376187041,0.0,0.0,obsx_stress,force,"nmpc+learned[model=gdn_mix2,filt=1,gate=1,ffu=1,qyaw=1,obs=1,aci=2]",5,5.817519664764404,0,0.6392589641434263,7.342006406835855,16.67226631194353,
0.13046412902858598,0.14524154527562932,0.2873210667599502,1.2683530070762434,1.2683530070762434,8332.005332956815,31.866642651869515,0.4442231075697211,0.02325001598200127,0.0,0.0,obsx_stress,force,"nmpc+learned[model=gdn_mix2,filt=1,gate=1,ffu=1,qyaw=1,obs=1,aci=2]",6,7.6694395542144775,1,0.8257410358565738,9.876181602485449,16.81240373523906,
0.07381939866586318,0.0822489445514182,0.14898442793809935,1.4784586160028308,1.4784586160028308,6838.190396657448,52.5272739970535,0.14741035856573706,0.019430420125187198,0.0,0.0,obsx_stress,force,"nmpc+learned[model=gdn_mix2,filt=1,gate=1,ffu=1,qyaw=1,obs=1,aci=2]",7,8.257051706314087,0,0.877003984063745,10.704720826945696,19.257461037486795,
0.0811745014469653,0.09062815521573804,0.13913098872751617,1.554145952152438,1.554145952152438,6856.019516268425,39.8861569250532,0.300796812749004,0.019786451127244586,0.0,0.0,obsx_stress,force,"nmpc+learned[model=gdn_mix2,filt=1,gate=1,ffu=1,qyaw=1,obs=1,aci=2]",8,5.31176495552063,0,0.5019641434262947,6.58345783539339,16.380068904254586,
0.06653143916486959,0.07414557698355756,0.11997020287528826,1.2357007198809358,1.2357007198809358,5221.338529952625,24.912578911801784,0.1752988047808765,0.027004249650278145,0.0,0.0,obsx_stress,force,"nmpc+learned[model=gdn_mix2,filt=1,gate=1,ffu=1,qyaw=1,obs=1,aci=2]",9,9.434538841247559,0,1.0263884462151396,12.108218620078587,17.15562940808013,
0.0745835289755407,0.08284547749080838,0.1251942997059194,2.2391442967841404,2.2391442967841404,7104.302547995935,27.034686942028397,0.1553784860557769,0.01271070061649529,0.0,0.0,obsx_stress,force,"nmpc+learned[model=gdn_mix2,filt=1,gate=1,ffu=1,qyaw=1,obs=1,aci=2]",10,4.203448057174683,1,0.4463824701195219,5.145921194239471,10.579294501803815,
0.07459307090622339,0.08319098644834881,0.132538404417616,0.9302274118251465,0.9302274118251465,6898.560444290908,18.828154743481157,0.21314741035856574,0.02428545518204378,0.0,0.0,obsx_stress,force,"nmpc+learned[model=gdn_mix2,filt=1,gate=1,ffu=1,qyaw=1,obs=1,aci=2]",11,4.853534936904907,1,0.5531454183266933,6.0283788257237685,13.615960408933462,
0.08563152852796817,0.09510926825214494,0.14591188209027256,0.8976237640557548,0.8976237640557548,6109.104957952752,18.587004988463807,0.33067729083665337,0.020882090386322494,0.0,0.0,obsx_stress,force,"nmpc+learned[model=gdn_mix2,filt=1,gate=1,ffu=1,qyaw=1,obs=1,aci=2]",12,6.675379037857056,0,0.6850916334661354,8.557742987054427,16.888063030783087,
0.09221855942490713,0.10296682396342582,0.15059382270340166,3.0654209366992955,3.0654209366992955,8183.681659840562,58.803006678221415,0.43824701195219123,0.001269473870865484,0.0,0.0,obsx_stress,force,"nmpc+learned[model=gdn_mix2,filt=1,gate=1,ffu=1,qyaw=1,obs=1,aci=2]",13,8.735266923904419,0,0.8731474103585656,11.040485742320103,19.520877746399492,
0.13531129420829213,0.15111614588725836,0.2782267289208121,2.574126202262667,2.574126202262667,6188.705764840489,55.810520251168164,0.5537848605577689,-0.008522835293928444,1.0,0.0199203187250996,obsx_stress,force,"nmpc+learned[model=gdn_mix2,filt=1,gate=1,ffu=1,qyaw=1,obs=1,aci=2]",14,6.07538104057312,0,0.6990199203187252,7.768497392312582,16.66867160703987,
0.13652666037585362,0.15236502854993786,0.24921607961080566,2.1189737537919675,2.1189737537919675,7422.18809147964,23.25129794046294,0.5776892430278885,0.0176668913962707,0.0,0.0,obsx_stress,force,"nmpc+learned[model=gdn_mix2,filt=1,gate=1,ffu=1,qyaw=1,obs=1,aci=2]",15,3.1659584045410156,0,0.3793326693227092,3.968015986594902,10.166670992039144,
0.04750977037578949,0.05290157963606279,0.11651949218680306,0.9718477089903024,0.9718477089903024,6328.001569161627,30.533441814264403,0.05976095617529881,0.019718219911333823,0.0,0.0,obsx_stress,force,"nmpc+learned[model=gdn_mix2,filt=1,gate=1,ffu=1,qyaw=1,obs=1,aci=2]",16,4.179633378982544,0,0.40010557768924304,5.295386533735253,16.178898164071143,
0.03881740577787817,0.04322202912022233,0.08575164170332417,1.0121881300269973,1.0121881300269973,5399.329220023733,23.23351814534758,0.0,0.012532389829900514,0.0,0.0,obsx_stress,force,"nmpc+learned[model=gdn_mix2,filt=1,gate=1,ffu=1,qyaw=1,obs=1,aci=2]",17,6.644688129425049,0,0.6398306772908366,8.528698040487845,16.842781731393192,
0.08496402697966289,0.09477433373772884,0.1537957162069702,2.4290019663626463,2.4290019663626463,9293.467770147348,50.972273392602936,0.31673306772908366,0.021157100355538583,0.0,0.0,obsx_stress,force,"nmpc+learned[model=gdn_mix2,filt=1,gate=1,ffu=1,qyaw=1,obs=1,aci=2]",18,8.658865690231323,0,1.021215139442231,10.985644259193238,17.002228347118944,
0.11271368756160566,0.12573547324648846,0.20706227722937276,4.691108396688002,4.691108396688002,8678.624683487067,44.316991007690525,0.4820717131474104,0.017790692068835545,0.0,0.0,obsx_stress,force,"nmpc+learned[model=gdn_mix2,filt=1,gate=1,ffu=1,qyaw=1,obs=1,aci=2]",19,6.573557615280151,0,0.7893426294820717,8.381439474470675,16.973079966846853,
0.11683170924835722,0.13042966142860657,0.2392855727976068,2.446923837415271,2.446923837415271,8919.871284184677,28.668685577039074,0.43227091633466136,0.016706173002325575,0.0,0.0,obsx_stress,no,"nmpc+kf[r_v=0.15,r_w=0.15,q_F=10,q_tau=1,filt=1,gate=1,ffu=1,qyaw=1,obs=1,aci=1]",0,3.987046480178833,8,0.5025219123505975,4.263104441430999,9.23305183183402,
0.066146631832816,0.0737073901902798,0.13326862052949978,1.798357581440925,1.798357581440925,8646.592586936627,35.10443191067593,0.18725099601593626,0.025801025313411552,0.0,0.0,obsx_stress,no,"nmpc+kf[r_v=0.15,r_w=0.15,q_F=10,q_tau=1,filt=1,gate=1,ffu=1,qyaw=1,obs=1,aci=1]",1,3.48856520652771,1,0.43977689243027895,3.7367084528323247,8.239533719606701,
0.09437968254295577,0.10541832011611187,0.20390355707510774,3.9744737862783537,3.9744737862783537,9684.149432740627,39.544523320719165,0.3107569721115538,0.028340399959012663,0.0,0.0,obsx_stress,no,"nmpc+kf[r_v=0.15,r_w=0.15,q_F=10,q_tau=1,filt=1,gate=1,ffu=1,qyaw=1,obs=1,aci=1]",2,2.502981424331665,5,0.3117629482071714,2.6636513087349347,7.4620095756836315,
0.2394854574913661,0.2673473928258407,0.5841020688860731,15.960312796119082,15.960312796119082,10555.942851883878,143.22835885280656,0.6653386454183267,0.020032668776142404,0.0,0.0,obsx_stress,no,"nmpc+kf[r_v=0.15,r_w=0.15,q_F=10,q_tau=1,filt=1,gate=1,ffu=1,qyaw=1,obs=1,aci=1]",3,3.8768837451934814,18,0.5392290836653385,4.211668252102674,8.83348198607564,
0.10008686486135195,0.11177689159624443,0.18630242791488616,5.852527336246183,5.852527336246183,8511.312683859975,26.17844664252032,0.3944223107569721,0.02780857038310658,0.0,0.0,obsx_stress,no,"nmpc+kf[r_v=0.15,r_w=0.15,q_F=10,q_tau=1,filt=1,gate=1,ffu=1,qyaw=1,obs=1,aci=1]",4,4.197908639907837,10,0.5575258964143426,4.564905141209405,9.052387385163456,
inf,inf,inf,,,,,,-inf,1.0,,obsx_stress,no,"nmpc+kf[r_v=0.15,r_w=0.15,q_F=10,q_tau=1,filt=1,gate=1,ffu=1,qyaw=1,obs=1,aci=1]",5,8.663208961486816,139,0.7499478957915833,9.314096940099029,15.416946206241846,RuntimeError('diverged')
0.1331036861676605,0.14823480082637025,0.29652404152834616,1.861596752865416,1.861596752865416,10921.137248959787,30.9569321855823,0.448207171314741,0.02338262146407616,0.0,0.0,obsx_stress,no,"nmpc+kf[r_v=0.15,r_w=0.15,q_F=10,q_tau=1,filt=1,gate=1,ffu=1,qyaw=1,obs=1,aci=1]",6,4.094306230545044,11,0.5656215139442232,4.390122054471259,8.94973462447524,
0.07495883328367162,0.0836374863461896,0.15027372325481395,1.7471305830318502,1.7471305830318502,10312.564745239062,50.97992969429191,0.13346613545816732,0.018213154929107883,0.0,0.0,obsx_stress,no,"nmpc+kf[r_v=0.15,r_w=0.15,q_F=10,q_tau=1,filt=1,gate=1,ffu=1,qyaw=1,obs=1,aci=1]",7,5.544692277908325,9,0.6437968127490039,5.89845665921624,11.808392244856813,
0.1590834720700972,0.17773564532911063,1.0502100420309863,2.1035456011195577,2.1035456011195577,9710.842390990212,163.03553003380404,0.36254980079681276,0.024569960035672467,0.0,0.0,obsx_stress,no,"nmpc+kf[r_v=0.15,r_w=0.15,q_F=10,q_tau=1,filt=1,gate=1,ffu=1,qyaw=1,obs=1,aci=1]",8,4.221505880355835,25,0.5754980079681276,4.49920742238215,8.90408619074151,
0.08104092759415683,0.09037784200147743,0.14866940865677908,1.908944099262394,1.908944099262394,9070.21525151287,22.34409512953831,0.2729083665338645,0.025452341860595307,0.0,0.0,obsx_stress,no,"nmpc+kf[r_v=0.15,r_w=0.15,q_F=10,q_tau=1,filt=1,gate=1,ffu=1,qyaw=1,obs=1,aci=1]",9,5.011043071746826,1,0.619093625498008,5.316806337016957,9.0803211578168,
0.07338181787841963,0.07963623833080381,0.12047815611359945,2.143132419694116,2.143132419694116,8845.391763706582,26.321643848813743,0.1254980079681275,0.017052058562193023,0.0,0.0,obsx_stress,no,"nmpc+kf[r_v=0.15,r_w=0.15,q_F=10,q_tau=1,filt=1,gate=1,ffu=1,qyaw=1,obs=1,aci=1]",10,5.185297012329102,2,0.6975119521912351,5.588053108333977,9.364748676307501,
0.07700318971886816,0.08570241710974494,0.14240499585297714,3.038287375065696,3.038287375065696,9071.4821476938,20.932278747916047,0.18326693227091634,0.019693269610109088,0.0,0.0,obsx_stress,no,"nmpc+kf[r_v=0.15,r_w=0.15,q_F=10,q_tau=1,filt=1,gate=1,ffu=1,qyaw=1,obs=1,aci=1]",11,5.9240007400512695,4,0.6444282868525896,6.293888755265134,9.821175909601155,
0.08483689381343398,0.09452506627579711,0.14571099795620776,1.2657726834273832,1.2657726834273832,9160.13664376551,17.232470309043066,0.2968127490039841,0.019818249142108002,0.0,0.0,obsx_stress,no,"nmpc+kf[r_v=0.15,r_w=0.15,q_F=10,q_tau=1,filt=1,gate=1,ffu=1,qyaw=1,obs=1,aci=1]",12,4.170517206192017,7,0.572601593625498,4.5071105042331485,9.141260234173389,
0.08887308563035312,0.09927426534683131,0.1573225085725352,3.3895342888361957,3.3895342888361957,9824.304460213276,41.20719419142258,0.34860557768924305,0.010143401276866859,0.0,0.0,obsx_stress,no,"nmpc+kf[r_v=0.15,r_w=0.15,q_F=10,q_tau=1,filt=1,gate=1,ffu=1,qyaw=1,obs=1,aci=1]",13,3.885863780975342,2,0.5295717131474104,4.122304462965029,9.277694537304344,
0.11012128936849269,0.1229035978982214,0.30041830002104714,2.840182220720193,2.840182220720193,8900.341760362353,53.37233824347487,0.4402390438247012,-0.024260701116245592,1.0,0.03187250996015936,obsx_stress,no,"nmpc+kf[r_v=0.15,r_w=0.15,q_F=10,q_tau=1,filt=1,gate=1,ffu=1,qyaw=1,obs=1,aci=1]",14,4.739014148712158,0,0.6395239043824702,5.055502800556619,8.914979689288884,
0.12282881117039361,0.13705615750660818,0.2401776827633797,2.5573627497272295,2.5573627497272295,9324.04030048666,30.369287733545878,0.5418326693227091,0.011761297297590761,0.0,0.0,obsx_stress,no,"nmpc+kf[r_v=0.15,r_w=0.15,q_F=10,q_tau=1,filt=1,gate=1,ffu=1,qyaw=1,obs=1,aci=1]",15,3.3590235710144043,8,0.47156772908366534,3.633140008878037,6.749444336164743,
0.047735506830711066,0.05320678044710696,0.12200375041604174,0.6491268232237495,0.6491268232237495,8953.442257405712,24.547775361309654,0.07370517928286853,0.023338767383788483,0.0,0.0,obsx_stress,no,"nmpc+kf[r_v=0.15,r_w=0.15,q_F=10,q_tau=1,filt=1,gate=1,ffu=1,qyaw=1,obs=1,aci=1]",16,4.447583198547363,1,0.5436812749003984,4.79597606709175,16.191928104963154,
0.036538703443346254,0.04076063748148155,0.09009005490087862,0.9119283378175753,0.9119283378175753,7877.828278762173,17.240491682374635,0.0,0.012165287068814812,0.0,0.0,obsx_stress,no,"nmpc+kf[r_v=0.15,r_w=0.15,q_F=10,q_tau=1,filt=1,gate=1,ffu=1,qyaw=1,obs=1,aci=1]",17,3.7701234817504883,0,0.457699203187251,3.9663644042793678,6.3146421569399545,
0.0803811082132213,0.08961695360045355,0.14442838950501885,3.7231095202678457,3.7231095202678466,10456.827157786303,74.95485462573411,0.25697211155378485,0.019421610515126808,0.0,0.0,obsx_stress,no,"nmpc+kf[r_v=0.15,r_w=0.15,q_F=10,q_tau=1,filt=1,gate=1,ffu=1,qyaw=1,obs=1,aci=1]",18,4.603806734085083,10,0.5953804780876494,4.908608785641205,9.013772553298622,
0.4862101833665139,0.5433057844022258,1.1325018393697175,11.624260029518506,11.624260029518506,9315.206791027424,131.87930273163252,0.7529880478087649,0.03755934065958719,0.0,0.0,obsx_stress,no,"nmpc+kf[r_v=0.15,r_w=0.15,q_F=10,q_tau=1,filt=1,gate=1,ffu=1,qyaw=1,obs=1,aci=1]",19,6.170620441436768,45,0.5636972111553785,6.605429917136096,10.120520943310112,
0.12222078391505257,0.13643385624246923,0.24897471431524573,2.427705807911814,2.427705807911814,8935.349087090826,28.554172275327016,0.45617529880478086,0.028930178276120322,0.0,0.0,obsx_stress,no,"nmpc+kf[r_v=0.15,r_w=0.15,q_F=10,q_tau=1,filt=1,gate=1,ffu=1,qyaw=1,obs=1,aci=2,aci_alpha=0.02]",0,3.7567875385284424,8,0.4817051792828685,4.0294685353714215,6.71347592491657,
0.0695188103067623,0.07748593716088069,0.13838211696222474,1.8601467323875427,1.8601467323875427,8635.04996707788,36.11601258477319,0.199203187250996,0.028199992579116817,0.0,0.0,obsx_stress,no,"nmpc+kf[r_v=0.15,r_w=0.15,q_F=10,q_tau=1,filt=1,gate=1,ffu=1,qyaw=1,obs=1,aci=2,aci_alpha=0.02]",1,4.957983016967773,1,0.5903127490039841,5.173340626246485,10.898263773415238,
0.10311062297632917,0.11517908975141947,0.2283149804841994,3.9533085348723342,3.9533085348723342,9853.84171774205,42.60102229067503,0.3844621513944223,0.04312044415262989,0.0,0.0,obsx_stress,no,"nmpc+kf[r_v=0.15,r_w=0.15,q_F=10,q_tau=1,filt=1,gate=1,ffu=1,qyaw=1,obs=1,aci=2,aci_alpha=0.02]",2,6.862823486328125,5,0.6984581673306773,7.267540881495582,12.184075254481286,
0.41751369835632307,0.4664113449820412,0.9689949345228936,25.25031009617203,25.25031009617203,11920.7683228422,177.49900007184084,0.7250996015936255,0.031135822521893675,0.0,0.0,obsx_stress,no,"nmpc+kf[r_v=0.15,r_w=0.15,q_F=10,q_tau=1,filt=1,gate=1,ffu=1,qyaw=1,obs=1,aci=2,aci_alpha=0.02]",3,3.9385530948638916,30,0.5707988047808764,4.244200357948374,8.912532976828517,
0.10875780176863885,0.12147188900137211,0.22130017166595942,6.065473751019671,6.065473751019671,8718.209291215606,29.27071969832032,0.4402390438247012,0.03229349579572155,0.0,0.0,obsx_stress,no,"nmpc+kf[r_v=0.15,r_w=0.15,q_F=10,q_tau=1,filt=1,gate=1,ffu=1,qyaw=1,obs=1,aci=2,aci_alpha=0.02]",4,2.5597803592681885,10,0.3223585657370518,2.71880010512112,4.0866351663135045,
0.6294569425908848,0.7033934444424783,1.530997943373693,18.30669283864043,18.30669283864043,10650.968835683467,175.56587282720434,0.6334661354581673,-0.1271085905463533,1.0,0.04780876494023904,obsx_stress,no,"nmpc+kf[r_v=0.15,r_w=0.15,q_F=10,q_tau=1,filt=1,gate=1,ffu=1,qyaw=1,obs=1,aci=2,aci_alpha=0.02]",5,5.3589019775390625,43,0.7669860557768924,5.801492312225509,10.267781405709684,
0.14391947424901996,0.16031327264710396,0.3162368407456706,1.851543984796218,1.851543984796218,10993.15457376983,31.71120992643632,0.5298804780876494,0.029004207661339876,0.0,0.0,obsx_stress,no,"nmpc+kf[r_v=0.15,r_w=0.15,q_F=10,q_tau=1,filt=1,gate=1,ffu=1,qyaw=1,obs=1,aci=2,aci_alpha=0.02]",6,4.133227825164795,11,0.5974143426294821,4.454605167720511,8.802929613739254,
0.10379297504908225,0.11589453463234091,0.24395896064631747,3.8063544721626847,3.8063544721626847,10588.190904924757,59.085268944629505,0.31274900398406374,0.023968640163932298,0.0,0.0,obsx_stress,no,"nmpc+kf[r_v=0.15,r_w=0.15,q_F=10,q_tau=1,filt=1,gate=1,ffu=1,qyaw=1,obs=1,aci=2,aci_alpha=0.02]",7,5.288177013397217,10,0.6582788844621513,5.6480594912536475,10.572498713154351,
0.16253780411811217,0.1815965615042047,1.0512271461762148,2.181779396397483,2.181779396397483,9803.381802259164,162.86579811899674,0.42231075697211157,0.03189771304406064,0.0,0.0,obsx_stress,no,"nmpc+kf[r_v=0.15,r_w=0.15,q_F=10,q_tau=1,filt=1,gate=1,ffu=1,qyaw=1,obs=1,aci=2,aci_alpha=0.02]",8,3.2912683486938477,25,0.3670099601593625,3.426198900465768,8.841934204101562,
0.0872619536714267,0.09734281090511819,0.15914793585590115,1.9427726626090913,1.9427726626090913,9265.031502797545,22.92802443266855,0.300796812749004,0.03156430191458015,0.0,0.0,obsx_stress,no,"nmpc+kf[r_v=0.15,r_w=0.15,q_F=10,q_tau=1,filt=1,gate=1,ffu=1,qyaw=1,obs=1,aci=2,aci_alpha=0.02]",9,3.7302310466766357,5,0.45713745019920315,3.967133018585196,6.796496713068343,
0.0842748229987024,0.09211621419260393,0.13085872275318117,2.5086663717845163,2.5086663717845163,8808.278206660929,25.92592435899292,0.24701195219123506,0.027910687776868864,0.0,0.0,obsx_stress,no,"nmpc+kf[r_v=0.15,r_w=0.15,q_F=10,q_tau=1,filt=1,gate=1,ffu=1,qyaw=1,obs=1,aci=2,aci_alpha=0.02]",10,2.3692374229431152,2,0.3130318725099602,2.5252284434813252,2.9767977446317677,
0.0891264440678963,0.09921270316880472,0.1559756318807875,2.8983342040083726,2.8983342040083726,9219.057885662092,20.764765731016553,0.3545816733067729,0.03818966225295198,0.0,0.0,obsx_stress,no,"nmpc+kf[r_v=0.15,r_w=0.15,q_F=10,q_tau=1,filt=1,gate=1,ffu=1,qyaw=1,obs=1,aci=2,aci_alpha=0.02]",11,6.321355581283569,4,0.7078027888446214,6.702655347516813,12.054098267108202,
0.09170334814048878,0.10221953839934242,0.1562421609661942,1.3048271698949405,1.3048271698949405,9197.303307704587,17.366895310420702,0.3804780876494024,0.029213338462695748,0.0,0.0,obsx_stress,no,"nmpc+kf[r_v=0.15,r_w=0.15,q_F=10,q_tau=1,filt=1,gate=1,ffu=1,qyaw=1,obs=1,aci=2,aci_alpha=0.02]",12,6.70410943031311,7,0.7657569721115538,7.053888579589348,12.199740854557604,
0.09961605614155294,0.11128354685359684,0.1787116751281854,3.1552980708457286,3.1552980708457286,9726.963084419036,43.30714979561945,0.450199203187251,0.014262672997229553,0.0,0.0,obsx_stress,no,"nmpc+kf[r_v=0.15,r_w=0.15,q_F=10,q_tau=1,filt=1,gate=1,ffu=1,qyaw=1,obs=1,aci=2,aci_alpha=0.02]",13,4.747826814651489,2,0.6933346613545817,5.113715156578863,8.999181599356236,
0.11023307061733027,0.12302866778607963,0.19874909626110301,2.5833356106927226,2.5833356106927226,8990.395105219592,33.21638097965688,0.5219123505976095,-0.021951157068389654,1.0,0.027888446215139442,obsx_stress,no,"nmpc+kf[r_v=0.15,r_w=0.15,q_F=10,q_tau=1,filt=1,gate=1,ffu=1,qyaw=1,obs=1,aci=2,aci_alpha=0.02]",14,4.502364635467529,0,0.546926294820717,4.795631333495457,9.02109898161143,
0.39959150362456236,0.4464605345663859,0.9854217279716513,14.051048188380655,14.051048188380655,8964.284497936937,144.49827071121874,0.6095617529880478,-0.0670921610584444,1.0,0.07171314741035857,obsx_stress,no,"nmpc+kf[r_v=0.15,r_w=0.15,q_F=10,q_tau=1,filt=1,gate=1,ffu=1,qyaw=1,obs=1,aci=2,aci_alpha=0.02]",15,5.663756608963013,31,0.6622270916334662,6.057218040443542,10.221347240731122,
0.05198259568004351,0.05796399104956628,0.12584198015122394,0.6969954891060914,0.6969954891060914,8829.315662556033,24.81141641880701,0.08366533864541832,0.026318227387317095,0.0,0.0,obsx_stress,no,"nmpc+kf[r_v=0.15,r_w=0.15,q_F=10,q_tau=1,filt=1,gate=1,ffu=1,qyaw=1,obs=1,aci=2,aci_alpha=0.02]",16,4.112891912460327,1,0.49183266932270925,4.352035903486894,9.052139094565064,
0.041349214458727086,0.04614449486033897,0.0988111515911042,0.9273092295771699,0.9273092295771699,7912.924022429065,16.713021238243435,0.0,0.018943945300068765,0.0,0.0,obsx_stress,no,"nmpc+kf[r_v=0.15,r_w=0.15,q_F=10,q_tau=1,filt=1,gate=1,ffu=1,qyaw=1,obs=1,aci=2,aci_alpha=0.02]",17,5.971161365509033,0,0.5933505976095618,6.058046382766558,10.037303329445422,
0.09081813299894102,0.10130391109078286,0.14752201437493054,5.7231234422745025,5.7231234422745025,10473.721318070866,73.9036768317247,0.38645418326693226,0.030318977666487917,0.0,0.0,obsx_stress,no,"nmpc+kf[r_v=0.15,r_w=0.15,q_F=10,q_tau=1,filt=1,gate=1,ffu=1,qyaw=1,obs=1,aci=2,aci_alpha=0.02]",18,6.723416090011597,9,0.8203386454183268,7.252528404991375,15.195013924967501,
0.6158447499962277,0.6881674935994219,1.163879065040622,20.93647897596469,20.93647897596469,10079.4463731007,171.3722082283115,0.7549800796812749,0.054173009914313924,0.0,0.0,obsx_stress,no,"nmpc+kf[r_v=0.15,r_w=0.15,q_F=10,q_tau=1,filt=1,gate=1,ffu=1,qyaw=1,obs=1,aci=2,aci_alpha=0.02]",19,5.7436864376068115,53,0.6536314741035857,6.184006460007295,12.13952290359886,
0.11731017001905152,0.1309504490881988,0.23946242362213577,2.5013491638960166,2.5013491638960166,9004.850107704327,28.678649293675047,0.4342629482071713,0.019295240903293487,0.0,0.0,obsx_stress,no,"nmpc+kf[r_v=0.15,r_w=0.15,q_F=10,q_tau=1,filt=1,gate=1,ffu=1,qyaw=1,obs=1,aci=2]",0,2.3896515369415283,8,0.3178067729083665,2.5387603007590926,5.4018627596087825,
0.06772403360844396,0.0754750058186968,0.13383368259670525,1.7905367903915752,1.7905367903915752,8690.478272493692,35.05065084931554,0.1952191235059761,0.025805039116679418,0.0,0.0,obsx_stress,no,"nmpc+kf[r_v=0.15,r_w=0.15,q_F=10,q_tau=1,filt=1,gate=1,ffu=1,qyaw=1,obs=1,aci=2]",1,4.227046251296997,1,0.5625677290836654,4.614025982378785,8.80605625687167,
0.09577545553024419,0.1069787776095175,0.20967467142294655,3.902813029717807,3.902813029717807,9668.646160553122,40.18741836014782,0.31274900398406374,0.030718184043473706,0.0,0.0,obsx_stress,no,"nmpc+kf[r_v=0.15,r_w=0.15,q_F=10,q_tau=1,filt=1,gate=1,ffu=1,qyaw=1,obs=1,aci=2]",2,3.367327928543091,5,0.44940239043824703,3.6100452850235114,8.980281052645296,
0.2442963887690438,0.27273458699805225,0.575374324440103,14.64300149124048,14.64300149124048,10956.064230680953,143.1553242901172,0.6772908366533864,-0.016461684474440436,1.0,0.02390438247011952,obsx_stress,no,"nmpc+kf[r_v=0.15,r_w=0.15,q_F=10,q_tau=1,filt=1,gate=1,ffu=1,qyaw=1,obs=1,aci=2]",3,6.193070411682129,17,0.8654581673306774,6.645272536002901,12.086441575083889,
0.10023320546870354,0.11194052320083726,0.18865039682844315,5.896344738387411,5.896344738387411,8539.81216233009,27.79495395269557,0.3884462151394422,0.02732091723359681,0.0,0.0,obsx_stress,no,"nmpc+kf[r_v=0.15,r_w=0.15,q_F=10,q_tau=1,filt=1,gate=1,ffu=1,qyaw=1,obs=1,aci=2]",4,4.8664703369140625,10,0.6389382470119521,5.223716719565816,9.81620634905994,
1.1303641221044274,1.2841875133033325,5.113275336643612,5.403081407446202,5.403081407446202,8511.26227606341,153.21267790171672,0.4774774774774775,-0.14426118167513036,1.0,0.09234234234234234,obsx_stress,no,"nmpc+kf[r_v=0.15,r_w=0.15,q_F=10,q_tau=1,filt=1,gate=1,ffu=1,qyaw=1,obs=1,aci=2]",5,2.796194076538086,98,0.4030743243243243,3.4487443653077965,6.0955810546875,
0.13357834603742466,0.1487473902648444,0.29582784673013673,1.8648357021222006,1.864835702122201,10887.884165373354,31.104450646716483,0.4681274900398406,0.021752428710255678,0.0,0.0,obsx_stress,no,"nmpc+kf[r_v=0.15,r_w=0.15,q_F=10,q_tau=1,filt=1,gate=1,ffu=1,qyaw=1,obs=1,aci=2]",6,4.516948461532593,11,0.6418286852589642,4.8727008372181615,8.932693128008395,
0.09265421902831758,0.10343612075413712,0.20577149576590492,3.57050643438788,3.57050643438788,10273.835824518246,56.546816655967895,0.2729083665338645,0.019134649498475875,0.0,0.0,obsx_stress,no,"nmpc+kf[r_v=0.15,r_w=0.15,q_F=10,q_tau=1,filt=1,gate=1,ffu=1,qyaw=1,obs=1,aci=2]",7,5.369875907897949,10,0.6930996015936256,5.759653828730175,10.09961836738512,
0.15850138463363161,0.17708504130708033,1.0427534034631833,2.093610234440866,2.093610234440866,9635.150517261398,162.96040674083736,0.35856573705179284,0.022261955147173218,0.0,0.0,obsx_stress,no,"nmpc+kf[r_v=0.15,r_w=0.15,q_F=10,q_tau=1,filt=1,gate=1,ffu=1,qyaw=1,obs=1,aci=2]",8,6.410242557525635,26,0.6592330677290836,6.747246948553182,11.685388337355109,
0.0812991813843124,0.0906670190115904,0.1484044303712087,1.9236299058952138,1.9236299058952138,9087.021938647362,22.334059039727073,0.2729083665338645,0.027347978629821024,0.0,0.0,obsx_stress,no,"nmpc+kf[r_v=0.15,r_w=0.15,q_F=10,q_tau=1,filt=1,gate=1,ffu=1,qyaw=1,obs=1,aci=2]",9,7.519122123718262,1,0.7981573705179281,7.911894385112946,13.057616844307638,
0.0737882231628352,0.08010422043795462,0.1213865832401299,2.3928379026752795,2.3928379026752795,8805.320071037679,26.291357777375488,0.1294820717131474,0.016632349753224557,0.0,0.0,obsx_stress,no,"nmpc+kf[r_v=0.15,r_w=0.15,q_F=10,q_tau=1,filt=1,gate=1,ffu=1,qyaw=1,obs=1,aci=2]",10,4.331851243972778,2,0.5813266932270916,4.6424181130993,10.096442608628422,
0.07774733947213786,0.08646995084476738,0.13854183502334633,2.9719028925628272,2.9719028925628272,8849.565589733596,20.933635092913697,0.19322709163346613,0.027927303775853063,0.0,0.0,obsx_stress,no,"nmpc+kf[r_v=0.15,r_w=0.15,q_F=10,q_tau=1,filt=1,gate=1,ffu=1,qyaw=1,obs=1,aci=2]",11,3.7014951705932617,4,0.49160358565737056,3.916354849470772,8.907819902524354,
0.08621292479935465,0.09606733559022386,0.1466410872565473,1.2768370251315218,1.2768370251315218,9192.996513910653,17.247346377847933,0.31673306772908366,0.0173536278768735,0.0,0.0,obsx_stress,no,"nmpc+kf[r_v=0.15,r_w=0.15,q_F=10,q_tau=1,filt=1,gate=1,ffu=1,qyaw=1,obs=1,aci=2]",12,4.956868886947632,7,0.5820418326693227,5.266966134035195,9.887748099863536,
0.09000542637673892,0.10054012688760436,0.15892472822228929,3.3448652721002192,3.3448652721002197,9908.4798046811,41.236411524753414,0.3605577689243028,0.010955698854296592,0.0,0.0,obsx_stress,no,"nmpc+kf[r_v=0.15,r_w=0.15,q_F=10,q_tau=1,filt=1,gate=1,ffu=1,qyaw=1,obs=1,aci=2]",13,4.963696479797363,2,0.5915557768924303,5.329676988660784,11.889461390674114,
0.11363001909225294,0.1268293005912162,0.30513233429432196,2.7150940557092715,2.7150940557092715,9087.083684135525,53.12629804629199,0.549800796812749,-0.021164229756070463,1.0,0.029880478087649404,obsx_stress,no,"nmpc+kf[r_v=0.15,r_w=0.15,q_F=10,q_tau=1,filt=1,gate=1,ffu=1,qyaw=1,obs=1,aci=2]",14,2.5396697521209717,0,0.3212589641434263,2.7089647719621714,3.7285246560350065,
0.2790368918793269,0.31171681849928473,0.698521177871495,11.05381895480035,11.05381895480035,8822.539044228999,129.66727716317743,0.601593625498008,-0.19095196775056972,1.0,0.0796812749003984,obsx_stress,no,"nmpc+kf[r_v=0.15,r_w=0.15,q_F=10,q_tau=1,filt=1,gate=1,ffu=1,qyaw=1,obs=1,aci=2]",15,5.465765476226807,36,0.7100498007968128,5.892361556940464,11.15016748663038,
0.04810075738813464,0.05361597937623276,0.1215114217311419,0.6718184302941677,0.6718184302941677,8860.493019205878,24.881569819430677,0.07171314741035857,0.023180124716429384,0.0,0.0,obsx_stress,no,"nmpc+kf[r_v=0.15,r_w=0.15,q_F=10,q_tau=1,filt=1,gate=1,ffu=1,qyaw=1,obs=1,aci=2]",16,5.813138723373413,1,0.7801752988047809,6.233269371930881,11.798090511001648,
0.03717600696338472,0.041474021293623105,0.08981640209363555,0.9433451046972465,0.9433451046972465,7919.161858528004,17.2036783567384,0.0,0.012142706755442045,0.0,0.0,obsx_stress,no,"nmpc+kf[r_v=0.15,r_w=0.15,q_F=10,q_tau=1,filt=1,gate=1,ffu=1,qyaw=1,obs=1,aci=2]",17,4.492754936218262,0,0.5712509960159363,4.826173324980198,8.969244004692882,
0.08313133312293991,0.09269711445230443,0.15008449798056825,3.7325403990870734,3.7325403990870734,10526.18072529781,76.67234788232524,0.3047808764940239,0.023847096155043518,0.0,0.0,obsx_stress,no,"nmpc+kf[r_v=0.15,r_w=0.15,q_F=10,q_tau=1,filt=1,gate=1,ffu=1,qyaw=1,obs=1,aci=2]",18,5.277535676956177,10,0.7543884462151395,5.775631030194046,9.03860466554761,
0.4861114900371657,0.5431884461188574,1.118694244332823,20.1694637384069,20.1694637384069,10018.086330425367,142.73287552055544,0.7529880478087649,0.04148575815647776,0.0,0.0,obsx_stress,no,"nmpc+kf[r_v=0.15,r_w=0.15,q_F=10,q_tau=1,filt=1,gate=1,ffu=1,qyaw=1,obs=1,aci=2]",19,4.2679643630981445,41,0.5714940239043824,4.6456284348878905,6.093893714714795,
0.11123012070897753,0.12414338820411464,0.25279888228431646,1.1235963517920255,1.1235963517920255,6095.073131094079,29.728863248743444,0.37649402390438247,0.019848956813183882,0.0,0.0,obsx_stress,no,"nmpc+learned[model=gdn_mix2,filt=1,gate=1,ffu=1,qyaw=1,obs=1,aci=1,aci_alpha=0.02]",0,3.28019380569458,0,0.3291414342629482,4.093066318446689,7.236528291832656,
0.06138905174198837,0.06846435382781046,0.132127986397626,0.8592409827782207,0.8592409827782207,6519.947813952553,32.98070535471857,0.09561752988047809,0.0212673585937444,0.0,0.0,obsx_stress,no,"nmpc+learned[model=gdn_mix2,filt=1,gate=1,ffu=1,qyaw=1,obs=1,aci=1,aci_alpha=0.02]",1,4.960836410522461,0,0.5033884462151395,6.182659586680036,16.200204016640782,
0.09122498419820908,0.101909801000596,0.20888345594355076,2.6640559241501944,2.6640559241501944,5966.125489365619,43.27943236364243,0.2729083665338645,0.04036862706970279,0.0,0.0,obsx_stress,no,"nmpc+learned[model=gdn_mix2,filt=1,gate=1,ffu=1,qyaw=1,obs=1,aci=1,aci_alpha=0.02]",2,5.98417329788208,0,0.5554521912350598,7.555926342928909,16.251692625228316,
0.1530507298528602,0.1707543602498873,0.38055973876827875,1.6309913769970668,1.6309913769970668,8374.973681850184,36.8576908772321,0.5139442231075697,0.02785125375352976,0.0,0.0,obsx_stress,no,"nmpc+learned[model=gdn_mix2,filt=1,gate=1,ffu=1,qyaw=1,obs=1,aci=1,aci_alpha=0.02]",3,2.883241653442383,1,0.3329402390438247,3.5669298084690215,6.63232499500737,
0.08821721243336055,0.09836992494775522,0.1762644920650971,5.605229404742229,5.605229404742229,6843.352896205587,38.03748574455941,0.31673306772908366,0.030493166187034904,0.0,0.0,obsx_stress,no,"nmpc+learned[model=gdn_mix2,filt=1,gate=1,ffu=1,qyaw=1,obs=1,aci=1,aci_alpha=0.02]",4,6.629116535186768,0,0.7776713147410358,8.464148910474997,16.89861437305808,
0.09128709875750526,0.10197515056396121,0.23039650004094367,1.8485805288682258,1.8485805288682255,6548.172757472288,37.7633111467004,0.2549800796812749,0.020943227933648084,0.0,0.0,obsx_stress,no,"nmpc+learned[model=gdn_mix2,filt=1,gate=1,ffu=1,qyaw=1,obs=1,aci=1,aci_alpha=0.02]",5,7.329474687576294,0,0.725914342629482,9.306542486308581,16.959358626045287,
0.1388112838749524,0.1546217343194265,0.30393294339031307,0.9577440381424054,0.9577440381424054,8389.279772717979,32.07906669556103,0.5099601593625498,0.028289723972171166,0.0,0.0,obsx_stress,no,"nmpc+learned[model=gdn_mix2,filt=1,gate=1,ffu=1,qyaw=1,obs=1,aci=1,aci_alpha=0.02]",6,7.207182884216309,1,0.7151254980079681,9.28906739858235,16.874866355210543,
0.07934788572733688,0.08844386053663987,0.16702961623715482,1.803081444935053,1.803081444935053,6621.203418202901,54.14190064059737,0.1952191235059761,0.02286648902725899,0.0,0.0,obsx_stress,no,"nmpc+learned[model=gdn_mix2,filt=1,gate=1,ffu=1,qyaw=1,obs=1,aci=1,aci_alpha=0.02]",7,8.381626605987549,0,0.9448585657370517,10.926288511303525,17.84541576402262,
0.08078064274217751,0.09019172596937038,0.144220111827808,2.8425413581738854,2.8425413581738854,6869.858372543554,46.77424928768497,0.3047808764940239,0.029165957171483126,0.0,0.0,obsx_stress,no,"nmpc+learned[model=gdn_mix2,filt=1,gate=1,ffu=1,qyaw=1,obs=1,aci=1,aci_alpha=0.02]",8,6.6924779415130615,0,0.7637470119521913,8.53321337988934,16.621700453106317,
0.06991509054510096,0.07793376389190254,0.12909207995805327,1.0775136933086265,1.0775136933086265,5311.66135906834,21.471951167233406,0.20717131474103587,0.02266178402245439,0.0,0.0,obsx_stress,no,"nmpc+learned[model=gdn_mix2,filt=1,gate=1,ffu=1,qyaw=1,obs=1,aci=1,aci_alpha=0.02]",9,3.9899070262908936,0,0.4014462151394422,5.004159210572591,12.185898404568436,
0.07842212525096136,0.08715867308643645,0.1229078678455758,1.7401486953524472,1.7401486953524472,6860.75737695736,24.63986671938959,0.19721115537848605,0.02299862006916853,0.0,0.0,obsx_stress,no,"nmpc+learned[model=gdn_mix2,filt=1,gate=1,ffu=1,qyaw=1,obs=1,aci=1,aci_alpha=0.02]",10,4.621145248413086,1,0.5177450199203187,5.836542135483002,11.085375079419464,
0.07553715815408397,0.08427230028978473,0.13361135640495098,0.8890567277994141,0.8890567277994141,7273.240353774375,19.790150728220624,0.2350597609561753,0.02467755637961852,0.0,0.0,obsx_stress,no,"nmpc+learned[model=gdn_mix2,filt=1,gate=1,ffu=1,qyaw=1,obs=1,aci=1,aci_alpha=0.02]",11,4.644392728805542,1,0.52450796812749,5.883686318696732,11.164346849545836,
0.08774055250243387,0.09773478943475576,0.15262149492364,0.7194338598506558,0.7194338598506558,6141.00303353132,17.197920738301036,0.350597609561753,0.02302075787090918,0.0,0.0,obsx_stress,no,"nmpc+learned[model=gdn_mix2,filt=1,gate=1,ffu=1,qyaw=1,obs=1,aci=1,aci_alpha=0.02]",12,5.994338035583496,0,0.5781573705179284,7.579377429852952,16.932393920142204,
0.1008842330388429,0.11265785704840439,0.17421745389700474,2.946193693861535,2.946193693861535,7515.7861957670075,52.219825558030195,0.5239043824701195,0.01614973699672584,0.0,0.0,obsx_stress,no,"nmpc+learned[model=gdn_mix2,filt=1,gate=1,ffu=1,qyaw=1,obs=1,aci=1,aci_alpha=0.02]",13,5.289233446121216,0,0.5943665338645419,6.692451624333324,15.00743288546802,
0.10479390502225237,0.11698706529652506,0.2123528198949105,2.029227885709782,2.029227885709782,5992.615342140248,30.141859212321094,0.4940239043824701,-0.013191019616915822,1.0,0.02390438247011952,obsx_stress,no,"nmpc+learned[model=gdn_mix2,filt=1,gate=1,ffu=1,qyaw=1,obs=1,aci=1,aci_alpha=0.02]",14,6.867344856262207,0,0.6450378486055777,8.80541859530432,16.5120045770891,
0.12169941645543751,0.13581455249460037,0.2264446998745483,2.150380336752624,2.150380336752624,7961.457510259609,27.32070651977209,0.549800796812749,0.02078218824195699,0.0,0.0,obsx_stress,no,"nmpc+learned[model=gdn_mix2,filt=1,gate=1,ffu=1,qyaw=1,obs=1,aci=1,aci_alpha=0.02]",15,4.870689392089844,0,0.5327768924302789,6.071919474687679,11.721123245079076,
0.05007212698198888,0.0557746865347974,0.12698184322103653,1.0953881216242798,1.09538812162428,5596.272803529701,25.155748066543794,0.0796812749003984,0.0254636663701186,0.0,0.0,obsx_stress,no,"nmpc+learned[model=gdn_mix2,filt=1,gate=1,ffu=1,qyaw=1,obs=1,aci=1,aci_alpha=0.02]",16,3.3312671184539795,0,0.3424521912350597,4.222944260118492,6.363184934016318,
0.039170964611958556,0.043664532844529924,0.08941720515253226,0.9907959612711842,0.9907959612711842,5312.987563133971,23.98650014316406,0.0,0.013185041375434692,0.0,0.0,obsx_stress,no,"nmpc+learned[model=gdn_mix2,filt=1,gate=1,ffu=1,qyaw=1,obs=1,aci=1,aci_alpha=0.02]",17,4.943339824676514,0,0.4507709163346614,6.3856755145844,16.498667504638433,
0.12247330139979572,0.13677155709942462,0.2356206482083959,5.549901818001956,5.549901818001956,9124.877043098133,58.40556034602629,0.450199203187251,-0.004269096157915375,1.0,0.00796812749003984,obsx_stress,no,"nmpc+learned[model=gdn_mix2,filt=1,gate=1,ffu=1,qyaw=1,obs=1,aci=1,aci_alpha=0.02]",18,5.899251937866211,0,0.6178406374501992,7.631002945743828,16.640254883095622,
0.11532861691941544,0.12867627966085662,0.2117527946406934,4.179586048546353,4.179586048546353,8951.226009763815,41.860153432202985,0.4900398406374502,0.02283823378980737,0.0,0.0,obsx_stress,no,"nmpc+learned[model=gdn_mix2,filt=1,gate=1,ffu=1,qyaw=1,obs=1,aci=1,aci_alpha=0.02]",19,5.0453410148620605,0,0.49884462151394415,6.267510596161849,16.5446763811633,
0.11430499573953168,0.12756300511595847,0.25761063013747665,1.3288286057109424,1.3288286057109424,6318.713488452983,29.670194219023156,0.3944223107569721,0.024535502344873172,0.0,0.0,obsx_stress,no,"nmpc+learned[model=gdn_mix2,filt=1,gate=1,ffu=1,qyaw=1,obs=1,aci=1,obsm=0.01]",0,7.218071699142456,0,0.80451593625498,9.168340206754754,17.58150422712788,
0.06586853456511611,0.07347937768368484,0.14282431156866968,0.8454069889804908,0.8454069889804907,6702.370485492247,35.66898091746203,0.16135458167330677,0.02621611086552783,0.0,0.0,obsx_stress,no,"nmpc+learned[model=gdn_mix2,filt=1,gate=1,ffu=1,qyaw=1,obs=1,aci=1,obsm=0.01]",1,5.669470548629761,0,0.5776135458167331,7.131842910720266,16.76844296976924,
0.08929458683139092,0.09975193150132959,0.20291382600442678,2.7987637247861588,2.7987637247861588,5865.014576435914,44.06865431169083,0.2689243027888446,0.03588344999099746,0.0,0.0,obsx_stress,no,"nmpc+learned[model=gdn_mix2,filt=1,gate=1,ffu=1,qyaw=1,obs=1,aci=1,obsm=0.01]",2,10.647802591323853,0,1.2087868525896412,13.590980446860343,17.18215727712959,
0.2491526897709838,0.27825283420426594,0.5446878538640094,7.521657393820827,7.521657393820827,8773.538512048177,162.46366736761254,0.701195219123506,0.023078286149753546,0.0,0.0,obsx_stress,no,"nmpc+learned[model=gdn_mix2,filt=1,gate=1,ffu=1,qyaw=1,obs=1,aci=1,obsm=0.01]",3,2.9163753986358643,11,0.34581673306772914,3.6320529750129023,6.984794789459557,
0.08753577683922745,0.09760679103888752,0.18419672205587148,5.8880184252719365,5.8880184252719365,6509.8383045682185,33.323766645808966,0.34063745019920316,0.03548966681045024,0.0,0.0,obsx_stress,no,"nmpc+learned[model=gdn_mix2,filt=1,gate=1,ffu=1,qyaw=1,obs=1,aci=1,obsm=0.01]",4,3.0531842708587646,0,0.32069123505976094,3.822625750134072,7.0733957551419735,
0.09353270971310253,0.10448218846352164,0.21811543363678698,1.8548348869324685,1.8548348869324685,6491.124399946376,36.27741436630401,0.32270916334661354,0.02928564206302256,0.0,0.0,obsx_stress,no,"nmpc+learned[model=gdn_mix2,filt=1,gate=1,ffu=1,qyaw=1,obs=1,aci=1,obsm=0.01]",5,4.6386754512786865,0,0.4627549800796812,5.818102546351632,10.78703126171604,
0.13910120905261056,0.1548926935778123,0.30329834197571987,0.9221763171802025,0.9221763171802025,8255.350698547538,32.45928905208842,0.5159362549800797,0.03177551424099623,0.0,0.0,obsx_stress,no,"nmpc+learned[model=gdn_mix2,filt=1,gate=1,ffu=1,qyaw=1,obs=1,aci=1,obsm=0.01]",6,6.365586042404175,1,0.7460278884462151,8.227584571892995,16.69415338896215,
0.08398499080253012,0.09363822971468075,0.17751694640566332,1.5668424329389823,1.5668424329389823,6550.86737407541,55.17950318310915,0.23705179282868527,0.028532814762475267,0.0,0.0,obsx_stress,no,"nmpc+learned[model=gdn_mix2,filt=1,gate=1,ffu=1,qyaw=1,obs=1,aci=1,obsm=0.01]",7,5.398146152496338,0,0.5377071713147409,6.928147849686207,11.639616598840806,
0.08388594660654582,0.0936647542553982,0.14612525861555548,1.6322019104127794,1.6322019104127794,6725.957065177419,41.90231800263013,0.3645418326693227,0.034530166998492096,0.0,0.0,obsx_stress,no,"nmpc+learned[model=gdn_mix2,filt=1,gate=1,ffu=1,qyaw=1,obs=1,aci=1,obsm=0.01]",8,5.908472537994385,0,0.621231075697211,7.5187947544495595,16.238807498011738,
0.07139946991707277,0.0795965839300609,0.12835061918708696,1.1308287018137506,1.1308287018137506,5238.600938394731,22.005732293488187,0.2051792828685259,0.033698801135269296,0.0,0.0,obsx_stress,no,"nmpc+learned[model=gdn_mix2,filt=1,gate=1,ffu=1,qyaw=1,obs=1,aci=1,obsm=0.01]",9,6.641684055328369,0,0.6739760956175298,8.508403696939796,16.884724630508572,
0.07430223734360282,0.08253101937117953,0.11808870550869649,1.5742447277648492,1.5742447277648492,6626.76875840028,21.45512563539021,0.1752988047808765,0.02041424579752321,0.0,0.0,obsx_stress,no,"nmpc+learned[model=gdn_mix2,filt=1,gate=1,ffu=1,qyaw=1,obs=1,aci=1,obsm=0.01]",10,10.500443935394287,1,1.2237808764940241,13.512519239707743,19.773630334530047,
0.07901047773170208,0.08815085515877226,0.14420355078196712,0.8784894199521326,0.8784894199521326,7208.22621605749,19.428408743618984,0.26693227091633465,0.03233846401070145,0.0,0.0,obsx_stress,no,"nmpc+learned[model=gdn_mix2,filt=1,gate=1,ffu=1,qyaw=1,obs=1,aci=1,obsm=0.01]",11,5.863497018814087,1,0.6171155378486056,7.329472590634873,16.93905025254935,
0.09003794777932388,0.10031053728707831,0.15432393719719226,0.7400640842858832,0.7400640842858833,6164.342698300374,17.11579707598406,0.36852589641434264,0.03044739963668086,0.0,0.0,obsx_stress,no,"nmpc+learned[model=gdn_mix2,filt=1,gate=1,ffu=1,qyaw=1,obs=1,aci=1,obsm=0.01]",12,5.0362770557403564,0,0.47282071713147417,6.403656539125034,10.889534859452397,
0.09823984682123064,0.1097007131833085,0.1652464016445062,3.7324811017882484,3.7324811017882484,7638.342544269967,52.7536073585536,0.5199203187250996,0.01884864750455212,0.0,0.0,obsx_stress,no,"nmpc+learned[model=gdn_mix2,filt=1,gate=1,ffu=1,qyaw=1,obs=1,aci=1,obsm=0.01]",13,6.719280481338501,0,0.7436593625498009,8.527683839944016,16.913484612014145,
0.10879360023336933,0.12146096926540094,0.23673158145828743,2.1610767070013157,2.1610767070013157,5930.760085879102,36.74398919981692,0.5557768924302788,-0.004535259393695007,1.0,0.01195219123505976,obsx_stress,no,"nmpc+learned[model=gdn_mix2,filt=1,gate=1,ffu=1,qyaw=1,obs=1,aci=1,obsm=0.01]",14,10.623971223831177,0,1.363561752988048,13.879038972327434,20.004335339181125,
0.12506099265323528,0.13954239190533196,0.23631018852380203,2.0673845911308897,2.0673845911308897,7686.269111415858,22.688013985215903,0.5597609561752988,0.029228772927432756,0.0,0.0,obsx_stress,no,"nmpc+learned[model=gdn_mix2,filt=1,gate=1,ffu=1,qyaw=1,obs=1,aci=1,obsm=0.01]",15,4.458271026611328,0,0.4998565737051794,5.648903792215682,16.583347057458013,
0.0526361169679714,0.05864867221978532,0.12962362876576272,1.1764511674180678,1.1764511674180678,5684.4160536613,25.90451967108767,0.08366533864541832,0.0331410557885477,0.0,0.0,obsx_stress,no,"nmpc+learned[model=gdn_mix2,filt=1,gate=1,ffu=1,qyaw=1,obs=1,aci=1,obsm=0.01]",16,5.047356843948364,0,0.5782231075697211,6.530540607557947,12.201270072255285,
0.04050087194524666,0.04515423391620753,0.09477649205378998,1.0024637914216754,1.0024637914216754,5226.394300361726,24.157966379947307,0.0,0.014309253716306203,0.0,0.0,obsx_stress,no,"nmpc+learned[model=gdn_mix2,filt=1,gate=1,ffu=1,qyaw=1,obs=1,aci=1,obsm=0.01]",17,4.743801832199097,0,0.4915219123505976,6.010224173064399,12.440563021227723,
0.12929395995570991,0.1443981580335466,0.25884480267347754,5.831520988378389,5.831520988378389,8979.99258842182,58.8369317064362,0.448207171314741,2.9512703749401403e-05,0.0,0.0,obsx_stress,no,"nmpc+learned[model=gdn_mix2,filt=1,gate=1,ffu=1,qyaw=1,obs=1,aci=1,obsm=0.01]",18,7.05181097984314,0,0.8113685258964143,8.946822845354765,17.051068276632577,
0.11973459046261274,0.13360658351341623,0.2201285326220729,4.023437182147969,4.023437182147969,8738.828662311045,40.60074918665598,0.50199203187251,0.02938126584915962,0.0,0.0,obsx_stress,no,"nmpc+learned[model=gdn_mix2,filt=1,gate=1,ffu=1,qyaw=1,obs=1,aci=1,obsm=0.01]",19,5.84801983833313,0,0.6779402390438247,7.447658433204153,16.769933947362006,
0.10746868804684859,0.11993385534531865,0.247202658928941,1.3056247778771568,1.3056247778771568,6240.147100579693,29.63028945029224,0.3545816733067729,0.014333189982208172,0.0,0.0,obsx_stress,no,"nmpc+learned[model=gdn_mix2,filt=1,gate=1,ffu=1,qyaw=1,obs=1,aci=1]",0,5.942991256713867,0,0.6287709163346613,7.369110149709856,16.427457102108747,
0.05815902297474555,0.06484726960311667,0.1287556271334999,0.826886137141908,0.826886137141908,6411.440897115355,34.015899836874695,0.07370517928286853,0.016625602471221357,0.0,0.0,obsx_stress,no,"nmpc+learned[model=gdn_mix2,filt=1,gate=1,ffu=1,qyaw=1,obs=1,aci=1]",1,5.988901615142822,0,0.5949362549800796,7.566284875300123,16.68115390231833,
0.08097814995313739,0.09045513263961154,0.18447244995248,2.6109357188531432,2.6109357188531432,5902.315559507672,41.101508464080936,0.21115537848605578,0.025778692592575536,0.0,0.0,obsx_stress,no,"nmpc+learned[model=gdn_mix2,filt=1,gate=1,ffu=1,qyaw=1,obs=1,aci=1]",2,7.32823634147644,0,0.822171314741036,9.280696307657752,16.875959625467658,
0.1449920584202335,0.1617330946887385,0.36388603840836237,1.6373792895970027,1.6373792895970027,7790.381498818912,34.75873507751108,0.43824701195219123,0.019885824437254784,0.0,0.0,obsx_stress,no,"nmpc+learned[model=gdn_mix2,filt=1,gate=1,ffu=1,qyaw=1,obs=1,aci=1]",3,2.85071063041687,1,0.31733864541832674,3.523896854144495,4.27449262002483,
0.08111975467965168,0.09042018317944016,0.1735945070956965,5.600367638494312,5.600367638494312,6473.648476553912,30.111617320523305,0.28087649402390436,0.02566306904676957,0.0,0.0,obsx_stress,no,"nmpc+learned[model=gdn_mix2,filt=1,gate=1,ffu=1,qyaw=1,obs=1,aci=1]",4,5.1206231117248535,0,0.5403047808764939,6.485645168561088,12.997423945926133,
0.08632041638921269,0.09642577758924956,0.2096317560110107,1.7858020678370248,1.7858020678370248,6344.121591505721,36.31373263662828,0.2250996015936255,0.01911900804952646,0.0,0.0,obsx_stress,no,"nmpc+learned[model=gdn_mix2,filt=1,gate=1,ffu=1,qyaw=1,obs=1,aci=1]",5,3.867626905441284,0,0.41217729083665344,4.864958433093006,12.166075739078225,
0.1307771492124311,0.14564131567119756,0.2885935297515941,0.9298161288397748,0.9298161288397748,8135.543138124915,30.9210105614285,0.4442231075697211,0.022283543199346778,0.0,0.0,obsx_stress,no,"nmpc+learned[model=gdn_mix2,filt=1,gate=1,ffu=1,qyaw=1,obs=1,aci=1]",6,7.126430988311768,1,0.766308764940239,9.17132701901014,16.859349904116243,
0.0726208001770642,0.08090551795147449,0.1446805443078267,1.6579307869406956,1.6579307869406956,6561.339641134227,51.519089419750784,0.13545816733067728,0.018547649990125842,0.0,0.0,obsx_stress,no,"nmpc+learned[model=gdn_mix2,filt=1,gate=1,ffu=1,qyaw=1,obs=1,aci=1]",7,6.86719822883606,0,0.7112948207171315,8.802866431943833,16.776534381788224,
0.07655099763554693,0.08546083231708604,0.1331899998214921,1.5933924411111018,1.5933924411111018,6657.7655662949255,39.46381738357087,0.23705179282868527,0.02453294403743872,0.0,0.0,obsx_stress,no,"nmpc+learned[model=gdn_mix2,filt=1,gate=1,ffu=1,qyaw=1,obs=1,aci=1]",8,4.164623498916626,0,0.43365537848605584,5.219540687229678,16.249396516941488,
0.06565699359613232,0.07316276862759788,0.11948862258421772,1.121158504617347,1.121158504617347,5205.812251795741,21.419170733853452,0.16533864541832669,0.023795371439703228,0.0,0.0,obsx_stress,no,"nmpc+learned[model=gdn_mix2,filt=1,gate=1,ffu=1,qyaw=1,obs=1,aci=1]",9,4.389183759689331,0,0.42116733067729084,5.546286338995919,15.506914737634363,
0.06723999879476752,0.07458618522984137,0.10716429543755586,1.5222787044333401,1.5222787044333401,6649.89678279708,23.742304071269125,0.061752988047808766,0.010843755772764613,0.0,0.0,obsx_stress,no,"nmpc+learned[model=gdn_mix2,filt=1,gate=1,ffu=1,qyaw=1,obs=1,aci=1]",10,6.103874683380127,1,0.6724621513944222,7.638887970233373,16.356238194275658,
0.07035272632858823,0.07847694596787451,0.1323057634565329,0.8586398019093312,0.8586398019093312,6786.092969126462,19.598403330649017,0.13545816733067728,0.022430327189743665,0.0,0.0,obsx_stress,no,"nmpc+learned[model=gdn_mix2,filt=1,gate=1,ffu=1,qyaw=1,obs=1,aci=1]",11,7.398486614227295,1,0.818418326693227,9.309604502861866,17.75117396609858,
0.0830287874750631,0.09245158300370884,0.14333211014581493,0.7304499578936752,0.7304499578936752,6123.2069292864035,17.13514744263176,0.27689243027888444,0.02043103355916681,0.0,0.0,obsx_stress,no,"nmpc+learned[model=gdn_mix2,filt=1,gate=1,ffu=1,qyaw=1,obs=1,aci=1]",12,6.488026857376099,0,0.6667549800796813,8.255250177780292,16.784370362292975,
0.0847199899418613,0.09457977881971225,0.14292145290470143,3.4391236833275993,3.4391236833275993,7260.688904261849,53.72492582429157,0.38645418326693226,0.012810261365363451,0.0,0.0,obsx_stress,no,"nmpc+learned[model=gdn_mix2,filt=1,gate=1,ffu=1,qyaw=1,obs=1,aci=1]",13,5.194233417510986,0,0.552320717131474,6.593694485560713,16.319409860298038,
0.10243323177827231,0.11434634865625479,0.23725726919409518,2.1628893459864216,2.1628893459864216,5806.380893732943,38.85266834507645,0.4641434262948207,-0.015170587676450714,1.0,0.025896414342629483,obsx_stress,no,"nmpc+learned[model=gdn_mix2,filt=1,gate=1,ffu=1,qyaw=1,obs=1,aci=1]",14,4.030077695846558,0,0.4280796812749004,5.091303213224913,14.200873109512036,
0.11874807415627824,0.1325197060612633,0.22144509775169852,1.5322774616174075,1.5322774616174077,7925.853945776243,32.05742158895573,0.5219123505976095,0.019483672629313664,0.0,0.0,obsx_stress,no,"nmpc+learned[model=gdn_mix2,filt=1,gate=1,ffu=1,qyaw=1,obs=1,aci=1]",15,4.974332332611084,0,0.5386434262948208,6.312851578394225,16.425282498821616,
0.04644906689418209,0.051711923223932026,0.11940812304687892,1.105397535135075,1.105397535135075,5554.911424717587,24.355100940864162,0.06573705179282868,0.023297698779166987,0.0,0.0,obsx_stress,no,"nmpc+learned[model=gdn_mix2,filt=1,gate=1,ffu=1,qyaw=1,obs=1,aci=1]",16,6.154103994369507,0,0.6046553784860558,7.893334895620991,16.64307685336098,
0.03639049226723693,0.040549131500300054,0.08795963338016494,0.9861538070306503,0.9861538070306503,5216.997954705033,22.9026795668622,0.0,0.00513484415335036,0.0,0.0,obsx_stress,no,"nmpc+learned[model=gdn_mix2,filt=1,gate=1,ffu=1,qyaw=1,obs=1,aci=1]",17,5.362298488616943,0,0.5330517928286853,6.782102952822598,13.468358465470375,
0.1158267902805358,0.12933910495855933,0.2310883590222795,5.010692135773636,5.010692135773636,8726.613955965917,57.55320229897106,0.3426294820717131,-0.0023448601691932747,1.0,0.00597609561752988,obsx_stress,no,"nmpc+learned[model=gdn_mix2,filt=1,gate=1,ffu=1,qyaw=1,obs=1,aci=1]",18,4.04340386390686,0,0.4942749003984064,5.135384285766855,13.398262516129769,
0.1113764673291696,0.124269948382757,0.20588291622175098,3.929720267051245,3.929720267051245,8671.17991691529,40.2503582118561,0.48406374501992033,0.01967680440434677,0.0,0.0,obsx_stress,no,"nmpc+learned[model=gdn_mix2,filt=1,gate=1,ffu=1,qyaw=1,obs=1,aci=1]",19,5.394719839096069,0,0.5477430278884463,6.705056902381083,13.101975973695517,
0.11079448206999605,0.12362480798969544,0.2504449104456015,1.0734475586771828,1.0734475586771828,6127.815353351128,29.73687152675474,0.3665338645418327,0.028050351292513875,0.0,0.0,obsx_stress,no,"nmpc+learned[model=gdn_mix2,filt=1,gate=1,ffu=1,qyaw=1,obs=1,aci=2,aci_alpha=0.02]",0,5.607657194137573,0,0.6547410358565737,7.202153890004078,17.31098216958344,
0.06420945456669695,0.07162209943765704,0.13326455276905044,0.846228969679837,0.846228969679837,6489.095715787757,34.39135786542631,0.15737051792828685,0.02702869613787212,0.0,0.0,obsx_stress,no,"nmpc+learned[model=gdn_mix2,filt=1,gate=1,ffu=1,qyaw=1,obs=1,aci=2,aci_alpha=0.02]",1,6.322681665420532,0,0.7802888446215138,8.291578749602891,16.72330284956843,
0.09290875037670114,0.1037919535124211,0.21014901262349667,2.6692952320591563,2.6692952320591563,5992.799170672854,44.0642585580033,0.3047808764940239,0.04237301809228644,0.0,0.0,obsx_stress,no,"nmpc+learned[model=gdn_mix2,filt=1,gate=1,ffu=1,qyaw=1,obs=1,aci=2,aci_alpha=0.02]",2,4.416420221328735,0,0.39965139442231074,5.534109006454032,10.805171034298839,
0.15894862368633286,0.1773557762245773,0.3971781022133861,1.7458937630604008,1.7458937630604008,8024.666227068667,33.30101381974657,0.549800796812749,0.029620787111811653,0.0,0.0,obsx_stress,no,"nmpc+learned[model=gdn_mix2,filt=1,gate=1,ffu=1,qyaw=1,obs=1,aci=2,aci_alpha=0.02]",3,4.929831266403198,2,0.5341354581673307,6.134182973987464,16.230935084167868,
0.0892971030433665,0.09957923357758142,0.17691469953992228,5.629110506077518,5.629110506077518,6802.58744663727,39.39895626771453,0.3286852589641434,0.030886568848812468,0.0,0.0,obsx_stress,no,"nmpc+learned[model=gdn_mix2,filt=1,gate=1,ffu=1,qyaw=1,obs=1,aci=2,aci_alpha=0.02]",4,4.095563173294067,0,0.4345976095617531,5.126014515104521,10.403686012141407,
0.09378139829616844,0.10475173822018059,0.23070605800655897,1.8232296253035165,1.8232296253035165,6550.854427873716,37.64320490808276,0.29880478087649404,0.026616239588683616,0.0,0.0,obsx_stress,no,"nmpc+learned[model=gdn_mix2,filt=1,gate=1,ffu=1,qyaw=1,obs=1,aci=2,aci_alpha=0.02]",5,5.079960823059082,0,0.5075278884462151,6.442265659273858,16.40179726993665,
0.1410936036401103,0.15712018015985668,0.3075028814604407,0.977661500045183,0.977661500045183,8374.004714334178,32.21305833876651,0.5278884462151394,0.028612148788726366,0.0,0.0,obsx_stress,no,"nmpc+learned[model=gdn_mix2,filt=1,gate=1,ffu=1,qyaw=1,obs=1,aci=2,aci_alpha=0.02]",6,4.657026529312134,1,0.5107131474103586,5.996275836958056,16.89505378715694,
0.07894748472655565,0.08799529450935478,0.1579746334567397,1.675871807844938,1.6758718078449384,6566.117123919895,53.65797348472503,0.19123505976095617,0.023165316832107374,0.0,0.0,obsx_stress,no,"nmpc+learned[model=gdn_mix2,filt=1,gate=1,ffu=1,qyaw=1,obs=1,aci=2,aci_alpha=0.02]",7,5.777510643005371,0,0.5984581673306774,7.425425124291582,16.776297329925,
0.0829278815040658,0.09259326019329131,0.1493058100389044,3.0600681149911475,3.0600681149911475,6905.704522480581,47.53317036671919,0.3346613545816733,0.031649258215588894,0.0,0.0,obsx_stress,no,"nmpc+learned[model=gdn_mix2,filt=1,gate=1,ffu=1,qyaw=1,obs=1,aci=2,aci_alpha=0.02]",8,5.458283185958862,0,0.5884123505976097,6.928015027688705,16.310637888964266,
0.06963060564296027,0.07761506055474958,0.12514025754894745,1.0895426474898502,1.0895426474898502,5310.447405816819,21.338214897161812,0.1952191235059761,0.029962420366561493,0.0,0.0,obsx_stress,no,"nmpc+learned[model=gdn_mix2,filt=1,gate=1,ffu=1,qyaw=1,obs=1,aci=2,aci_alpha=0.02]",9,6.982388734817505,0,0.7387549800796812,8.825626743278388,16.410649586468935,
0.0789260764267953,0.0877269088986301,0.12440275883407884,1.7633202375305181,1.7633202375305181,6912.607079214338,24.581172036479582,0.2051792828685259,0.024021009044061764,0.0,0.0,obsx_stress,no,"nmpc+learned[model=gdn_mix2,filt=1,gate=1,ffu=1,qyaw=1,obs=1,aci=2,aci_alpha=0.02]",10,2.8538572788238525,1,0.3331294820717131,3.5463720323532764,6.503701284527783,
0.0858392156437125,0.09576681722941541,0.15176021875388987,0.9443934738372859,0.9443934738372859,7369.118488547495,19.585850331453305,0.3386454183266932,0.03809746908882697,0.0,0.0,obsx_stress,no,"nmpc+learned[model=gdn_mix2,filt=1,gate=1,ffu=1,qyaw=1,obs=1,aci=2,aci_alpha=0.02]",11,10.653435230255127,1,1.1698406374501993,13.78717166937487,17.12835993617773,
0.09058972434889888,0.10092934995383669,0.15671511110310943,0.7282587861406138,0.7282587861406138,6118.058458913386,17.16278189215729,0.3745019920318725,0.029477536511553104,0.0,0.0,obsx_stress,no,"nmpc+learned[model=gdn_mix2,filt=1,gate=1,ffu=1,qyaw=1,obs=1,aci=2,aci_alpha=0.02]",12,5.230931997299194,0,0.4927330677290836,6.627714409830561,13.434167827945206,
0.09317445527339599,0.10403589253255381,0.15542462199196583,3.3480107651451356,3.348010765145136,7657.162829939052,53.29743933224993,0.4860557768924303,0.011151957163478388,0.0,0.0,obsx_stress,no,"nmpc+learned[model=gdn_mix2,filt=1,gate=1,ffu=1,qyaw=1,obs=1,aci=2,aci_alpha=0.02]",13,4.979001998901367,0,0.595609561752988,6.372310071849668,16.928232247009877,
0.11480885407119437,0.12818882962607778,0.21129861222519916,1.8700886401295196,1.8700886401295196,6133.767081805604,35.678166817071784,0.5537848605577689,-0.010665294041871026,1.0,0.021912350597609563,obsx_stress,no,"nmpc+learned[model=gdn_mix2,filt=1,gate=1,ffu=1,qyaw=1,obs=1,aci=2,aci_alpha=0.02]",14,5.2405104637146,0,0.5907749003984063,6.594823796739913,16.30822577979416,
0.13776644265315752,0.15377137891848391,0.25115598147666335,2.2506425826319183,2.2506425826319183,6980.286364457561,30.475994169759225,0.5717131474103586,0.022387185630752093,0.0,0.0,obsx_stress,no,"nmpc+learned[model=gdn_mix2,filt=1,gate=1,ffu=1,qyaw=1,obs=1,aci=2,aci_alpha=0.02]",15,6.595142126083374,0,0.6579661354581673,8.278156031457431,16.400015274994075,
0.0502302130561801,0.05595191185932864,0.12292844949902522,1.1957041523036605,1.1957041523036605,5620.951731479246,24.891512176475754,0.07171314741035857,0.026909875279743367,0.0,0.0,obsx_stress,no,"nmpc+learned[model=gdn_mix2,filt=1,gate=1,ffu=1,qyaw=1,obs=1,aci=2,aci_alpha=0.02]",16,3.809788227081299,0,0.3927948207171315,4.78858906039189,13.333431065548213,
0.038737690376677465,0.04317914596147682,0.09004968052685738,1.007339968045044,1.007339968045044,5303.104286058675,23.616615759234293,0.0,0.00893882637988841,0.0,0.0,obsx_stress,no,"nmpc+learned[model=gdn_mix2,filt=1,gate=1,ffu=1,qyaw=1,obs=1,aci=2,aci_alpha=0.02]",17,3.6912410259246826,0,0.35518924302788846,4.642450146792657,10.238957430701703,
0.12907639143164673,0.14415494816730298,0.25057698063619005,5.996661785636886,5.996661785636886,9024.103145133397,60.26076160303057,0.4581673306772908,-0.006908085748582871,1.0,0.0099601593625498,obsx_stress,no,"nmpc+learned[model=gdn_mix2,filt=1,gate=1,ffu=1,qyaw=1,obs=1,aci=2,aci_alpha=0.02]",18,4.452796459197998,0,0.4325139442231076,5.599769932473917,12.404274458531303,
0.11520018810846765,0.12851123820116392,0.21389907604357963,3.5729610123400812,3.5729610123400812,9061.221417763361,40.99717247622671,0.49800796812749004,0.022102880349157805,0.0,0.0,obsx_stress,no,"nmpc+learned[model=gdn_mix2,filt=1,gate=1,ffu=1,qyaw=1,obs=1,aci=2,aci_alpha=0.02]",19,5.8254077434539795,0,0.665687250996016,7.325002989932093,16.780344264116138,
0.10814809952858814,0.12067551150771515,0.24806979046234146,1.3539936654396851,1.3539936654396851,6252.639070833806,29.762435005287987,0.3605577689243028,0.016882462833401113,0.0,0.0,obsx_stress,no,"nmpc+learned[model=gdn_mix2,filt=1,gate=1,ffu=1,qyaw=1,obs=1,aci=2]",0,3.1905102729797363,0,0.33734661354581674,3.997742433093518,5.672962290700525,
0.05796160727970571,0.06462616995632049,0.1287100611274118,0.8269706199943652,0.8269706199943653,6409.94607711053,34.03915957769705,0.07370517928286853,0.015887761144129875,0.0,0.0,obsx_stress,no,"nmpc+learned[model=gdn_mix2,filt=1,gate=1,ffu=1,qyaw=1,obs=1,aci=2]",1,9.471001625061035,0,0.9063247011952192,12.359338900653192,19.35816573910416,
0.08195185915141001,0.09154366040699782,0.18712460610073725,2.664114930453335,2.664114930453335,5930.316671232732,41.259055784102664,0.20916334661354583,0.028037253893566816,0.0,0.0,obsx_stress,no,"nmpc+learned[model=gdn_mix2,filt=1,gate=1,ffu=1,qyaw=1,obs=1,aci=2]",2,4.953994035720825,0,0.47796613545816735,6.2336991981703385,16.33139351150021,
0.14905734508743373,0.16628459974203189,0.3738762641571786,1.4591542838987044,1.4591542838987044,7822.7136556427595,32.99851236329534,0.4541832669322709,0.020813556534078903,0.0,0.0,obsx_stress,no,"nmpc+learned[model=gdn_mix2,filt=1,gate=1,ffu=1,qyaw=1,obs=1,aci=2]",3,6.87030291557312,1,0.7795498007968127,8.72680366658921,16.97647789027542,
0.08061939227793731,0.08985961244562293,0.17291941191841195,5.601070423924786,5.601070423924786,6475.241640567129,31.83716729447713,0.27689243027888444,0.025072242005499956,0.0,0.0,obsx_stress,no,"nmpc+learned[model=gdn_mix2,filt=1,gate=1,ffu=1,qyaw=1,obs=1,aci=2]",4,9.48490309715271,0,1.2072828685258963,12.402999522795241,18.878071384970102,
0.08696924593598168,0.09713939243658029,0.20986107102581764,1.7954980316198104,1.7954980316198104,6327.43029357679,36.30788292985579,0.23107569721115537,0.019288264710627417,0.0,0.0,obsx_stress,no,"nmpc+learned[model=gdn_mix2,filt=1,gate=1,ffu=1,qyaw=1,obs=1,aci=2]",5,4.970794200897217,0,0.497788844621514,6.2614725796001185,11.102877450175585,
0.13029876439208815,0.1450560543573951,0.29010618986979436,0.9282121587741916,0.9282121587741914,8039.108299350872,31.741366914090097,0.4681274900398406,0.02299769905635063,0.0,0.0,obsx_stress,no,"nmpc+learned[model=gdn_mix2,filt=1,gate=1,ffu=1,qyaw=1,obs=1,aci=2]",6,6.413569688796997,1,0.6996633466135458,8.31446479412308,16.908637199085206,
0.0747825142000297,0.08332833781027736,0.14817172450714255,1.7107354618953206,1.7107354618953206,6643.566021171177,51.943195444416325,0.15139442231075698,0.019430420125187198,0.0,0.0,obsx_stress,no,"nmpc+learned[model=gdn_mix2,filt=1,gate=1,ffu=1,qyaw=1,obs=1,aci=2]",7,8.701451778411865,0,0.9031832669322709,11.372093025008699,17.653778579551727,
0.07656432359232541,0.08547573829924406,0.13773473203348985,1.695829878001086,1.695829878001086,6602.663378428744,39.89983439224912,0.250996015936255,0.021970360314296555,0.0,0.0,obsx_stress,no,"nmpc+learned[model=gdn_mix2,filt=1,gate=1,ffu=1,qyaw=1,obs=1,aci=2]",8,4.931800842285156,0,0.49717330677290833,6.2220016029659675,16.760386703535914,
0.0659028620645016,0.07343829728867242,0.1195848901413387,1.1289581614704098,1.1289581614704098,5197.224071211546,21.42793327111426,0.16533864541832669,0.025361481287993703,0.0,0.0,obsx_stress,no,"nmpc+learned[model=gdn_mix2,filt=1,gate=1,ffu=1,qyaw=1,obs=1,aci=2]",9,4.176365375518799,0,0.42794820717131477,5.280157828061615,11.131104528903963,
0.0674490947828301,0.07481965305088896,0.107896175610949,1.587048342591885,1.5870483425918853,6690.654224361756,24.24715301641739,0.05776892430278884,0.013609415819560045,0.0,0.0,obsx_stress,no,"nmpc+learned[model=gdn_mix2,filt=1,gate=1,ffu=1,qyaw=1,obs=1,aci=2]",10,3.421938180923462,1,0.428503984063745,4.303873176185555,10.33282401273027,
0.07137272443903522,0.07958485620277675,0.132538404417616,0.9441508072075403,0.9441508072075403,6736.2905201383255,19.644266303642453,0.1454183266932271,0.022902522380595702,0.0,0.0,obsx_stress,no,"nmpc+learned[model=gdn_mix2,filt=1,gate=1,ffu=1,qyaw=1,obs=1,aci=2]",11,6.086834669113159,1,0.6632370517928287,7.758320822655056,17.14420002186671,
0.08367666593939402,0.09317850694067338,0.1464350513410647,0.7019463016386451,0.7019463016386451,5987.7022998249195,17.11068001732301,0.28286852589641437,0.017916045554040194,0.0,0.0,obsx_stress,no,"nmpc+learned[model=gdn_mix2,filt=1,gate=1,ffu=1,qyaw=1,obs=1,aci=2]",12,4.6321117877960205,0,0.45477091633466143,5.866082803071643,12.711244630627338,
0.08460469060373156,0.09445080763561188,0.13666298951143385,3.846108777897793,3.846108777897793,7229.439945700655,55.9415777824624,0.398406374501992,0.008383575001618349,0.0,0.0,obsx_stress,no,"nmpc+learned[model=gdn_mix2,filt=1,gate=1,ffu=1,qyaw=1,obs=1,aci=2]",13,9.262430191040039,0,0.8051613545816734,11.774135567062345,16.867596569936723,
0.11130570708028302,0.12427075510163543,0.25190702577978236,2.1799296216449697,2.1799296216449697,5930.221541520643,38.49346401690812,0.5537848605577689,-0.011335177862680651,1.0,0.021912350597609563,obsx_stress,no,"nmpc+learned[model=gdn_mix2,filt=1,gate=1,ffu=1,qyaw=1,obs=1,aci=2]",14,4.760515928268433,0,0.5090159362549801,5.985161327141007,11.034478212241083,
0.13637964516222947,0.15222994805842116,0.2723892093968478,2.1363300631070916,2.136330063107092,7059.231250892834,36.4656147242851,0.5358565737051793,0.01681753124464963,0.0,0.0,obsx_stress,no,"nmpc+learned[model=gdn_mix2,filt=1,gate=1,ffu=1,qyaw=1,obs=1,aci=2]",15,3.0906100273132324,0,0.376410358565737,3.8987546199116396,10.144006754271686,
0.046441303129098915,0.05170321486359524,0.11604450273412853,1.0983449132524294,1.0983449132524294,5593.28832968937,24.23779697848375,0.05976095617529881,0.021248373859802216,0.0,0.0,obsx_stress,no,"nmpc+learned[model=gdn_mix2,filt=1,gate=1,ffu=1,qyaw=1,obs=1,aci=2]",16,3.5606689453125,0,0.36464741035856574,4.516073664932315,10.584234879352154,
0.03577394582916074,0.039858142142214205,0.08548815272575754,1.0036372183453943,1.0036372183453943,5251.799344421456,22.991434314978893,0.0,0.004918932522086472,0.0,0.0,obsx_stress,no,"nmpc+learned[model=gdn_mix2,filt=1,gate=1,ffu=1,qyaw=1,obs=1,aci=2]",17,8.099467277526855,0,0.7096553784860558,10.410918557341118,17.68278611358255,
0.11525215319719401,0.12869647675156196,0.22846605259603361,5.140135078620808,5.140135078620808,8867.282240132914,57.82937199701726,0.3784860557768924,-0.0030903839282960255,1.0,0.00796812749003984,obsx_stress,no,"nmpc+learned[model=gdn_mix2,filt=1,gate=1,ffu=1,qyaw=1,obs=1,aci=2]",18,7.388177156448364,0,0.842605577689243,9.549289655155572,17.130393295083195,
0.11199653156785862,0.12493265914102329,0.2041837533602351,4.00645167278062,4.00645167278062,8626.927715658561,41.87495074221186,0.48804780876494025,0.01941296549204069,0.0,0.0,obsx_stress,no,"nmpc+learned[model=gdn_mix2,filt=1,gate=1,ffu=1,qyaw=1,obs=1,aci=2]",19,6.5171849727630615,0,0.7445916334661354,8.24816350776895,16.811280467081815,
0.11564130961359458,0.12909810623398515,0.23743651260902168,2.89572614286072,2.89572614286072,8837.151771460012,28.884598494904484,0.40039840637450197,0.0192875434901707,0.0,0.0,obsx_stress,payload,"nmpc+kf[r_v=0.15,r_w=0.15,q_F=10,q_tau=1,filt=1,gate=1,ffu=1,qyaw=1,obs=1,aci=1]",0,3.5272817611694336,9,0.4559760956175299,3.772004136437201,7.8089396422728985,
0.07326913920030914,0.08168709584176691,0.1678396091968506,1.5697749498344014,1.5697749498344014,8304.274263580899,35.87251938817155,0.2051792828685259,0.025628885112095934,0.0,0.0,obsx_stress,payload,"nmpc+kf[r_v=0.15,r_w=0.15,q_F=10,q_tau=1,filt=1,gate=1,ffu=1,qyaw=1,obs=1,aci=1]",1,2.4458680152893066,1,0.3020119521912351,2.6099097671959384,5.706241454463452,
0.09653431375011988,0.10780436212135469,0.23401899032793835,4.007245452522455,4.007245452522455,9107.111842442479,43.74968959208741,0.250996015936255,0.028523346225852342,0.0,0.0,obsx_stress,payload,"nmpc+kf[r_v=0.15,r_w=0.15,q_F=10,q_tau=1,filt=1,gate=1,ffu=1,qyaw=1,obs=1,aci=1]",2,5.465362071990967,5,0.6481812749003985,5.90324546145535,10.767319812439382,
0.26978355856533925,0.30123544314294,0.5841020688860731,16.863255169775524,16.863255169775524,9544.853027013602,153.7892123499467,0.7350597609561753,0.024438007650585458,0.0,0.0,obsx_stress,payload,"nmpc+kf[r_v=0.15,r_w=0.15,q_F=10,q_tau=1,filt=1,gate=1,ffu=1,qyaw=1,obs=1,aci=1]",3,4.26181435585022,16,0.5079900398406375,4.5715746454953905,9.035396364051849,
0.3492544731784298,0.3902158887328194,0.976161614119955,26.97285099214155,26.97285099214155,8792.863723973045,172.16260031781383,0.42828685258964144,-0.03820901714716701,1.0,0.0398406374501992,obsx_stress,payload,"nmpc+kf[r_v=0.15,r_w=0.15,q_F=10,q_tau=1,filt=1,gate=1,ffu=1,qyaw=1,obs=1,aci=1]",4,5.779297113418579,21,0.7636573705179283,6.277341111767221,12.139292960055174,
0.1832796911639878,0.20468857424192244,1.0872889985329872,3.078658157158956,3.078658157158956,8084.58182267961,173.71024268449935,0.3386454183266932,0.021188223440485404,0.0,0.0,obsx_stress,payload,"nmpc+kf[r_v=0.15,r_w=0.15,q_F=10,q_tau=1,filt=1,gate=1,ffu=1,qyaw=1,obs=1,aci=1]",5,3.621819496154785,30,0.5001912350597609,3.9010966076994262,6.844294616021216,
0.12949361218481206,0.14418647884491775,0.2893657717675144,1.7385697212724955,1.738569721272496,10779.021227414487,30.756215172175782,0.45219123505976094,0.023240304603466322,0.0,0.0,obsx_stress,payload,"nmpc+kf[r_v=0.15,r_w=0.15,q_F=10,q_tau=1,filt=1,gate=1,ffu=1,qyaw=1,obs=1,aci=1]",6,4.388518810272217,10,0.5503764940239043,4.705040072335813,11.450298829004172,
0.07495357592308657,0.08363169302904828,0.15036491724813408,1.7496189999679101,1.7496189999679101,10306.680649389964,50.98352171368098,0.13346613545816732,0.01820985349822668,0.0,0.0,obsx_stress,payload,"nmpc+kf[r_v=0.15,r_w=0.15,q_F=10,q_tau=1,filt=1,gate=1,ffu=1,qyaw=1,obs=1,aci=1]",7,5.015223264694214,9,0.5848047808764942,5.322663324970411,9.30220955517143,
0.15904922653291537,0.17769736883149326,1.002325152150594,2.227915785672499,2.227915785672499,8793.702831101695,155.36619167566548,0.4362549800796813,0.02826178636044796,0.0,0.0,obsx_stress,payload,"nmpc+kf[r_v=0.15,r_w=0.15,q_F=10,q_tau=1,filt=1,gate=1,ffu=1,qyaw=1,obs=1,aci=1]",8,6.201060771942139,21,0.7395039840637451,6.588038773205413,11.85927016893402,
0.07495096359815215,0.08355749306280724,0.13148643763111537,1.8446083840879286,1.8446083840879286,8369.83815129831,18.949424512309005,0.23904382470119523,0.025452341860595307,0.0,0.0,obsx_stress,payload,"nmpc+kf[r_v=0.15,r_w=0.15,q_F=10,q_tau=1,filt=1,gate=1,ffu=1,qyaw=1,obs=1,aci=1]",9,5.052184104919434,5,0.6516274900398408,5.353120793829639,9.734232157934459,
0.07418090051295943,0.08055543000002824,0.12047815611359945,2.141157026337829,2.141157026337829,8754.724155126369,26.321643848813743,0.1254980079681275,0.017052058562193023,0.0,0.0,obsx_stress,payload,"nmpc+kf[r_v=0.15,r_w=0.15,q_F=10,q_tau=1,filt=1,gate=1,ffu=1,qyaw=1,obs=1,aci=1]",10,3.886772394180298,2,0.4883964143426294,4.121449240761627,6.971974773332477,
0.07890528755601435,0.08783636446819021,0.14240499585297714,3.2006419610079435,3.2006419610079435,8785.063659436708,22.235529798664874,0.2151394422310757,0.019693269610109088,0.0,0.0,obsx_stress,payload,"nmpc+kf[r_v=0.15,r_w=0.15,q_F=10,q_tau=1,filt=1,gate=1,ffu=1,qyaw=1,obs=1,aci=1]",11,5.442799091339111,4,0.7494243027888445,5.8014492274250875,11.742538954131305,
0.09244021698182038,0.10304455649178894,0.17762132815313217,6.194214458881453,6.194214458881453,8445.279649144564,18.476683122568208,0.34860557768924305,0.02106796559256713,0.0,0.0,obsx_stress,payload,"nmpc+kf[r_v=0.15,r_w=0.15,q_F=10,q_tau=1,filt=1,gate=1,ffu=1,qyaw=1,obs=1,aci=1]",12,2.776012420654297,7,0.3244780876494024,2.93455160068964,6.124995243735611,
0.09279392348354301,0.10365738004938346,0.1573225085725352,3.289772465614753,3.289772465614753,9565.77151361696,41.20719419142258,0.4103585657370518,0.014342344475378271,0.0,0.0,obsx_stress,payload,"nmpc+kf[r_v=0.15,r_w=0.15,q_F=10,q_tau=1,filt=1,gate=1,ffu=1,qyaw=1,obs=1,aci=1]",13,4.5639519691467285,2,0.5279900398406373,4.812606540323046,9.157007441390308,
0.12392919615940208,0.13835085435521619,0.4049822878439083,2.8479992170851136,2.8479992170851136,8750.30369591578,68.75702078247407,0.4243027888446215,-0.024260701116245592,1.0,0.03187250996015936,obsx_stress,payload,"nmpc+kf[r_v=0.15,r_w=0.15,q_F=10,q_tau=1,filt=1,gate=1,ffu=1,qyaw=1,obs=1,aci=1]",14,4.274104118347168,0,0.5550258964143427,4.638307665723313,12.972566979005942,
0.12240847033284308,0.1365857403541252,0.24361790956457013,4.982178782589556,4.982178782589556,7793.909651116181,25.731025209072655,0.5856573705179283,0.0026761091283812044,0.0,0.0,obsx_stress,payload,"nmpc+kf[r_v=0.15,r_w=0.15,q_F=10,q_tau=1,filt=1,gate=1,ffu=1,qyaw=1,obs=1,aci=1]",15,4.958282232284546,7,0.6700996015936256,5.276939994933833,9.280769228935242,
0.04785188705583773,0.053337165767881396,0.1222310048883204,0.6531262133633433,0.6531262133633433,8937.257974362752,24.619044173389746,0.07569721115537849,0.02344083993158541,0.0,0.0,obsx_stress,payload,"nmpc+kf[r_v=0.15,r_w=0.15,q_F=10,q_tau=1,filt=1,gate=1,ffu=1,qyaw=1,obs=1,aci=1]",16,6.675580978393555,1,0.8295577689243028,7.065309398525591,12.026836120057851,
0.06262114268627236,0.06993658603500923,0.14626885417772303,7.498428979472908,7.498428979472908,6947.731680995526,14.843895254975628,0.14143426294820718,0.023516199686940575,0.0,0.0,obsx_stress,payload,"nmpc+kf[r_v=0.15,r_w=0.15,q_F=10,q_tau=1,filt=1,gate=1,ffu=1,qyaw=1,obs=1,aci=1]",17,5.292727470397949,0,0.6964322709163348,5.667813833287187,11.292015125509364,
0.179697881216123,0.20054676369376936,0.9181702126331673,15.20595067556029,15.20595067556029,9385.265741046594,155.89339434297142,0.42828685258964144,0.02546370139554968,0.0,0.0,obsx_stress,payload,"nmpc+kf[r_v=0.15,r_w=0.15,q_F=10,q_tau=1,filt=1,gate=1,ffu=1,qyaw=1,obs=1,aci=1]",18,5.1732447147369385,49,0.7091533864541832,5.566454324147764,12.013649826403713,
0.4830868173181307,0.539815342682688,1.1325018393697175,11.370731921233732,11.370731921233732,8513.846363349203,131.87930273163252,0.7529880478087649,0.03611701462349087,0.0,0.0,obsx_stress,payload,"nmpc+kf[r_v=0.15,r_w=0.15,q_F=10,q_tau=1,filt=1,gate=1,ffu=1,qyaw=1,obs=1,aci=1]",19,4.686006546020508,46,0.6214322709163346,5.114240686416596,11.786925171036279,
0.12082377742412151,0.13487105285780404,0.24593345780234557,3.0244083827627475,3.0244083827627475,8922.111030327436,28.880183705637723,0.4262948207171315,0.028195018477349176,0.0,0.0,obsx_stress,payload,"nmpc+kf[r_v=0.15,r_w=0.15,q_F=10,q_tau=1,filt=1,gate=1,ffu=1,qyaw=1,obs=1,aci=2,aci_alpha=0.02]",0,3.323387622833252,9,0.4650159362549801,3.5521495104971454,8.784627991262832,
0.0757539310101461,0.08447002542720801,0.1727983248135473,1.6101873500622914,1.6101873500622914,8266.930266050085,36.31430911046182,0.21912350597609562,0.027973462517433823,0.0,0.0,obsx_stress,payload,"nmpc+kf[r_v=0.15,r_w=0.15,q_F=10,q_tau=1,filt=1,gate=1,ffu=1,qyaw=1,obs=1,aci=2,aci_alpha=0.02]",1,2.577876091003418,1,0.3340199203187251,2.7521878385367207,5.903308377601207,
0.10412071649535153,0.11628714241665514,0.24976741688808815,4.08620702875096,4.08620702875096,9113.804406473795,44.14242120772843,0.3904382470119522,0.04374286215253276,0.0,0.0,obsx_stress,payload,"nmpc+kf[r_v=0.15,r_w=0.15,q_F=10,q_tau=1,filt=1,gate=1,ffu=1,qyaw=1,obs=1,aci=2,aci_alpha=0.02]",2,4.955698251724243,5,0.5415438247011951,5.26052891171029,10.02476917114109,
0.46027345697614636,0.5142084375927176,0.9689949345228936,31.025863852181914,31.025863852181914,11549.743488196205,177.49900007184084,0.7549800796812749,0.04795031170978603,0.0,0.0,obsx_stress,payload,"nmpc+kf[r_v=0.15,r_w=0.15,q_F=10,q_tau=1,filt=1,gate=1,ffu=1,qyaw=1,obs=1,aci=2,aci_alpha=0.02]",3,3.935514211654663,30,0.500519920318725,4.2158722556548645,9.752208511345094,
0.3006162473388877,0.33585272867551424,0.8048759299154429,23.306921993205588,23.306921993205588,9201.600310767937,152.51393824774095,0.4681274900398406,-0.03289347935596226,1.0,0.04780876494023904,obsx_stress,payload,"nmpc+kf[r_v=0.15,r_w=0.15,q_F=10,q_tau=1,filt=1,gate=1,ffu=1,qyaw=1,obs=1,aci=2,aci_alpha=0.02]",4,4.2423295974731445,21,0.6061892430278885,4.528459521897315,9.223357141017914,
0.19811115474470986,0.22126519372566023,1.2157059596215256,3.5398940475367593,3.5398940475367593,8006.923542954689,173.33675541808145,0.3944223107569721,0.030043078813411256,0.0,0.0,obsx_stress,payload,"nmpc+kf[r_v=0.15,r_w=0.15,q_F=10,q_tau=1,filt=1,gate=1,ffu=1,qyaw=1,obs=1,aci=2,aci_alpha=0.02]",5,3.9572014808654785,32,0.5330179282868527,4.189098663386922,9.856760401744403,
0.14035104150731118,0.15631252927621117,0.30788521884593695,1.729519854494422,1.729519854494422,10921.563813948069,31.52570664229927,0.5258964143426295,0.029211310298192794,0.0,0.0,obsx_stress,payload,"nmpc+kf[r_v=0.15,r_w=0.15,q_F=10,q_tau=1,filt=1,gate=1,ffu=1,qyaw=1,obs=1,aci=2,aci_alpha=0.02]",6,5.4275970458984375,10,0.6215657370517929,5.773288417195686,11.869140677154066,
0.10397560918282593,0.11609885030139003,0.2454537288762478,3.829153566601789,3.829153566601789,10597.014728062833,58.86115030210363,0.3107569721115538,0.023963231679137026,0.0,0.0,obsx_stress,payload,"nmpc+kf[r_v=0.15,r_w=0.15,q_F=10,q_tau=1,filt=1,gate=1,ffu=1,qyaw=1,obs=1,aci=2,aci_alpha=0.02]",7,5.5130908489227295,10,0.6998784860557768,5.804197221300546,9.168921911623329,
0.16337827291029947,0.18253595074751938,1.0021877428948462,2.3385763086773865,2.3385763086773865,8886.951447190993,155.5946899082737,0.4760956175298805,0.03640092895144831,0.0,0.0,obsx_stress,payload,"nmpc+kf[r_v=0.15,r_w=0.15,q_F=10,q_tau=1,filt=1,gate=1,ffu=1,qyaw=1,obs=1,aci=2,aci_alpha=0.02]",8,6.25859522819519,21,0.6892589641434262,6.715697943663366,12.148166678380221,
0.09010409837342802,0.10052423004577579,0.16102682248049127,1.9157354301089964,1.9157354301089964,9087.619747880288,22.256171043845118,0.31274900398406374,0.03156430191458015,0.0,0.0,obsx_stress,payload,"nmpc+kf[r_v=0.15,r_w=0.15,q_F=10,q_tau=1,filt=1,gate=1,ffu=1,qyaw=1,obs=1,aci=2,aci_alpha=0.02]",9,3.6723873615264893,5,0.5426434262948209,3.919168891184833,8.85640810476616,
0.08504298666399818,0.09299362818431944,0.13085872275318117,2.4795447776738504,2.4795447776738504,8723.174399670508,25.92592435899292,0.27689243027888444,0.027910687776868864,0.0,0.0,obsx_stress,payload,"nmpc+kf[r_v=0.15,r_w=0.15,q_F=10,q_tau=1,filt=1,gate=1,ffu=1,qyaw=1,obs=1,aci=2,aci_alpha=0.02]",10,3.9749865531921387,2,0.5150517928286853,4.266747649651451,7.661837111227214,
0.09017454601890697,0.10038841506128521,0.1559756318807875,3.157325538324999,3.157325538324999,8699.988877399639,22.230558574077907,0.35258964143426297,0.03818966225295198,0.0,0.0,obsx_stress,payload,"nmpc+kf[r_v=0.15,r_w=0.15,q_F=10,q_tau=1,filt=1,gate=1,ffu=1,qyaw=1,obs=1,aci=2,aci_alpha=0.02]",11,4.288726091384888,4,0.49187848605577683,4.54838252283143,9.009806183166802,
0.09699024102630242,0.10814155872644475,0.1815066764011914,6.126352240418157,6.126352240418157,8353.652559794626,18.580493079028205,0.3884462151394422,0.029949769462812803,0.0,0.0,obsx_stress,payload,"nmpc+kf[r_v=0.15,r_w=0.15,q_F=10,q_tau=1,filt=1,gate=1,ffu=1,qyaw=1,obs=1,aci=2,aci_alpha=0.02]",12,5.455664396286011,7,0.7149023904382471,5.847401520890366,9.946440903004266,
0.10303590366824354,0.11510631744684234,0.1787116751281854,3.0867046636858197,3.0867046636858197,9598.566928069291,43.30714979561945,0.5039840637450199,0.016921706092157457,0.0,0.0,obsx_stress,payload,"nmpc+kf[r_v=0.15,r_w=0.15,q_F=10,q_tau=1,filt=1,gate=1,ffu=1,qyaw=1,obs=1,aci=2,aci_alpha=0.02]",13,6.158218622207642,2,0.8113027888446215,6.5596135559517785,12.003249940462412,
0.12036578540011827,0.1343647551789381,0.28968983949043986,2.8688383063659315,2.8688383063659315,8805.729449671964,40.735016109819846,0.5219123505976095,-0.021951157068389654,1.0,0.027888446215139442,obsx_stress,payload,"nmpc+kf[r_v=0.15,r_w=0.15,q_F=10,q_tau=1,filt=1,gate=1,ffu=1,qyaw=1,obs=1,aci=2,aci_alpha=0.02]",14,6.331818580627441,0,0.7234900398406374,6.698894016240608,10.187233882024886,
0.13654719606416937,0.15237167028481055,0.26318372917484656,4.833040809785142,4.833040809785142,7920.025154012774,25.372911473013545,0.6553784860557769,0.005281273824421978,0.0,0.0,obsx_stress,payload,"nmpc+kf[r_v=0.15,r_w=0.15,q_F=10,q_tau=1,filt=1,gate=1,ffu=1,qyaw=1,obs=1,aci=2,aci_alpha=0.02]",15,5.668983221054077,7,0.8430139442231076,6.0599841051308285,12.299082705285402,
0.052045886724281724,0.058034870193299934,0.12602668740476128,0.6915646874114694,0.6915646874114694,8810.215394263018,24.93585762822808,0.08366533864541832,0.026565928039005815,0.0,0.0,obsx_stress,payload,"nmpc+kf[r_v=0.15,r_w=0.15,q_F=10,q_tau=1,filt=1,gate=1,ffu=1,qyaw=1,obs=1,aci=2,aci_alpha=0.02]",16,3.7184689044952393,1,0.4890637450199203,3.9998872638809906,8.885012490209192,
0.06726248771370841,0.07512602544649634,0.16124106003329422,7.498951917934267,7.498951917934267,6965.55901162112,15.551068825226265,0.15338645418326693,0.03333244517816519,0.0,0.0,obsx_stress,payload,"nmpc+kf[r_v=0.15,r_w=0.15,q_F=10,q_tau=1,filt=1,gate=1,ffu=1,qyaw=1,obs=1,aci=2,aci_alpha=0.02]",17,5.762036561965942,0,0.7189163346613546,6.189552005436048,12.840330640319742,
0.17841921721076137,0.19911597222140257,0.7815406025605887,15.807863704312496,15.807863704312496,9994.392486475892,156.8352761386634,0.5159362549800797,0.039054192479618416,0.0,0.0,obsx_stress,payload,"nmpc+kf[r_v=0.15,r_w=0.15,q_F=10,q_tau=1,filt=1,gate=1,ffu=1,qyaw=1,obs=1,aci=2,aci_alpha=0.02]",18,3.377134323120117,30,0.4689721115537848,3.6704810980922615,9.108409502077848,
inf,inf,inf,,,,,,-inf,1.0,,obsx_stress,payload,"nmpc+kf[r_v=0.15,r_w=0.15,q_F=10,q_tau=1,filt=1,gate=1,ffu=1,qyaw=1,obs=1,aci=2,aci_alpha=0.02]",19,5.390745639801025,199,0.8521967213114754,7.08043139942636,12.306988774798812,RuntimeError('diverged')
0.11590066042500852,0.1293736365517067,0.23849565511327758,2.9256464960556,2.9256464960556,8999.40766383655,28.820432816568356,0.40239043824701193,0.0207481976253458,0.0,0.0,obsx_stress,payload,"nmpc+kf[r_v=0.15,r_w=0.15,q_F=10,q_tau=1,filt=1,gate=1,ffu=1,qyaw=1,obs=1,aci=2]",0,4.384258270263672,9,0.5648187250996016,4.717091411496865,9.92665049619973,
0.07285165879113681,0.08121948219019308,0.16621642665685374,1.594225468744428,1.5942254687444277,8265.689717252857,35.892611717759614,0.2051792828685259,0.025634631607964975,0.0,0.0,obsx_stress,payload,"nmpc+kf[r_v=0.15,r_w=0.15,q_F=10,q_tau=1,filt=1,gate=1,ffu=1,qyaw=1,obs=1,aci=2]",1,4.643470525741577,1,0.6777111553784861,5.030566590385459,12.583006923086948,
0.09657639896888981,0.10785142219851178,0.22982041025595912,3.8522372305694033,3.8522372305694033,9142.680983105067,42.14943206438899,0.2649402390438247,0.03190702202945822,0.0,0.0,obsx_stress,payload,"nmpc+kf[r_v=0.15,r_w=0.15,q_F=10,q_tau=1,filt=1,gate=1,ffu=1,qyaw=1,obs=1,aci=2]",2,4.8290183544158936,5,0.5612629482071713,5.167657741349176,14.337196582928323,
0.2526989868508322,0.28213299406004866,0.575374324440103,21.54466914569087,21.54466914569087,9558.186581094405,143.1553242901172,0.7091633466135459,-0.0016439134495582486,1.0,0.0099601593625498,obsx_stress,payload,"nmpc+kf[r_v=0.15,r_w=0.15,q_F=10,q_tau=1,filt=1,gate=1,ffu=1,qyaw=1,obs=1,aci=2]",3,5.423382043838501,15,0.7901852589641434,5.911981181864927,11.702147601172328,
0.5283351492755717,0.5903576430064336,1.546868577627896,29.06590817750986,29.06590817750986,8033.06965980011,175.05201392283118,0.41434262948207173,-0.03708606342117243,1.0,0.04780876494023904,obsx_stress,payload,"nmpc+kf[r_v=0.15,r_w=0.15,q_F=10,q_tau=1,filt=1,gate=1,ffu=1,qyaw=1,obs=1,aci=2]",4,3.9716219902038574,44,0.5466414342629481,4.284050056814732,11.9331140560098,
0.19317851561860377,0.21575162543007828,1.2020880260042202,3.4747234174075383,3.4747234174075383,7829.809981691383,173.7215959809965,0.33665338645418325,0.021681352433479545,0.0,0.0,obsx_stress,payload,"nmpc+kf[r_v=0.15,r_w=0.15,q_F=10,q_tau=1,filt=1,gate=1,ffu=1,qyaw=1,obs=1,aci=2]",5,3.92848801612854,32,0.5124501992031872,4.2066443386855,9.197010458447041,
0.13102840527269433,0.14588766535146766,0.2931142021844082,1.7139543941279762,1.7139543941279762,10749.10652517007,30.901457841845136,0.4701195219123506,0.026306077418429497,0.0,0.0,obsx_stress,payload,"nmpc+kf[r_v=0.15,r_w=0.15,q_F=10,q_tau=1,filt=1,gate=1,ffu=1,qyaw=1,obs=1,aci=2]",6,2.433316230773926,10,0.3257350597609561,2.6044894772325735,4.350427137687803,
0.09273432650704128,0.10352580102830998,0.20657935564872612,3.5716930343055844,3.5716930343055844,10258.453021471236,56.7065098903193,0.2729083665338645,0.01912774384722954,0.0,0.0,obsx_stress,payload,"nmpc+kf[r_v=0.15,r_w=0.15,q_F=10,q_tau=1,filt=1,gate=1,ffu=1,qyaw=1,obs=1,aci=2]",7,3.982564926147461,10,0.46669920318725105,4.264254553384514,11.330404963809997,
0.15896245150814964,0.17760037971048642,1.0024533524563013,2.2398470640303887,2.2398470640303887,8809.694670952618,155.60499117888193,0.4262948207171315,0.02683963198817052,0.0,0.0,obsx_stress,payload,"nmpc+kf[r_v=0.15,r_w=0.15,q_F=10,q_tau=1,filt=1,gate=1,ffu=1,qyaw=1,obs=1,aci=2]",8,4.581037521362305,22,0.531097609561753,4.891122395425025,12.59834443219006,
0.07644039424200186,0.08522577557027454,0.13621755687618364,1.8567230290832841,1.8567230290832837,8392.492440858667,19.127599513609994,0.250996015936255,0.027102408169446063,0.0,0.0,obsx_stress,payload,"nmpc+kf[r_v=0.15,r_w=0.15,q_F=10,q_tau=1,filt=1,gate=1,ffu=1,qyaw=1,obs=1,aci=2]",9,5.212971925735474,5,0.6244302788844621,5.516122956574705,12.005410566926003,
0.07460392053392052,0.08104220772384584,0.1213865832401299,2.3908171798394795,2.3908171798394795,8714.90475521293,26.291357777375488,0.1294820717131474,0.016632349753224557,0.0,0.0,obsx_stress,payload,"nmpc+kf[r_v=0.15,r_w=0.15,q_F=10,q_tau=1,filt=1,gate=1,ffu=1,qyaw=1,obs=1,aci=2]",10,6.377227306365967,2,0.8087689243027889,6.836510870505525,13.973321181256333,
0.07980109748497125,0.08877560424678427,0.13854183502334633,3.1476218972297603,3.1476218972297603,8553.274339966025,22.23651161307534,0.23107569721115537,0.02820931582865227,0.0,0.0,obsx_stress,payload,"nmpc+kf[r_v=0.15,r_w=0.15,q_F=10,q_tau=1,filt=1,gate=1,ffu=1,qyaw=1,obs=1,aci=2]",11,3.237764358520508,4,0.3957988047808765,3.4737426697636447,8.9183730003424,
0.09303973631425415,0.10371627686228488,0.17682070522792442,6.1263482296685146,6.1263482296685146,8404.156939537246,18.459956283348834,0.33067729083665337,0.018538459545155317,0.0,0.0,obsx_stress,payload,"nmpc+kf[r_v=0.15,r_w=0.15,q_F=10,q_tau=1,filt=1,gate=1,ffu=1,qyaw=1,obs=1,aci=2]",12,4.112657070159912,7,0.5075816733067728,4.374076838631079,9.316412045154722,
0.09394470790175573,0.10494381848704684,0.15892472822228929,3.2897744898855796,3.28977448988558,9724.942925164372,41.236411524753414,0.4262948207171315,0.01456336517493495,0.0,0.0,obsx_stress,payload,"nmpc+kf[r_v=0.15,r_w=0.15,q_F=10,q_tau=1,filt=1,gate=1,ffu=1,qyaw=1,obs=1,aci=2]",13,4.701897859573364,2,0.5495199203187251,4.997146269492063,12.02239089179784,
0.12695686119575336,0.14173747848015944,0.4064608686905165,2.65029510369513,2.65029510369513,8953.959673709416,68.10441795648372,0.549800796812749,-0.021164229756070463,1.0,0.029880478087649404,obsx_stress,payload,"nmpc+kf[r_v=0.15,r_w=0.15,q_F=10,q_tau=1,filt=1,gate=1,ffu=1,qyaw=1,obs=1,aci=2]",14,6.263631105422974,0,0.6970557768924303,6.700779773773573,11.0805120668374,
0.12500750284215686,0.13946824804970476,0.24762299102646418,4.916360547106294,4.916360547106294,7854.606095373174,26.05501771025931,0.6095617529880478,0.003457099259964541,0.0,0.0,obsx_stress,payload,"nmpc+kf[r_v=0.15,r_w=0.15,q_F=10,q_tau=1,filt=1,gate=1,ffu=1,qyaw=1,obs=1,aci=2]",15,3.995220184326172,7,0.4658565737051793,4.256048823235579,11.583844528067871,
0.048203100137847114,0.05373063360642682,0.12177482361368362,0.6739848392899934,0.6739848392899934,8833.545437361463,24.95296779215603,0.07370517928286853,0.02347167218332774,0.0,0.0,obsx_stress,payload,"nmpc+kf[r_v=0.15,r_w=0.15,q_F=10,q_tau=1,filt=1,gate=1,ffu=1,qyaw=1,obs=1,aci=2]",16,5.394331455230713,1,0.6639541832669323,5.7109125274830905,9.891330718528485,
0.06278495349570831,0.07011974834552241,0.1453192510222023,7.412179940348874,7.412179940348874,7090.521866016348,14.428928079761512,0.14342629482071714,0.025112995097974766,0.0,0.0,obsx_stress,payload,"nmpc+kf[r_v=0.15,r_w=0.15,q_F=10,q_tau=1,filt=1,gate=1,ffu=1,qyaw=1,obs=1,aci=2]",17,4.332444429397583,0,0.5409422310756972,4.603620819873603,9.091412292327734,
0.1786841841881693,0.19941247536194776,0.8991820287096587,15.36631554614946,15.36631554614946,9184.29237665329,155.9724176798253,0.42231075697211157,0.029457706592277783,0.0,0.0,obsx_stress,payload,"nmpc+kf[r_v=0.15,r_w=0.15,q_F=10,q_tau=1,filt=1,gate=1,ffu=1,qyaw=1,obs=1,aci=2]",18,5.992558479309082,46,0.7930557768924302,6.467984846897008,12.966211661696443,
0.5105668056834827,0.5705181634916064,1.118694244332823,17.92136037997375,17.92136037997375,9441.99277077602,143.2715691471766,0.7529880478087649,0.04041361208906363,0.0,0.0,obsx_stress,payload,"nmpc+kf[r_v=0.15,r_w=0.15,q_F=10,q_tau=1,filt=1,gate=1,ffu=1,qyaw=1,obs=1,aci=2]",19,2.838893413543701,44,0.3704681274900398,3.06387351541984,8.989454843103886,
0.11229000291970954,0.12532923613547714,0.2555739894288234,1.071758568465624,1.071758568465624,6030.946747655101,28.783913250764527,0.35856573705179284,0.022139961333824953,0.0,0.0,obsx_stress,payload,"nmpc+learned[model=gdn_mix2,filt=1,gate=1,ffu=1,qyaw=1,obs=1,aci=1,aci_alpha=0.02]",0,3.2531023025512695,0,0.3431693227091634,4.05964285712244,10.21819653455168,
0.06466326520616425,0.07213014037610084,0.1304452326487507,1.062682903601412,1.062682903601412,6533.571672331543,32.755707372532456,0.16135458167330677,0.027247779608972678,0.0,0.0,obsx_stress,payload,"nmpc+learned[model=gdn_mix2,filt=1,gate=1,ffu=1,qyaw=1,obs=1,aci=1,aci_alpha=0.02]",1,6.62077784538269,0,0.6147729083665339,8.378642485050328,17.404147523920987,
0.09397800759486606,0.10498079149987176,0.22470614143726908,2.645094471069484,2.645094471069484,5845.518210429497,44.50773068637987,0.31274900398406374,0.03987231794837243,0.0,0.0,obsx_stress,payload,"nmpc+learned[model=gdn_mix2,filt=1,gate=1,ffu=1,qyaw=1,obs=1,aci=1,aci_alpha=0.02]",2,5.703541994094849,0,0.5331972111553785,7.212786639361564,16.585762123577297,
0.17769632918606665,0.19833365141919174,0.38055973876827875,5.480617668779356,5.480617668779356,8585.05288802246,54.17586689054146,0.5896414342629482,-0.0041260060651578945,1.0,0.01195219123505976,obsx_stress,payload,"nmpc+learned[model=gdn_mix2,filt=1,gate=1,ffu=1,qyaw=1,obs=1,aci=1,aci_alpha=0.02]",3,6.402453660964966,1,0.6614442231075697,8.129148255195098,18.841259600594654,
0.09116606967333599,0.10165951549985569,0.17319618294998906,10.921851074152423,10.921851074152423,7019.1981980632745,35.21255177515322,0.34860557768924305,0.0291891362690177,0.0,0.0,obsx_stress,payload,"nmpc+learned[model=gdn_mix2,filt=1,gate=1,ffu=1,qyaw=1,obs=1,aci=1,aci_alpha=0.02]",4,5.445428133010864,0,0.44794621513944216,6.868834698209131,16.545613387133926,
0.09522983994448586,0.10636649285035131,0.2346952085953666,2.2629854397669393,2.2629854397669393,7077.278198268425,50.40552197120226,0.2908366533864542,0.019727849510231515,0.0,0.0,obsx_stress,payload,"nmpc+learned[model=gdn_mix2,filt=1,gate=1,ffu=1,qyaw=1,obs=1,aci=1,aci_alpha=0.02]",5,6.80526065826416,0,0.757808764940239,8.605357471471319,16.999767187517136,
0.1365099041269999,0.1520415915102789,0.29921788391018694,0.9933350520002768,0.9933350520002768,8710.73775513377,31.8935821751266,0.49800796812749004,0.028390641746761647,0.0,0.0,obsx_stress,payload,"nmpc+learned[model=gdn_mix2,filt=1,gate=1,ffu=1,qyaw=1,obs=1,aci=1,aci_alpha=0.02]",6,6.33449387550354,1,0.6836494023904383,8.210920111881013,17.962012039497505,
0.07935603621352637,0.088453227132951,0.1672050189421243,1.7968465120733996,1.7968465120733996,6616.996614255709,54.14763264670105,0.19322709163346613,0.022869751305477082,0.0,0.0,obsx_stress,payload,"nmpc+learned[model=gdn_mix2,filt=1,gate=1,ffu=1,qyaw=1,obs=1,aci=1,aci_alpha=0.02]",7,6.326283693313599,0,0.6449661354581675,8.139588068651252,17.04277014592663,
0.13939787032851897,0.1557283288019682,0.7515424171949319,7.05482876782625,7.05482876782625,7003.443692719665,141.05190982404915,0.39641434262948205,0.033732488272373906,0.0,0.0,obsx_stress,payload,"nmpc+learned[model=gdn_mix2,filt=1,gate=1,ffu=1,qyaw=1,obs=1,aci=1,aci_alpha=0.02]",8,7.1630518436431885,0,0.7881075697211155,9.039914546222741,16.884407615289092,
0.07004553804825245,0.07807989971293373,0.1304060663088979,1.0869666476396251,1.0869666476396251,5094.408768849639,19.734948015915922,0.20916334661354583,0.02266178402245439,0.0,0.0,obsx_stress,payload,"nmpc+learned[model=gdn_mix2,filt=1,gate=1,ffu=1,qyaw=1,obs=1,aci=1,aci_alpha=0.02]",9,6.962512731552124,0,0.6778107569721117,8.862180061604962,16.56758944503963,
0.0789726874045333,0.0877772524480489,0.1229078678455758,1.7446771865114188,1.7446771865114188,6850.631168249821,24.63986671938959,0.22310756972111553,0.02299862006916853,0.0,0.0,obsx_stress,payload,"nmpc+learned[model=gdn_mix2,filt=1,gate=1,ffu=1,qyaw=1,obs=1,aci=1,aci_alpha=0.02]",10,5.0047571659088135,1,0.5477310756972111,6.352171442838779,17.61994934175164,
0.07667499770111141,0.08554587333721866,0.13361135640495098,0.7510266648002308,0.7510266648002308,7101.084432077977,19.818631442061875,0.23904382470119523,0.02467755637961852,0.0,0.0,obsx_stress,payload,"nmpc+learned[model=gdn_mix2,filt=1,gate=1,ffu=1,qyaw=1,obs=1,aci=1,aci_alpha=0.02]",11,6.2233567237854,1,0.6574741035856574,7.864761970050455,16.71419420046732,
0.08735889418027262,0.09730692156351967,0.15744834454054799,5.246780530812023,5.246780530812023,5509.665212012368,17.670954853756133,0.30677290836653387,0.02314892998933976,0.0,0.0,obsx_stress,payload,"nmpc+learned[model=gdn_mix2,filt=1,gate=1,ffu=1,qyaw=1,obs=1,aci=1,aci_alpha=0.02]",12,6.996040344238281,0,0.6990916334661355,8.878433598257393,16.797162236180156,
0.1071499838659238,0.11966425826496922,0.17421745389700474,2.650615241987486,2.650615241987486,7518.893551681181,52.219825558030195,0.5657370517928287,0.028723031368691976,0.0,0.0,obsx_stress,payload,"nmpc+learned[model=gdn_mix2,filt=1,gate=1,ffu=1,qyaw=1,obs=1,aci=1,aci_alpha=0.02]",13,5.437665224075317,0,0.5979940239043825,6.803608569965895,16.836510605644435,
0.11099836461116125,0.12392699948227778,0.2678202243268961,2.270812106563932,2.270812106563932,5799.230639194795,40.23653225104169,0.4960159362549801,-0.013191019616915822,1.0,0.02390438247011952,obsx_stress,payload,"nmpc+learned[model=gdn_mix2,filt=1,gate=1,ffu=1,qyaw=1,obs=1,aci=1,aci_alpha=0.02]",14,6.2115936279296875,0,0.6711752988047809,7.815584658637673,16.97063212282956,
0.18715758320461123,0.20902622589942985,0.34127223649541605,5.379833579040815,5.379833579040815,6926.890639954943,40.45930236245385,0.7191235059760956,-0.014279410922840352,1.0,0.01593625498007968,obsx_stress,payload,"nmpc+learned[model=gdn_mix2,filt=1,gate=1,ffu=1,qyaw=1,obs=1,aci=1,aci_alpha=0.02]",15,4.877485513687134,3,0.5278366533864541,6.128405552427934,10.907405328471214,
0.05010159703921022,0.05580772476083307,0.12731796659969233,1.1020327217857644,1.1020327217857644,5602.974630557211,25.225022481934054,0.0796812749003984,0.025506495296454712,0.0,0.0,obsx_stress,payload,"nmpc+learned[model=gdn_mix2,filt=1,gate=1,ffu=1,qyaw=1,obs=1,aci=1,aci_alpha=0.02]",16,6.795469284057617,0,0.7455936254980079,8.739531311982002,16.844456170219928,
0.0618351634455664,0.06903095572578945,0.16651156858734495,6.6668521519530115,6.6668521519530115,5609.733842691073,47.75753450636953,0.12350597609561753,0.033745639065136224,0.0,0.0,obsx_stress,payload,"nmpc+learned[model=gdn_mix2,filt=1,gate=1,ffu=1,qyaw=1,obs=1,aci=1,aci_alpha=0.02]",17,3.5157973766326904,0,0.3467589641434263,4.416975210350288,10.332261330913752,
inf,inf,inf,,,,,,-inf,1.0,,obsx_stress,payload,"nmpc+learned[model=gdn_mix2,filt=1,gate=1,ffu=1,qyaw=1,obs=1,aci=1,aci_alpha=0.02]",18,5.578310966491699,156,0.640710407239819,8.090532370063379,16.663788752630353,RuntimeError('diverged')
0.11227660044813313,0.12526025050075543,0.198064727145656,3.3706141158032223,3.3706141158032223,7915.297744123841,35.23541640709294,0.4960159362549801,0.026081073322335335,0.0,0.0,obsx_stress,payload,"nmpc+learned[model=gdn_mix2,filt=1,gate=1,ffu=1,qyaw=1,obs=1,aci=1,aci_alpha=0.02]",19,5.967801809310913,0,0.6121035856573704,7.481681858745971,16.432364378124475,
0.11270858702900576,0.12577663913598766,0.2540534684079235,1.2089913238790388,1.2089913238790388,6050.75521788323,28.12095199990826,0.38645418326693226,0.02722512371108904,0.0,0.0,obsx_stress,payload,"nmpc+learned[model=gdn_mix2,filt=1,gate=1,ffu=1,qyaw=1,obs=1,aci=1,obsm=0.01]",0,5.124029636383057,0,0.5533027888446217,6.446128003800147,11.283116922713816,
0.06693845671547856,0.07467702885851797,0.1399985007581124,0.932505648233819,0.932505648233819,6364.198273425135,35.63176096537568,0.17928286852589642,0.031682188930324984,0.0,0.0,obsx_stress,payload,"nmpc+learned[model=gdn_mix2,filt=1,gate=1,ffu=1,qyaw=1,obs=1,aci=1,obsm=0.01]",1,5.071125268936157,0,0.4977011952191234,6.372168825742643,10.990240240935236,
0.0937370357791025,0.10471141439356063,0.22746681106860844,2.711658302425285,2.711658302425285,5779.513117306933,45.029434111391105,0.2689243027888446,0.03584897071069815,0.0,0.0,obsx_stress,payload,"nmpc+learned[model=gdn_mix2,filt=1,gate=1,ffu=1,qyaw=1,obs=1,aci=1,obsm=0.01]",2,7.37050986289978,0,0.954707171314741,9.52543909902651,17.058154996484518,
0.18316948701803923,0.20445688429941472,0.3775571908151438,4.610143795919256,4.610143795919256,8376.018544275857,57.753049022929666,0.6972111553784861,-0.014714346191083583,1.0,0.021912350597609563,obsx_stress,payload,"nmpc+learned[model=gdn_mix2,filt=1,gate=1,ffu=1,qyaw=1,obs=1,aci=1,obsm=0.01]",3,6.447054147720337,1,0.6936394422310757,8.275766257267163,16.27320882398635,
0.09155390101623244,0.1020938274746566,0.18012344428565003,11.0548309669586,11.0548309669586,6877.388081689472,31.27315409887404,0.3705179282868526,0.03625259533097047,0.0,0.0,obsx_stress,payload,"nmpc+learned[model=gdn_mix2,filt=1,gate=1,ffu=1,qyaw=1,obs=1,aci=1,obsm=0.01]",4,6.718120098114014,0,0.7300458167330677,8.576910345874488,16.395539892837405,
0.0976405827941226,0.10905678095941163,0.22582414472734097,2.3224635436821663,2.3224635436821663,7125.312126601621,50.53411766505532,0.3565737051792829,0.029521922230323322,0.0,0.0,obsx_stress,payload,"nmpc+learned[model=gdn_mix2,filt=1,gate=1,ffu=1,qyaw=1,obs=1,aci=1,obsm=0.01]",5,4.419041156768799,0,0.4992270916334661,5.571673364486115,10.587594523094594,
0.13608725728476698,0.15151244888125978,0.29844313580591364,1.018672529265968,1.0186725292659677,8598.523122995995,32.26409436891599,0.5079681274900398,0.03163424616391669,0.0,0.0,obsx_stress,payload,"nmpc+learned[model=gdn_mix2,filt=1,gate=1,ffu=1,qyaw=1,obs=1,aci=1,obsm=0.01]",6,5.213733673095703,1,0.5798147410358565,6.656083364162105,16.71415365999565,
0.08401222281906097,0.09366895209581955,0.17774796775826082,1.5619961259306678,1.5619961259306678,6549.523050397471,55.18644619873229,0.23705179282868527,0.02853294545382723,0.0,0.0,obsx_stress,payload,"nmpc+learned[model=gdn_mix2,filt=1,gate=1,ffu=1,qyaw=1,obs=1,aci=1,obsm=0.01]",7,6.591264009475708,0,0.5982131474103586,8.412494645565301,16.557350486982614,
0.1401423264084434,0.15656048450539317,0.7508025309106222,7.137749859639632,7.137749859639632,6931.950171289396,140.20136803918905,0.40239043824701193,0.03827489080839208,0.0,0.0,obsx_stress,payload,"nmpc+learned[model=gdn_mix2,filt=1,gate=1,ffu=1,qyaw=1,obs=1,aci=1,obsm=0.01]",8,5.116627216339111,0,0.4851155378486056,6.434328083238338,10.987227386794984,
0.08001915151580752,0.08924947168378958,0.16090190169897814,3.726229702356183,3.726229702356183,5591.400746851489,31.53021177204014,0.2689243027888446,0.033698801135269296,0.0,0.0,obsx_stress,payload,"nmpc+learned[model=gdn_mix2,filt=1,gate=1,ffu=1,qyaw=1,obs=1,aci=1,obsm=0.01]",9,5.930767059326172,0,0.5927908366533865,7.5578452486812004,16.58692074008286,
0.07462717882243321,0.08289632469917865,0.11808870550869649,1.5753832509246353,1.575383250924635,6510.231585499368,21.45512563539021,0.1752988047808765,0.02041424579752321,0.0,0.0,obsx_stress,payload,"nmpc+learned[model=gdn_mix2,filt=1,gate=1,ffu=1,qyaw=1,obs=1,aci=1,obsm=0.01]",10,5.265578508377075,1,0.6036932270916334,6.654504531218978,16.53890199959278,
0.07977040854982263,0.0890014117782281,0.14420355078196712,0.7696455913359197,0.7696455913359197,6954.889291796924,19.82368922028973,0.27091633466135456,0.03233846401070145,0.0,0.0,obsx_stress,payload,"nmpc+learned[model=gdn_mix2,filt=1,gate=1,ffu=1,qyaw=1,obs=1,aci=1,obsm=0.01]",11,5.568103551864624,1,0.5753326693227091,6.889347634946119,16.703490947838876,
0.09159300716060476,0.10205347245045332,0.16881565747905466,5.293339576952454,5.293339576952454,5602.192676325836,17.953861092975817,0.32669322709163345,0.030400888886686295,0.0,0.0,obsx_stress,payload,"nmpc+learned[model=gdn_mix2,filt=1,gate=1,ffu=1,qyaw=1,obs=1,aci=1,obsm=0.01]",12,7.010822772979736,0,0.7101215139442231,9.031279323310907,16.946067071985453,
0.10313624560372638,0.11517613533204922,0.16871011128918673,2.8520428046190687,2.8520428046190687,7557.058733996991,52.7536073585536,0.549800796812749,0.022571179704165,0.0,0.0,obsx_stress,payload,"nmpc+learned[model=gdn_mix2,filt=1,gate=1,ffu=1,qyaw=1,obs=1,aci=1,obsm=0.01]",13,4.960402727127075,0,0.5718525896414343,6.195754683817704,16.276861648075286,
0.11331762719529258,0.12652100115867224,0.27415105923477523,2.2404939602919116,2.2404939602919116,5705.224455750725,42.64144762949243,0.5557768924302788,-0.004535259393695007,1.0,0.01195219123505976,obsx_stress,payload,"nmpc+learned[model=gdn_mix2,filt=1,gate=1,ffu=1,qyaw=1,obs=1,aci=1,obsm=0.01]",14,5.849865674972534,0,0.5841812749003985,7.202020904283035,16.631235426757485,
0.19198252587308484,0.21439913184051637,0.3499420158358534,5.598235394676302,5.598235394676302,7021.803253335197,43.437620758836566,0.7370517928286853,-0.013768152244863191,1.0,0.01593625498007968,obsx_stress,payload,"nmpc+learned[model=gdn_mix2,filt=1,gate=1,ffu=1,qyaw=1,obs=1,aci=1,obsm=0.01]",15,7.102116346359253,3,0.7101474103585657,9.084668343486005,18.203520649112775,
0.052704045533251795,0.05872480192191043,0.12991584792525926,1.1816416142291017,1.1816416142291017,5695.864445707439,25.96823260228755,0.08366533864541832,0.03318946066319284,0.0,0.0,obsx_stress,payload,"nmpc+learned[model=gdn_mix2,filt=1,gate=1,ffu=1,qyaw=1,obs=1,aci=1,obsm=0.01]",16,4.7605881690979,0,0.4930239043824702,6.0757934574995085,11.828947679605337,
0.0636063480035264,0.07101212282937586,0.17069214379029746,6.971988539650799,6.971988539650799,5664.644792217171,48.12118345955867,0.13545816733067728,0.034939710481521,0.0,0.0,obsx_stress,payload,"nmpc+learned[model=gdn_mix2,filt=1,gate=1,ffu=1,qyaw=1,obs=1,aci=1,obsm=0.01]",17,6.345092535018921,0,0.6493107569721115,7.961857878877614,16.956293475814164,
0.5498326760437173,0.6143947359792339,1.3141769816367244,25.212664686833666,25.212664686833666,9523.58333741449,176.1792346712023,0.5697211155378487,0.03354148233410473,0.0,0.0,obsx_stress,payload,"nmpc+learned[model=gdn_mix2,filt=1,gate=1,ffu=1,qyaw=1,obs=1,aci=1,obsm=0.01]",18,5.062264680862427,16,0.5171772908366533,6.343367608798394,16.759375643450767,
0.11779161013738354,0.13143213935659376,0.2064375675034399,3.5932419140833898,3.5932419140833898,7907.130891568338,34.957815509671285,0.5059760956175299,0.0304691306916903,0.0,0.0,obsx_stress,payload,"nmpc+learned[model=gdn_mix2,filt=1,gate=1,ffu=1,qyaw=1,obs=1,aci=1,obsm=0.01]",19,6.585055351257324,0,0.8487131474103586,8.17409852209809,17.413086553569887,
0.10637528888438098,0.11871035946093542,0.2442857911237632,1.1737230671577905,1.1737230671577905,5950.0589470619425,27.958645508624073,0.3386454183266932,0.017106837827766286,0.0,0.0,obsx_stress,payload,"nmpc+learned[model=gdn_mix2,filt=1,gate=1,ffu=1,qyaw=1,obs=1,aci=1]",0,5.730437517166138,0,0.647715139442231,7.248967812225906,17.049701921641827,
0.060368412798346954,0.06732149953710881,0.12762281366444939,0.8759968178680061,0.8759968178680061,6236.09168796855,34.868899138185895,0.09362549800796813,0.022032032236893928,0.0,0.0,obsx_stress,payload,"nmpc+learned[model=gdn_mix2,filt=1,gate=1,ffu=1,qyaw=1,obs=1,aci=1]",1,6.5951385498046875,0,0.6617868525896414,8.24939082070547,17.67440809635446,
0.08564184298729033,0.09566165973944539,0.20951832615608743,2.57688252497609,2.5768825249760896,5759.146014073845,43.1563049499383,0.19322709163346613,0.0257662813087966,0.0,0.0,obsx_stress,payload,"nmpc+learned[model=gdn_mix2,filt=1,gate=1,ffu=1,qyaw=1,obs=1,aci=1]",2,7.8589208126068115,0,0.8302250996015936,9.9806479587446,16.965863129589707,
0.16026946858442662,0.1788331634720528,0.36388603840836237,3.2423281523527923,3.2423281523527923,7644.253431320724,49.43813979721247,0.5737051792828686,-0.01572646885936002,1.0,0.025896414342629483,obsx_stress,payload,"nmpc+learned[model=gdn_mix2,filt=1,gate=1,ffu=1,qyaw=1,obs=1,aci=1]",3,5.573449373245239,1,0.6613326693227092,6.993403207451342,16.758362208493054,
0.08576815777541424,0.09561381062170536,0.1703346129614001,10.803707121584592,10.803707121584592,6773.021804842397,28.8294446741763,0.31673306772908366,0.025571459110886652,0.0,0.0,obsx_stress,payload,"nmpc+learned[model=gdn_mix2,filt=1,gate=1,ffu=1,qyaw=1,obs=1,aci=1]",4,6.342272758483887,0,0.5438784860557769,7.993906568476107,16.58181206556037,
0.090414130456332,0.1009847794195749,0.21551387343656345,2.2724877570586117,2.2724877570586117,6985.978983801881,49.81465141654546,0.25298804780876494,0.019699942316077385,0.0,0.0,obsx_stress,payload,"nmpc+learned[model=gdn_mix2,filt=1,gate=1,ffu=1,qyaw=1,obs=1,aci=1]",5,4.439081192016602,0,0.45929880478087654,5.5390057428573,10.662419288419187,
0.1283882986911924,0.1429625072196235,0.2841950404016592,0.9891381641571769,0.9891381641571769,8456.871781264113,30.835436016632823,0.44223107569721115,0.02237340853449743,0.0,0.0,obsx_stress,payload,"nmpc+learned[model=gdn_mix2,filt=1,gate=1,ffu=1,qyaw=1,obs=1,aci=1]",6,4.727249383926392,1,0.5370039840637449,6.001412487714978,16.233204100281,
0.07263051802152423,0.08091666799147647,0.1448206944040027,1.6338407378542688,1.6338407378542688,6558.843612792945,51.49639186291291,0.13346613545816732,0.01854705538476356,0.0,0.0,obsx_stress,payload,"nmpc+learned[model=gdn_mix2,filt=1,gate=1,ffu=1,qyaw=1,obs=1,aci=1]",7,3.069974422454834,0,0.3093306772908367,3.868220384655691,5.653606906998905,
0.13635994020520045,0.15233249209009253,0.7478443697111711,6.985866493781143,6.985866493781143,6938.647539973856,139.61398040322928,0.36254980079681276,0.02824455260662717,0.0,0.0,obsx_stress,payload,"nmpc+learned[model=gdn_mix2,filt=1,gate=1,ffu=1,qyaw=1,obs=1,aci=1]",8,6.604326486587524,0,0.6420139442231075,8.366184274803299,16.620606493670493,
0.07490182033029874,0.08351932017741762,0.1502046159356392,3.5030564268596796,3.5030564268596796,5545.002521443057,32.39928798259598,0.25697211155378485,0.023795371439703228,0.0,0.0,obsx_stress,payload,"nmpc+learned[model=gdn_mix2,filt=1,gate=1,ffu=1,qyaw=1,obs=1,aci=1]",9,7.357161283493042,0,0.8368187250996015,9.532500948920193,19.359476719982926,
0.06744390962868871,0.07481573533456082,0.10716429543755586,1.5181606040988016,1.5181606040988016,6526.7067314011465,23.742304071269125,0.061752988047808766,0.010843755772764613,0.0,0.0,obsx_stress,payload,"nmpc+learned[model=gdn_mix2,filt=1,gate=1,ffu=1,qyaw=1,obs=1,aci=1]",10,6.571820259094238,1,0.7023605577689244,8.229574257697154,16.62148555740714,
0.07140052916932743,0.07964990985587542,0.1323057634565329,0.7408749759154096,0.7408749759154095,6667.793280252835,19.932200751415937,0.1593625498007968,0.022430327189743665,0.0,0.0,obsx_stress,payload,"nmpc+learned[model=gdn_mix2,filt=1,gate=1,ffu=1,qyaw=1,obs=1,aci=1]",11,3.712864875793457,1,0.3834721115537848,4.6023077037430316,15.533583974465733,
0.08457159172606175,0.09418169573540416,0.15870342696795078,5.258485930355146,5.258485930355146,5496.4234489515775,17.808969163608733,0.2729083665338645,0.02034788388665698,0.0,0.0,obsx_stress,payload,"nmpc+learned[model=gdn_mix2,filt=1,gate=1,ffu=1,qyaw=1,obs=1,aci=1]",12,3.67128586769104,0,0.38257370517928285,4.620921016073382,16.19769930141047,
0.09137078257081686,0.10201865971780756,0.1544367821637989,3.1618492721120663,3.1618492721120663,7243.470472145851,53.72492582429157,0.4442231075697211,0.012810261365363451,0.0,0.0,obsx_stress,payload,"nmpc+learned[model=gdn_mix2,filt=1,gate=1,ffu=1,qyaw=1,obs=1,aci=1]",13,6.575673341751099,0,0.6695398406374502,8.225870545975775,16.480897206347436,
0.10642452349240193,0.11881105127446188,0.2700225857491041,2.2204240159618105,2.2204240159618105,5623.537259980613,44.014593933037325,0.46613545816733065,-0.015170587676450714,1.0,0.025896414342629483,obsx_stress,payload,"nmpc+learned[model=gdn_mix2,filt=1,gate=1,ffu=1,qyaw=1,obs=1,aci=1]",14,6.194694995880127,0,0.6783964143426295,7.842651202873998,16.370641600806266,
0.18292296102221034,0.20429641198924603,0.33885153348069147,5.776797397884587,5.776797397884587,6640.944761259743,40.97395344647396,0.7051792828685259,-0.010248213625697111,1.0,0.013944223107569721,obsx_stress,payload,"nmpc+learned[model=gdn_mix2,filt=1,gate=1,ffu=1,qyaw=1,obs=1,aci=1]",15,6.102508544921875,3,0.677488047808765,7.7675233647947115,16.754526130389422,
0.04647510208135514,0.05174112597446818,0.11968307284022658,1.1106126704868298,1.1106126704868298,5554.801154491378,24.413888918619328,0.06573705179282868,0.023341553318419916,0.0,0.0,obsx_stress,payload,"nmpc+learned[model=gdn_mix2,filt=1,gate=1,ffu=1,qyaw=1,obs=1,aci=1]",16,4.304596185684204,0,0.3977948207171315,5.489626663748131,16.33059511892498,
0.05938437245873165,0.06628942353272135,0.16310396388082787,6.840345254939913,6.840345254939914,5744.171067244574,48.001689468584665,0.10358565737051793,0.02562395757972269,0.0,0.0,obsx_stress,payload,"nmpc+learned[model=gdn_mix2,filt=1,gate=1,ffu=1,qyaw=1,obs=1,aci=1]",17,7.484517812728882,0,0.7557589641434264,9.477974782026266,17.0930523541756,
0.1525920067902701,0.17040659706569536,0.3555985822689128,10.23101441253046,10.23101441253046,7820.529276790287,67.25992894590708,0.5278884462151394,0.023411004204682756,0.0,0.0,obsx_stress,payload,"nmpc+learned[model=gdn_mix2,filt=1,gate=1,ffu=1,qyaw=1,obs=1,aci=1]",18,4.336514234542847,10,0.4905577689243028,5.4602159875485885,10.436055490281433,
0.1096084781066008,0.1222911781885136,0.19404430114143809,3.4611006774358017,3.4611006774358017,7776.983158838231,35.75360528954427,0.4800796812749004,0.019928254297228415,0.0,0.0,obsx_stress,payload,"nmpc+learned[model=gdn_mix2,filt=1,gate=1,ffu=1,qyaw=1,obs=1,aci=1]",19,5.614098310470581,0,0.5758306772908365,7.127818941839959,16.851436984725296,
0.11223374023264526,0.1252355296613296,0.2529703880669146,1.0586726880696575,1.0586726880696575,6055.178717485735,28.71916178908077,0.350597609561753,0.029145150889467453,0.0,0.0,obsx_stress,payload,"nmpc+learned[model=gdn_mix2,filt=1,gate=1,ffu=1,qyaw=1,obs=1,aci=2,aci_alpha=0.02]",0,6.10874342918396,0,0.6196812749003984,7.716023282006947,16.99725218815729,
0.06629708843913135,0.07395910092435952,0.1312642459295115,1.0478961854444004,1.0478961854444004,6412.8123217015145,34.076493117426914,0.17330677290836655,0.027207685589378694,0.0,0.0,obsx_stress,payload,"nmpc+learned[model=gdn_mix2,filt=1,gate=1,ffu=1,qyaw=1,obs=1,aci=2,aci_alpha=0.02]",1,6.010683059692383,0,0.6096015936254979,7.613379911768187,13.314200085587801,
0.09529795720470306,0.10645632561787123,0.22415503245485482,2.5729276227922804,2.5729276227922804,5833.567677806266,43.95266434118056,0.350597609561753,0.04190219818152546,0.0,0.0,obsx_stress,payload,"nmpc+learned[model=gdn_mix2,filt=1,gate=1,ffu=1,qyaw=1,obs=1,aci=2,aci_alpha=0.02]",2,7.027329444885254,0,0.7542390438247012,8.95668268788131,16.862099135760218,
0.17984876262066438,0.2007421351154206,0.3971781022133861,5.093135183419582,5.093135183419582,8351.727791684843,53.57258218246826,0.599601593625498,-0.004990437495535405,1.0,0.013944223107569721,obsx_stress,payload,"nmpc+learned[model=gdn_mix2,filt=1,gate=1,ffu=1,qyaw=1,obs=1,aci=2,aci_alpha=0.02]",3,7.365273952484131,1,0.8128187250996016,9.379001788375714,16.89347989624366,
0.09265733493283261,0.10332946315341572,0.17819726790531473,10.845456781536377,10.845456781536377,7039.613395467074,35.800906921088256,0.36254980079681276,0.03362884480498618,0.0,0.0,obsx_stress,payload,"nmpc+learned[model=gdn_mix2,filt=1,gate=1,ffu=1,qyaw=1,obs=1,aci=2,aci_alpha=0.02]",4,5.347607135772705,0,0.5275438247011951,6.785263232256015,16.93649774184451,
0.09787206822545409,0.1093074606001436,0.23500109965063873,2.2500124423264993,2.2500124423264993,7043.748793997022,50.538149988695295,0.3247011952191235,0.029228720504212574,0.0,0.0,obsx_stress,payload,"nmpc+learned[model=gdn_mix2,filt=1,gate=1,ffu=1,qyaw=1,obs=1,aci=2,aci_alpha=0.02]",5,5.78824782371521,0,0.6346274900398406,7.420254449649487,16.38382642529905,
0.13882683149577735,0.15457812072228566,0.3027931539780596,1.0240205360817571,1.0240205360817571,8681.079291062371,31.974104721652886,0.5159362549800797,0.028741614967752738,0.0,0.0,obsx_stress,payload,"nmpc+learned[model=gdn_mix2,filt=1,gate=1,ffu=1,qyaw=1,obs=1,aci=2,aci_alpha=0.02]",6,4.83584189414978,1,0.5354820717131473,6.156910918615907,11.0417391336523,
0.07895759235371123,0.08800685493456292,0.15813573888902158,1.6704379300904673,1.6704379300904673,6568.247134676265,53.68161413145001,0.19123505976095617,0.023161894865175198,0.0,0.0,obsx_stress,payload,"nmpc+learned[model=gdn_mix2,filt=1,gate=1,ffu=1,qyaw=1,obs=1,aci=2,aci_alpha=0.02]",7,6.308801651000977,0,0.6081713147410359,8.06337752726404,16.60502530867234,
0.1389836339368953,0.15526529276051057,0.7501286908369923,7.070563268944651,7.070563268944651,7003.478324997286,140.77774672528304,0.3944223107569721,0.03458073788055982,0.0,0.0,obsx_stress,payload,"nmpc+learned[model=gdn_mix2,filt=1,gate=1,ffu=1,qyaw=1,obs=1,aci=2,aci_alpha=0.02]",8,5.514716148376465,0,0.6128804780876494,6.966559797992923,16.739254624117166,
0.07168472710061218,0.07991611322610324,0.1313552847781949,1.1027127435268285,1.1027127435268285,5098.778767529229,19.836259913044128,0.21314741035856574,0.029962420366561493,0.0,0.0,obsx_stress,payload,"nmpc+learned[model=gdn_mix2,filt=1,gate=1,ffu=1,qyaw=1,obs=1,aci=2,aci_alpha=0.02]",9,4.0000059604644775,0,0.39643824701195224,5.010893086038263,11.186850683297962,
0.07949278664576846,0.08836357205867029,0.12440275883407884,1.768235813436255,1.768235813436255,6903.353173927268,24.581172036479582,0.23705179282868527,0.024021009044061764,0.0,0.0,obsx_stress,payload,"nmpc+learned[model=gdn_mix2,filt=1,gate=1,ffu=1,qyaw=1,obs=1,aci=2,aci_alpha=0.02]",10,5.995837211608887,1,0.7160378486055777,7.649724069793534,13.159390543587506,
0.08681149038504782,0.09685506903081154,0.15176021875388987,0.8097929501056051,0.8097929501056051,7175.76015643978,19.495652112733307,0.3466135458167331,0.03809746908882697,0.0,0.0,obsx_stress,payload,"nmpc+learned[model=gdn_mix2,filt=1,gate=1,ffu=1,qyaw=1,obs=1,aci=2,aci_alpha=0.02]",11,4.518200159072876,1,0.4720498007968127,5.557768719838524,12.176717345137153,
0.09010492554194875,0.10038596490372127,0.15961240376428673,5.230569035548764,5.230569035548764,5493.727346212369,17.68859367502096,0.3286852589641434,0.029649489127384188,0.0,0.0,obsx_stress,payload,"nmpc+learned[model=gdn_mix2,filt=1,gate=1,ffu=1,qyaw=1,obs=1,aci=2,aci_alpha=0.02]",12,3.243386745452881,0,0.33879282868525895,4.1080507439602005,10.355131942778826,
0.09966088578251277,0.11128983555006294,0.16151424433973918,2.9548989453713195,2.95489894537132,7646.422646091759,53.29743933224993,0.5258964143426295,0.023688179532432185,0.0,0.0,obsx_stress,payload,"nmpc+learned[model=gdn_mix2,filt=1,gate=1,ffu=1,qyaw=1,obs=1,aci=2,aci_alpha=0.02]",13,6.81309700012207,0,0.7610378486055778,8.643244108392958,16.902473736554384,
0.12169472804033322,0.1358897267120089,0.26851181582115563,2.2531434070868506,2.2531434070868506,6055.872071876694,35.678166817071784,0.5537848605577689,-0.010665294041871026,1.0,0.021912350597609563,obsx_stress,payload,"nmpc+learned[model=gdn_mix2,filt=1,gate=1,ffu=1,qyaw=1,obs=1,aci=2,aci_alpha=0.02]",14,5.98438572883606,0,0.6242529880478088,7.446553520542899,16.785918404348195,
0.19833778299298926,0.22151336309129552,0.38843006123358553,4.954618168176353,4.954618168176353,7190.27797751646,41.73202583424385,0.7549800796812749,-0.015457900550434278,1.0,0.01593625498007968,obsx_stress,payload,"nmpc+learned[model=gdn_mix2,filt=1,gate=1,ffu=1,qyaw=1,obs=1,aci=2,aci_alpha=0.02]",15,5.572659015655518,3,0.6396454183266933,7.0770397133924865,16.2319472967647,
0.05028740000358961,0.056016021461788926,0.12326307955538846,1.2064013595243959,1.2064013595243959,5613.225485238963,24.988335319801315,0.07370517928286853,0.02708749193347143,0.0,0.0,obsx_stress,payload,"nmpc+learned[model=gdn_mix2,filt=1,gate=1,ffu=1,qyaw=1,obs=1,aci=2,aci_alpha=0.02]",16,5.1468493938446045,0,0.6165199203187252,6.612609987020997,16.875408859923485,
0.06211251817145467,0.06934119939232265,0.16684743152135414,6.659758484892759,6.659758484892759,5590.483497763395,47.74151435409828,0.1254980079681275,0.03444049054593756,0.0,0.0,obsx_stress,payload,"nmpc+learned[model=gdn_mix2,filt=1,gate=1,ffu=1,qyaw=1,obs=1,aci=2,aci_alpha=0.02]",17,4.2320029735565186,0,0.4698585657370518,5.445158147564774,17.073036185465757,
0.17056948153769547,0.19050777216707024,0.39058617856336625,10.731718048641188,10.731718048641188,8300.242220935297,67.99189470394391,0.5896414342629482,0.028339132319503635,0.0,0.0,obsx_stress,payload,"nmpc+learned[model=gdn_mix2,filt=1,gate=1,ffu=1,qyaw=1,obs=1,aci=2,aci_alpha=0.02]",18,7.009281635284424,12,0.7706394422310756,8.926016121334674,16.785138486884534,
0.11312594468946773,0.12618923262601917,0.19732562097993667,3.681778474972986,3.681778474972986,7936.614534755408,35.48599712326581,0.50199203187251,0.025424004699826808,0.0,0.0,obsx_stress,payload,"nmpc+learned[model=gdn_mix2,filt=1,gate=1,ffu=1,qyaw=1,obs=1,aci=2,aci_alpha=0.02]",19,5.287010192871094,0,0.5573884462151394,6.723655194352081,16.9510568282567,
0.10569902918063459,0.1179346096426894,0.24264956845777647,1.1595605102008613,1.1595605102008613,5930.8705035694065,27.95836753034422,0.33665338645418325,0.01964461209323387,0.0,0.0,obsx_stress,payload,"nmpc+learned[model=gdn_mix2,filt=1,gate=1,ffu=1,qyaw=1,obs=1,aci=2]",0,4.061953783035278,0,0.440191235059761,5.162510863204758,14.594082911498862,
0.06020973045610572,0.06714380887054631,0.12759168909170848,0.8730832986967114,0.8730832986967114,6238.192113190675,34.874832330750245,0.09362549800796813,0.022049588794152752,0.0,0.0,obsx_stress,payload,"nmpc+learned[model=gdn_mix2,filt=1,gate=1,ffu=1,qyaw=1,obs=1,aci=2]",1,6.695272207260132,0,0.6602968127490041,8.563822865823795,16.654324510600418,
0.08688983325888086,0.09705685268412959,0.2139404125470506,2.423323103681963,2.423323103681963,5756.996775680096,43.54372090763539,0.1952191235059761,0.02739581700523902,0.0,0.0,obsx_stress,payload,"nmpc+learned[model=gdn_mix2,filt=1,gate=1,ffu=1,qyaw=1,obs=1,aci=2]",2,5.7028117179870605,0,0.6047131474103585,7.261135398347182,16.73832535278052,
0.1669678273592195,0.186329633091484,0.3738762641571786,4.555609074788117,4.555609074788117,8125.637206124655,52.594935689262506,0.5677290836653387,-0.007866589277233715,1.0,0.01593625498007968,obsx_stress,payload,"nmpc+learned[model=gdn_mix2,filt=1,gate=1,ffu=1,qyaw=1,obs=1,aci=2]",3,5.407641172409058,1,0.5589840637450199,6.6346665171802455,16.519375694915652,
0.08591014160123692,0.09577285571172263,0.16940620589652322,10.723520732805552,10.723520732805552,6832.298771959905,29.769774415439215,0.30278884462151395,0.02656280108157527,0.0,0.0,obsx_stress,payload,"nmpc+learned[model=gdn_mix2,filt=1,gate=1,ffu=1,qyaw=1,obs=1,aci=2]",4,5.345190048217773,0,0.622894422310757,6.874506152606016,16.864127859007567,
0.09130840258719171,0.10197214975515373,0.21464128930624807,2.2482363723307435,2.2482363723307435,6987.513215436537,49.133369123851544,0.27091633466135456,0.020793688967542495,0.0,0.0,obsx_stress,payload,"nmpc+learned[model=gdn_mix2,filt=1,gate=1,ffu=1,qyaw=1,obs=1,aci=2]",5,6.675338268280029,0,0.6915258964143425,8.437152852237492,16.84056355850771,
0.12801459944696117,0.1424937011279171,0.28559505257737516,0.996391672782201,0.996391672782201,8394.148942873142,31.67406231119238,0.4681274900398406,0.02304442620159869,0.0,0.0,obsx_stress,payload,"nmpc+learned[model=gdn_mix2,filt=1,gate=1,ffu=1,qyaw=1,obs=1,aci=2]",6,5.9919114112854,1,0.6302609561752988,7.611428566492234,18.35266352863983,
0.07478769572414944,0.0833343946444646,0.1483159769076556,1.70888171803362,1.7088817180336198,6644.5543062297065,51.96288996802141,0.15139442231075698,0.019423705265732533,0.0,0.0,obsx_stress,payload,"nmpc+learned[model=gdn_mix2,filt=1,gate=1,ffu=1,qyaw=1,obs=1,aci=2]",7,6.294671535491943,0,0.5262470119521911,8.15324184709262,16.651243281085044,
0.13671933781103163,0.15273423365500438,0.7476567173597298,7.104699401327899,7.104699401327899,7001.330893274311,139.83367542942048,0.3565737051792829,0.02697873638718068,0.0,0.0,obsx_stress,payload,"nmpc+learned[model=gdn_mix2,filt=1,gate=1,ffu=1,qyaw=1,obs=1,aci=2]",8,5.025006532669067,0,0.5131394422310757,6.2974435861678835,16.602588242385536,
0.07410377371934654,0.0826255589117276,0.1473635174494099,3.4688011278489617,3.4688011278489617,5559.611777347427,31.524179356458205,0.24900398406374502,0.025361481287993703,0.0,0.0,obsx_stress,payload,"nmpc+learned[model=gdn_mix2,filt=1,gate=1,ffu=1,qyaw=1,obs=1,aci=2]",9,7.309369802474976,0,0.7611992031872511,9.336332957987558,16.827329616062343,
0.06766642987302682,0.07506431002492031,0.107896175610949,1.5871726612548476,1.5871726612548478,6568.236709584453,24.24715301641739,0.05776892430278884,0.013609415819560045,0.0,0.0,obsx_stress,payload,"nmpc+learned[model=gdn_mix2,filt=1,gate=1,ffu=1,qyaw=1,obs=1,aci=2]",10,6.84185528755188,1,0.6962749003984064,8.657044993130956,16.72616115072742,
0.07239959957716394,0.08073481895084085,0.132538404417616,0.82751535643947,0.82751535643947,6605.360704230385,19.987485621706245,0.1693227091633466,0.024588720221491,0.0,0.0,obsx_stress,payload,"nmpc+learned[model=gdn_mix2,filt=1,gate=1,ffu=1,qyaw=1,obs=1,aci=2]",11,6.8640453815460205,1,0.7239322709163346,8.73989781153303,16.850987307261676,
0.08462079007512745,0.0942372200326522,0.156385119951096,5.244848736667392,5.244848736667392,5531.966701007008,17.721644417689923,0.25697211155378485,0.019047289205874784,0.0,0.0,obsx_stress,payload,"nmpc+learned[model=gdn_mix2,filt=1,gate=1,ffu=1,qyaw=1,obs=1,aci=2]",12,6.877381324768066,0,0.6538366533864541,8.637949787692513,16.82703561615199,
0.09149697717493911,0.10215979826830647,0.1549990272875298,3.470714813425796,3.470714813425796,7230.305945848086,55.9415777824624,0.4900398406374502,0.015734891633675252,0.0,0.0,obsx_stress,payload,"nmpc+learned[model=gdn_mix2,filt=1,gate=1,ffu=1,qyaw=1,obs=1,aci=2]",13,3.0096216201782227,0,0.3394003984063745,3.766180627860604,10.192822488024833,
0.11608816306624903,0.12961961437007197,0.29097721531757165,2.2240271562025655,2.2240271562025655,5784.665859299929,44.77415261052067,0.5537848605577689,-0.011335177862680651,1.0,0.021912350597609563,obsx_stress,payload,"nmpc+learned[model=gdn_mix2,filt=1,gate=1,ffu=1,qyaw=1,obs=1,aci=2]",14,3.525566816329956,0,0.35865338645418327,4.419936264672157,10.67718325648457,
0.17925966676187072,0.20018840781125558,0.34514315880992386,4.873565019368015,4.873565019368016,6939.154632130479,37.681139751041705,0.7131474103585658,-0.008165518972330477,1.0,0.01195219123505976,obsx_stress,payload,"nmpc+learned[model=gdn_mix2,filt=1,gate=1,ffu=1,qyaw=1,obs=1,aci=2]",15,7.045241594314575,2,0.7571733067729084,8.984798900374912,16.895201755687594,
0.04650933262054899,0.051779520980065434,0.11644703498968823,1.1035237063190895,1.1035237063190897,5590.104205860329,24.27238802313523,0.05976095617529881,0.02151846408840946,0.0,0.0,obsx_stress,payload,"nmpc+learned[model=gdn_mix2,filt=1,gate=1,ffu=1,qyaw=1,obs=1,aci=2]",16,4.143893480300903,0,0.4488625498007969,5.309984031823497,10.800166870467365,
0.059411509508647084,0.06631978116917622,0.1627450539386665,6.8648476718429015,6.8648476718429015,5752.111570522878,47.90507586797848,0.09760956175298804,0.0292959391342954,0.0,0.0,obsx_stress,payload,"nmpc+learned[model=gdn_mix2,filt=1,gate=1,ffu=1,qyaw=1,obs=1,aci=2]",17,5.892667055130005,0,0.5947908366533865,7.455957235779569,16.633271700702608,
0.14957268837045395,0.16703031419938752,0.353571374401481,9.915595134182006,9.915595134182006,7903.718871398294,66.76048218137478,0.5398406374501992,0.02058529783287072,0.0,0.0,obsx_stress,payload,"nmpc+learned[model=gdn_mix2,filt=1,gate=1,ffu=1,qyaw=1,obs=1,aci=2]",18,7.44894003868103,9,0.8292270916334661,9.54033120162414,17.80166710028425,
0.10963693553371705,0.12229109927578341,0.19300900445342412,3.723749741125712,3.723749741125712,7919.508371497722,36.51703694323792,0.48804780876494025,0.016697080939570313,0.0,0.0,obsx_stress,payload,"nmpc+learned[model=gdn_mix2,filt=1,gate=1,ffu=1,qyaw=1,obs=1,aci=2]",19,6.311532020568848,0,0.6616772908366534,7.971557871108334,16.787728883791715,
0.11493556949348473,0.12828435089558252,0.23880411415271457,2.210195324843926,2.210195324843926,8963.759339904627,30.899226022854148,0.4262948207171315,0.01969498001838932,0.0,0.0,obsx_stress,rotoreff,"nmpc+kf[r_v=0.15,r_w=0.15,q_F=10,q_tau=1,filt=1,gate=1,ffu=1,qyaw=1,obs=1,aci=1]",0,5.821268320083618,9,0.62600796812749,6.110546064555675,9.398804472293707,
0.0741504551370804,0.08268698866262439,0.15215058837322518,1.8985872806630182,1.8985872806630182,9269.069118524147,36.46642283229817,0.2250996015936255,0.025615968463942485,0.0,0.0,obsx_stress,rotoreff,"nmpc+kf[r_v=0.15,r_w=0.15,q_F=10,q_tau=1,filt=1,gate=1,ffu=1,qyaw=1,obs=1,aci=1]",1,3.320268154144287,2,0.4386155378486056,3.4870603868544876,8.509572001639759,
0.09183596380073046,0.10251421099687627,0.1894181067167035,3.2027266063406707,3.2027266063406707,9333.836704193658,39.36855326517163,0.26294820717131473,0.027545008214551248,0.0,0.0,obsx_stress,rotoreff,"nmpc+kf[r_v=0.15,r_w=0.15,q_F=10,q_tau=1,filt=1,gate=1,ffu=1,qyaw=1,obs=1,aci=1]",2,5.265289068222046,5,0.5908486055776891,5.5692790027900765,10.102662122808399,
0.14595943338434078,0.16271739860426748,0.36626826667713247,1.3959866190126902,1.3959866190126902,10600.190536390375,38.418003973428924,0.5159362549800797,0.01895882133617499,0.0,0.0,obsx_stress,rotoreff,"nmpc+kf[r_v=0.15,r_w=0.15,q_F=10,q_tau=1,filt=1,gate=1,ffu=1,qyaw=1,obs=1,aci=1]",3,3.2464070320129395,4,0.4584760956175299,3.4940107373068057,11.114681409671904,
0.09385701589788734,0.10480862868002754,0.1732323100685205,2.9025051797762225,2.9025051797762225,10246.16300099287,30.834149672255137,0.3665338645418327,0.025898440078746976,0.0,0.0,obsx_stress,rotoreff,"nmpc+kf[r_v=0.15,r_w=0.15,q_F=10,q_tau=1,filt=1,gate=1,ffu=1,qyaw=1,obs=1,aci=1]",4,5.966428518295288,12,0.677203187250996,6.303052551510087,10.046814186498523,
0.2837270081512502,0.3170131880570628,1.242809258911099,13.756015598390809,13.756015598390809,8633.488324241713,178.56679987251584,0.549800796812749,-0.1396466775278033,1.0,0.03187250996015936,obsx_stress,rotoreff,"nmpc+kf[r_v=0.15,r_w=0.15,q_F=10,q_tau=1,filt=1,gate=1,ffu=1,qyaw=1,obs=1,aci=1]",5,3.826969623565674,29,0.5306274900398408,4.139708720548338,8.832985388580713,
0.1284598803465011,0.14304090923271937,0.2928063711074423,2.1562463023083156,2.1562463023083156,10192.398538050847,30.814065503750108,0.4601593625498008,0.02587963199785509,0.0,0.0,obsx_stress,rotoreff,"nmpc+kf[r_v=0.15,r_w=0.15,q_F=10,q_tau=1,filt=1,gate=1,ffu=1,qyaw=1,obs=1,aci=1]",6,6.257435083389282,8,0.7169382470119521,6.673476226494251,11.08061232371256,
0.07627340874204878,0.08487747494355889,0.15803066512733693,2.212299182934106,2.212299182934106,9508.327075410818,51.02589008191985,0.1553784860557769,0.018218597075975507,0.0,0.0,obsx_stress,rotoreff,"nmpc+kf[r_v=0.15,r_w=0.15,q_F=10,q_tau=1,filt=1,gate=1,ffu=1,qyaw=1,obs=1,aci=1]",7,4.027156829833984,6,0.5373067729083665,4.360527815890918,9.076163072604686,
0.1591336752934575,0.17778690225016985,1.0332617981823313,3.455844584012247,3.455844584012247,9776.741473900955,158.37468765833626,0.3645418326693227,0.02513671994278771,0.0,0.0,obsx_stress,rotoreff,"nmpc+kf[r_v=0.15,r_w=0.15,q_F=10,q_tau=1,filt=1,gate=1,ffu=1,qyaw=1,obs=1,aci=1]",8,5.8421502113342285,21,0.6723386454183267,6.310672598030137,11.935700131580251,
0.07594159545365368,0.08472417571717121,0.14146695419664435,2.2379565590860646,2.2379565590860646,9774.035894225572,22.478567562040826,0.2589641434262948,0.023144869610449703,0.0,0.0,obsx_stress,rotoreff,"nmpc+kf[r_v=0.15,r_w=0.15,q_F=10,q_tau=1,filt=1,gate=1,ffu=1,qyaw=1,obs=1,aci=1]",9,6.584389686584473,6,0.6886454183266932,6.936531389629342,10.093064166139811,
0.08357608255394659,0.09127219316272697,0.1311500287339094,3.2535989472045785,3.2535989472045785,8788.688028379805,29.11208092042162,0.26693227091633465,0.006469279579443404,0.0,0.0,obsx_stress,rotoreff,"nmpc+kf[r_v=0.15,r_w=0.15,q_F=10,q_tau=1,filt=1,gate=1,ffu=1,qyaw=1,obs=1,aci=1]",10,5.090589761734009,2,0.5837788844621514,5.484383566716901,9.28041183622554,
0.06914946355004264,0.0767984177484629,0.13102898979545266,2.677261376704667,2.677261376704667,8909.89270640163,17.20639353013436,0.1294820717131474,0.01577082637493865,0.0,0.0,obsx_stress,rotoreff,"nmpc+kf[r_v=0.15,r_w=0.15,q_F=10,q_tau=1,filt=1,gate=1,ffu=1,qyaw=1,obs=1,aci=1]",11,6.461592435836792,4,0.8319741035856574,6.910023569366876,10.887421679217375,
0.08442067433355012,0.09417599214043787,0.14485395995476855,1.2779461856022338,1.2779461856022338,10180.96372171025,17.227336067290928,0.31274900398406374,0.02256621320547758,0.0,0.0,obsx_stress,rotoreff,"nmpc+kf[r_v=0.15,r_w=0.15,q_F=10,q_tau=1,filt=1,gate=1,ffu=1,qyaw=1,obs=1,aci=1]",12,3.2013649940490723,7,0.3993406374501992,3.34509569071827,6.7437216895632455,
0.09135905943809465,0.10205326106336338,0.16248567667586356,2.7782528515775393,2.7782528515775393,9313.821640565822,40.612484351024065,0.3804780876494024,0.0032034845363031472,0.0,0.0,obsx_stress,rotoreff,"nmpc+kf[r_v=0.15,r_w=0.15,q_F=10,q_tau=1,filt=1,gate=1,ffu=1,qyaw=1,obs=1,aci=1]",13,2.3212249279022217,2,0.29921513944223105,2.485843355381542,3.2488650456070904,
0.11189343714902716,0.12457585228948499,0.24190555993988871,2.4480319502680827,2.4480319502680827,7919.521716412023,40.51558259270131,0.5139442231075697,0.0025458519547854608,0.0,0.0,obsx_stress,rotoreff,"nmpc+kf[r_v=0.15,r_w=0.15,q_F=10,q_tau=1,filt=1,gate=1,ffu=1,qyaw=1,obs=1,aci=1]",14,4.493474960327148,0,0.5189103585657371,4.790321466479584,9.107266396749765,
0.12458341506945418,0.1390571140206531,0.24727861041256513,1.4616931516385865,1.4616931516385865,10799.759482920588,33.21805991775886,0.5976095617529881,0.005743095239854085,0.0,0.0,obsx_stress,rotoreff,"nmpc+kf[r_v=0.15,r_w=0.15,q_F=10,q_tau=1,filt=1,gate=1,ffu=1,qyaw=1,obs=1,aci=1]",15,3.595062732696533,10,0.48419123505976097,3.810752242102299,9.122172147035599,
0.04803011579725956,0.053532277519067265,0.12265741455031197,0.7771470343445358,0.7771470343445358,9350.53137395099,24.638401831534143,0.07569721115537849,0.023102833640712306,0.0,0.0,obsx_stress,rotoreff,"nmpc+kf[r_v=0.15,r_w=0.15,q_F=10,q_tau=1,filt=1,gate=1,ffu=1,qyaw=1,obs=1,aci=1]",16,5.782400846481323,1,0.7121035856573705,6.1256507062817,9.2160329897888,
0.034746813378482816,0.038771995470023426,0.0894916621604057,0.7825317573154128,0.7825317573154128,8175.321853741367,18.152430806053626,0.0,0.004994373651087125,0.0,0.0,obsx_stress,rotoreff,"nmpc+kf[r_v=0.15,r_w=0.15,q_F=10,q_tau=1,filt=1,gate=1,ffu=1,qyaw=1,obs=1,aci=1]",17,3.4250502586364746,0,0.39800398406374504,3.6608473183512986,6.633750700857495,
0.08195291955399352,0.09128980599364338,0.16013597604413454,3.0950503586366933,3.0950503586366938,10319.777784789198,44.018754772312924,0.2689243027888446,0.020240093478758797,0.0,0.0,obsx_stress,rotoreff,"nmpc+kf[r_v=0.15,r_w=0.15,q_F=10,q_tau=1,filt=1,gate=1,ffu=1,qyaw=1,obs=1,aci=1]",18,3.6883037090301514,9,0.5048007968127489,3.950944591027896,7.871486705262216,
0.7920399548425786,0.8850734100107768,1.7257379459597517,41.48401466553778,41.48401466553778,8623.1654538634,170.75673781018412,0.7529880478087649,0.057071323674996066,0.0,0.0,obsx_stress,rotoreff,"nmpc+kf[r_v=0.15,r_w=0.15,q_F=10,q_tau=1,filt=1,gate=1,ffu=1,qyaw=1,obs=1,aci=1]",19,6.351104021072388,48,0.750788844621514,6.892164413579758,15.14220783021303,
0.12257329188961112,0.13680493076499675,0.2518319481771469,2.7223638053037,2.7223638053037,9228.805979865514,30.79642411256647,0.4601593625498008,0.033500813652100336,0.0,0.0,obsx_stress,rotoreff,"nmpc+kf[r_v=0.15,r_w=0.15,q_F=10,q_tau=1,filt=1,gate=1,ffu=1,qyaw=1,obs=1,aci=2,aci_alpha=0.02]",0,5.033238410949707,11,0.6845756972111553,5.404017955172376,8.99785221554339,
0.07643381784347544,0.08524381844097226,0.15705775147589626,1.8946272393301438,1.8946272393301438,9128.59225051773,37.89179420459925,0.2350597609561753,0.02794525555511085,0.0,0.0,obsx_stress,rotoreff,"nmpc+kf[r_v=0.15,r_w=0.15,q_F=10,q_tau=1,filt=1,gate=1,ffu=1,qyaw=1,obs=1,aci=2,aci_alpha=0.02]",1,4.039416313171387,2,0.4479382470119522,4.273331407791531,6.8741954327561015,
0.1014849150358955,0.11330720649819671,0.21727526058644647,2.9806910389659325,2.9806910389659325,9366.119662289791,44.33246124524737,0.4043824701195219,0.04480309164677232,0.0,0.0,obsx_stress,rotoreff,"nmpc+kf[r_v=0.15,r_w=0.15,q_F=10,q_tau=1,filt=1,gate=1,ffu=1,qyaw=1,obs=1,aci=2,aci_alpha=0.02]",2,3.26042103767395,4,0.461695219123506,3.5054110601893163,5.856177248060703,
0.1669452506032902,0.1862288884469957,0.40472772477770574,1.7358647732373393,1.7358647732373393,11062.923162987398,36.03627178454858,0.6852589641434262,0.029285068469831255,0.0,0.0,obsx_stress,rotoreff,"nmpc+kf[r_v=0.15,r_w=0.15,q_F=10,q_tau=1,filt=1,gate=1,ffu=1,qyaw=1,obs=1,aci=2,aci_alpha=0.02]",3,6.11002779006958,4,0.7375059760956175,6.471430982066044,10.239304297138007,
0.10327495110642407,0.11533975731095027,0.2098529119081662,3.0864984078831323,3.0864984078831323,10366.323626804045,37.27135702087566,0.43824701195219123,0.03597587163069815,0.0,0.0,obsx_stress,rotoreff,"nmpc+kf[r_v=0.15,r_w=0.15,q_F=10,q_tau=1,filt=1,gate=1,ffu=1,qyaw=1,obs=1,aci=2,aci_alpha=0.02]",4,4.8286378383636475,16,0.6576274900398407,5.237121770874526,13.054249114356937,
inf,inf,inf,,,,,,-inf,1.0,,obsx_stress,rotoreff,"nmpc+kf[r_v=0.15,r_w=0.15,q_F=10,q_tau=1,filt=1,gate=1,ffu=1,qyaw=1,obs=1,aci=2,aci_alpha=0.02]",5,3.5145201683044434,160,0.47433133732534927,3.9035054239743725,9.08990204334259,RuntimeError('diverged')
0.1389595575614965,0.15476803588832186,0.31216671319814454,2.0413307026648635,2.0413307026648635,10268.063017982706,31.141776169436834,0.5318725099601593,0.0326214031237585,0.0,0.0,obsx_stress,rotoreff,"nmpc+kf[r_v=0.15,r_w=0.15,q_F=10,q_tau=1,filt=1,gate=1,ffu=1,qyaw=1,obs=1,aci=2,aci_alpha=0.02]",6,4.530251979827881,8,0.5254243027888446,4.834386828982557,9.12200667662546,
0.0833415551951344,0.09280641340628104,0.17304069789666057,2.2229962261449034,2.222996226144904,9533.909202754261,52.409161288805734,0.23904382470119523,0.02367578019392297,0.0,0.0,obsx_stress,rotoreff,"nmpc+kf[r_v=0.15,r_w=0.15,q_F=10,q_tau=1,filt=1,gate=1,ffu=1,qyaw=1,obs=1,aci=2,aci_alpha=0.02]",7,4.4429426193237305,8,0.5477709163346615,4.992458559350069,9.11090235458687,
0.16113254102598684,0.1800211040105853,1.0358721523766876,2.3858310716966282,2.3858310716966282,9875.480664580276,159.37286229789228,0.4163346613545817,0.03251939130747744,0.0,0.0,obsx_stress,rotoreff,"nmpc+kf[r_v=0.15,r_w=0.15,q_F=10,q_tau=1,filt=1,gate=1,ffu=1,qyaw=1,obs=1,aci=2,aci_alpha=0.02]",8,5.903454303741455,22,0.6830637450199204,6.3166834888942685,11.147315544076266,
0.08478757120029679,0.09462386286716673,0.1587691887491799,2.202134288189119,2.202134288189119,9811.4592537988,22.993769791405537,0.2968127490039841,0.03165729826350783,0.0,0.0,obsx_stress,rotoreff,"nmpc+kf[r_v=0.15,r_w=0.15,q_F=10,q_tau=1,filt=1,gate=1,ffu=1,qyaw=1,obs=1,aci=2,aci_alpha=0.02]",9,4.705432415008545,6,0.5528067729083666,4.994453725950474,12.929265210405001,
0.09948972933354451,0.10939928381385831,0.14553110526161184,3.978031568610164,3.978031568610164,9124.788241239447,29.895837343406118,0.5059760956175299,0.01814784193655944,0.0,0.0,obsx_stress,rotoreff,"nmpc+kf[r_v=0.15,r_w=0.15,q_F=10,q_tau=1,filt=1,gate=1,ffu=1,qyaw=1,obs=1,aci=2,aci_alpha=0.02]",10,4.305488109588623,6,0.5917868525896415,4.630804402323299,11.319887479767207,
0.08356838385697728,0.0929098207746041,0.15246763333212585,2.5725016916669583,2.572501691666958,9158.758086726051,19.735553449732652,0.31673306772908366,0.03867594848275169,0.0,0.0,obsx_stress,rotoreff,"nmpc+kf[r_v=0.15,r_w=0.15,q_F=10,q_tau=1,filt=1,gate=1,ffu=1,qyaw=1,obs=1,aci=2,aci_alpha=0.02]",11,6.122495412826538,4,0.645199203187251,6.508126401294216,10.956875348929325,
0.09103125911576153,0.1015756876854183,0.15478445491490872,1.3423234272242044,1.3423234272242044,10220.729637619906,17.219258392791442,0.3804780876494024,0.028289890050460342,0.0,0.0,obsx_stress,rotoreff,"nmpc+kf[r_v=0.15,r_w=0.15,q_F=10,q_tau=1,filt=1,gate=1,ffu=1,qyaw=1,obs=1,aci=2,aci_alpha=0.02]",12,3.5295815467834473,7,0.4405796812749004,3.724705292453685,6.172747758682817,
0.11076334275437144,0.12374384986514086,0.2180098643029344,2.916455390913084,2.916455390913084,9152.80834281889,41.02477706504636,0.48804780876494025,0.0031342598152042656,0.0,0.0,obsx_stress,rotoreff,"nmpc+kf[r_v=0.15,r_w=0.15,q_F=10,q_tau=1,filt=1,gate=1,ffu=1,qyaw=1,obs=1,aci=2,aci_alpha=0.02]",13,4.780175447463989,7,0.6247250996015936,5.068796159480643,9.933873368427157,
0.1254103318694844,0.1397306909386834,0.24390397986548412,2.3705869758988687,2.3705869758988687,7970.337773891309,33.54581434162193,0.5617529880478087,-0.0043715628989747235,1.0,0.01195219123505976,obsx_stress,rotoreff,"nmpc+kf[r_v=0.15,r_w=0.15,q_F=10,q_tau=1,filt=1,gate=1,ffu=1,qyaw=1,obs=1,aci=2,aci_alpha=0.02]",14,5.656853675842285,0,0.6971294820717132,6.052258341903409,9.979117237962786,
0.3234658562301551,0.36138958914489555,0.8542106736978379,13.290308887988035,13.290308887988035,10699.716513062831,141.7426860012177,0.6573705179282868,-0.1556159893355262,1.0,0.049800796812749,obsx_stress,rotoreff,"nmpc+kf[r_v=0.15,r_w=0.15,q_F=10,q_tau=1,filt=1,gate=1,ffu=1,qyaw=1,obs=1,aci=2,aci_alpha=0.02]",15,4.254141569137573,25,0.5142270916334661,4.543540120844644,9.18953513726592,
0.052293094859348695,0.058307527080134154,0.12664250147475456,0.7700243104300007,0.7700243104300009,9249.876618306933,25.425830065499486,0.08366533864541832,0.02700857209325075,0.0,0.0,obsx_stress,rotoreff,"nmpc+kf[r_v=0.15,r_w=0.15,q_F=10,q_tau=1,filt=1,gate=1,ffu=1,qyaw=1,obs=1,aci=2,aci_alpha=0.02]",16,4.706906080245972,1,0.5708167330677291,4.98840395004982,9.677537332754584,
0.04024525979173814,0.04492409516209983,0.09953246886358222,0.8001589963572696,0.8001589963572696,8291.309289557514,18.52507908127344,0.0,0.016214673824571146,0.0,0.0,obsx_stress,rotoreff,"nmpc+kf[r_v=0.15,r_w=0.15,q_F=10,q_tau=1,filt=1,gate=1,ffu=1,qyaw=1,obs=1,aci=2,aci_alpha=0.02]",17,5.775390625,0,0.6878326693227091,6.145101240502143,11.808469530660668,
0.08806357446472034,0.09813854426162101,0.13769011862350827,3.1689078143981586,3.1689078143981586,10737.325529557815,44.038706074901654,0.3784860557768924,0.03075825016757386,0.0,0.0,obsx_stress,rotoreff,"nmpc+kf[r_v=0.15,r_w=0.15,q_F=10,q_tau=1,filt=1,gate=1,ffu=1,qyaw=1,obs=1,aci=2,aci_alpha=0.02]",18,4.6902995109558105,9,0.6411513944223107,5.163839938901959,8.991837529465558,
0.9744891202725259,1.088954409334493,2.265949739740853,18.017486670358043,18.01748667035804,8619.265486907983,124.72432430281998,0.7529880478087649,0.058991464119406645,0.0,0.0,obsx_stress,rotoreff,"nmpc+kf[r_v=0.15,r_w=0.15,q_F=10,q_tau=1,filt=1,gate=1,ffu=1,qyaw=1,obs=1,aci=2,aci_alpha=0.02]",19,4.2574052810668945,65,0.4612569721115538,4.550223246187091,9.186209049075842,
0.11562316661083948,0.12903861694130142,0.23949785526730805,2.088910752794013,2.088910752794013,8981.524341825285,30.89625257565034,0.4302788844621514,0.022145009317584174,0.0,0.0,obsx_stress,rotoreff,"nmpc+kf[r_v=0.15,r_w=0.15,q_F=10,q_tau=1,filt=1,gate=1,ffu=1,qyaw=1,obs=1,aci=2]",0,3.2662465572357178,9,0.44567131474103583,3.4653705700608604,5.957976747304201,
0.07443440042301375,0.08300495820986552,0.15354631129255136,1.970506499163843,1.970506499163843,9183.250443307725,36.40135297673465,0.22709163346613545,0.02483557611314946,0.0,0.0,obsx_stress,rotoreff,"nmpc+kf[r_v=0.15,r_w=0.15,q_F=10,q_tau=1,filt=1,gate=1,ffu=1,qyaw=1,obs=1,aci=2]",1,5.987661838531494,2,0.6685856573705179,6.328675815227082,9.692665312904866,
0.09303025461710318,0.10385022331788943,0.19316922776303172,2.9212919495198735,2.9212919495198735,9348.501055422328,36.90659000175571,0.2649402390438247,0.02962097954669657,0.0,0.0,obsx_stress,rotoreff,"nmpc+kf[r_v=0.15,r_w=0.15,q_F=10,q_tau=1,filt=1,gate=1,ffu=1,qyaw=1,obs=1,aci=2]",2,3.7648537158966064,5,0.5399462151394422,4.042470397286682,8.916185258422047,
0.14902947862832513,0.16616415835644055,0.3802684520120116,1.39362877054514,1.39362877054514,10471.553907549036,36.73648094369442,0.49203187250996017,0.018668371432438657,0.0,0.0,obsx_stress,rotoreff,"nmpc+kf[r_v=0.15,r_w=0.15,q_F=10,q_tau=1,filt=1,gate=1,ffu=1,qyaw=1,obs=1,aci=2]",3,6.337444543838501,6,0.7493864541832669,6.775812127171047,11.89732619328425,
0.09402749583513971,0.1049992713389796,0.17801689627958864,2.9572841369974383,2.9572841369974383,10352.386142697012,30.882439913275967,0.3565737051792829,0.025436901451604932,0.0,0.0,obsx_stress,rotoreff,"nmpc+kf[r_v=0.15,r_w=0.15,q_F=10,q_tau=1,filt=1,gate=1,ffu=1,qyaw=1,obs=1,aci=2]",4,5.619430303573608,12,0.7218147410358565,5.973398553270595,9.903869314584886,
0.2829831916574693,0.3161786452501547,1.2502876645511458,15.229458770615775,15.229458770615775,8464.135181659349,176.3972154917506,0.545816733067729,-0.13748723819850503,1.0,0.03187250996015936,obsx_stress,rotoreff,"nmpc+kf[r_v=0.15,r_w=0.15,q_F=10,q_tau=1,filt=1,gate=1,ffu=1,qyaw=1,obs=1,aci=2]",5,5.4548280239105225,30,0.6882729083665338,5.982606443094157,10.799619022291155,
0.12786050312300154,0.14234658070613965,0.29052532977202455,2.2033635691226143,2.2033635691226143,10296.376810379781,30.967339048689592,0.46215139442231074,0.024240730225091045,0.0,0.0,obsx_stress,rotoreff,"nmpc+kf[r_v=0.15,r_w=0.15,q_F=10,q_tau=1,filt=1,gate=1,ffu=1,qyaw=1,obs=1,aci=2]",6,5.907098293304443,8,0.7355179282868528,6.329782821508903,10.04422867437825,
0.07825023573302396,0.08709565460241253,0.16203449129676667,2.2294178008396455,2.2294178008396455,9583.495294907822,50.97313868697394,0.17330677290836655,0.01873030411477758,0.0,0.0,obsx_stress,rotoreff,"nmpc+kf[r_v=0.15,r_w=0.15,q_F=10,q_tau=1,filt=1,gate=1,ffu=1,qyaw=1,obs=1,aci=2]",7,2.6541569232940674,6,0.32433466135458167,2.8367848302501133,5.851787035353482,
0.15784362474941674,0.17634496106117542,1.0303660095032166,2.264717824779948,2.264717824779948,9587.032901266537,158.54992553350388,0.36254980079681276,0.022990723613405428,0.0,0.0,obsx_stress,rotoreff,"nmpc+kf[r_v=0.15,r_w=0.15,q_F=10,q_tau=1,filt=1,gate=1,ffu=1,qyaw=1,obs=1,aci=2]",8,3.1419849395751953,24,0.39347211155378486,3.33001968762522,5.952354597393424,
0.07614673040271878,0.08495378411501502,0.14108345733438238,2.2621024173944924,2.2621024173944924,9781.065145811142,22.48865823286883,0.2589641434262948,0.022870554856439462,0.0,0.0,obsx_stress,rotoreff,"nmpc+kf[r_v=0.15,r_w=0.15,q_F=10,q_tau=1,filt=1,gate=1,ffu=1,qyaw=1,obs=1,aci=2]",9,5.512461423873901,6,0.6359382470119522,5.820610286831203,10.971005745232114,
0.08634190896998689,0.09443283080469281,0.12927249960170728,3.7087732725053715,3.7087732725053715,9035.16773094129,28.519365362060633,0.3346613545816733,0.006332821859445004,0.0,0.0,obsx_stress,rotoreff,"nmpc+kf[r_v=0.15,r_w=0.15,q_F=10,q_tau=1,filt=1,gate=1,ffu=1,qyaw=1,obs=1,aci=2]",10,3.269413948059082,6,0.5070099601593625,3.547233180606745,10.665515277069062,
0.07078347387224594,0.07856640669164207,0.135280903271787,2.564759111570654,2.564759111570654,8847.114668077174,18.364394562820706,0.1454183266932271,0.027007230277504707,0.0,0.0,obsx_stress,rotoreff,"nmpc+kf[r_v=0.15,r_w=0.15,q_F=10,q_tau=1,filt=1,gate=1,ffu=1,qyaw=1,obs=1,aci=2]",11,4.389420986175537,4,0.5963964143426295,4.691800752847615,7.804887748789042,
0.0853332878591468,0.09519777971413994,0.14484695438186276,1.2962606971754906,1.2962606971754906,10190.932468362731,17.1527536107265,0.3247011952191235,0.021587642166952192,0.0,0.0,obsx_stress,rotoreff,"nmpc+kf[r_v=0.15,r_w=0.15,q_F=10,q_tau=1,filt=1,gate=1,ffu=1,qyaw=1,obs=1,aci=2]",12,4.3220484256744385,7,0.5468525896414342,4.533079432869012,9.02981706429273,
0.09053142207549293,0.10112804326054141,0.15975039047461764,2.811774707563742,2.811774707563742,9529.293130175376,41.09951229095088,0.39641434262948205,0.004470204470576944,0.0,0.0,obsx_stress,rotoreff,"nmpc+kf[r_v=0.15,r_w=0.15,q_F=10,q_tau=1,filt=1,gate=1,ffu=1,qyaw=1,obs=1,aci=2]",13,3.9365429878234863,2,0.4990219123505976,4.225096720051896,9.019271256402135,
0.11570507605300773,0.12885056518975296,0.2552447092021862,2.440012216387031,2.440012216387031,8114.097219936923,39.98010590746789,0.5597609561752988,0.0005666281464228873,0.0,0.0,obsx_stress,rotoreff,"nmpc+kf[r_v=0.15,r_w=0.15,q_F=10,q_tau=1,filt=1,gate=1,ffu=1,qyaw=1,obs=1,aci=2]",14,3.4802939891815186,0,0.40758764940239045,3.723978940620128,6.945241435896611,
0.5504250960051974,0.6465945304040989,2.5100422813037553,16.781771729621397,16.781771729621397,9540.589652065444,169.8953068288049,0.5426997245179064,-0.1386387723157298,1.0,0.10743801652892562,obsx_stress,rotoreff,"nmpc+kf[r_v=0.15,r_w=0.15,q_F=10,q_tau=1,filt=1,gate=1,ffu=1,qyaw=1,obs=1,aci=2]",15,2.7651445865631104,80,0.5159752066115701,4.134774677578576,9.22167300246656,
0.04831596501511134,0.053852540046293085,0.12338478128151935,0.7846885433436194,0.7846885433436194,9191.75590629551,25.555877233747058,0.07569721115537849,0.024609785659044148,0.0,0.0,obsx_stress,rotoreff,"nmpc+kf[r_v=0.15,r_w=0.15,q_F=10,q_tau=1,filt=1,gate=1,ffu=1,qyaw=1,obs=1,aci=2]",16,5.051506996154785,1,0.5980219123505977,5.348879802207725,9.975915031973273,
0.036470103222800525,0.040700351585903446,0.09121935004201982,0.8547478607108531,0.8547478607108531,8297.148339977663,19.02980947545196,0.0,0.009531976999119063,0.0,0.0,obsx_stress,rotoreff,"nmpc+kf[r_v=0.15,r_w=0.15,q_F=10,q_tau=1,filt=1,gate=1,ffu=1,qyaw=1,obs=1,aci=2]",17,3.9186899662017822,0,0.44508964143426294,4.15386567940468,7.074859207496048,
0.08130718204307145,0.09056588387580494,0.1381679322754384,2.991038453622268,2.9910384536222674,10442.193800494546,44.41696379150798,0.28087649402390436,0.024616380545662647,0.0,0.0,obsx_stress,rotoreff,"nmpc+kf[r_v=0.15,r_w=0.15,q_F=10,q_tau=1,filt=1,gate=1,ffu=1,qyaw=1,obs=1,aci=2]",18,3.5373146533966064,9,0.43609960159362554,3.777603608133101,6.078858845867217,
1.8984716964441506,2.496978402564859,5.518700783032214,36.98228294833847,36.98228294833847,5850.124203955256,174.4461146992408,0.4767932489451477,0.059246289493631865,0.0,0.0,obsx_stress,rotoreff,"nmpc+kf[r_v=0.15,r_w=0.15,q_F=10,q_tau=1,filt=1,gate=1,ffu=1,qyaw=1,obs=1,aci=2]",19,1.9857280254364014,116,0.5411814345991561,4.603144412129363,9.605470886453976,
0.11147466723337036,0.12439566324410996,0.24198922806990786,2.064281119123356,2.064281119123356,6639.49559882239,25.79580452479623,0.3804780876494024,0.019856007369084494,0.0,0.0,obsx_stress,rotoreff,"nmpc+learned[model=gdn_mix2,filt=1,gate=1,ffu=1,qyaw=1,obs=1,aci=1,aci_alpha=0.02]",0,6.645350456237793,0,0.6867828685258964,8.426413195118664,17.215935892891142,
0.05992313954123583,0.06688219582187681,0.1311069137330323,1.1748919132997013,1.1748919132997013,6852.4606766497955,36.78253798975029,0.0796812749003984,0.019131720415449693,0.0,0.0,obsx_stress,rotoreff,"nmpc+learned[model=gdn_mix2,filt=1,gate=1,ffu=1,qyaw=1,obs=1,aci=1,aci_alpha=0.02]",1,7.058079957962036,0,0.8082270916334662,9.058060641660248,17.66674045938999,
0.09331397506087954,0.10421523252310348,0.21610810372984168,1.9801111125287663,1.9801111125287665,5894.381425988053,40.68595467035282,0.2788844621513944,0.04065165999707282,0.0,0.0,obsx_stress,rotoreff,"nmpc+learned[model=gdn_mix2,filt=1,gate=1,ffu=1,qyaw=1,obs=1,aci=1,aci_alpha=0.02]",2,4.960122346878052,0,0.46653187250996014,6.188269445776524,14.766021876130266,
0.15020210736440082,0.16767067848606015,0.3775522247600266,1.591501186460316,1.591501186460316,8712.713399207018,35.203159520113914,0.5079681274900398,0.019919610397438225,0.0,0.0,obsx_stress,rotoreff,"nmpc+learned[model=gdn_mix2,filt=1,gate=1,ffu=1,qyaw=1,obs=1,aci=1,aci_alpha=0.02]",3,5.935398578643799,2,0.6272689243027888,7.358499290607128,16.86275565298274,
0.07708102717424849,0.08586906380628763,0.14273188685548413,2.5529796635480415,2.5529796635480415,7678.885498195155,28.13237334701711,0.2549800796812749,0.016775882093946592,0.0,0.0,obsx_stress,rotoreff,"nmpc+learned[model=gdn_mix2,filt=1,gate=1,ffu=1,qyaw=1,obs=1,aci=1,aci_alpha=0.02]",4,4.253616094589233,0,0.3906394422310756,5.2349151314358675,10.810427695978435,
0.17650009470532096,0.1971911825123568,1.084708200850634,2.7710872380501512,2.7710872380501512,6036.755866964717,111.49714526617471,0.25697211155378485,0.021317291784188647,0.0,0.0,obsx_stress,rotoreff,"nmpc+learned[model=gdn_mix2,filt=1,gate=1,ffu=1,qyaw=1,obs=1,aci=1,aci_alpha=0.02]",5,4.588446378707886,23,0.46760159362549797,5.731652799689496,16.36477993568406,
0.13641687131823516,0.15185398203064585,0.30581257440118575,1.2202815296879055,1.2202815296879055,8198.599413104612,30.20342579745842,0.4860557768924303,0.03215670861925135,0.0,0.0,obsx_stress,rotoreff,"nmpc+learned[model=gdn_mix2,filt=1,gate=1,ffu=1,qyaw=1,obs=1,aci=1,aci_alpha=0.02]",6,7.667510032653809,1,0.8439262948207171,10.071290969065728,17.593704762402925,
0.08103814274544577,0.09020168904141226,0.1771074378767122,1.7234852561066984,1.7234852561066987,6607.692707735961,58.15911627691671,0.22709163346613545,0.021496335700157826,0.0,0.0,obsx_stress,rotoreff,"nmpc+learned[model=gdn_mix2,filt=1,gate=1,ffu=1,qyaw=1,obs=1,aci=1,aci_alpha=0.02]",7,7.4698240756988525,0,0.777187250996016,9.624704552547213,16.921028587967157,
0.12982901956602363,0.14505599852587525,0.6272707406373527,7.3746351587751215,7.3746351587751215,7860.2654298496445,134.1304821993242,0.3545816733067729,0.02990599084620399,0.0,0.0,obsx_stress,rotoreff,"nmpc+learned[model=gdn_mix2,filt=1,gate=1,ffu=1,qyaw=1,obs=1,aci=1,aci_alpha=0.02]",8,6.8054282665252686,0,0.7187490039840638,8.705401226351283,17.618353322613988,
0.06636633324025971,0.07404875975816405,0.12602667285027916,1.0590561198969326,1.0590561198969326,5492.094348947595,19.229837320919785,0.17928286852589642,0.02323461787105502,0.0,0.0,obsx_stress,rotoreff,"nmpc+learned[model=gdn_mix2,filt=1,gate=1,ffu=1,qyaw=1,obs=1,aci=1,aci_alpha=0.02]",9,7.863774061203003,0,0.9076474103585657,10.119593231493525,17.88372010923922,
0.1213933067599521,0.1353215870353291,0.19754185677444747,3.895476202127864,3.895476202127864,8045.204101974145,38.42034619726612,0.6075697211155379,-0.0005131710991519989,1.0,0.00398406374501992,obsx_stress,rotoreff,"nmpc+learned[model=gdn_mix2,filt=1,gate=1,ffu=1,qyaw=1,obs=1,aci=1,aci_alpha=0.02]",10,5.43836236000061,0,0.6540637450199203,6.883260778214531,16.45144434645772,
0.07262032316887179,0.08098855880635424,0.12806005575437507,0.8702003040969133,0.8702003040969133,6968.482136489901,16.460031002732904,0.22111553784860558,0.025718385878395672,0.0,0.0,obsx_stress,rotoreff,"nmpc+learned[model=gdn_mix2,filt=1,gate=1,ffu=1,qyaw=1,obs=1,aci=1,aci_alpha=0.02]",11,7.6844868659973145,1,0.8761474103585656,9.813930803123283,16.943258601240814,
0.08717353561960153,0.09725125994562037,0.14810047087548545,1.0587154345336791,1.0587154345336791,6815.826214122467,17.20433229072437,0.2968127490039841,0.01682480378786627,0.0,0.0,obsx_stress,rotoreff,"nmpc+learned[model=gdn_mix2,filt=1,gate=1,ffu=1,qyaw=1,obs=1,aci=1,aci_alpha=0.02]",12,7.661643028259277,0,0.7966115537848606,9.839326711427198,17.061308540869508,
0.0976283418143757,0.10898049307832046,0.15541104929512545,3.3418172947949567,3.3418172947949567,7508.5773200939275,48.81678475103067,0.49203187250996017,0.01396339350546097,0.0,0.0,obsx_stress,rotoreff,"nmpc+learned[model=gdn_mix2,filt=1,gate=1,ffu=1,qyaw=1,obs=1,aci=1,aci_alpha=0.02]",13,5.784101963043213,0,0.5829581673306773,7.249054467431696,16.711221700534225,
0.11048114357351915,0.12321385457777043,0.18216015304965533,1.4995343048105367,1.4995343048105367,5850.784534686888,33.73097181968867,0.5577689243027888,0.002966848236051367,0.0,0.0,obsx_stress,rotoreff,"nmpc+learned[model=gdn_mix2,filt=1,gate=1,ffu=1,qyaw=1,obs=1,aci=1,aci_alpha=0.02]",14,3.22485613822937,0,0.3472091633466135,4.037394537590444,5.925277597270907,
0.1329187418382232,0.14835972539020287,0.23960301535137038,1.157844823694707,1.157844823694707,8334.259386797292,25.586195706762812,0.549800796812749,0.018587763340480234,0.0,0.0,obsx_stress,rotoreff,"nmpc+learned[model=gdn_mix2,filt=1,gate=1,ffu=1,qyaw=1,obs=1,aci=1,aci_alpha=0.02]",15,3.1756093502044678,1,0.33407171314741035,3.9628699836525247,6.06869886396453,
0.05052927244392268,0.05623067461640993,0.1297275210159704,1.2265820895664614,1.2265820895664614,6308.2567433611,25.07428652911645,0.0796812749003984,0.025790898357976433,0.0,0.0,obsx_stress,rotoreff,"nmpc+learned[model=gdn_mix2,filt=1,gate=1,ffu=1,qyaw=1,obs=1,aci=1,aci_alpha=0.02]",16,4.877703666687012,0,0.4901972111553785,6.178497101655193,10.409176088869572,
0.03922685755034995,0.04372853749080578,0.08880732787405045,0.9102052175560741,0.9102052175560741,5396.664626027195,20.771500801982146,0.0,0.006251759123996337,0.0,0.0,obsx_stress,rotoreff,"nmpc+learned[model=gdn_mix2,filt=1,gate=1,ffu=1,qyaw=1,obs=1,aci=1,aci_alpha=0.02]",17,4.325932025909424,0,0.4345019920318725,5.4500680110710435,10.496229503769428,
inf,inf,inf,,,,,,-inf,1.0,,obsx_stress,rotoreff,"nmpc+learned[model=gdn_mix2,filt=1,gate=1,ffu=1,qyaw=1,obs=1,aci=1,aci_alpha=0.02]",18,6.048780679702759,159,0.7817886363636363,8.938245002751831,16.809482090175152,RuntimeError('diverged')
0.11490249526149716,0.12820243871365627,0.2081984108787156,3.275586979866776,3.2755869798667767,9271.787369696263,35.158863826198896,0.5119521912350598,0.028111066752401825,0.0,0.0,obsx_stress,rotoreff,"nmpc+learned[model=gdn_mix2,filt=1,gate=1,ffu=1,qyaw=1,obs=1,aci=1,aci_alpha=0.02]",19,7.575645446777344,0,0.7878605577689244,9.519153166065118,16.957352967001498,
0.11380498883671503,0.12698713600755582,0.24555969439416273,2.0044164613143485,2.0044164613143485,6633.192843064819,25.804839546365386,0.40239043824701193,0.02471553454272679,0.0,0.0,obsx_stress,rotoreff,"nmpc+learned[model=gdn_mix2,filt=1,gate=1,ffu=1,qyaw=1,obs=1,aci=1,obsm=0.01]",0,4.121954917907715,0,0.40003585657370516,5.15643996232935,10.634208670817316,
0.06679764511412493,0.0745726024592575,0.14165406213775192,1.3531791217247435,1.3531791217247433,7006.664757307062,40.2227354951485,0.1693227091633466,0.0247162571240106,0.0,0.0,obsx_stress,rotoreff,"nmpc+learned[model=gdn_mix2,filt=1,gate=1,ffu=1,qyaw=1,obs=1,aci=1,obsm=0.01]",1,4.194371700286865,0,0.3959262948207171,5.256744821934378,10.658079199492931,
0.09156735825309678,0.10226226220158433,0.21065867351554024,2.173159276177755,2.173159276177755,5880.526371864324,41.529115811088225,0.27091633466135456,0.03655046890353669,0.0,0.0,obsx_stress,rotoreff,"nmpc+learned[model=gdn_mix2,filt=1,gate=1,ffu=1,qyaw=1,obs=1,aci=1,obsm=0.01]",2,7.822727680206299,0,0.912980079681275,9.94816160133754,16.87353978632018,
0.15394484201468678,0.1718573405936407,0.3741163690027546,1.6597883778524598,1.6597883778524598,8124.55844877989,33.769081762782896,0.5976095617529881,0.009936319422067297,0.0,0.0,obsx_stress,rotoreff,"nmpc+learned[model=gdn_mix2,filt=1,gate=1,ffu=1,qyaw=1,obs=1,aci=1,obsm=0.01]",3,4.836232900619507,0,0.4706374501992032,6.109237446880109,10.786361780483276,
0.08057079104522706,0.08978040633569492,0.14996214659842316,2.5930943740630035,2.5930943740630035,7777.78870801889,29.91747713558281,0.3147410358565737,0.022675317208482593,0.0,0.0,obsx_stress,rotoreff,"nmpc+learned[model=gdn_mix2,filt=1,gate=1,ffu=1,qyaw=1,obs=1,aci=1,obsm=0.01]",4,7.608535051345825,0,0.7998804780876493,9.596580882979728,16.980856664013118,
0.19064220398753834,0.21299419048507287,1.176590790886845,2.508196417188027,2.508196417188027,6208.3785444537225,112.36393661160348,0.31673306772908366,0.029475702312150714,0.0,0.0,obsx_stress,rotoreff,"nmpc+learned[model=gdn_mix2,filt=1,gate=1,ffu=1,qyaw=1,obs=1,aci=1,obsm=0.01]",5,2.9318432807922363,18,0.33339641434262945,3.6720455011011537,5.225887140259148,
0.1367640224179777,0.15215958367303403,0.30523520808134474,1.3324732695183978,1.3324732695183978,8278.962683697378,30.620150692373134,0.5159362549800797,0.03384559765372447,0.0,0.0,obsx_stress,rotoreff,"nmpc+learned[model=gdn_mix2,filt=1,gate=1,ffu=1,qyaw=1,obs=1,aci=1,obsm=0.01]",6,6.440934658050537,1,0.6847549800796814,8.298755614587895,16.694616053719074,
0.08595091235281627,0.09571208119469861,0.18950173945569498,1.3924770653319998,1.3924770653319998,6483.561017760053,58.75580030232731,0.25298804780876494,0.027183289758301726,0.0,0.0,obsx_stress,rotoreff,"nmpc+learned[model=gdn_mix2,filt=1,gate=1,ffu=1,qyaw=1,obs=1,aci=1,obsm=0.01]",7,6.903644800186157,0,0.7065179282868527,8.82340224034921,16.69713200069964,
0.13453569749133582,0.1503164813678224,0.6674366929274215,6.724809321631542,6.724809321631542,7741.610676083774,136.32008856884843,0.38645418326693226,0.035231951751689805,0.0,0.0,obsx_stress,rotoreff,"nmpc+learned[model=gdn_mix2,filt=1,gate=1,ffu=1,qyaw=1,obs=1,aci=1,obsm=0.01]",8,7.591216325759888,3,0.8314501992031873,9.579621429325071,17.145529263652865,
0.0685577970167976,0.07650132505372559,0.12436487476169863,1.0972932793910601,1.0972932793910601,5464.76778284947,19.81906447918542,0.17928286852589642,0.034552256570589246,0.0,0.0,obsx_stress,rotoreff,"nmpc+learned[model=gdn_mix2,filt=1,gate=1,ffu=1,qyaw=1,obs=1,aci=1,obsm=0.01]",9,4.26739501953125,0,0.44751394422310753,5.398226478897718,10.548716362100095,
0.10788564971516905,0.12024587803323156,0.17809478513316404,3.4688354725451407,3.468835472545141,7489.873605771659,37.77768162842828,0.45219123505976094,0.007987902455297013,0.0,0.0,obsx_stress,rotoreff,"nmpc+learned[model=gdn_mix2,filt=1,gate=1,ffu=1,qyaw=1,obs=1,aci=1,obsm=0.01]",10,5.535887241363525,1,0.6029641434262947,6.966635915524961,15.389884533360618,
0.07624727078178549,0.08503795847703857,0.1411233869612226,0.8769306430029117,0.8769306430029117,6955.291093862262,16.46275184531686,0.250996015936255,0.033521603737968475,0.0,0.0,obsx_stress,rotoreff,"nmpc+learned[model=gdn_mix2,filt=1,gate=1,ffu=1,qyaw=1,obs=1,aci=1,obsm=0.01]",11,4.0840373039245605,1,0.4108346613545817,5.100769005656479,10.524568043183535,
0.08920412939346764,0.09952477940083855,0.15011504342410048,1.0387242012031612,1.0387242012031612,6964.455606882436,17.866437225634144,0.34063745019920316,0.021226687359896912,0.0,0.0,obsx_stress,rotoreff,"nmpc+learned[model=gdn_mix2,filt=1,gate=1,ffu=1,qyaw=1,obs=1,aci=1,obsm=0.01]",12,5.6133198738098145,0,0.6743784860557769,7.235831733184507,16.279755323193967,
0.09454764596732897,0.10553406803429372,0.15533036146825502,3.3938871276380818,3.3938871276380818,7829.377379911769,46.60753896461865,0.4541832669322709,0.007634850864962989,0.0,0.0,obsx_stress,rotoreff,"nmpc+learned[model=gdn_mix2,filt=1,gate=1,ffu=1,qyaw=1,obs=1,aci=1,obsm=0.01]",13,2.8782806396484375,0,0.31367729083665336,3.573848032002964,6.749532059766357,
0.1104065666221815,0.123130349740211,0.1918430157031753,1.6478989841743732,1.6478989841743734,5880.862350856733,33.95519403163354,0.5677290836653387,0.01235728432442873,0.0,0.0,obsx_stress,rotoreff,"nmpc+learned[model=gdn_mix2,filt=1,gate=1,ffu=1,qyaw=1,obs=1,aci=1,obsm=0.01]",14,5.1713340282440186,0,0.5224203187250996,6.482710764071796,16.53138494119048,
0.13954532040069748,0.1557524421755203,0.2501524011200966,1.4239818491911536,1.4239818491911536,8017.127452335952,26.856797891238816,0.5916334661354582,0.030129083755923602,0.0,0.0,obsx_stress,rotoreff,"nmpc+learned[model=gdn_mix2,filt=1,gate=1,ffu=1,qyaw=1,obs=1,aci=1,obsm=0.01]",15,6.486378908157349,1,0.7758585657370518,8.377309918748697,16.954492952208966,
0.05457435013363354,0.060768415898521486,0.13379446742155482,1.2530047150225532,1.2530047150225532,6569.253417988199,26.114209114514047,0.08764940239043825,0.03187903037037748,0.0,0.0,obsx_stress,rotoreff,"nmpc+learned[model=gdn_mix2,filt=1,gate=1,ffu=1,qyaw=1,obs=1,aci=1,obsm=0.01]",16,4.377053737640381,0,0.5062191235059761,5.588154914228624,10.523562072776258,
0.04214539074312225,0.046997330971604016,0.09689646694019415,0.8672061193242784,0.8672061193242784,5394.244286548255,21.790427728797454,0.0,0.01192449717306665,0.0,0.0,obsx_stress,rotoreff,"nmpc+learned[model=gdn_mix2,filt=1,gate=1,ffu=1,qyaw=1,obs=1,aci=1,obsm=0.01]",17,8.260159969329834,0,0.9085219123505975,10.625215362297348,18.037128278519962,
0.18205659821903059,0.20335854839665463,0.371738707687904,30.300852491751375,30.300852491751375,8663.824698721128,108.82624123786643,0.5916334661354582,-0.033641914612309476,1.0,0.0199203187250996,obsx_stress,rotoreff,"nmpc+learned[model=gdn_mix2,filt=1,gate=1,ffu=1,qyaw=1,obs=1,aci=1,obsm=0.01]",18,4.5914466381073,25,0.5241195219123507,5.803083926736122,10.56845524115488,
0.11900996215733796,0.13279824015267944,0.21587301582803012,3.505165873867934,3.505165873867934,9011.900829031085,35.57671795494944,0.5,0.030290944713102952,0.0,0.0,obsx_stress,rotoreff,"nmpc+learned[model=gdn_mix2,filt=1,gate=1,ffu=1,qyaw=1,obs=1,aci=1,obsm=0.01]",19,4.344264507293701,0,0.4633266932270916,5.328804679378214,12.303512562066325,
0.10702918270334053,0.1194242215307789,0.23606460942435156,2.0078517766332915,2.0078517766332915,6518.92904042056,25.83353496072389,0.3665338645418327,0.01445297493796699,0.0,0.0,obsx_stress,rotoreff,"nmpc+learned[model=gdn_mix2,filt=1,gate=1,ffu=1,qyaw=1,obs=1,aci=1]",0,6.383494138717651,0,0.6590139442231076,8.083272041229762,16.444337342400104,
0.058613348178608894,0.06541673056422884,0.12935968217337637,1.1760892949418138,1.176089294941814,6870.030295831202,37.93017544738968,0.053784860557768925,0.014892556364926757,0.0,0.0,obsx_stress,rotoreff,"nmpc+learned[model=gdn_mix2,filt=1,gate=1,ffu=1,qyaw=1,obs=1,aci=1]",1,2.920893669128418,0,0.3097808764940239,3.6686729195442394,4.707800243049862,
0.08319834994957126,0.09290382052643537,0.19173283058540197,1.9679483745707107,1.9679483745707107,5827.115031090651,39.51996912935715,0.22111553784860558,0.02667050992451836,0.0,0.0,obsx_stress,rotoreff,"nmpc+learned[model=gdn_mix2,filt=1,gate=1,ffu=1,qyaw=1,obs=1,aci=1]",2,7.655541896820068,0,0.7913406374501991,9.748456935190495,18.561220115516335,
0.14244704760230908,0.15899384502627809,0.36045377223945907,1.6487230616095365,1.6487230616095367,8095.413286786837,32.37483103898833,0.450199203187251,0.012706875335024459,0.0,0.0,obsx_stress,rotoreff,"nmpc+learned[model=gdn_mix2,filt=1,gate=1,ffu=1,qyaw=1,obs=1,aci=1]",3,3.5110878944396973,2,0.408410358565737,4.385828592469434,10.248471437953413,
0.07397540114128891,0.0823873390964411,0.13742645280329513,2.5895671379946013,2.5895671379946013,7640.305393043334,27.14775067969551,0.21314741035856574,0.014774150001900743,0.0,0.0,obsx_stress,rotoreff,"nmpc+learned[model=gdn_mix2,filt=1,gate=1,ffu=1,qyaw=1,obs=1,aci=1]",4,7.493152379989624,0,0.8509003984063745,9.555014121657853,18.487498825415972,
0.18361472097321785,0.20514332279001143,1.139096507856322,2.470490420291395,2.470490420291395,6732.820719305431,105.06811437653391,0.23107569721115537,0.018938894142698753,0.0,0.0,obsx_stress,rotoreff,"nmpc+learned[model=gdn_mix2,filt=1,gate=1,ffu=1,qyaw=1,obs=1,aci=1]",5,4.660262584686279,0,0.5217131474103586,5.962607920618795,18.148102140985433,
0.12786803128079197,0.14226243462998528,0.29145512289668124,1.2934904807477952,1.2934904807477954,8109.453767624577,29.416049732511592,0.4362549800796813,0.024043826378934763,0.0,0.0,obsx_stress,rotoreff,"nmpc+learned[model=gdn_mix2,filt=1,gate=1,ffu=1,qyaw=1,obs=1,aci=1]",6,6.9480695724487305,1,0.774386454183267,8.956571710221766,22.74201188702138,
0.07398693440617508,0.08228796108529962,0.15371409975454553,1.5917007261239,1.5917007261239,6499.96962133616,54.080923967305786,0.15737051792828685,0.017170954289294188,0.0,0.0,obsx_stress,rotoreff,"nmpc+learned[model=gdn_mix2,filt=1,gate=1,ffu=1,qyaw=1,obs=1,aci=1]",7,6.208126544952393,0,0.6519083665338645,8.05790263712332,16.96636063978076,
0.13303388668388183,0.1486379687417289,0.7200389152850648,6.406939786322925,6.406939786322925,7734.427386414079,135.97928953721248,0.31673306772908366,0.025231258500364562,0.0,0.0,obsx_stress,rotoreff,"nmpc+learned[model=gdn_mix2,filt=1,gate=1,ffu=1,qyaw=1,obs=1,aci=1]",8,4.410207271575928,6,0.40499999999999997,5.525936008490385,10.653148570563644,
0.06300110353636038,0.07028208430445158,0.11458886048940531,1.0650439121904505,1.0650439121904505,5454.602950493393,19.232184804762287,0.1394422310756972,0.024869223125321638,0.0,0.0,obsx_stress,rotoreff,"nmpc+learned[model=gdn_mix2,filt=1,gate=1,ffu=1,qyaw=1,obs=1,aci=1]",9,5.5096540451049805,0,0.5410358565737051,7.023513477585052,16.331626414321363,
0.10239099279393025,0.11402501457774158,0.19023636740906447,3.2675305392552305,3.2675305392552305,7444.190686010492,38.27910902352556,0.4302788844621514,-0.0018557335133851383,1.0,0.0099601593625498,obsx_stress,rotoreff,"nmpc+learned[model=gdn_mix2,filt=1,gate=1,ffu=1,qyaw=1,obs=1,aci=1]",10,3.291140556335449,0,0.3506334661354582,4.045875128488468,10.255512003786864,
0.06745813716525521,0.0752183028975337,0.129692009444995,0.8705930570377123,0.8705930570377124,6607.801497430378,16.49836367985656,0.10956175298804781,0.023086143874053167,0.0,0.0,obsx_stress,rotoreff,"nmpc+learned[model=gdn_mix2,filt=1,gate=1,ffu=1,qyaw=1,obs=1,aci=1]",11,7.029584646224976,1,0.8224163346613546,8.947925834148469,17.829536171630025,
0.0818262521349933,0.09126498604253372,0.13886978086324037,1.0422352660015841,1.0422352660015841,6896.87514111706,17.162129920771456,0.2649402390438247,0.011088215388046607,0.0,0.0,obsx_stress,rotoreff,"nmpc+learned[model=gdn_mix2,filt=1,gate=1,ffu=1,qyaw=1,obs=1,aci=1]",12,6.915132284164429,0,0.671914342629482,8.689365631240268,17.1527721430175,
0.08365326898430807,0.09334409065661976,0.13871559013448345,3.3547735907329437,3.3547735907329432,7445.831892340678,43.79014655725545,0.3605577689243028,-0.0023123087825042132,1.0,0.00597609561752988,obsx_stress,rotoreff,"nmpc+learned[model=gdn_mix2,filt=1,gate=1,ffu=1,qyaw=1,obs=1,aci=1]",13,4.758722543716431,0,0.5695438247011952,5.950812365399651,16.875394170638177,
0.10427977289637413,0.11626927959642773,0.18490742980320252,1.7190618441989494,1.7190618441989494,5782.699108926345,33.633093942988545,0.5577689243027888,0.00038860307185822895,0.0,0.0,obsx_stress,rotoreff,"nmpc+learned[model=gdn_mix2,filt=1,gate=1,ffu=1,qyaw=1,obs=1,aci=1]",14,7.906406879425049,0,0.8400836653386455,10.056830800242306,17.754349566530443,
0.12126445422111422,0.13533472034407426,0.23303669275595393,2.376926317692861,2.376926317692861,9012.505036009965,41.2409443847725,0.5338645418326693,0.02101154996153895,0.0,0.0,obsx_stress,rotoreff,"nmpc+learned[model=gdn_mix2,filt=1,gate=1,ffu=1,qyaw=1,obs=1,aci=1]",15,6.85014796257019,0,0.7225597609561754,8.6421459960562,16.42833179794252,
0.04763735868097085,0.05298471546145541,0.12260960546756938,1.2368621184754234,1.2368621184754234,6165.29505420261,24.506582658944144,0.0697211155378486,0.02231864766858105,0.0,0.0,obsx_stress,rotoreff,"nmpc+learned[model=gdn_mix2,filt=1,gate=1,ffu=1,qyaw=1,obs=1,aci=1]",16,3.916368246078491,0,0.419804780876494,5.030798863534225,16.133771066088244,
0.036995758797020786,0.041228888867057154,0.08649516635214208,0.8889191448593424,0.8889191448593424,5324.915799952128,20.421039426248587,0.0,0.002442349300906088,0.0,0.0,obsx_stress,rotoreff,"nmpc+learned[model=gdn_mix2,filt=1,gate=1,ffu=1,qyaw=1,obs=1,aci=1]",17,4.717777490615845,0,0.4677549800796813,5.9619976005394495,16.334573242347687,
0.15206092153876336,0.16982217048104722,0.3425760388294515,24.951397111691268,24.951397111691268,8668.565842443953,101.3175778770048,0.5258964143426295,-0.038930745244158016,1.0,0.021912350597609563,obsx_stress,rotoreff,"nmpc+learned[model=gdn_mix2,filt=1,gate=1,ffu=1,qyaw=1,obs=1,aci=1]",18,7.00955605506897,32,0.7532250996015937,8.873144661417728,17.815456686075784,
0.11034678288042254,0.1231228081780216,0.20194188477169123,3.4600163884477677,3.4600163884477677,8720.522466182685,35.68896691120561,0.4760956175298805,0.020574783434572697,0.0,0.0,obsx_stress,rotoreff,"nmpc+learned[model=gdn_mix2,filt=1,gate=1,ffu=1,qyaw=1,obs=1,aci=1]",19,3.198546886444092,0,0.3356414342629483,4.001253015506434,10.400592314545065,
0.11215345825912432,0.12512869849832858,0.24126363117215005,2.0629540643103623,2.0629540643103623,6615.70553643405,25.781881432630566,0.38247011952191234,0.02689432569079142,0.0,0.0,obsx_stress,rotoreff,"nmpc+learned[model=gdn_mix2,filt=1,gate=1,ffu=1,qyaw=1,obs=1,aci=2,aci_alpha=0.02]",0,2.9570016860961914,0,0.3223027888446216,3.6919712737403008,7.247848336119205,
0.06311625362446162,0.07045451005221015,0.13217241024033868,1.240994883498439,1.240994883498439,6876.735783721565,37.811951540481935,0.13745019920318724,0.026686737572609087,0.0,0.0,obsx_stress,rotoreff,"nmpc+learned[model=gdn_mix2,filt=1,gate=1,ffu=1,qyaw=1,obs=1,aci=2,aci_alpha=0.02]",1,7.358338832855225,0,0.711703187250996,9.268364978980168,16.81121946312487,
0.09511244135001017,0.10622613329130919,0.2174486252022656,1.90169337434495,1.90169337434495,5941.094456562753,41.21977289002324,0.29880478087649404,0.04263427435090794,0.0,0.0,obsx_stress,rotoreff,"nmpc+learned[model=gdn_mix2,filt=1,gate=1,ffu=1,qyaw=1,obs=1,aci=2,aci_alpha=0.02]",2,7.642143726348877,0,0.9039621513944223,9.818616957195934,17.523724848870188,
0.15442947661460807,0.17240057464703962,0.39403564319057954,1.445054818036524,1.445054818036524,8385.726362337311,31.06422657074455,0.47808764940239046,0.01868075815684961,0.0,0.0,obsx_stress,rotoreff,"nmpc+learned[model=gdn_mix2,filt=1,gate=1,ffu=1,qyaw=1,obs=1,aci=2,aci_alpha=0.02]",3,5.857911825180054,0,0.5653585657370518,7.329629773582032,16.50066889123991,
0.07803148377950396,0.08693444305558455,0.1438444320333083,2.6231931987888215,2.6231931987888215,7688.6867239657095,28.78013608097329,0.26095617529880477,0.016947341139661398,0.0,0.0,obsx_stress,rotoreff,"nmpc+learned[model=gdn_mix2,filt=1,gate=1,ffu=1,qyaw=1,obs=1,aci=2,aci_alpha=0.02]",4,2.997134208679199,0,0.3232788844621514,3.7316255813160266,5.986263589002198,
0.10319661564821006,0.11522926649440485,0.3006295803919158,2.326763704005143,2.326763704005143,6131.922679906729,40.80912611918858,0.2848605577689243,0.026801788451789904,0.0,0.0,obsx_stress,rotoreff,"nmpc+learned[model=gdn_mix2,filt=1,gate=1,ffu=1,qyaw=1,obs=1,aci=2,aci_alpha=0.02]",5,6.204273223876953,0,0.6130557768924303,7.8053027725374085,16.758682301733643,
0.13914641268108777,0.15486661040432922,0.31051486245706444,1.2961143999771108,1.2961143999771108,8296.76159009099,30.145423690330414,0.5,0.03164834175791814,0.0,0.0,obsx_stress,rotoreff,"nmpc+learned[model=gdn_mix2,filt=1,gate=1,ffu=1,qyaw=1,obs=1,aci=2,aci_alpha=0.02]",6,5.3022541999816895,1,0.5648406374501991,6.805777263111506,10.944657849613577,
0.08089303184896146,0.09003891503013167,0.16519369996132016,1.5769998407775287,1.5769998407775287,6549.761511748047,56.70276260029729,0.24302788844621515,0.021806983351743997,0.0,0.0,obsx_stress,rotoreff,"nmpc+learned[model=gdn_mix2,filt=1,gate=1,ffu=1,qyaw=1,obs=1,aci=2,aci_alpha=0.02]",7,6.264937877655029,0,0.5916673306772908,8.058967911527008,16.87930637039244,
0.12905552243974897,0.14419148279047503,0.5982393823719506,7.568541728928293,7.568541728928293,7599.032302957436,132.59786309532836,0.37250996015936255,0.03253685219016933,0.0,0.0,obsx_stress,rotoreff,"nmpc+learned[model=gdn_mix2,filt=1,gate=1,ffu=1,qyaw=1,obs=1,aci=2,aci_alpha=0.02]",8,3.7356297969818115,0,0.43864940239043826,4.779136866290286,11.329538675490772,
0.06804106216353382,0.07592304519927975,0.12692438067608633,1.0754978386172984,1.0754978386172984,5509.680174744076,19.411172375442387,0.18127490039840638,0.030585757506746025,0.0,0.0,obsx_stress,rotoreff,"nmpc+learned[model=gdn_mix2,filt=1,gate=1,ffu=1,qyaw=1,obs=1,aci=2,aci_alpha=0.02]",9,6.6648194789886475,0,0.6953187250996016,8.520647112105738,16.74726197263226,
0.11974260163800982,0.13347219222064075,0.192713734771429,3.93369410602789,3.93369410602789,8067.6484167553235,37.47276718585744,0.6095617529880478,0.002495598418615852,0.0,0.0,obsx_stress,rotoreff,"nmpc+learned[model=gdn_mix2,filt=1,gate=1,ffu=1,qyaw=1,obs=1,aci=2,aci_alpha=0.02]",10,7.177871942520142,0,0.7525717131474103,9.050679616203375,16.81750872405246,
0.08227147722405283,0.0917505478684074,0.14654086046632397,0.9037517402230218,0.9037517402230218,7178.791048689462,17.586197481560934,0.31274900398406374,0.03768441256476002,0.0,0.0,obsx_stress,rotoreff,"nmpc+learned[model=gdn_mix2,filt=1,gate=1,ffu=1,qyaw=1,obs=1,aci=2,aci_alpha=0.02]",11,6.698450088500977,1,0.7168047808764941,8.46554854266954,16.77930674282834,
0.08894133066477475,0.09923111412480988,0.15136857034946707,1.0987784034722259,1.0987784034722259,6859.484145081849,17.532730319695006,0.32669322709163345,0.024156896308313136,0.0,0.0,obsx_stress,rotoreff,"nmpc+learned[model=gdn_mix2,filt=1,gate=1,ffu=1,qyaw=1,obs=1,aci=2,aci_alpha=0.02]",12,7.383618354797363,0,0.7542131474103586,9.446576130075522,16.83369753882289,
0.09059199961255154,0.10110844028923306,0.14453483834232522,3.3153262202347333,3.3153262202347333,7975.386089258142,46.53443376235519,0.43227091633466136,0.002661835451647776,0.0,0.0,obsx_stress,rotoreff,"nmpc+learned[model=gdn_mix2,filt=1,gate=1,ffu=1,qyaw=1,obs=1,aci=2,aci_alpha=0.02]",13,7.061722040176392,0,0.7764203187250996,8.93293673161462,16.797454338520765,
0.11194178888458717,0.12484931374190203,0.1926520079390681,1.5376073943390975,1.537607394339098,5997.121413238647,31.16496244007121,0.5597609561752988,0.005093442389872915,0.0,0.0,obsx_stress,rotoreff,"nmpc+learned[model=gdn_mix2,filt=1,gate=1,ffu=1,qyaw=1,obs=1,aci=2,aci_alpha=0.02]",14,6.813392639160156,0,0.7338466135458168,8.565215045118713,16.846669833175838,
0.13858285263560485,0.1546806846418404,0.2517609849327906,1.8784388932359626,1.8784388932359621,7524.206624032267,23.61260413633056,0.5776892430278885,0.02360314654412468,0.0,0.0,obsx_stress,rotoreff,"nmpc+learned[model=gdn_mix2,filt=1,gate=1,ffu=1,qyaw=1,obs=1,aci=2,aci_alpha=0.02]",15,4.71919059753418,0,0.5510537848605578,5.967107645989176,15.570805368479341,
0.04992476959882996,0.05555230283838268,0.12484344459624659,1.2255199771418457,1.2255199771418455,6201.0104267441775,24.62446535722411,0.07370517928286853,0.024801532887176292,0.0,0.0,obsx_stress,rotoreff,"nmpc+learned[model=gdn_mix2,filt=1,gate=1,ffu=1,qyaw=1,obs=1,aci=2,aci_alpha=0.02]",16,6.9001874923706055,0,0.7556952191235059,8.909546012296323,16.85061220312491,
0.039633351475863055,0.04418388129340285,0.08943012093726413,0.9005750764687952,0.9005750764687953,5409.37666666946,20.976258530404973,0.0,0.007214746535099792,0.0,0.0,obsx_stress,rotoreff,"nmpc+learned[model=gdn_mix2,filt=1,gate=1,ffu=1,qyaw=1,obs=1,aci=2,aci_alpha=0.02]",17,6.785680294036865,0,0.7179422310756972,8.620987739506738,16.74097287002951,
1.4549290594018411,1.6917824685267437,5.631878681257169,34.85886674963888,34.85886674963888,6106.706267132627,174.49124760964426,0.4921875,-0.03758765847125517,1.0,0.028645833333333332,obsx_stress,rotoreff,"nmpc+learned[model=gdn_mix2,filt=1,gate=1,ffu=1,qyaw=1,obs=1,aci=2,aci_alpha=0.02]",18,5.486764430999756,105,0.7013906249999998,9.069078559453677,16.881596681196243,
0.11451206420057497,0.12774271570813503,0.21061216307909694,2.911794173981297,2.911794173981297,8807.680145490916,33.21698313584565,0.4940239043824701,0.02888316330756746,0.0,0.0,obsx_stress,rotoreff,"nmpc+learned[model=gdn_mix2,filt=1,gate=1,ffu=1,qyaw=1,obs=1,aci=2,aci_alpha=0.02]",19,4.892608642578125,0,0.5028187250996016,5.998304982918252,14.224436227232225,
0.10538481294798052,0.11756449320794547,0.23315014703063447,1.9309050074203953,1.9309050074203953,6435.885640130538,26.07113832456962,0.3645418326693227,0.01668701311667309,0.0,0.0,obsx_stress,rotoreff,"nmpc+learned[model=gdn_mix2,filt=1,gate=1,ffu=1,qyaw=1,obs=1,aci=2]",0,5.142863512039185,0,0.5350936254980079,6.415539619650143,16.22387356357649,
0.05817725736822134,0.06492879061796668,0.12902520899326905,1.1681661729964055,1.1681661729964055,6862.2448722979225,37.88397625717219,0.053784860557768925,0.013873214026922875,0.0,0.0,obsx_stress,rotoreff,"nmpc+learned[model=gdn_mix2,filt=1,gate=1,ffu=1,qyaw=1,obs=1,aci=2]",1,7.741542816162109,0,0.776378486055777,9.849147278856323,17.15454490622506,
0.08392492017451768,0.09371633970005828,0.1920321295527183,1.788356536016185,1.788356536016185,5867.793731231808,37.41468364532967,0.22709163346613545,0.028381926353222675,0.0,0.0,obsx_stress,rotoreff,"nmpc+learned[model=gdn_mix2,filt=1,gate=1,ffu=1,qyaw=1,obs=1,aci=2]",2,7.348260879516602,0,0.7660478087649403,9.350524709719528,16.93879582453519,
0.14677972357397087,0.1638425454149955,0.3706319703833861,1.511498616452481,1.511498616452481,8112.439953690281,33.04739319991456,0.4760956175298805,0.010215469550967748,0.0,0.0,obsx_stress,rotoreff,"nmpc+learned[model=gdn_mix2,filt=1,gate=1,ffu=1,qyaw=1,obs=1,aci=2]",3,4.951314926147461,2,0.5011713147410358,6.190824307560684,16.371726954821497,
0.0740435125612219,0.08246370915730666,0.14072698374610304,2.561810471890492,2.561810471890492,7625.240647625081,28.29645857742546,0.1892430278884462,0.014551154824863577,0.0,0.0,obsx_stress,rotoreff,"nmpc+learned[model=gdn_mix2,filt=1,gate=1,ffu=1,qyaw=1,obs=1,aci=2]",4,8.03655481338501,0,0.800511952191235,10.49923254464534,17.245070503558964,
0.1822955858488576,0.20366203969351274,1.1328958760614538,1.9717657674146676,1.9717657674146676,6506.596325154794,105.29307292287699,0.23705179282868527,0.019412586635890627,0.0,0.0,obsx_stress,rotoreff,"nmpc+learned[model=gdn_mix2,filt=1,gate=1,ffu=1,qyaw=1,obs=1,aci=2]",5,6.445009231567383,0,0.670292828685259,8.223301074300629,16.400551330298185,
0.1299490323059072,0.14457560511720577,0.2906266253688688,1.1654914339612394,1.1654914339612394,8199.525979713913,30.04855071691164,0.4601593625498008,0.02353075098863522,0.0,0.0,obsx_stress,rotoreff,"nmpc+learned[model=gdn_mix2,filt=1,gate=1,ffu=1,qyaw=1,obs=1,aci=2]",6,3.5264623165130615,1,0.36162151394422315,4.435985103301496,10.446477693039926,
0.07681756586608816,0.08546559961417449,0.15662786079676272,1.6023028699839075,1.602302869983907,6585.054314595755,54.37643587992841,0.18326693227091634,0.017914300200300687,0.0,0.0,obsx_stress,rotoreff,"nmpc+learned[model=gdn_mix2,filt=1,gate=1,ffu=1,qyaw=1,obs=1,aci=2]",7,6.641558408737183,0,0.6408187250996016,8.472422089156847,16.82893032208085,
0.13105474755239954,0.14642595619746207,0.6743725663416519,6.710688557295387,6.710688557295387,7714.856355449227,135.90681036230225,0.3107569721115538,0.023030043297965763,0.0,0.0,obsx_stress,rotoreff,"nmpc+learned[model=gdn_mix2,filt=1,gate=1,ffu=1,qyaw=1,obs=1,aci=2]",8,4.411792755126953,3,0.4333047808764941,5.4527020417673295,10.520697245374322,
0.06322442394050737,0.07053206529565882,0.11434457982577564,1.0601097018848682,1.0601097018848682,5453.393894147514,19.22361678604758,0.13745019920318724,0.02652931702509531,0.0,0.0,obsx_stress,rotoreff,"nmpc+learned[model=gdn_mix2,filt=1,gate=1,ffu=1,qyaw=1,obs=1,aci=2]",9,3.9118552207946777,0,0.38051593625498004,4.944893512485245,11.982203524094075,
0.10704821882578139,0.1192451830601863,0.19782836786158384,3.727743829499877,3.727743829499877,7377.747632830594,39.68780334803886,0.4402390438247012,-0.0017098432294459232,1.0,0.00796812749003984,obsx_stress,rotoreff,"nmpc+learned[model=gdn_mix2,filt=1,gate=1,ffu=1,qyaw=1,obs=1,aci=2]",10,3.029557704925537,0,0.32492430278884465,3.7398160907413915,7.225474310107532,
0.06726412476100355,0.07495781199845064,0.12764021515911533,0.9326033121887846,0.9326033121887846,6495.9874016369295,16.51846714382749,0.10756972111553785,0.02319758393644522,0.0,0.0,obsx_stress,rotoreff,"nmpc+learned[model=gdn_mix2,filt=1,gate=1,ffu=1,qyaw=1,obs=1,aci=2]",11,5.440819978713989,1,0.5504920318725101,6.867202507161287,16.26517419470474,
0.08245432385314953,0.09196871494751578,0.14095125456771376,1.1142451136303577,1.114245113630358,6591.1384068652505,17.22774935641701,0.2649402390438247,0.008070630293197156,0.0,0.0,obsx_stress,rotoreff,"nmpc+learned[model=gdn_mix2,filt=1,gate=1,ffu=1,qyaw=1,obs=1,aci=2]",12,5.682127952575684,0,0.5114860557768924,7.161982237376213,16.439043888822198,
0.084061700830382,0.09380116858925087,0.13334117337797444,3.3205316104714795,3.3205316104714795,7658.593958953689,44.76144710538692,0.38247011952191234,-0.000878923677604504,1.0,0.00597609561752988,obsx_stress,rotoreff,"nmpc+learned[model=gdn_mix2,filt=1,gate=1,ffu=1,qyaw=1,obs=1,aci=2]",13,4.3455140590667725,0,0.4657131474103585,5.45629523221433,12.632002902682874,
0.10342961824880513,0.11531710034078924,0.1955973644343986,1.7874010029685303,1.7874010029685303,5877.504825981356,31.10693197744531,0.5597609561752988,0.0062104847479903524,0.0,0.0,obsx_stress,rotoreff,"nmpc+learned[model=gdn_mix2,filt=1,gate=1,ffu=1,qyaw=1,obs=1,aci=2]",14,4.664571046829224,0,0.4905577689243028,5.876707919572751,10.874109657015651,
0.13309406295871506,0.14855542535354702,0.2459320254335216,1.7870791264609631,1.7870791264609631,7894.0555664801295,28.06626880472005,0.5378486055776892,0.018482409588563953,0.0,0.0,obsx_stress,rotoreff,"nmpc+learned[model=gdn_mix2,filt=1,gate=1,ffu=1,qyaw=1,obs=1,aci=2]",15,5.209865570068359,0,0.5483884462151394,6.572695120156138,12.689943385776141,
0.048231875105598856,0.0536521572293067,0.12116043814047768,1.288752470794887,1.288752470794887,6253.042064933713,24.417200843029175,0.06573705179282868,0.019329258981563346,0.0,0.0,obsx_stress,rotoreff,"nmpc+learned[model=gdn_mix2,filt=1,gate=1,ffu=1,qyaw=1,obs=1,aci=2]",16,7.686667442321777,0,0.8309820717131474,9.93179508384718,17.661776123568416,
0.03709268714531308,0.04133750035365333,0.08602708612504965,0.8742732887532484,0.8742732887532483,5372.5322977405,21.19869769357392,0.0,0.0035510695699975114,0.0,0.0,obsx_stress,rotoreff,"nmpc+learned[model=gdn_mix2,filt=1,gate=1,ffu=1,qyaw=1,obs=1,aci=2]",17,7.3605828285217285,0,0.7064282868525897,9.325393162523044,17.158001030329615,
1.1033374818600314,1.2902939965089004,4.523551986539885,49.62263211481422,49.62263211481422,4993.005123124325,150.24215830804806,0.40053763440860213,-0.036798523137657246,1.0,0.02956989247311828,obsx_stress,rotoreff,"nmpc+learned[model=gdn_mix2,filt=1,gate=1,ffu=1,qyaw=1,obs=1,aci=2]",18,4.0590291023254395,106,0.4857069892473118,6.971894919256409,16.63545043440536,
0.1102372837094202,0.12296547004720021,0.19917985240476332,3.331340578077649,3.331340578077649,8475.33880573384,35.39871995670241,0.4760956175298805,0.02094811062990673,0.0,0.0,obsx_stress,rotoreff,"nmpc+learned[model=gdn_mix2,filt=1,gate=1,ffu=1,qyaw=1,obs=1,aci=2]",19,5.138880252838135,0,0.5485557768924302,6.492536515461288,16.429935544729233,
0.11371987856735866,0.12694877720930678,0.2363221791521018,12.518999546229972,12.518999546229972,9359.496254758189,29.93534829512457,0.43227091633466136,0.016706173002325575,0.0,0.0,obsx_stress,torque,"nmpc+kf[r_v=0.15,r_w=0.15,q_F=10,q_tau=1,filt=1,gate=1,ffu=1,qyaw=1,obs=1,aci=1]",0,3.767821788787842,7,0.49396414342629474,4.004286623938357,7.775105582550175,
0.06349267679241362,0.07073285077971396,0.13109070523387886,2.9553453567271135,2.9553453567271135,8949.884461794936,33.12043984888352,0.13147410358565736,0.02003101759891618,0.0,0.0,obsx_stress,torque,"nmpc+kf[r_v=0.15,r_w=0.15,q_F=10,q_tau=1,filt=1,gate=1,ffu=1,qyaw=1,obs=1,aci=1]",1,4.350753307342529,1,0.6037211155378486,4.659317181059772,9.129001514520496,
0.09260950772259897,0.10343925496014475,0.19490388028129668,5.666240370405255,5.666240370405255,10043.040843994317,40.03493785793109,0.28087649402390436,0.028130849363531663,0.0,0.0,obsx_stress,torque,"nmpc+kf[r_v=0.15,r_w=0.15,q_F=10,q_tau=1,filt=1,gate=1,ffu=1,qyaw=1,obs=1,aci=1]",2,3.207939624786377,5,0.4079800796812749,3.3743752461609495,6.873355326242747,
0.24543713077259102,0.27400486270901975,0.6037104725780688,24.234624546748442,24.234624546748442,12048.788649826321,143.96332365007348,0.6992031872509961,0.03159082218522791,0.0,0.0,obsx_stress,torque,"nmpc+kf[r_v=0.15,r_w=0.15,q_F=10,q_tau=1,filt=1,gate=1,ffu=1,qyaw=1,obs=1,aci=1]",3,3.0885627269744873,22,0.4127689243027889,3.3464574392335824,8.692044015042491,
0.10612652757543288,0.11853074183274136,0.2284785089600749,10.06146769923781,10.06146769923781,8780.814730466795,25.353784577805737,0.3904382470119522,0.02778176534094612,0.0,0.0,obsx_stress,torque,"nmpc+kf[r_v=0.15,r_w=0.15,q_F=10,q_tau=1,filt=1,gate=1,ffu=1,qyaw=1,obs=1,aci=1]",4,7.3818395137786865,10,0.776800796812749,7.920567570087236,16.8847074173391,
inf,inf,inf,,,,,,-inf,1.0,,obsx_stress,torque,"nmpc+kf[r_v=0.15,r_w=0.15,q_F=10,q_tau=1,filt=1,gate=1,ffu=1,qyaw=1,obs=1,aci=1]",5,4.305342197418213,142,0.6118963414634147,4.786875176553925,8.805563121568404,RuntimeError('diverged')
0.12701522814071842,0.1414067612108728,0.28363223557237566,2.2879861948586777,2.2879861948586777,11542.417831867127,31.281523540105617,0.45617529880478086,0.022101605591194617,0.0,0.0,obsx_stress,torque,"nmpc+kf[r_v=0.15,r_w=0.15,q_F=10,q_tau=1,filt=1,gate=1,ffu=1,qyaw=1,obs=1,aci=1]",6,6.045708894729614,13,0.6426673306772909,6.373239217318624,10.158023843541741,
0.07754957396040561,0.08653684105645602,0.1643523472780383,7.5715381602610785,7.5715381602610785,10423.455981387298,51.633165896086076,0.13545816733067728,0.018213154929107883,0.0,0.0,obsx_stress,torque,"nmpc+kf[r_v=0.15,r_w=0.15,q_F=10,q_tau=1,filt=1,gate=1,ffu=1,qyaw=1,obs=1,aci=1]",7,4.151515007019043,10,0.5275796812749003,4.430768003063908,11.751980150584151,
0.15887305569475985,0.1775002187154264,1.0479946896435106,2.059555873232667,2.0595558732326666,9751.10506068625,162.7954810904681,0.35856573705179284,0.0243073161169281,0.0,0.0,obsx_stress,torque,"nmpc+kf[r_v=0.15,r_w=0.15,q_F=10,q_tau=1,filt=1,gate=1,ffu=1,qyaw=1,obs=1,aci=1]",8,3.3297793865203857,26,0.43493824701195216,3.508847673883684,6.197951703798026,
0.07139031672996834,0.07956919148625242,0.13105658322086408,1.663004914926441,1.663004914926441,8618.199573544814,20.247388753016608,0.21713147410358566,0.02537819905635058,0.0,0.0,obsx_stress,torque,"nmpc+kf[r_v=0.15,r_w=0.15,q_F=10,q_tau=1,filt=1,gate=1,ffu=1,qyaw=1,obs=1,aci=1]",9,2.4766547679901123,5,0.31790637450199205,2.6473155754443956,8.480401956476271,
0.07265444649033367,0.07879901219391458,0.12214991496688793,1.7064086393378064,1.7064086393378066,8863.185397978641,26.357223262087828,0.1294820717131474,0.018342101660012322,0.0,0.0,obsx_stress,torque,"nmpc+kf[r_v=0.15,r_w=0.15,q_F=10,q_tau=1,filt=1,gate=1,ffu=1,qyaw=1,obs=1,aci=1]",10,5.953351259231567,2,0.7175637450199204,6.352766211037023,14.151332350447783,
0.07660553127690821,0.08525623447880995,0.14240499585297714,3.012059868115846,3.012059868115846,9118.18512375519,20.94708170899452,0.18326693227091634,0.019693269610109088,0.0,0.0,obsx_stress,torque,"nmpc+kf[r_v=0.15,r_w=0.15,q_F=10,q_tau=1,filt=1,gate=1,ffu=1,qyaw=1,obs=1,aci=1]",11,3.636075019836426,4,0.4892031872509961,3.86539891740656,6.336319609545173,
0.08535665145574813,0.09509100060521823,0.14569881761716671,1.3169045143959934,1.3169045143959934,9431.084058832203,17.234373979574258,0.3107569721115538,0.02087571257307974,0.0,0.0,obsx_stress,torque,"nmpc+kf[r_v=0.15,r_w=0.15,q_F=10,q_tau=1,filt=1,gate=1,ffu=1,qyaw=1,obs=1,aci=1]",12,7.7741005420684814,7,0.8028187250996016,8.17955949295505,15.124623165465891,
0.08250996589747786,0.092160580214751,0.14056297039810678,2.956172761355401,2.956172761355401,9783.836237554098,30.986041424605304,0.32669322709163345,0.004271091595103693,0.0,0.0,obsx_stress,torque,"nmpc+kf[r_v=0.15,r_w=0.15,q_F=10,q_tau=1,filt=1,gate=1,ffu=1,qyaw=1,obs=1,aci=1]",13,5.385199785232544,2,0.7327988047808764,5.802390155887075,11.029863227158792,
0.09594214087248124,0.10703585142206253,0.20325648620167286,3.022884224701488,3.022884224701488,8966.396067998328,35.810393637939555,0.36254980079681276,-0.017743953153330633,1.0,0.025896414342629483,obsx_stress,torque,"nmpc+kf[r_v=0.15,r_w=0.15,q_F=10,q_tau=1,filt=1,gate=1,ffu=1,qyaw=1,obs=1,aci=1]",14,2.3698132038116455,0,0.3064561752988048,2.503189550475236,3.507446686271578,
0.12378827104693607,0.13813174355638957,0.2392264605284532,4.649794452448829,4.649794452448829,9662.451194807192,30.425724955693912,0.545816733067729,0.015908624173048502,0.0,0.0,obsx_stress,torque,"nmpc+kf[r_v=0.15,r_w=0.15,q_F=10,q_tau=1,filt=1,gate=1,ffu=1,qyaw=1,obs=1,aci=1]",15,5.467634439468384,8,0.6722310756972111,5.864300773909457,14.177909281570479,
0.04761580170344293,0.05307266840342945,0.12378736730050106,1.9838226667530672,1.9838226667530674,9614.459369461298,23.358661866351312,0.07569721115537849,0.022373732000564805,0.0,0.0,obsx_stress,torque,"nmpc+kf[r_v=0.15,r_w=0.15,q_F=10,q_tau=1,filt=1,gate=1,ffu=1,qyaw=1,obs=1,aci=1]",16,3.18992280960083,1,0.43311155378486055,3.372349960458617,11.667237968649717,
0.03884235266169192,0.043339732994513,0.09064911807996572,1.7167930924386532,1.7167930924386532,8079.289806274746,15.604729361935899,0.0,0.019475119204789892,0.0,0.0,obsx_stress,torque,"nmpc+kf[r_v=0.15,r_w=0.15,q_F=10,q_tau=1,filt=1,gate=1,ffu=1,qyaw=1,obs=1,aci=1]",17,3.8849313259124756,0,0.4806872509960159,4.06334023047016,8.759405820164831,
0.29698937447779833,0.3318229084478135,1.2212761003003372,20.216023773060254,20.216023773060254,9675.262610249738,174.22872285157527,0.33067729083665337,-0.01027918497709529,1.0,0.01593625498007968,obsx_stress,torque,"nmpc+kf[r_v=0.15,r_w=0.15,q_F=10,q_tau=1,filt=1,gate=1,ffu=1,qyaw=1,obs=1,aci=1]",18,5.480332612991333,44,0.7225856573705179,5.839973113933705,12.189259631559256,
0.56819827310803,0.6349289887505469,1.376160974578423,14.98454198866962,14.98454198866962,9144.385450132055,129.8898587474075,0.7549800796812749,0.053024742933848734,0.0,0.0,obsx_stress,torque,"nmpc+kf[r_v=0.15,r_w=0.15,q_F=10,q_tau=1,filt=1,gate=1,ffu=1,qyaw=1,obs=1,aci=1]",19,9.042508125305176,49,1.1257290836653386,9.75410054916464,21.229870410170413,
0.11854362315175981,0.1323202044157274,0.2439959284674531,12.590390649605522,12.59039064960552,9354.718882139185,29.914901586739308,0.4601593625498008,0.02807401478194127,0.0,0.0,obsx_stress,torque,"nmpc+kf[r_v=0.15,r_w=0.15,q_F=10,q_tau=1,filt=1,gate=1,ffu=1,qyaw=1,obs=1,aci=2,aci_alpha=0.02]",0,6.029642581939697,7,0.7261852589641435,6.388669332166562,15.251175116281956,
0.06741299290815676,0.07512647595311595,0.13838211696222474,3.0810707423149806,3.0810707423149806,8947.910981871879,34.0686762362884,0.14342629482071714,0.02216742139743011,0.0,0.0,obsx_stress,torque,"nmpc+kf[r_v=0.15,r_w=0.15,q_F=10,q_tau=1,filt=1,gate=1,ffu=1,qyaw=1,obs=1,aci=2,aci_alpha=0.02]",1,4.762562274932861,1,0.5869940239043825,5.08198378824692,11.354331797920167,
0.10051647690371834,0.11227903489593996,0.21345073541702228,5.567671783820863,5.567671783820863,10212.156324394895,44.80412807073592,0.40039840637450197,0.04311712813240942,0.0,0.0,obsx_stress,torque,"nmpc+kf[r_v=0.15,r_w=0.15,q_F=10,q_tau=1,filt=1,gate=1,ffu=1,qyaw=1,obs=1,aci=2,aci_alpha=0.02]",2,6.559202194213867,5,0.8005856573705179,7.082695510160489,18.03272751858458,
0.2660050827875978,0.297017873413046,0.6134444224005803,30.282235729823284,30.282235729823284,10917.179694833883,148.54456392383915,0.703187250996016,0.03848412123450101,0.0,0.0,obsx_stress,torque,"nmpc+kf[r_v=0.15,r_w=0.15,q_F=10,q_tau=1,filt=1,gate=1,ffu=1,qyaw=1,obs=1,aci=2,aci_alpha=0.02]",3,6.188958406448364,26,0.7568187250996016,6.652636535603004,17.370312986895442,
0.11582515977712256,0.12937404720284104,0.2700577162861613,10.110661972670902,10.110661972670902,9224.192432144037,25.2905420874607,0.46613545816733065,0.03718101202104307,0.0,0.0,obsx_stress,torque,"nmpc+kf[r_v=0.15,r_w=0.15,q_F=10,q_tau=1,filt=1,gate=1,ffu=1,qyaw=1,obs=1,aci=2,aci_alpha=0.02]",4,4.689077377319336,10,0.602183266932271,4.945630333349257,9.818800506182022,
0.37244966061762663,0.41618624658598824,0.935745534978933,28.09192465840562,28.09192465840562,8988.128117881593,149.29807928681484,0.5637450199203188,-0.13775545825203372,1.0,0.049800796812749,obsx_stress,torque,"nmpc+kf[r_v=0.15,r_w=0.15,q_F=10,q_tau=1,filt=1,gate=1,ffu=1,qyaw=1,obs=1,aci=2,aci_alpha=0.02]",5,8.00889253616333,32,0.9151095617529881,8.468312969193812,17.330897650681436,
0.13926353750112805,0.1550931415361888,0.3085954300452032,2.243515702771411,2.243515702771411,11594.14170680908,32.02513704737023,0.5438247011952191,0.029205582634514227,0.0,0.0,obsx_stress,torque,"nmpc+kf[r_v=0.15,r_w=0.15,q_F=10,q_tau=1,filt=1,gate=1,ffu=1,qyaw=1,obs=1,aci=2,aci_alpha=0.02]",6,6.939581632614136,13,0.7949083665338645,7.454946248947951,17.26227634586394,
0.08620269536775384,0.09621904044273191,0.18504346100455832,7.064037449190896,7.064037449190896,10256.632564502726,57.30473438963299,0.21912350597609562,0.023968640163932298,0.0,0.0,obsx_stress,torque,"nmpc+kf[r_v=0.15,r_w=0.15,q_F=10,q_tau=1,filt=1,gate=1,ffu=1,qyaw=1,obs=1,aci=2,aci_alpha=0.02]",7,7.765844821929932,11,0.8571713147410359,8.283141692005751,17.291026343591522,
0.16226483124249455,0.1812912226929503,1.0512030316931777,2.0570558965981456,2.0570558965981456,9943.187238551687,162.70604466936072,0.4203187250996016,0.0316120913564748,0.0,0.0,obsx_stress,torque,"nmpc+kf[r_v=0.15,r_w=0.15,q_F=10,q_tau=1,filt=1,gate=1,ffu=1,qyaw=1,obs=1,aci=2,aci_alpha=0.02]",8,3.982569456100464,25,0.5043505976095618,4.263512301351504,9.993813792243607,
0.0859652599567446,0.0958916812642366,0.1562931365877919,1.7306529453646653,1.7306529453646653,9230.226462353645,22.99266347132463,0.2968127490039841,0.03171713166361062,0.0,0.0,obsx_stress,torque,"nmpc+kf[r_v=0.15,r_w=0.15,q_F=10,q_tau=1,filt=1,gate=1,ffu=1,qyaw=1,obs=1,aci=2,aci_alpha=0.02]",9,7.394457578659058,5,0.8067729083665339,7.813697645581695,15.935232641641058,
0.08335304546899824,0.09106286069320867,0.13139893381845266,1.8639815381270466,1.8639815381270466,9000.71653754561,26.108125831377627,0.2410358565737052,0.029772164884404567,0.0,0.0,obsx_stress,torque,"nmpc+kf[r_v=0.15,r_w=0.15,q_F=10,q_tau=1,filt=1,gate=1,ffu=1,qyaw=1,obs=1,aci=2,aci_alpha=0.02]",10,5.965143442153931,2,0.7673386454183266,6.461753682938379,12.806503584142781,
0.08921535298930763,0.09931244116157875,0.1559756318807875,2.869516564921505,2.869516564921505,9305.658711250671,20.781624739372454,0.3565737051792829,0.03839188597010981,0.0,0.0,obsx_stress,torque,"nmpc+kf[r_v=0.15,r_w=0.15,q_F=10,q_tau=1,filt=1,gate=1,ffu=1,qyaw=1,obs=1,aci=2,aci_alpha=0.02]",11,7.773172378540039,4,0.8016494023904382,8.283650299879273,15.329840029589834,
0.09214667032546685,0.10270136357323618,0.15622017744321456,1.3712550039147031,1.3712550039147036,9455.89651171749,17.368243371610287,0.3884462151394422,0.029151232093425683,0.0,0.0,obsx_stress,torque,"nmpc+kf[r_v=0.15,r_w=0.15,q_F=10,q_tau=1,filt=1,gate=1,ffu=1,qyaw=1,obs=1,aci=2,aci_alpha=0.02]",12,6.297815561294556,7,0.7378426294820717,6.60493541128592,16.2000652262941,
0.09263860624605114,0.10348375319146826,0.16663969909053475,2.9513149740376727,2.9513149740376727,9795.672315423495,30.94427160354318,0.3944223107569721,0.005880041215227505,0.0,0.0,obsx_stress,torque,"nmpc+kf[r_v=0.15,r_w=0.15,q_F=10,q_tau=1,filt=1,gate=1,ffu=1,qyaw=1,obs=1,aci=2,aci_alpha=0.02]",13,2.8074100017547607,3,0.3830159362549801,2.9942990745421483,8.8488886365667,
0.10097207424010003,0.11266553729559413,0.18024057111309216,3.184693698907381,3.184693698907381,9169.34689431167,33.2160196215376,0.49203187250996017,-0.0205577411950163,1.0,0.027888446215139442,obsx_stress,torque,"nmpc+kf[r_v=0.15,r_w=0.15,q_F=10,q_tau=1,filt=1,gate=1,ffu=1,qyaw=1,obs=1,aci=2,aci_alpha=0.02]",14,4.623420000076294,0,0.5429760956175299,4.906100099461072,13.133868251461548,
inf,inf,inf,,,,,,-inf,1.0,,obsx_stress,torque,"nmpc+kf[r_v=0.15,r_w=0.15,q_F=10,q_tau=1,filt=1,gate=1,ffu=1,qyaw=1,obs=1,aci=2,aci_alpha=0.02]",15,2.735639810562134,141,0.43926607538802653,3.467045152898539,10.806124424561858,RuntimeError('diverged')
0.05161670773321033,0.057554228639679496,0.1253280155349898,2.0771092101496293,2.0771092101496293,9642.433152668233,23.58041281998398,0.07768924302788845,0.024696046726038423,0.0,0.0,obsx_stress,torque,"nmpc+kf[r_v=0.15,r_w=0.15,q_F=10,q_tau=1,filt=1,gate=1,ffu=1,qyaw=1,obs=1,aci=2,aci_alpha=0.02]",16,7.180293083190918,1,0.790862549800797,7.626478520381557,17.255185381509378,
0.04381133251515016,0.04889992076781698,0.09930795912122448,1.7525815052696878,1.7525815052696878,8154.515348768305,16.706019683759628,0.0,0.02600723222200757,0.0,0.0,obsx_stress,torque,"nmpc+kf[r_v=0.15,r_w=0.15,q_F=10,q_tau=1,filt=1,gate=1,ffu=1,qyaw=1,obs=1,aci=2,aci_alpha=0.02]",17,7.606547594070435,0,0.9159043824701195,8.032307399351492,16.042552844155583,
0.08684401491692108,0.09685428699729795,0.1423264084894103,7.872380753092721,7.872380753092721,10649.525774002215,45.763655413804486,0.37649402390438247,0.030676176900004376,0.0,0.0,obsx_stress,torque,"nmpc+kf[r_v=0.15,r_w=0.15,q_F=10,q_tau=1,filt=1,gate=1,ffu=1,qyaw=1,obs=1,aci=2,aci_alpha=0.02]",18,4.515349388122559,10,0.657496015936255,4.942225407348923,11.669370008166883,
0.3462903855683373,0.3869268856555004,0.7644421888167074,12.35948435755133,12.35948435755133,10221.466899747236,133.70232372410206,0.7549800796812749,0.038559052177343345,0.0,0.0,obsx_stress,torque,"nmpc+kf[r_v=0.15,r_w=0.15,q_F=10,q_tau=1,filt=1,gate=1,ffu=1,qyaw=1,obs=1,aci=2,aci_alpha=0.02]",19,5.9557859897613525,31,0.8003446215139441,6.480149396943797,18.053234976250682,
0.11428045917224228,0.12756107171504474,0.23702639098315276,12.50353552518161,12.50353552518161,9369.17102617601,29.939106219066986,0.43227091633466136,0.019295240903293487,0.0,0.0,obsx_stress,torque,"nmpc+kf[r_v=0.15,r_w=0.15,q_F=10,q_tau=1,filt=1,gate=1,ffu=1,qyaw=1,obs=1,aci=2]",0,3.6055972576141357,7,0.46617131474103585,3.8205913733690977,6.2921924935653815,
0.06525270486635645,0.0727055616950014,0.13302120365457692,2.9719235388349055,2.9719235388349055,9034.176644002217,33.124997754005086,0.1394422310756972,0.0210318484657111,0.0,0.0,obsx_stress,torque,"nmpc+kf[r_v=0.15,r_w=0.15,q_F=10,q_tau=1,filt=1,gate=1,ffu=1,qyaw=1,obs=1,aci=2]",1,4.799875020980835,1,0.576398406374502,4.828997140015621,10.822040522471081,
0.0943691329419722,0.10540652572014715,0.19994696838404485,5.130401817799773,5.130401817799773,10160.397266586242,37.75508798445213,0.2968127490039841,0.030517668960674094,0.0,0.0,obsx_stress,torque,"nmpc+kf[r_v=0.15,r_w=0.15,q_F=10,q_tau=1,filt=1,gate=1,ffu=1,qyaw=1,obs=1,aci=2]",2,2.376138925552368,5,0.3224760956175299,2.5368181402346055,4.717010767199101,
0.2223627690672593,0.24819846912086524,0.5598386452058262,28.768412382226845,28.768412382226845,11339.09051173701,144.42143443150286,0.6772908366533864,0.025235965393555437,0.0,0.0,obsx_stress,torque,"nmpc+kf[r_v=0.15,r_w=0.15,q_F=10,q_tau=1,filt=1,gate=1,ffu=1,qyaw=1,obs=1,aci=2]",3,5.331589698791504,22,0.7015239043824701,5.732090673427955,17.729515158571303,
0.10618036485025381,0.1185909358838428,0.231858772590028,10.036039484963446,10.036039484963446,8744.577668619122,25.35242274775573,0.38645418326693226,0.027295982612759617,0.0,0.0,obsx_stress,torque,"nmpc+kf[r_v=0.15,r_w=0.15,q_F=10,q_tau=1,filt=1,gate=1,ffu=1,qyaw=1,obs=1,aci=2]",4,4.208937406539917,10,0.5459362549800796,4.4803293403312265,12.296899403445426,
2.101978708975901,2.3611281999803264,8.244830341496593,15.669198734605862,15.669198734605862,7890.4094062476415,155.7663571124854,0.48132780082987553,-0.1410334499552236,1.0,0.07468879668049792,obsx_stress,torque,"nmpc+kf[r_v=0.15,r_w=0.15,q_F=10,q_tau=1,filt=1,gate=1,ffu=1,qyaw=1,obs=1,aci=2]",5,3.654008388519287,129,0.5032427385892116,4.1677391164283035,10.292538111098109,
0.12862124693127225,0.14318769501730966,0.28782659458230625,2.245615404089874,2.245615404089874,11482.588547911157,31.443093523536675,0.4721115537848606,0.023641917502422616,0.0,0.0,obsx_stress,torque,"nmpc+kf[r_v=0.15,r_w=0.15,q_F=10,q_tau=1,filt=1,gate=1,ffu=1,qyaw=1,obs=1,aci=2]",6,6.19057035446167,13,0.7049362549800797,6.599523177170065,14.639242938719704,
0.08033407777297628,0.08965283909535073,0.17116492763262153,7.206217341380215,7.206217341380215,10229.162971520524,54.923021716639326,0.16135458167330677,0.019134649498475875,0.0,0.0,obsx_stress,torque,"nmpc+kf[r_v=0.15,r_w=0.15,q_F=10,q_tau=1,filt=1,gate=1,ffu=1,qyaw=1,obs=1,aci=2]",7,5.635370254516602,11,0.7656792828685259,6.053757516619012,11.108384279068561,
0.1591701706895304,0.1778323068985014,1.048447016243142,2.123186000070974,2.123186000070974,9726.997940917548,162.71668568837876,0.3605577689243028,0.021938957194250708,0.0,0.0,obsx_stress,torque,"nmpc+kf[r_v=0.15,r_w=0.15,q_F=10,q_tau=1,filt=1,gate=1,ffu=1,qyaw=1,obs=1,aci=2]",8,3.8716177940368652,26,0.44820916334661354,4.140679160526312,11.242630067281429,
0.071633772865613,0.07984195674326341,0.13083409967787013,1.6673066381634052,1.6673066381634052,8616.042316085503,20.254072429121127,0.21713147410358566,0.026886061686945212,0.0,0.0,obsx_stress,torque,"nmpc+kf[r_v=0.15,r_w=0.15,q_F=10,q_tau=1,filt=1,gate=1,ffu=1,qyaw=1,obs=1,aci=2]",9,5.29039192199707,5,0.6336932270916336,5.590676919991277,13.596293998416517,
0.0732934647870891,0.07953498771298378,0.12311276586046827,1.81978370361805,1.81978370361805,8848.151203714817,26.33069676200811,0.13147410358565736,0.01874402648923157,0.0,0.0,obsx_stress,torque,"nmpc+kf[r_v=0.15,r_w=0.15,q_F=10,q_tau=1,filt=1,gate=1,ffu=1,qyaw=1,obs=1,aci=2]",10,4.9468467235565186,2,0.7158924302788845,5.28454913969237,15.154692619107697,
0.07744655750188212,0.08613223003370553,0.13854183502334633,2.9595070394706933,2.9595070394706933,8904.984300030346,20.94847793393456,0.1952191235059761,0.02820931582865227,0.0,0.0,obsx_stress,torque,"nmpc+kf[r_v=0.15,r_w=0.15,q_F=10,q_tau=1,filt=1,gate=1,ffu=1,qyaw=1,obs=1,aci=2]",11,4.361654281616211,4,0.4960597609561753,4.634334975705145,14.872131752781572,
0.08669091864915145,0.09658700636376019,0.1466260551875551,1.335270012904037,1.335270012904037,9460.369232670713,17.24850875277393,0.31673306772908366,0.02024393515619677,0.0,0.0,obsx_stress,torque,"nmpc+kf[r_v=0.15,r_w=0.15,q_F=10,q_tau=1,filt=1,gate=1,ffu=1,qyaw=1,obs=1,aci=2]",12,4.835888862609863,7,0.5811115537848606,5.08648595602003,11.826084847562017,
0.08379980453752543,0.09360259984669564,0.14160463180986751,2.9899277161271316,2.9899277161271316,9875.781847326243,31.052699224591993,0.34063745019920316,0.004539369061609122,0.0,0.0,obsx_stress,torque,"nmpc+kf[r_v=0.15,r_w=0.15,q_F=10,q_tau=1,filt=1,gate=1,ffu=1,qyaw=1,obs=1,aci=2]",13,3.396310567855835,2,0.4252370517928287,3.6621373207067176,11.158431977964959,
0.09714614268370575,0.10838349801036622,0.21592330174526206,3.088782464900395,3.088782464900395,9061.887480999072,38.38035323539043,0.3745019920318725,-0.019726943436747496,1.0,0.027888446215139442,obsx_stress,torque,"nmpc+kf[r_v=0.15,r_w=0.15,q_F=10,q_tau=1,filt=1,gate=1,ffu=1,qyaw=1,obs=1,aci=2]",14,8.862417697906494,0,0.9634661354581673,9.252089157837826,18.027715927455574,
0.33965663197786883,0.3794767134403417,0.8486198927321044,23.890961045724552,23.890961045724552,8897.429409977747,135.33397590102803,0.599601593625498,-0.1839679540054589,1.0,0.0796812749003984,obsx_stress,torque,"nmpc+kf[r_v=0.15,r_w=0.15,q_F=10,q_tau=1,filt=1,gate=1,ffu=1,qyaw=1,obs=1,aci=2]",15,7.556215047836304,26,0.9224581673306772,7.994982308663606,15.905329037923373,
0.047138622530978516,0.05253804152260731,0.11924879974070517,2.0840527202414822,2.0840527202414822,9564.130433002116,22.606728473897604,0.06772908366533864,0.019675984739486785,0.0,0.0,obsx_stress,torque,"nmpc+kf[r_v=0.15,r_w=0.15,q_F=10,q_tau=1,filt=1,gate=1,ffu=1,qyaw=1,obs=1,aci=2]",16,4.807220935821533,1,0.6556035856573705,5.123585250147014,11.76403092220426,
0.03948836021658204,0.044062708820622284,0.09048558327592962,1.748705053960407,1.748705053960407,8123.611141175379,15.130760809460359,0.0,0.01943337449096605,0.0,0.0,obsx_stress,torque,"nmpc+kf[r_v=0.15,r_w=0.15,q_F=10,q_tau=1,filt=1,gate=1,ffu=1,qyaw=1,obs=1,aci=2]",17,2.667226552963257,0,0.36324302788844626,2.8135353969261647,5.859983921982348,
0.22780741775107172,0.2544965807932227,0.9026991529275947,10.27486691415021,10.27486691415021,10950.601553790562,175.1547482686752,0.33067729083665337,-0.01127863600367729,1.0,0.013944223107569721,obsx_stress,torque,"nmpc+kf[r_v=0.15,r_w=0.15,q_F=10,q_tau=1,filt=1,gate=1,ffu=1,qyaw=1,obs=1,aci=2]",18,8.245664119720459,39,0.9963007968127489,8.948587608408644,18.82021476514638,
0.3236524956645866,0.3616289648061824,0.742509318123309,12.206900942285694,12.206900942285694,10088.035868561246,135.62230672026666,0.7549800796812749,0.031207001415274882,0.0,0.0,obsx_stress,torque,"nmpc+kf[r_v=0.15,r_w=0.15,q_F=10,q_tau=1,filt=1,gate=1,ffu=1,qyaw=1,obs=1,aci=2]",19,7.657848596572876,31,0.7799103585657371,8.183821586361415,17.450838235672563,
0.1199922339786081,0.13394609556274623,0.28086820645120786,6.4466141976743705,6.446614197674371,6777.526372754319,31.14053720501212,0.3944223107569721,0.019848956813183882,0.0,0.0,obsx_stress,torque,"nmpc+learned[model=gdn_mix2,filt=1,gate=1,ffu=1,qyaw=1,obs=1,aci=1,aci_alpha=0.02]",0,7.961885690689087,0,0.6853585657370518,10.038202306148095,19.502529944293208,
0.05945371725549581,0.06629720700568481,0.1307274209431302,2.0186685757918177,2.0186685757918177,6832.362675183281,34.00488367529694,0.055776892430278883,0.020364031418401873,0.0,0.0,obsx_stress,torque,"nmpc+learned[model=gdn_mix2,filt=1,gate=1,ffu=1,qyaw=1,obs=1,aci=1,aci_alpha=0.02]",1,5.135144233703613,0,0.527402390438247,6.44331734137706,16.65054728742689,
0.08750366786672523,0.0977499487021542,0.1928068622349976,3.759288178078542,3.759288178078542,6746.850664755887,42.104625780139465,0.2450199203187251,0.03970327180348937,0.0,0.0,obsx_stress,torque,"nmpc+learned[model=gdn_mix2,filt=1,gate=1,ffu=1,qyaw=1,obs=1,aci=1,aci_alpha=0.02]",2,6.2314043045043945,0,0.7008107569721116,7.895942136415269,16.78574134595692,
0.15402344072761623,0.17184309126429695,0.38036658536476703,3.5978595877843382,3.5978595877843382,9161.907419071164,37.28188469548002,0.5378486055776892,0.0280628328110048,0.0,0.0,obsx_stress,torque,"nmpc+learned[model=gdn_mix2,filt=1,gate=1,ffu=1,qyaw=1,obs=1,aci=1,aci_alpha=0.02]",3,5.476823329925537,1,0.6533804780876494,6.9699829909950495,16.611233297735453,
0.09772231885941013,0.10900822353935442,0.22262348885513933,9.254374975207911,9.254374975207911,7450.604815019241,25.600278027783546,0.33067729083665337,0.030475206521164366,0.0,0.0,obsx_stress,torque,"nmpc+learned[model=gdn_mix2,filt=1,gate=1,ffu=1,qyaw=1,obs=1,aci=1,aci_alpha=0.02]",4,6.7295238971710205,0,0.7135278884462151,8.566306417889566,16.79866010788828,
0.10022403671748165,0.11196520215184455,0.2898822835386974,5.844377602258231,5.844377602258231,7512.810896233861,40.57379860531547,0.2589641434262948,0.020939784341423656,0.0,0.0,obsx_stress,torque,"nmpc+learned[model=gdn_mix2,filt=1,gate=1,ffu=1,qyaw=1,obs=1,aci=1,aci_alpha=0.02]",5,4.348622798919678,0,0.45002390438247014,5.477240433883056,10.44069025432691,
0.13286275771032185,0.14795207186189266,0.2921819239716838,4.444375967223969,4.444375967223969,9051.968654080476,32.09769178389898,0.49203187250996017,0.028561047494061576,0.0,0.0,obsx_stress,torque,"nmpc+learned[model=gdn_mix2,filt=1,gate=1,ffu=1,qyaw=1,obs=1,aci=1,aci_alpha=0.02]",6,5.82138991355896,3,0.586609561752988,7.438952823084189,16.833690777420998,
0.08413162195446046,0.0938024377648747,0.2010420258578292,12.466197931314108,12.466197931314106,7370.140815339664,53.55764171758981,0.19322709163346613,0.02286648902725899,0.0,0.0,obsx_stress,torque,"nmpc+learned[model=gdn_mix2,filt=1,gate=1,ffu=1,qyaw=1,obs=1,aci=1,aci_alpha=0.02]",7,7.540131092071533,0,0.7964003984063746,9.769486176198814,16.96455480530858,
0.14100376682591287,0.15752278780138848,0.7125297716680444,6.0648669599220755,6.0648669599220755,7243.4347864654765,113.45524478583017,0.33665338645418325,0.02835149431229339,0.0,0.0,obsx_stress,torque,"nmpc+learned[model=gdn_mix2,filt=1,gate=1,ffu=1,qyaw=1,obs=1,aci=1,aci_alpha=0.02]",8,6.200067758560181,4,0.6218705179282868,7.905546792382114,16.826014916878194,
0.07890241738195938,0.08799931672266359,0.1519325862766617,1.5769962708858989,1.5769962708858989,5785.492422448056,21.55890759485265,0.27091633466135456,0.0223891294498621,0.0,0.0,obsx_stress,torque,"nmpc+learned[model=gdn_mix2,filt=1,gate=1,ffu=1,qyaw=1,obs=1,aci=1,aci_alpha=0.02]",9,6.14745831489563,0,0.6127071713147412,7.798902695976287,16.848653866909444,
0.07520472706163363,0.08354280713013353,0.1274170818133512,1.8495033542592656,1.8495033542592656,7173.162934478248,25.58638887157845,0.13147410358565736,0.026446825190892947,0.0,0.0,obsx_stress,torque,"nmpc+learned[model=gdn_mix2,filt=1,gate=1,ffu=1,qyaw=1,obs=1,aci=1,aci_alpha=0.02]",10,4.906970739364624,1,0.5164203187250995,6.156642958373426,16.599699947983027,
0.07587705610828367,0.08465275135247279,0.13361135640495098,0.8310580825744652,0.8310580825744652,7373.813204272228,19.85615760240456,0.2450199203187251,0.02467755637961852,0.0,0.0,obsx_stress,torque,"nmpc+learned[model=gdn_mix2,filt=1,gate=1,ffu=1,qyaw=1,obs=1,aci=1,aci_alpha=0.02]",11,4.495867967605591,1,0.5309980079681276,5.663137573589278,11.106010195799174,
0.08779328205755334,0.0977865117071762,0.15201110779925364,0.63195297984053,0.63195297984053,6683.9354179261545,17.19337560503104,0.35258964143426297,0.0228946016076772,0.0,0.0,obsx_stress,torque,"nmpc+learned[model=gdn_mix2,filt=1,gate=1,ffu=1,qyaw=1,obs=1,aci=1,aci_alpha=0.02]",12,7.046128273010254,0,0.757699203187251,8.94167559338266,17.004741919226944,
0.0965987359985151,0.10786544642884204,0.14933826746510762,2.9127112278473852,2.9127112278473852,7954.1487562594975,50.690629658489364,0.5059760956175299,0.009599541595863514,0.0,0.0,obsx_stress,torque,"nmpc+learned[model=gdn_mix2,filt=1,gate=1,ffu=1,qyaw=1,obs=1,aci=1,aci_alpha=0.02]",13,3.1964685916900635,0,0.36606573705179285,4.031094642675137,10.869575529359281,
0.09836302084635605,0.10979298746008623,0.19660781678476422,2.419053394204378,2.419053394204378,6395.268845670815,28.109649532701123,0.4103585657370518,-0.012006732975773149,1.0,0.021912350597609563,obsx_stress,torque,"nmpc+learned[model=gdn_mix2,filt=1,gate=1,ffu=1,qyaw=1,obs=1,aci=1,aci_alpha=0.02]",14,4.892091274261475,0,0.5424262948207171,6.091939976468563,10.482694644015282,
0.12029774165038391,0.13424861582414024,0.22576758456552456,2.7946495982471236,2.7946495982471236,8277.292920092586,19.345760404593886,0.5537848605577689,0.02202035196942137,0.0,0.0,obsx_stress,torque,"nmpc+learned[model=gdn_mix2,filt=1,gate=1,ffu=1,qyaw=1,obs=1,aci=1,aci_alpha=0.02]",15,5.444504737854004,1,0.5098764940239044,6.845924545049787,13.564034735318273,
0.051188554004846544,0.05702620230350918,0.12281868634340032,1.7040476605543389,1.7040476605543389,6243.998493721497,22.968933850392954,0.07171314741035857,0.024561407550152237,0.0,0.0,obsx_stress,torque,"nmpc+learned[model=gdn_mix2,filt=1,gate=1,ffu=1,qyaw=1,obs=1,aci=1,aci_alpha=0.02]",16,5.38546085357666,0,0.5829243027888447,6.9266157442763205,16.341966206673533,
0.038164760893285396,0.04253755076197872,0.09081497103284085,1.4414677181620703,1.4414677181620703,5629.14956514049,18.916418080053813,0.0,0.015203996507796802,0.0,0.0,obsx_stress,torque,"nmpc+learned[model=gdn_mix2,filt=1,gate=1,ffu=1,qyaw=1,obs=1,aci=1,aci_alpha=0.02]",17,3.839167833328247,0,0.41473306772908364,4.8979390514606385,11.27412077272311,
0.09287202538518753,0.10367530766935278,0.15817459969859715,10.321731942424726,10.321731942424726,9846.947927614015,54.78983269301191,0.4243027888446215,0.025076149606769765,0.0,0.0,obsx_stress,torque,"nmpc+learned[model=gdn_mix2,filt=1,gate=1,ffu=1,qyaw=1,obs=1,aci=1,aci_alpha=0.02]",18,7.255730628967285,0,0.8035039840637451,9.10981175020352,16.90026151482016,
0.1143115957862765,0.12753799137688956,0.2127197566348532,3.734255220285181,3.734255220285181,8903.800860356941,40.25699631307807,0.49203187250996017,0.01898353703890987,0.0,0.0,obsx_stress,torque,"nmpc+learned[model=gdn_mix2,filt=1,gate=1,ffu=1,qyaw=1,obs=1,aci=1,aci_alpha=0.02]",19,4.1918840408325195,0,0.46122709163346604,5.252656617305758,16.426410484127704,
0.12309796970391293,0.13740113364229978,0.28435396028667587,6.721650237879515,6.721650237879515,6892.793665096332,30.99316357883256,0.41434262948207173,0.024535502344873172,0.0,0.0,obsx_stress,torque,"nmpc+learned[model=gdn_mix2,filt=1,gate=1,ffu=1,qyaw=1,obs=1,aci=1,obsm=0.01]",0,4.490901708602905,0,0.4970816733067729,5.607406089761373,10.69669589633122,
0.06388660553189547,0.07126066203125787,0.1414059469133187,2.163927882652469,2.163927882652469,6978.3209568763505,36.13589118584323,0.12749003984063745,0.02621611086552783,0.0,0.0,obsx_stress,torque,"nmpc+learned[model=gdn_mix2,filt=1,gate=1,ffu=1,qyaw=1,obs=1,aci=1,obsm=0.01]",1,5.329195261001587,0,0.5173107569721115,6.3709497518570295,11.532342885620892,
0.08591849130554449,0.09597793219376279,0.19039010927407313,3.904091950563765,3.904091950563765,6751.459104436215,42.823202448026336,0.23306772908366533,0.03398220002663688,0.0,0.0,obsx_stress,torque,"nmpc+learned[model=gdn_mix2,filt=1,gate=1,ffu=1,qyaw=1,obs=1,aci=1,obsm=0.01]",2,6.0278379917144775,0,0.6304103585657371,7.559278232705932,14.680536636151382,
0.15341776865167234,0.1711651578945089,0.37729780489215015,4.423471862156561,4.423471862156561,8545.463142652754,35.0349661917106,0.5219123505976095,0.029492298994246047,0.0,0.0,obsx_stress,torque,"nmpc+learned[model=gdn_mix2,filt=1,gate=1,ffu=1,qyaw=1,obs=1,aci=1,obsm=0.01]",3,5.13369345664978,3,0.5653884462151394,6.3948524708625865,16.232115563470895,
0.10739225439300276,0.11983168011154999,0.24668001788515398,10.345781402763695,10.345781402763695,8172.997302323132,25.514621657041243,0.3944223107569721,0.035575709894686225,0.0,0.0,obsx_stress,torque,"nmpc+learned[model=gdn_mix2,filt=1,gate=1,ffu=1,qyaw=1,obs=1,aci=1,obsm=0.01]",4,6.244859218597412,0,0.704117529880478,7.976160781268787,16.83018766110763,
0.10239664411341608,0.11439077235347284,0.2825807366139556,5.918550870340814,5.918550870340814,7318.328145191322,39.56367490006075,0.32669322709163345,0.029237815085281477,0.0,0.0,obsx_stress,torque,"nmpc+learned[model=gdn_mix2,filt=1,gate=1,ffu=1,qyaw=1,obs=1,aci=1,obsm=0.01]",5,4.616834402084351,0,0.48692629482071714,5.82922783223875,10.57764804456383,
0.13237818076777777,0.1473518310274805,0.29198065221718217,4.499278073402797,4.499278073402797,9068.957927107393,32.667268897950684,0.4960159362549801,0.032354937328773425,0.0,0.0,obsx_stress,torque,"nmpc+learned[model=gdn_mix2,filt=1,gate=1,ffu=1,qyaw=1,obs=1,aci=1,obsm=0.01]",6,5.690956115722656,3,0.6269123505976096,7.297979355177497,13.320116545073711,
0.08833425763867175,0.09850895333692879,0.20893069159988473,12.457706107004135,12.457706107004135,7148.572626349955,54.761364688393165,0.21115537848605578,0.028532814762475267,0.0,0.0,obsx_stress,torque,"nmpc+learned[model=gdn_mix2,filt=1,gate=1,ffu=1,qyaw=1,obs=1,aci=1,obsm=0.01]",7,8.189554214477539,0,0.776715139442231,10.500778061471346,17.485317105893053,
0.1414493939074298,0.15802091033100518,0.7118029738730338,5.853858577993182,5.853858577993182,7291.081220581874,112.19776215081188,0.38247011952191234,0.034002439566032994,0.0,0.0,obsx_stress,torque,"nmpc+learned[model=gdn_mix2,filt=1,gate=1,ffu=1,qyaw=1,obs=1,aci=1,obsm=0.01]",8,6.5800721645355225,4,0.6313804780876495,8.538043006801926,13.207639008760456,
0.07776988064942289,0.08673121709094973,0.14331213623395728,1.5557402015478528,1.5557402015478528,5690.96335450348,22.118442455065342,0.26095617529880477,0.03354736974940847,0.0,0.0,obsx_stress,torque,"nmpc+learned[model=gdn_mix2,filt=1,gate=1,ffu=1,qyaw=1,obs=1,aci=1,obsm=0.01]",9,5.391387224197388,0,0.5383545816733067,6.781062530539188,10.912910285405815,
0.07024505331251478,0.07796813375221626,0.11718837191169196,1.7115107319058083,1.7115107319058083,6940.286796472532,25.142380563290487,0.10956175298804781,0.020113046526465422,0.0,0.0,obsx_stress,torque,"nmpc+learned[model=gdn_mix2,filt=1,gate=1,ffu=1,qyaw=1,obs=1,aci=1,obsm=0.01]",10,4.531904458999634,1,0.47688645418326686,5.728159562695727,15.115469810552902,
0.07928796729035285,0.08846143983535314,0.14420355078196712,0.8374172429980855,0.8374172429980855,7271.233120175208,19.832773730325982,0.2729083665338645,0.03233846401070145,0.0,0.0,obsx_stress,torque,"nmpc+learned[model=gdn_mix2,filt=1,gate=1,ffu=1,qyaw=1,obs=1,aci=1,obsm=0.01]",11,4.144193887710571,1,0.4181892430278884,5.1032577031867135,10.5790077871643,
0.09018271151897408,0.10046578203897999,0.15405759937361557,0.6459462488909358,0.6459462488909358,6696.369271500703,17.092235706461032,0.37250996015936255,0.030413549975385534,0.0,0.0,obsx_stress,torque,"nmpc+learned[model=gdn_mix2,filt=1,gate=1,ffu=1,qyaw=1,obs=1,aci=1,obsm=0.01]",12,6.76373553276062,0,0.6698705179282869,8.606401075000514,16.93635508650914,
0.09076610933906737,0.10134237657914337,0.13835989434489002,3.2724211911245416,3.272421191124541,7759.914165055938,51.95377184039484,0.450199203187251,0.01652876391799135,0.0,0.0,obsx_stress,torque,"nmpc+learned[model=gdn_mix2,filt=1,gate=1,ffu=1,qyaw=1,obs=1,aci=1,obsm=0.01]",13,4.075119733810425,0,0.48128286852589636,5.108625378990286,10.483291614800692,
0.09977550838475618,0.11137318911715668,0.21067659135235275,2.520139319316902,2.520139319316902,6396.037037158402,32.90751151693026,0.4243027888446215,-0.0024931754296617925,1.0,0.00796812749003984,obsx_stress,torque,"nmpc+learned[model=gdn_mix2,filt=1,gate=1,ffu=1,qyaw=1,obs=1,aci=1,obsm=0.01]",14,7.396554708480835,0,0.8495996015936256,9.41689474604638,17.053832651581615,
0.12721216934288634,0.14195234941904084,0.24304635455069698,2.6871072427900184,2.6871072427900184,8270.051779227393,19.45790475087628,0.5737051792828686,0.029729101671223557,0.0,0.0,obsx_stress,torque,"nmpc+learned[model=gdn_mix2,filt=1,gate=1,ffu=1,qyaw=1,obs=1,aci=1,obsm=0.01]",15,8.137036800384521,1,0.9003326693227092,10.646679086621806,20.780938197858642,
0.05367916946821887,0.05981759238640759,0.13010411191308874,1.766602156111128,1.766602156111128,6238.719433859989,24.765285500289703,0.08366533864541832,0.03161931531743817,0.0,0.0,obsx_stress,torque,"nmpc+learned[model=gdn_mix2,filt=1,gate=1,ffu=1,qyaw=1,obs=1,aci=1,obsm=0.01]",16,8.325379371643066,0,1.0179561752988049,10.791717180184486,17.99408193444833,
0.041020996819537206,0.04573705741616978,0.09898417540495727,1.4231260788546956,1.4231260788546956,5544.648981073972,20.8483637374823,0.0,0.02021554918442825,0.0,0.0,obsx_stress,torque,"nmpc+learned[model=gdn_mix2,filt=1,gate=1,ffu=1,qyaw=1,obs=1,aci=1,obsm=0.01]",17,5.12959623336792,0,0.5835338645418328,6.5106547959853875,10.962914244737476,
0.09218817219316497,0.10291025327391316,0.1561392607676735,10.019269856584508,10.019269856584508,9470.441526266179,56.23867609884793,0.36254980079681276,0.02984992773540293,0.0,0.0,obsx_stress,torque,"nmpc+learned[model=gdn_mix2,filt=1,gate=1,ffu=1,qyaw=1,obs=1,aci=1,obsm=0.01]",18,7.059539079666138,0,0.8000717131474103,9.044375418095415,17.098326154518872,
0.12037402769361805,0.13432217308536148,0.22026641130413396,4.478309295409998,4.478309295409998,9021.384782610367,40.71168231659412,0.50199203187251,0.028399502826545686,0.0,0.0,obsx_stress,torque,"nmpc+learned[model=gdn_mix2,filt=1,gate=1,ffu=1,qyaw=1,obs=1,aci=1,obsm=0.01]",19,6.1636598110198975,0,0.6838964143426295,7.814309961882334,16.373045968357474,
0.1163652445688688,0.129887805025348,0.2748861086409928,6.797429023338177,6.797429023338177,6885.715018467789,30.922745794566545,0.3804780876494024,0.014333189982208172,0.0,0.0,obsx_stress,torque,"nmpc+learned[model=gdn_mix2,filt=1,gate=1,ffu=1,qyaw=1,obs=1,aci=1]",0,7.2367637157440186,0,0.7919980079681275,9.173148600161966,17.044123976957056,
0.05649520034635362,0.06298373028009116,0.12838646009249255,2.2488363439502392,2.2488363439502392,6758.587685848178,34.01851562932005,0.05179282868525897,0.016625602471221357,0.0,0.0,obsx_stress,torque,"nmpc+learned[model=gdn_mix2,filt=1,gate=1,ffu=1,qyaw=1,obs=1,aci=1]",1,6.263556718826294,0,0.6025298804780876,8.014268516395909,16.577486919704825,
0.07750274656029489,0.08656982597921753,0.17183580620905442,3.6656281984525596,3.6656281984525596,6693.332544020629,41.04647723059855,0.1892430278884462,0.023758030549626385,0.0,0.0,obsx_stress,torque,"nmpc+learned[model=gdn_mix2,filt=1,gate=1,ffu=1,qyaw=1,obs=1,aci=1]",2,7.515814542770386,0,0.8122749003984064,9.463951606173588,16.975642556790262,
0.14580106633456238,0.16263876763365215,0.3635854496128391,3.613370757003234,3.613370757003234,8507.500167692153,34.75873507751108,0.4581673306772908,0.020944756974722922,0.0,0.0,obsx_stress,torque,"nmpc+learned[model=gdn_mix2,filt=1,gate=1,ffu=1,qyaw=1,obs=1,aci=1]",3,6.704256534576416,1,0.7010059760956175,8.43938663731741,16.689977599307895,
0.1004901919192042,0.11210662007193313,0.22917327277006674,10.197783383496857,10.197783383496857,7943.417462020551,25.6784401704024,0.350597609561753,0.025816750590531234,0.0,0.0,obsx_stress,torque,"nmpc+learned[model=gdn_mix2,filt=1,gate=1,ffu=1,qyaw=1,obs=1,aci=1]",4,4.530185222625732,0,0.47005179282868526,5.629283626029542,16.5880642645061,
0.0956234029962393,0.10682509760124177,0.2733445477641427,5.790396324957777,5.790396324957775,7235.390292424422,39.67625767345155,0.2250996015936255,0.019075769056741743,0.0,0.0,obsx_stress,torque,"nmpc+learned[model=gdn_mix2,filt=1,gate=1,ffu=1,qyaw=1,obs=1,aci=1]",5,7.553833723068237,0,0.7720398406374502,9.56345042093208,16.901058317162097,
0.12502519757871444,0.13919058687789387,0.278830392843765,4.360310499713201,4.360310499713201,8788.885309791614,31.0330183734381,0.43227091633466136,0.02243899379894221,0.0,0.0,obsx_stress,torque,"nmpc+learned[model=gdn_mix2,filt=1,gate=1,ffu=1,qyaw=1,obs=1,aci=1]",6,4.863796710968018,3,0.5405358565737052,6.2385029818090905,16.397709131706506,
0.07869948218175095,0.0877174077200224,0.19247047646419263,12.471589553781971,12.471589553781971,7103.319182583877,49.939383496364094,0.1553784860557769,0.018547649990125842,0.0,0.0,obsx_stress,torque,"nmpc+learned[model=gdn_mix2,filt=1,gate=1,ffu=1,qyaw=1,obs=1,aci=1]",7,6.852777481079102,0,0.7233884462151394,8.811198315022892,16.991603320930157,
0.07679315993375085,0.08573057644146351,0.1347966259835435,2.1515643540308385,2.1515643540308385,6787.135327186452,42.11301998460052,0.25298804780876494,0.024163415546561873,0.0,0.0,obsx_stress,torque,"nmpc+learned[model=gdn_mix2,filt=1,gate=1,ffu=1,qyaw=1,obs=1,aci=1]",8,7.08271336555481,0,0.7730916334661354,9.0310810499294,17.02576731564477,
0.06420603133373705,0.07153687420867649,0.1218923178497745,1.272722007666599,1.272722007666599,5324.2966514226,21.527606819168614,0.15139442231075698,0.02376903379291956,0.0,0.0,obsx_stress,torque,"nmpc+learned[model=gdn_mix2,filt=1,gate=1,ffu=1,qyaw=1,obs=1,aci=1]",9,6.783882141113281,0,0.6560916334661355,8.518536373846736,16.73495251685381,
0.06423036991996542,0.07119687416174703,0.10710789486375448,1.686261424280365,1.686261424280365,6701.874915231742,24.88204535427684,0.0796812749003984,0.010310929779114547,0.0,0.0,obsx_stress,torque,"nmpc+learned[model=gdn_mix2,filt=1,gate=1,ffu=1,qyaw=1,obs=1,aci=1]",10,5.543025255203247,1,0.6316095617529881,6.893070424402289,16.63432584842667,
0.07043420472195376,0.07856815924471076,0.1323057634565329,0.8459327270947563,0.8459327270947563,6879.89863683127,19.822429249263287,0.1394422310756972,0.022430327189743665,0.0,0.0,obsx_stress,torque,"nmpc+learned[model=gdn_mix2,filt=1,gate=1,ffu=1,qyaw=1,obs=1,aci=1]",11,4.4532880783081055,1,0.46450398406374505,5.524466764571449,10.741569981910288,
0.08310309920287931,0.09252707779517538,0.1427606502561411,0.6326488010662741,0.6326488010662741,6646.326143363312,17.11704437622669,0.27689243027888444,0.02042689159714106,0.0,0.0,obsx_stress,torque,"nmpc+learned[model=gdn_mix2,filt=1,gate=1,ffu=1,qyaw=1,obs=1,aci=1]",12,7.363894462585449,0,0.7415239043824701,9.513171771411372,16.903852310497314,
0.08133257242175106,0.09079054177861356,0.12573997693796776,3.4404929924818837,3.4404929924818837,7718.979858316726,48.23054147743883,0.36254980079681276,0.00561798595461066,0.0,0.0,obsx_stress,torque,"nmpc+learned[model=gdn_mix2,filt=1,gate=1,ffu=1,qyaw=1,obs=1,aci=1]",13,4.894017934799194,0,0.5347569721115538,6.096125796040246,11.374706481583422,
0.09343293937551213,0.10427710217864997,0.2082833403577919,2.466724072758117,2.466724072758117,6334.252571341607,34.55934079810513,0.32270916334661354,-0.011240901546879456,1.0,0.02390438247011952,obsx_stress,torque,"nmpc+learned[model=gdn_mix2,filt=1,gate=1,ffu=1,qyaw=1,obs=1,aci=1]",14,6.483810186386108,0,0.7089103585657371,8.17841914319155,16.834065718576312,
0.11608822544015363,0.1295457941145608,0.22693278940801817,2.8485174483113447,2.8485174483113447,8115.45181483635,19.26900390379814,0.5318725099601593,0.020381260530370593,0.0,0.0,obsx_stress,torque,"nmpc+learned[model=gdn_mix2,filt=1,gate=1,ffu=1,qyaw=1,obs=1,aci=1]",15,5.4395973682403564,1,0.4919541832669323,6.841472726207657,16.756135637406263,
0.048036675190921516,0.0534924701573075,0.12022192677066228,1.6399673087837299,1.6399673087837299,6149.970558436911,22.962094655496387,0.06772908366533864,0.02234947782773211,0.0,0.0,obsx_stress,torque,"nmpc+learned[model=gdn_mix2,filt=1,gate=1,ffu=1,qyaw=1,obs=1,aci=1]",16,5.010638952255249,0,0.5148306772908366,6.403460352870811,11.517812635283917,
0.03508439548962783,0.03908556197252776,0.08614070700528399,1.3882748034381371,1.3882748034381371,5497.571201416117,17.896421671884383,0.0,0.01134389048524187,0.0,0.0,obsx_stress,torque,"nmpc+learned[model=gdn_mix2,filt=1,gate=1,ffu=1,qyaw=1,obs=1,aci=1]",17,4.8553526401519775,0,0.5063306772908367,6.205342601951346,10.599386661779135,
0.0827736599290334,0.09237755176732634,0.1408295849818992,9.431568561965943,9.431568561965943,9119.20254415098,52.572128888140206,0.2968127490039841,0.019807917540932723,0.0,0.0,obsx_stress,torque,"nmpc+learned[model=gdn_mix2,filt=1,gate=1,ffu=1,qyaw=1,obs=1,aci=1]",18,3.2078731060028076,0,0.3617808764940239,4.035970308368959,11.229530924465509,
0.11177627671724917,0.1247174097920943,0.2059523466576484,4.313358717287259,4.313358717287259,8896.96275419814,40.067260718056446,0.48406374501992033,0.018697185369175584,0.0,0.0,obsx_stress,torque,"nmpc+learned[model=gdn_mix2,filt=1,gate=1,ffu=1,qyaw=1,obs=1,aci=1]",19,6.437817811965942,0,0.7017868525896414,8.097702472663645,16.56717542791739,
0.12038326033672492,0.13435485173989153,0.2800252315203375,6.448552896473985,6.448552896473985,6784.631255072915,31.079818695123674,0.39243027888446214,0.028050351292513875,0.0,0.0,obsx_stress,torque,"nmpc+learned[model=gdn_mix2,filt=1,gate=1,ffu=1,qyaw=1,obs=1,aci=2,aci_alpha=0.02]",0,6.2994911670684814,0,0.6969721115537848,7.90779455472155,16.72868166351691,
0.061832696282599534,0.06896109824956717,0.13254011052599501,1.882111426109805,1.882111426109805,6823.3724405622115,35.42941889329004,0.11354581673306773,0.020866717420168712,0.0,0.0,obsx_stress,torque,"nmpc+learned[model=gdn_mix2,filt=1,gate=1,ffu=1,qyaw=1,obs=1,aci=2,aci_alpha=0.02]",1,6.6374781131744385,0,0.7086474103585658,8.525836162744053,16.822689529508352,
0.09024696480848257,0.10081653849619372,0.2001743449905528,3.8168975642793552,3.8168975642793552,6774.46334691213,42.486959153150856,0.2649402390438247,0.04237301809228644,0.0,0.0,obsx_stress,torque,"nmpc+learned[model=gdn_mix2,filt=1,gate=1,ffu=1,qyaw=1,obs=1,aci=2,aci_alpha=0.02]",2,4.658518552780151,0,0.49233864541832667,5.817855441612581,10.74765762547031,
0.15501053038755952,0.17294828308133656,0.3970808718460293,3.094251204307179,3.0942512043071786,8779.061605225006,33.30101381974657,0.45617529880478086,0.027623199270842447,0.0,0.0,obsx_stress,torque,"nmpc+learned[model=gdn_mix2,filt=1,gate=1,ffu=1,qyaw=1,obs=1,aci=2,aci_alpha=0.02]",3,5.03277587890625,0,0.545788844621514,6.194067241872598,16.522799783851955,
0.0994305829223353,0.11092051339863118,0.2337492407701809,9.243429567918971,9.243429567918971,7513.360204686809,25.48269915350312,0.33665338645418325,0.030896045251064264,0.0,0.0,obsx_stress,torque,"nmpc+learned[model=gdn_mix2,filt=1,gate=1,ffu=1,qyaw=1,obs=1,aci=2,aci_alpha=0.02]",4,3.9781177043914795,0,0.4055916334661354,4.995923561222139,10.518154257442802,
0.10256601140545522,0.11457236306480785,0.29120780303457566,5.872258950383718,5.872258950383718,7447.123697701677,40.726770756998995,0.3047808764940239,0.02740397458607488,0.0,0.0,obsx_stress,torque,"nmpc+learned[model=gdn_mix2,filt=1,gate=1,ffu=1,qyaw=1,obs=1,aci=2,aci_alpha=0.02]",5,3.429650068283081,0,0.3584442231075698,4.223747561088359,10.275887900497764,
0.1349352863596541,0.1502132598340737,0.29538783440234917,4.510775567532421,4.510775567532421,9105.742458634964,32.3028368858356,0.5079681274900398,0.028947182485525358,0.0,0.0,obsx_stress,torque,"nmpc+learned[model=gdn_mix2,filt=1,gate=1,ffu=1,qyaw=1,obs=1,aci=2,aci_alpha=0.02]",6,6.93310546875,3,0.7489262948207172,8.939321739580556,16.885942148510367,
0.08500550803366824,0.09478119701738956,0.19385855480956307,12.628464116120437,12.628464116120437,7225.913981992693,52.11314905372995,0.20318725099601595,0.023165316832107374,0.0,0.0,obsx_stress,torque,"nmpc+learned[model=gdn_mix2,filt=1,gate=1,ffu=1,qyaw=1,obs=1,aci=2,aci_alpha=0.02]",7,7.774902820587158,0,0.7643764940239045,10.20899201479863,16.96233222493902,
0.12264185078690269,0.13699690326847083,0.5271458717554012,8.533323090483455,8.533323090483455,7211.091888815488,126.80013661017507,0.36254980079681276,0.030959884698818663,0.0,0.0,obsx_stress,torque,"nmpc+learned[model=gdn_mix2,filt=1,gate=1,ffu=1,qyaw=1,obs=1,aci=2,aci_alpha=0.02]",8,6.751543998718262,0,0.8104900398406375,8.616037124144544,16.689273952506486,
0.08038321777882194,0.08965725939017986,0.15300833838344002,1.592643358632296,1.592643358632296,5762.390790793671,21.705714214014396,0.2749003984063745,0.0297432465303607,0.0,0.0,obsx_stress,torque,"nmpc+learned[model=gdn_mix2,filt=1,gate=1,ffu=1,qyaw=1,obs=1,aci=2,aci_alpha=0.02]",9,4.11119818687439,0,0.40800597609561756,5.1943559999173265,14.45834071608261,
0.07400468826545496,0.0821958459130116,0.1232696489538898,1.8494624690031498,1.8494624690031498,7156.531413757821,25.74328237225858,0.11752988047808766,0.027895080389494814,0.0,0.0,obsx_stress,torque,"nmpc+learned[model=gdn_mix2,filt=1,gate=1,ffu=1,qyaw=1,obs=1,aci=2,aci_alpha=0.02]",10,5.3418357372283936,1,0.5619043824701195,6.690540083821314,16.621197673957795,
0.08604758018964653,0.09600003973331314,0.15176021875388987,0.8417197707239094,0.8417197707239094,7476.483602878413,19.654303328916,0.34063745019920316,0.03802030308594587,0.0,0.0,obsx_stress,torque,"nmpc+learned[model=gdn_mix2,filt=1,gate=1,ffu=1,qyaw=1,obs=1,aci=2,aci_alpha=0.02]",11,6.88879919052124,1,0.6910378486055777,8.830129842374072,16.71270464779809,
0.09073651896755393,0.10108696213844064,0.15652220564832683,0.6455980686057347,0.6455980686057347,6725.753854770285,17.151051519265913,0.3784860557768924,0.029293746751748173,0.0,0.0,obsx_stress,torque,"nmpc+learned[model=gdn_mix2,filt=1,gate=1,ffu=1,qyaw=1,obs=1,aci=2,aci_alpha=0.02]",12,4.961457967758179,0,0.5201055776892431,6.204794861832671,17.241940402891494,
0.08737853708274913,0.0975534753309427,0.1328675502510941,3.3392614668598366,3.3392614668598357,8131.062328738088,50.23472737300802,0.4302788844621514,0.006392854254598568,0.0,0.0,obsx_stress,torque,"nmpc+learned[model=gdn_mix2,filt=1,gate=1,ffu=1,qyaw=1,obs=1,aci=2,aci_alpha=0.02]",13,6.934901714324951,0,0.8473266932270916,8.807827084069233,16.819988621864468,
0.0971293046700814,0.10841274149503552,0.17124763247616984,1.987183317624662,1.987183317624662,6296.597300524747,27.146309234481734,0.40836653386454186,-0.008353749071529581,1.0,0.017928286852589643,obsx_stress,torque,"nmpc+learned[model=gdn_mix2,filt=1,gate=1,ffu=1,qyaw=1,obs=1,aci=2,aci_alpha=0.02]",14,6.768298864364624,0,0.7099183266932271,8.519802807897062,16.823753176722676,
0.12906660919419327,0.14403982598424458,0.23892686247712278,2.287579486515416,2.287579486515416,8183.387153607309,18.07518711899601,0.5896414342629482,0.028188623167316185,0.0,0.0,obsx_stress,torque,"nmpc+learned[model=gdn_mix2,filt=1,gate=1,ffu=1,qyaw=1,obs=1,aci=2,aci_alpha=0.02]",15,6.701292276382446,1,0.6815717131474104,8.38400597500418,16.736409689765427,
0.051552652028416815,0.057434319532155526,0.12157167280028724,1.8679925027396622,1.8679925027396622,6247.205390427725,23.765832683165435,0.06573705179282868,0.026053187026979008,0.0,0.0,obsx_stress,torque,"nmpc+learned[model=gdn_mix2,filt=1,gate=1,ffu=1,qyaw=1,obs=1,aci=2,aci_alpha=0.02]",16,3.3513681888580322,0,0.3467011952191235,4.2356952395943175,10.200720576103777,
0.03857982121969314,0.04300256555231999,0.09144543091124849,1.4430385390209624,1.4430385390209624,5642.488511539946,19.03353486853659,0.0,0.0161152892756512,0.0,0.0,obsx_stress,torque,"nmpc+learned[model=gdn_mix2,filt=1,gate=1,ffu=1,qyaw=1,obs=1,aci=2,aci_alpha=0.02]",17,5.68213677406311,0,0.6598745019920318,7.177967920925364,16.63465594640002,
0.09478605200321998,0.10581635243923684,0.15661902078777998,10.655077889888657,10.655077889888657,10064.648562981698,54.403541505647105,0.44621513944223107,0.031253492454520526,0.0,0.0,obsx_stress,torque,"nmpc+learned[model=gdn_mix2,filt=1,gate=1,ffu=1,qyaw=1,obs=1,aci=2,aci_alpha=0.02]",18,7.0627121925354,0,0.8856235059760955,8.967609114599863,16.88301889691502,
0.11520206737571519,0.1285133418743764,0.21392097147024383,3.678433645239016,3.6784336452390143,9186.828005046185,40.4086154894925,0.49800796812749004,0.020980343720664874,0.0,0.0,obsx_stress,torque,"nmpc+learned[model=gdn_mix2,filt=1,gate=1,ffu=1,qyaw=1,obs=1,aci=2,aci_alpha=0.02]",19,4.798094749450684,0,0.533535856573705,6.00047773251169,10.850453861057762,
0.11749591820188648,0.13113563512229745,0.2773328693797313,6.837501571071449,6.837501571071449,6887.93121066467,31.254623478349444,0.39243027888446214,0.016882462833401113,0.0,0.0,obsx_stress,torque,"nmpc+learned[model=gdn_mix2,filt=1,gate=1,ffu=1,qyaw=1,obs=1,aci=2]",0,4.407590866088867,0,0.46977290836653385,5.502980685722364,16.46010862197727,
0.05651052781070445,0.06300089871712512,0.12835729489757056,2.2684742813814234,2.2684742813814234,6830.595689240445,34.02763054848592,0.05179282868525897,0.015887761144129875,0.0,0.0,obsx_stress,torque,"nmpc+learned[model=gdn_mix2,filt=1,gate=1,ffu=1,qyaw=1,obs=1,aci=2]",1,7.413322687149048,0,0.7083067729083664,9.424724646257719,17.619917572010312,
0.07716812704521764,0.08619573236425686,0.16732635724273273,3.9312778679445977,3.9312778679445977,6669.856534560098,42.041135646905964,0.19123505976095617,0.02274114677073663,0.0,0.0,obsx_stress,torque,"nmpc+learned[model=gdn_mix2,filt=1,gate=1,ffu=1,qyaw=1,obs=1,aci=2]",2,6.875744104385376,0,0.7530996015936254,8.785210425531366,16.919177612289786,
0.15012063094038125,0.16747481030536332,0.3736508386430693,3.4732987386715135,3.4732987386715135,8531.036698859545,34.7352976935283,0.48406374501992033,0.02089022973021115,0.0,0.0,obsx_stress,torque,"nmpc+learned[model=gdn_mix2,filt=1,gate=1,ffu=1,qyaw=1,obs=1,aci=2]",3,4.646703481674194,1,0.5334780876494024,5.825304037119555,13.393909367732704,
0.10499941219746686,0.11715369821658812,0.2546078960888544,10.158159943155384,10.158159943155384,8027.0377573832175,25.684799886549797,0.35258964143426297,0.025167386000771175,0.0,0.0,obsx_stress,torque,"nmpc+learned[model=gdn_mix2,filt=1,gate=1,ffu=1,qyaw=1,obs=1,aci=2]",4,5.917690992355347,0,0.6417370517928287,7.467006946787743,16.640623153653003,
0.0949152455005763,0.10602278809499434,0.2666738753047244,5.617912010145661,5.617912010145661,7241.855411540439,39.57807840683992,0.23306772908366533,0.018743394376731393,0.0,0.0,obsx_stress,torque,"nmpc+learned[model=gdn_mix2,filt=1,gate=1,ffu=1,qyaw=1,obs=1,aci=2]",5,5.070431232452393,0,0.5148745019920319,6.381967801608115,16.574343009851873,
0.1248794335817061,0.1389761133665006,0.2801619970996488,4.310507457115202,4.310507457115202,8877.858809928748,31.763176335580024,0.45219123505976094,0.023630809363749006,0.0,0.0,obsx_stress,torque,"nmpc+learned[model=gdn_mix2,filt=1,gate=1,ffu=1,qyaw=1,obs=1,aci=2]",6,8.080708742141724,3,0.8340956175298805,10.409664651620169,19.126510219648484,
0.08103491357424114,0.09033377626770783,0.19299361919439395,12.519563848539145,12.519563848539145,7339.707345358627,54.8945384171915,0.16733067729083664,0.019430420125187198,0.0,0.0,obsx_stress,torque,"nmpc+learned[model=gdn_mix2,filt=1,gate=1,ffu=1,qyaw=1,obs=1,aci=2]",7,6.022375106811523,0,0.5570398406374502,7.620715528292455,16.33630598662421,
0.0758716156329786,0.08469974931466447,0.13948663665385438,2.6953830456322203,2.6953830456322203,6914.759086023213,43.81033668925863,0.2410358565737052,0.021048186048873097,0.0,0.0,obsx_stress,torque,"nmpc+learned[model=gdn_mix2,filt=1,gate=1,ffu=1,qyaw=1,obs=1,aci=2]",8,4.960156679153442,0,0.4437171314741036,6.24515369406482,16.548273859079927,
0.06441587529316252,0.07177206257269741,0.12162437823929112,1.2735721287738027,1.2735721287738027,5313.134394958846,21.53569650060192,0.15139442231075698,0.025396057061484234,0.0,0.0,obsx_stress,torque,"nmpc+learned[model=gdn_mix2,filt=1,gate=1,ffu=1,qyaw=1,obs=1,aci=2]",9,4.529428958892822,0,0.49997410358565747,5.792889950900855,12.40474043879658,
0.06362607056099626,0.07051400095560444,0.10749628994101973,1.7755805027092095,1.7755805027092095,6890.909602049874,25.885947393993725,0.07768924302788845,0.015830584427606598,0.0,0.0,obsx_stress,torque,"nmpc+learned[model=gdn_mix2,filt=1,gate=1,ffu=1,qyaw=1,obs=1,aci=2]",10,6.260005712509155,1,0.7184980079681275,7.850992742859095,16.761876824311912,
0.07140542121699912,0.07962147330981452,0.132538404417616,0.8739253633238053,0.8739253633238053,6799.040555724747,19.89524360738539,0.1454183266932271,0.0226105614705972,0.0,0.0,obsx_stress,torque,"nmpc+learned[model=gdn_mix2,filt=1,gate=1,ffu=1,qyaw=1,obs=1,aci=2]",11,5.478907823562622,1,0.575723107569721,6.878125773969132,14.15158503456042,
0.08388806653752297,0.09340794870561224,0.1461909584804053,0.6223831568368611,0.6223831568368611,6544.317902400223,17.105188308736302,0.2848605577689243,0.01801768266321363,0.0,0.0,obsx_stress,torque,"nmpc+learned[model=gdn_mix2,filt=1,gate=1,ffu=1,qyaw=1,obs=1,aci=2]",12,5.709157943725586,0,0.5919442231075697,7.2309465404503435,13.54752002283931,
0.08156381342082603,0.09104922310281957,0.12801975251398148,3.6079529021588606,3.6079529021588606,7913.66853995265,47.76856491838731,0.3605577689243028,0.004995764983644235,0.0,0.0,obsx_stress,torque,"nmpc+learned[model=gdn_mix2,filt=1,gate=1,ffu=1,qyaw=1,obs=1,aci=2]",13,3.9071247577667236,0,0.41504780876494024,4.856132875768045,12.94921085005628,
0.09608526764733191,0.1072446710006203,0.2063735116816803,2.484337699566479,2.484337699566479,6169.062598266037,32.82883835260339,0.4262948207171315,-0.009206821517806385,1.0,0.0199203187250996,obsx_stress,torque,"nmpc+learned[model=gdn_mix2,filt=1,gate=1,ffu=1,qyaw=1,obs=1,aci=2]",14,5.996807098388672,0,0.5544003984063746,7.589393274012612,16.39090592274443,
0.11571020837010251,0.12910431590414795,0.22045076444966097,2.548089266957942,2.548089266957942,7921.356228955642,17.682665413453524,0.5239043824701195,0.019868033603129998,0.0,0.0,obsx_stress,torque,"nmpc+learned[model=gdn_mix2,filt=1,gate=1,ffu=1,qyaw=1,obs=1,aci=2]",15,3.6626176834106445,1,0.4187669322709163,4.589359757891184,10.551691381260753,
0.04771392441462172,0.05313053101433982,0.11648367872810322,1.793289441781937,1.793289441781937,6127.367628153319,23.314727141186978,0.05776892430278884,0.021460922429943352,0.0,0.0,obsx_stress,torque,"nmpc+learned[model=gdn_mix2,filt=1,gate=1,ffu=1,qyaw=1,obs=1,aci=2]",16,7.319446086883545,0,0.7825438247011952,9.340608774951521,16.756614113692194,
0.03537415222682764,0.03941034838652887,0.08672880459716108,1.379179208665041,1.379179208665041,5596.016393517589,17.052970472105017,0.0,0.011437620408777383,0.0,0.0,obsx_stress,torque,"nmpc+learned[model=gdn_mix2,filt=1,gate=1,ffu=1,qyaw=1,obs=1,aci=2]",17,6.507869720458984,0,0.6787509960159361,8.26502839971586,16.805091192945838,
0.08476958113604136,0.09461076903393083,0.14487206791835835,9.916050893946968,9.916050893946968,9587.621075206927,50.59426672057094,0.36254980079681276,0.022846384739424075,0.0,0.0,obsx_stress,torque,"nmpc+learned[model=gdn_mix2,filt=1,gate=1,ffu=1,qyaw=1,obs=1,aci=2]",18,7.40160608291626,0,0.7805159362549801,9.506559583814852,16.862780877854675,
0.11210140257961392,0.12505005722044468,0.20434020932334984,4.456062403449982,4.456062403449982,8726.62797416277,41.821936131325764,0.48804780876494025,0.019420865275825816,0.0,0.0,obsx_stress,torque,"nmpc+learned[model=gdn_mix2,filt=1,gate=1,ffu=1,qyaw=1,obs=1,aci=2]",19,4.630728244781494,0,0.4352071713147411,5.7015401469840405,15.997230440843852,
0.11618567924020352,0.1297255318986568,0.24628375063067537,2.6142319883196783,2.6142319883196783,10142.976613412087,29.550486014322832,0.3665338645418327,0.019110851924142747,0.0,0.0,obsx_stress,uncertainty,"nmpc+kf[r_v=0.15,r_w=0.15,q_F=10,q_tau=1,filt=1,gate=1,ffu=1,qyaw=1,obs=1,aci=1]",0,4.77925443649292,12,0.6081294820717131,5.08862463395627,9.307857034727931,
0.06474583021118369,0.07224608401329392,0.13456811245600347,1.8932185241866266,1.8932185241866266,10166.64460822616,34.137050700405055,0.13346613545816732,0.01986641826266683,0.0,0.0,obsx_stress,uncertainty,"nmpc+kf[r_v=0.15,r_w=0.15,q_F=10,q_tau=1,filt=1,gate=1,ffu=1,qyaw=1,obs=1,aci=1]",1,3.905630111694336,1,0.44350199203187257,3.913975531788194,10.289768632501373,
0.09501011537752027,0.10613206562609541,0.21219007134053275,3.6852097688440675,3.6852097688440675,9991.355385596242,39.301243540405274,0.30278884462151395,0.02889894989429892,0.0,0.0,obsx_stress,uncertainty,"nmpc+kf[r_v=0.15,r_w=0.15,q_F=10,q_tau=1,filt=1,gate=1,ffu=1,qyaw=1,obs=1,aci=1]",2,5.059747219085693,6,0.6856533864541833,5.48623885497436,9.11356448661536,
0.1645567710330371,0.183605746228307,0.3615925804985259,2.8667079302294676,2.8667079302294676,11615.279161854347,165.78909692505798,0.5796812749003984,0.007444733976075313,0.0,0.0,obsx_stress,uncertainty,"nmpc+kf[r_v=0.15,r_w=0.15,q_F=10,q_tau=1,filt=1,gate=1,ffu=1,qyaw=1,obs=1,aci=1]",3,6.246939659118652,21,0.8212370517928287,6.687146633310592,11.07582708587871,
0.10116306044267849,0.11292119042180493,0.18992715932488166,9.114349342642889,9.114349342642889,8641.670518625884,25.50256463531713,0.39641434262948205,0.028268256606583775,0.0,0.0,obsx_stress,uncertainty,"nmpc+kf[r_v=0.15,r_w=0.15,q_F=10,q_tau=1,filt=1,gate=1,ffu=1,qyaw=1,obs=1,aci=1]",4,4.739814758300781,10,0.5729203187250996,5.102145293100452,8.941603745333852,
2.5036407279024724,2.7977613396382064,9.914828015917541,26.223370076158073,26.223370076158073,7306.932036742604,154.39745609883445,0.545816733067729,-0.13955885755144348,1.0,0.04183266932270916,obsx_stress,uncertainty,"nmpc+kf[r_v=0.15,r_w=0.15,q_F=10,q_tau=1,filt=1,gate=1,ffu=1,qyaw=1,obs=1,aci=1]",5,5.376599550247192,163,0.7620597609561753,6.122737466654485,9.856265087146317,
0.13573229737553658,0.1514134642692017,0.2927801475802161,1.880000791314272,1.880000791314272,11836.556112029322,31.933523460556206,0.44223107569721115,0.019639378650828765,0.0,0.0,obsx_stress,uncertainty,"nmpc+kf[r_v=0.15,r_w=0.15,q_F=10,q_tau=1,filt=1,gate=1,ffu=1,qyaw=1,obs=1,aci=1]",6,3.9418773651123047,13,0.5237569721115538,4.2181580204078815,6.051423661410809,
0.07497873606168838,0.08368883923054977,0.14452353809453383,1.8641321033484037,1.8641321033484037,9673.100162127972,51.10189808373324,0.1394422310756972,0.01812313409771471,0.0,0.0,obsx_stress,uncertainty,"nmpc+kf[r_v=0.15,r_w=0.15,q_F=10,q_tau=1,filt=1,gate=1,ffu=1,qyaw=1,obs=1,aci=1]",7,2.4845216274261475,7,0.3213446215139442,2.6558082387504354,5.722330426797272,
0.16020978240044254,0.17896025043960676,1.0482473648184307,2.0325089526613445,2.0325089526613445,10918.626522826262,167.76989635805683,0.3665338645418327,0.02341760226953543,0.0,0.0,obsx_stress,uncertainty,"nmpc+kf[r_v=0.15,r_w=0.15,q_F=10,q_tau=1,filt=1,gate=1,ffu=1,qyaw=1,obs=1,aci=1]",8,5.971161603927612,28,0.7984362549800796,6.422256686320284,12.01736759860069,
0.07613540053177321,0.08497859183488501,0.1421554879665002,3.9507261130273545,3.9507261130273537,10081.504924865963,20.42076551135171,0.25298804780876494,0.02368886632215944,0.0,0.0,obsx_stress,uncertainty,"nmpc+kf[r_v=0.15,r_w=0.15,q_F=10,q_tau=1,filt=1,gate=1,ffu=1,qyaw=1,obs=1,aci=1]",9,5.7345874309539795,1,0.7317330677290836,6.146057365569787,11.117768809199339,
0.07376510681222143,0.07993404441252877,0.11648099142909812,2.194496123336228,2.194496123336228,8731.111856753912,27.982950707973398,0.13346613545816732,0.014894595028921959,0.0,0.0,obsx_stress,uncertainty,"nmpc+kf[r_v=0.15,r_w=0.15,q_F=10,q_tau=1,filt=1,gate=1,ffu=1,qyaw=1,obs=1,aci=1]",10,4.7801353931427,3,0.5819462151394421,5.1215576226878685,9.852719057817012,
0.08076670175224561,0.08976878495400148,0.14014694905797528,2.5241640266495584,2.5241640266495584,8968.030632007778,22.011522126266367,0.2649402390438247,0.02043262323273029,0.0,0.0,obsx_stress,uncertainty,"nmpc+kf[r_v=0.15,r_w=0.15,q_F=10,q_tau=1,filt=1,gate=1,ffu=1,qyaw=1,obs=1,aci=1]",11,5.468357801437378,4,0.6251434262948208,5.75063537678262,9.179695257917047,
0.0867228542687839,0.09637019872120015,0.14800702298717003,1.6933563864170253,1.6933563864170253,8451.586314192926,17.91148054337612,0.3107569721115538,0.018947267434861692,0.0,0.0,obsx_stress,uncertainty,"nmpc+kf[r_v=0.15,r_w=0.15,q_F=10,q_tau=1,filt=1,gate=1,ffu=1,qyaw=1,obs=1,aci=1]",12,5.2149786949157715,3,0.6366015936254981,5.484292111118357,10.137876155786216,
0.08965325459856675,0.10013411666817196,0.1457329738951462,3.289729700726746,3.2897297007267454,9891.714016760268,37.47338741647875,0.40836653386454186,0.01644456584898346,0.0,0.0,obsx_stress,uncertainty,"nmpc+kf[r_v=0.15,r_w=0.15,q_F=10,q_tau=1,filt=1,gate=1,ffu=1,qyaw=1,obs=1,aci=1]",13,4.566771984100342,2,0.49527091633466125,4.883498539665781,9.432968539185824,
0.10444906865112151,0.11648267246263884,0.25546092233879786,3.026172679958205,3.026172679958205,8547.172006933952,45.161545697892414,0.3944223107569721,-0.023332162511151944,1.0,0.027888446215139442,obsx_stress,uncertainty,"nmpc+kf[r_v=0.15,r_w=0.15,q_F=10,q_tau=1,filt=1,gate=1,ffu=1,qyaw=1,obs=1,aci=1]",14,3.9165618419647217,0,0.5012709163346614,4.231286269011518,8.7332884920761,
0.14123417064191082,0.15768937597538044,0.2589785864280498,1.8254589998595556,1.8254589998595556,10660.141946341899,35.320925072647086,0.6135458167330677,-0.003737048806886689,1.0,0.01195219123505976,obsx_stress,uncertainty,"nmpc+kf[r_v=0.15,r_w=0.15,q_F=10,q_tau=1,filt=1,gate=1,ffu=1,qyaw=1,obs=1,aci=1]",15,4.3980419635772705,11,0.5397430278884462,4.387666540873419,8.823591188993305,
0.049575061245454674,0.055126227166810884,0.13065277842276216,0.7346027196713619,0.7346027196713619,8210.062341986426,25.35179728564058,0.09163346613545817,0.023302124872285,0.0,0.0,obsx_stress,uncertainty,"nmpc+kf[r_v=0.15,r_w=0.15,q_F=10,q_tau=1,filt=1,gate=1,ffu=1,qyaw=1,obs=1,aci=1]",16,4.914763927459717,1,0.6107629482071714,5.204713435387202,12.00974514009431,
0.03801173398664463,0.04234594538602896,0.09105455943132391,0.8747339752499634,0.8747339752499634,7766.946419951648,15.237366465247453,0.0,0.014005312778036239,0.0,0.0,obsx_stress,uncertainty,"nmpc+kf[r_v=0.15,r_w=0.15,q_F=10,q_tau=1,filt=1,gate=1,ffu=1,qyaw=1,obs=1,aci=1]",17,4.274749040603638,0,0.5058366533864541,4.550624444461112,8.910484444350004,
0.0880371629956547,0.09806907002892622,0.1774658770990142,3.3771996802264517,3.3771996802264517,10772.419372628978,72.79977145253076,0.36254980079681276,0.020148854481687517,0.0,0.0,obsx_stress,uncertainty,"nmpc+kf[r_v=0.15,r_w=0.15,q_F=10,q_tau=1,filt=1,gate=1,ffu=1,qyaw=1,obs=1,aci=1]",18,5.0982582569122314,10,0.6652051792828686,5.362882051594645,11.289300525095316,
0.11705873085919061,0.13072134781759548,0.2103528045915864,3.9370127344401213,3.9370127344401213,10361.44161568735,33.34190737460325,0.5378486055776892,0.027915324435902916,0.0,0.0,obsx_stress,uncertainty,"nmpc+kf[r_v=0.15,r_w=0.15,q_F=10,q_tau=1,filt=1,gate=1,ffu=1,qyaw=1,obs=1,aci=1]",19,5.6334874629974365,10,0.5974322709163348,6.104510132802198,11.001736090984204,
0.1236453539567996,0.1380446086848921,0.2580741233185627,2.5036851531565527,2.5036851531565527,10242.476880948161,29.385436578879002,0.39243027888446214,0.03257907289598683,0.0,0.0,obsx_stress,uncertainty,"nmpc+kf[r_v=0.15,r_w=0.15,q_F=10,q_tau=1,filt=1,gate=1,ffu=1,qyaw=1,obs=1,aci=2,aci_alpha=0.02]",0,6.596269130706787,12,0.9289860557768924,7.173980108510509,11.838880779687315,
0.06798870973397833,0.07587498866927896,0.13930773344114264,1.8873968704800304,1.8873968704800304,10033.814717326673,36.25981297625163,0.1752988047808765,0.02569930074807908,0.0,0.0,obsx_stress,uncertainty,"nmpc+kf[r_v=0.15,r_w=0.15,q_F=10,q_tau=1,filt=1,gate=1,ffu=1,qyaw=1,obs=1,aci=2,aci_alpha=0.02]",1,5.164807081222534,1,0.6182888446215139,5.472541414757827,12.92366745881737,
0.10576660439426831,0.11815623109301437,0.23989526815424225,3.6074181163259125,3.6074181163259125,10207.538936165467,45.19905429946921,0.3884462151394422,0.047603022583028065,0.0,0.0,obsx_stress,uncertainty,"nmpc+kf[r_v=0.15,r_w=0.15,q_F=10,q_tau=1,filt=1,gate=1,ffu=1,qyaw=1,obs=1,aci=2,aci_alpha=0.02]",2,4.503073453903198,6,0.5760916334661355,4.858788602848155,9.041797842364758,
0.18205715186428623,0.20320011046057473,0.40080380394135284,3.715640237375941,3.715640237375941,12213.269658457968,164.09112399925817,0.6952191235059761,0.003278191120170526,0.0,0.0,obsx_stress,uncertainty,"nmpc+kf[r_v=0.15,r_w=0.15,q_F=10,q_tau=1,filt=1,gate=1,ffu=1,qyaw=1,obs=1,aci=2,aci_alpha=0.02]",3,4.1717445850372314,21,0.5156434262948207,4.426194910067634,12.142277052626016,
0.09658993251799232,0.1078048370583889,0.1854124693248774,8.622339316740046,8.622339316740046,8445.627712096513,25.416996419160764,0.3745019920318725,0.029342290568005525,0.0,0.0,obsx_stress,uncertainty,"nmpc+kf[r_v=0.15,r_w=0.15,q_F=10,q_tau=1,filt=1,gate=1,ffu=1,qyaw=1,obs=1,aci=2,aci_alpha=0.02]",4,4.238698959350586,6,0.5633804780876494,4.531254590696755,8.998101046308875,
inf,inf,inf,,,,,,-inf,1.0,,obsx_stress,uncertainty,"nmpc+kf[r_v=0.15,r_w=0.15,q_F=10,q_tau=1,filt=1,gate=1,ffu=1,qyaw=1,obs=1,aci=2,aci_alpha=0.02]",5,4.631753206253052,149,0.6104251012145748,5.101087763773556,9.884759408887476,RuntimeError('diverged')
0.1487999995912338,0.16598065502752388,0.3193837976863832,1.9455364718682628,1.9455364718682628,12138.348981793266,33.12906103265383,0.547808764940239,0.025191167233616363,0.0,0.0,obsx_stress,uncertainty,"nmpc+kf[r_v=0.15,r_w=0.15,q_F=10,q_tau=1,filt=1,gate=1,ffu=1,qyaw=1,obs=1,aci=2,aci_alpha=0.02]",6,5.7520551681518555,13,0.7336414342629483,6.20839590080587,12.110641770996153,
0.0821709298822422,0.09173481451816966,0.1610980288126843,1.8038739452948631,1.8038739452948631,9987.05669586626,52.74555905586305,0.2151394422310757,0.024462882164846433,0.0,0.0,obsx_stress,uncertainty,"nmpc+kf[r_v=0.15,r_w=0.15,q_F=10,q_tau=1,filt=1,gate=1,ffu=1,qyaw=1,obs=1,aci=2,aci_alpha=0.02]",7,5.858344316482544,7,0.683890438247012,6.23087776246002,9.379953385796398,
0.16534455937242332,0.18470044191444612,1.0538559116032196,2.1433691506763966,2.1433691506763966,10975.810577976725,169.5513879150292,0.4262948207171315,0.030206579587106264,0.0,0.0,obsx_stress,uncertainty,"nmpc+kf[r_v=0.15,r_w=0.15,q_F=10,q_tau=1,filt=1,gate=1,ffu=1,qyaw=1,obs=1,aci=2,aci_alpha=0.02]",8,6.067188739776611,29,0.697125498007968,6.426925199993133,12.269292946439236,
0.0853510353329727,0.09528777542216413,0.15972892414796414,4.115483585335098,4.115483585335098,10181.483643414427,20.51476212534341,0.29880478087649404,0.03214440544726266,0.0,0.0,obsx_stress,uncertainty,"nmpc+kf[r_v=0.15,r_w=0.15,q_F=10,q_tau=1,filt=1,gate=1,ffu=1,qyaw=1,obs=1,aci=2,aci_alpha=0.02]",9,5.207356691360474,1,0.5907031872509961,5.51669176322857,11.971657159738243,
0.08178413292497584,0.08914217850618965,0.1300199876696277,2.387880909274158,2.3878809092741586,8750.189166635597,27.79962961051897,0.23705179282868527,0.01874690096886855,0.0,0.0,obsx_stress,uncertainty,"nmpc+kf[r_v=0.15,r_w=0.15,q_F=10,q_tau=1,filt=1,gate=1,ffu=1,qyaw=1,obs=1,aci=2,aci_alpha=0.02]",10,4.919511556625366,2,0.5854322709163348,5.2446235783873085,11.71602024231106,
0.09163634576874775,0.10189138210204877,0.15495716160993545,2.5680875366071274,2.5680875366071274,9117.904293717234,21.949169753076266,0.398406374501992,0.0392201824895303,0.0,0.0,obsx_stress,uncertainty,"nmpc+kf[r_v=0.15,r_w=0.15,q_F=10,q_tau=1,filt=1,gate=1,ffu=1,qyaw=1,obs=1,aci=2,aci_alpha=0.02]",11,2.887260675430298,4,0.38491832669322706,3.092082329576768,6.475331331603233,
0.09372666575108236,0.10423768382985117,0.15884665783564264,1.663670857580404,1.663670857580404,8457.377284967477,18.030669530676533,0.4063745019920319,0.02964219255449957,0.0,0.0,obsx_stress,uncertainty,"nmpc+kf[r_v=0.15,r_w=0.15,q_F=10,q_tau=1,filt=1,gate=1,ffu=1,qyaw=1,obs=1,aci=2,aci_alpha=0.02]",12,4.024345397949219,3,0.5261374501992032,4.2890188158063065,10.66736188717187,
0.10245822677610439,0.11444981152923148,0.1765105745805657,3.260111927401587,3.260111927401587,10133.456682701986,37.331041204701435,0.5338645418326693,0.020925226405810626,0.0,0.0,obsx_stress,uncertainty,"nmpc+kf[r_v=0.15,r_w=0.15,q_F=10,q_tau=1,filt=1,gate=1,ffu=1,qyaw=1,obs=1,aci=2,aci_alpha=0.02]",13,4.356128931045532,2,0.4931354581673307,4.645882612205597,8.709420375525951,
0.10944800437823785,0.12207970843430511,0.19122463429710326,3.3369685181325335,3.3369685181325335,8372.766165252957,35.5773081359224,0.5537848605577689,-0.028444044277774777,1.0,0.029880478087649404,obsx_stress,uncertainty,"nmpc+kf[r_v=0.15,r_w=0.15,q_F=10,q_tau=1,filt=1,gate=1,ffu=1,qyaw=1,obs=1,aci=2,aci_alpha=0.02]",14,6.158638954162598,0,0.782101593625498,6.6438855091295395,11.756543596275158,
0.2859160601956729,0.3194212003529337,0.7418728328572348,11.613889261421804,11.613889261421804,10182.993673301258,138.72973390360568,0.6832669322709163,-0.09105451850877183,1.0,0.045816733067729085,obsx_stress,uncertainty,"nmpc+kf[r_v=0.15,r_w=0.15,q_F=10,q_tau=1,filt=1,gate=1,ffu=1,qyaw=1,obs=1,aci=2,aci_alpha=0.02]",15,3.602571725845337,23,0.4752509960159363,3.8954124765552254,9.843552382662892,
0.05397237863416263,0.060062451656685875,0.13560609696505982,0.7978903019598037,0.7978903019598037,8286.855801545602,26.17373843245524,0.09362549800796813,0.026819593776216843,0.0,0.0,obsx_stress,uncertainty,"nmpc+kf[r_v=0.15,r_w=0.15,q_F=10,q_tau=1,filt=1,gate=1,ffu=1,qyaw=1,obs=1,aci=2,aci_alpha=0.02]",16,5.364347457885742,1,0.7387709163346614,5.643183139126852,9.026477513834834,
0.04285376071636496,0.04777167772275035,0.10015958316922778,0.8945577381828904,0.8945577381828904,7800.47487865762,16.45428876768688,0.00398406374501992,0.020947698199535125,0.0,0.0,obsx_stress,uncertainty,"nmpc+kf[r_v=0.15,r_w=0.15,q_F=10,q_tau=1,filt=1,gate=1,ffu=1,qyaw=1,obs=1,aci=2,aci_alpha=0.02]",17,3.618748188018799,0,0.4264163346613546,3.8720371523515813,11.823673155158762,
0.101785315788894,0.11347432840884934,0.1937146828122753,2.895111556588824,2.895111556588824,11181.724016702941,71.98345410926851,0.4800796812749004,0.031694899036957186,0.0,0.0,obsx_stress,uncertainty,"nmpc+kf[r_v=0.15,r_w=0.15,q_F=10,q_tau=1,filt=1,gate=1,ffu=1,qyaw=1,obs=1,aci=2,aci_alpha=0.02]",18,5.09716796875,10,0.6638625498007967,5.440625422856812,9.148797083180398,
0.12501119482564924,0.13957637920791857,0.22335376313027866,3.544796917678324,3.544796917678324,10582.341772190477,33.320150547437564,0.5756972111553785,0.034022922437003,0.0,0.0,obsx_stress,uncertainty,"nmpc+kf[r_v=0.15,r_w=0.15,q_F=10,q_tau=1,filt=1,gate=1,ffu=1,qyaw=1,obs=1,aci=2,aci_alpha=0.02]",19,5.338025808334351,10,0.6969003984063745,5.734878446558023,11.767198650632055,
0.11680096544073465,0.1303991455981341,0.24684430078457265,2.6086105844221823,2.6086105844221823,10146.787625747189,29.547275465996858,0.3745019920318725,0.021601326257941422,0.0,0.0,obsx_stress,uncertainty,"nmpc+kf[r_v=0.15,r_w=0.15,q_F=10,q_tau=1,filt=1,gate=1,ffu=1,qyaw=1,obs=1,aci=2]",0,5.882064580917358,12,0.7810597609561754,6.200825586818544,10.840363134630032,
0.06509293282442268,0.07263452893787331,0.13452299065957896,1.9188363364993597,1.9188363364993597,10172.372876260493,34.14050298949798,0.14741035856573706,0.0207625187153746,0.0,0.0,obsx_stress,uncertainty,"nmpc+kf[r_v=0.15,r_w=0.15,q_F=10,q_tau=1,filt=1,gate=1,ffu=1,qyaw=1,obs=1,aci=2]",1,4.826025009155273,1,0.6173486055776892,5.1122545157985915,9.195347179193051,
0.09591851311079942,0.10714755503564952,0.21483260124809003,3.5829002215498993,3.5829002215498993,10053.101430438719,37.96560957532606,0.30278884462151395,0.03111944195758176,0.0,0.0,obsx_stress,uncertainty,"nmpc+kf[r_v=0.15,r_w=0.15,q_F=10,q_tau=1,filt=1,gate=1,ffu=1,qyaw=1,obs=1,aci=2]",2,3.144108295440674,6,0.43752589641434264,3.375455578492279,8.94145499682054,
0.17014293710339587,0.18986484138752682,0.37690505217719283,2.341676172004022,2.341676172004022,11746.784032963473,165.97011408557873,0.6374501992031872,0.008740351622764708,0.0,0.0,obsx_stress,uncertainty,"nmpc+kf[r_v=0.15,r_w=0.15,q_F=10,q_tau=1,filt=1,gate=1,ffu=1,qyaw=1,obs=1,aci=2]",3,4.043741703033447,21,0.55098406374502,4.342110314131881,9.169456288218498,
0.1009388515336179,0.1126703612131414,0.19277038509555233,9.163954636469933,9.163954636469935,8815.816205629775,25.502773924963286,0.3904382470119522,0.027781241402794532,0.0,0.0,obsx_stress,uncertainty,"nmpc+kf[r_v=0.15,r_w=0.15,q_F=10,q_tau=1,filt=1,gate=1,ffu=1,qyaw=1,obs=1,aci=2]",4,5.637099027633667,10,0.7232609561752987,6.039800451218755,10.942683559842408,
inf,inf,inf,,,,,,-inf,1.0,,obsx_stress,uncertainty,"nmpc+kf[r_v=0.15,r_w=0.15,q_F=10,q_tau=1,filt=1,gate=1,ffu=1,qyaw=1,obs=1,aci=2]",5,5.354410648345947,155,0.7375754527162978,5.968766483259003,9.484129585325748,RuntimeError('diverged')
0.13699292745206287,0.15278448386974974,0.2971380644753319,1.8924188264899762,1.8924188264899762,11917.884083655139,32.29852058665278,0.4641434262948207,0.020491157815966277,0.0,0.0,obsx_stress,uncertainty,"nmpc+kf[r_v=0.15,r_w=0.15,q_F=10,q_tau=1,filt=1,gate=1,ffu=1,qyaw=1,obs=1,aci=2]",6,3.6985721588134766,13,0.47172908366533867,4.0035796698657755,12.801319502759732,
0.07677432753725034,0.08569783206868535,0.14941199365514232,1.923918921032429,1.923918921032429,9815.40289122169,51.628263574441064,0.1553784860557769,0.019376516401623106,0.0,0.0,obsx_stress,uncertainty,"nmpc+kf[r_v=0.15,r_w=0.15,q_F=10,q_tau=1,filt=1,gate=1,ffu=1,qyaw=1,obs=1,aci=2]",7,6.335920572280884,7,0.7272450199203188,6.787848625001887,10.897659815382212,
0.16316746507499885,0.18226667476287273,1.093942214459105,3.288821030642535,3.288821030642535,10860.479373658878,167.80723932328908,0.36852589641434264,0.020283023207801232,0.0,0.0,obsx_stress,uncertainty,"nmpc+kf[r_v=0.15,r_w=0.15,q_F=10,q_tau=1,filt=1,gate=1,ffu=1,qyaw=1,obs=1,aci=2]",8,5.512395143508911,30,0.6686155378486056,5.937239353218491,13.686766324099157,
0.0762819800737422,0.08514258572950974,0.1418977147322753,3.9452725741642882,3.9452725741642882,10092.555239185627,20.429153441639457,0.25298804780876494,0.023472482695052865,0.0,0.0,obsx_stress,uncertainty,"nmpc+kf[r_v=0.15,r_w=0.15,q_F=10,q_tau=1,filt=1,gate=1,ffu=1,qyaw=1,obs=1,aci=2]",9,5.0637526512146,1,0.6452131474103585,5.430462878230825,9.067456498742104,
0.07445288869790406,0.08072496775343305,0.11589409906317806,2.179793010941393,2.179793010941393,8671.860787324053,27.97240704601825,0.14940239043824702,0.013745975613688677,0.0,0.0,obsx_stress,uncertainty,"nmpc+kf[r_v=0.15,r_w=0.15,q_F=10,q_tau=1,filt=1,gate=1,ffu=1,qyaw=1,obs=1,aci=2]",10,4.991212844848633,3,0.6223286852589642,5.58861909365556,9.080927695613354,
0.08191496303229641,0.0909952210737991,0.13792178036818603,2.5909264121390168,2.5909264121390168,8877.497463347741,22.01209442413268,0.2788844621513944,0.028992483253422907,0.0,0.0,obsx_stress,uncertainty,"nmpc+kf[r_v=0.15,r_w=0.15,q_F=10,q_tau=1,filt=1,gate=1,ffu=1,qyaw=1,obs=1,aci=2]",11,4.782932758331299,4,0.5863406374501993,5.118269496968394,11.058756653219467,
0.08757408821298526,0.09732676203784,0.15038438807874624,1.6424643148638656,1.6424643148638656,8389.50403707249,17.933870834875293,0.31274900398406374,0.0164703443891685,0.0,0.0,obsx_stress,uncertainty,"nmpc+kf[r_v=0.15,r_w=0.15,q_F=10,q_tau=1,filt=1,gate=1,ffu=1,qyaw=1,obs=1,aci=2]",12,5.153209924697876,3,0.6157051792828685,5.557478176878832,9.134856124874204,
0.0905760959036808,0.10116589500757589,0.14649344418187252,3.3111076222716953,3.3111076222716953,10118.019777189953,37.35839892083959,0.42828685258964144,0.017407916569276538,0.0,0.0,obsx_stress,uncertainty,"nmpc+kf[r_v=0.15,r_w=0.15,q_F=10,q_tau=1,filt=1,gate=1,ffu=1,qyaw=1,obs=1,aci=2]",13,5.653618335723877,2,0.79199203187251,6.102312088153692,10.728427572175873,
0.10526884006464489,0.11740059661165057,0.26297241599207466,3.036873684779372,3.0368736847793723,8710.653164786423,46.53398534076325,0.40836653386454186,-0.025554803366458323,1.0,0.029880478087649404,obsx_stress,uncertainty,"nmpc+kf[r_v=0.15,r_w=0.15,q_F=10,q_tau=1,filt=1,gate=1,ffu=1,qyaw=1,obs=1,aci=2]",14,5.030468702316284,0,0.6292231075697211,5.377951915750644,12.867183682974435,
inf,inf,inf,,,,,,-inf,1.0,,obsx_stress,uncertainty,"nmpc+kf[r_v=0.15,r_w=0.15,q_F=10,q_tau=1,filt=1,gate=1,ffu=1,qyaw=1,obs=1,aci=2]",15,3.925819158554077,152,0.625085648148148,4.892005332900832,9.11106619052589,RuntimeError('diverged')
0.05030173173251387,0.0559422235789976,0.13199436768151693,0.7587641814629776,0.7587641814629776,8253.376645839056,26.066741414050544,0.09163346613545817,0.02398825072792099,0.0,0.0,obsx_stress,uncertainty,"nmpc+kf[r_v=0.15,r_w=0.15,q_F=10,q_tau=1,filt=1,gate=1,ffu=1,qyaw=1,obs=1,aci=2]",16,4.357341766357422,1,0.5935657370517928,4.673375307018331,12.061698401812464,
0.03853859845984175,0.04293650532397857,0.09052793089616937,0.8910813568377506,0.8910813568377507,7793.880832692899,14.927705791516011,0.0,0.01393667212276456,0.0,0.0,obsx_stress,uncertainty,"nmpc+kf[r_v=0.15,r_w=0.15,q_F=10,q_tau=1,filt=1,gate=1,ffu=1,qyaw=1,obs=1,aci=2]",17,6.065614938735962,0,0.7426254980079681,6.450994602085436,11.09527233056724,
0.08849151062802185,0.09857836694193364,0.1794888664986127,3.231843082473459,3.231843082473459,10777.40097681454,72.72659004186656,0.36254980079681276,0.024740485535075435,0.0,0.0,obsx_stress,uncertainty,"nmpc+kf[r_v=0.15,r_w=0.15,q_F=10,q_tau=1,filt=1,gate=1,ffu=1,qyaw=1,obs=1,aci=2]",18,3.4277758598327637,10,0.42264143426294826,3.6124159197927828,6.34902926394716,
0.11836554339809956,0.13215091794611392,0.21408969739300235,3.73951159494497,3.73951159494497,10310.337406907429,34.7421992882292,0.5338645418326693,0.030553515770848944,0.0,0.0,obsx_stress,uncertainty,"nmpc+kf[r_v=0.15,r_w=0.15,q_F=10,q_tau=1,filt=1,gate=1,ffu=1,qyaw=1,obs=1,aci=2]",19,5.959645986557007,10,0.8580836653386453,6.504929049842179,10.832217768765986,
0.11291757991389371,0.126057853645629,0.26193105147433704,1.7943997375956835,1.7943997375956835,6647.736264755703,25.946269871794662,0.3545816733067729,0.01987063683725654,0.0,0.0,obsx_stress,uncertainty,"nmpc+learned[model=gdn_mix2,filt=1,gate=1,ffu=1,qyaw=1,obs=1,aci=1,aci_alpha=0.02]",0,6.833402156829834,0,0.727085657370518,8.707302753754199,18.36156671866775,
0.055964031852837395,0.062393813326964004,0.13008679361173278,0.903791676612396,0.903791676612396,7263.95656335919,32.49546248541176,0.055776892430278883,0.023716878006453612,0.0,0.0,obsx_stress,uncertainty,"nmpc+learned[model=gdn_mix2,filt=1,gate=1,ffu=1,qyaw=1,obs=1,aci=1,aci_alpha=0.02]",1,5.240923881530762,0,0.5303386454183266,6.621058428737955,16.70153884217143,
0.09501800849585591,0.10615248733915085,0.2204716357651513,2.2840111150078144,2.2840111150078144,6639.833283448095,44.63484088809409,0.2788844621513944,0.04062556426438341,0.0,0.0,obsx_stress,uncertainty,"nmpc+learned[model=gdn_mix2,filt=1,gate=1,ffu=1,qyaw=1,obs=1,aci=1,aci_alpha=0.02]",2,7.345996618270874,0,0.7348247011952193,9.388774732198284,17.118747413624078,
0.15336257952701268,0.17117214316626156,0.3802145157873502,1.6697884681584643,1.6697884681584643,9014.5964179814,34.23715198347532,0.5398406374501992,0.030286306921470718,0.0,0.0,obsx_stress,uncertainty,"nmpc+learned[model=gdn_mix2,filt=1,gate=1,ffu=1,qyaw=1,obs=1,aci=1,aci_alpha=0.02]",3,6.356325387954712,2,0.7512768924302788,8.027273578573004,19.341740461532034,
0.084416830738462,0.09404458905241654,0.19471246038903378,8.706213551572692,8.706213551572692,6874.5597926460905,33.17147528673164,0.28286852589641437,0.030864254168380734,0.0,0.0,obsx_stress,uncertainty,"nmpc+learned[model=gdn_mix2,filt=1,gate=1,ffu=1,qyaw=1,obs=1,aci=1,aci_alpha=0.02]",4,3.817323923110962,11,0.42303984063745026,4.852938606307296,10.617969096638262,
0.09053642952275909,0.10114324847406105,0.22373351493874372,1.6783937975751808,1.6783937975751808,6877.999691792927,34.47534661520649,0.24900398406374502,0.020993736630353615,0.0,0.0,obsx_stress,uncertainty,"nmpc+learned[model=gdn_mix2,filt=1,gate=1,ffu=1,qyaw=1,obs=1,aci=1,aci_alpha=0.02]",5,6.261130332946777,0,0.7690258964143426,8.056901909681816,17.68476077122614,
0.1393157150334338,0.15520121732159953,0.2991991170130399,1.0522362574868493,1.0522362574868493,9584.864298469947,33.95742673807215,0.5139442231075697,0.025256970029375325,0.0,0.0,obsx_stress,uncertainty,"nmpc+learned[model=gdn_mix2,filt=1,gate=1,ffu=1,qyaw=1,obs=1,aci=1,aci_alpha=0.02]",6,7.300787925720215,2,0.8233625498007969,9.454308223791895,17.009460511617362,
0.09109807176013086,0.10161072739185292,0.19363736036221219,2.6151770331455615,2.6151770331455615,6676.843812960098,57.98245112336228,0.2749003984063745,0.024400196415349823,0.0,0.0,obsx_stress,uncertainty,"nmpc+learned[model=gdn_mix2,filt=1,gate=1,ffu=1,qyaw=1,obs=1,aci=1,aci_alpha=0.02]",7,7.63336968421936,0,0.722980079681275,9.816954405403203,22.86085162777454,
0.14205885672308224,0.15861660991013685,0.8569029822384315,1.962127690941038,1.962127690941038,7002.8823956961105,118.98820214488978,0.3047808764940239,0.02792022090632945,0.0,0.0,obsx_stress,uncertainty,"nmpc+learned[model=gdn_mix2,filt=1,gate=1,ffu=1,qyaw=1,obs=1,aci=1,aci_alpha=0.02]",8,4.168654203414917,34,0.44749203187251,5.235434659159338,11.59260796615854,
0.06869740847314287,0.07668438300064383,0.12988327629732097,2.279227065032582,2.279227065032582,6419.800954495483,20.094963762330277,0.199203187250996,0.023176934367726387,0.0,0.0,obsx_stress,uncertainty,"nmpc+learned[model=gdn_mix2,filt=1,gate=1,ffu=1,qyaw=1,obs=1,aci=1,aci_alpha=0.02]",9,5.21281886100769,0,0.5288466135458167,6.561767385504487,16.82872706092894,
0.07472460579249673,0.08282718379956824,0.12377600726983347,1.8413640635032564,1.8413640635032564,6831.656281229936,28.134473181241088,0.09163346613545817,0.012040542397266873,0.0,0.0,obsx_stress,uncertainty,"nmpc+learned[model=gdn_mix2,filt=1,gate=1,ffu=1,qyaw=1,obs=1,aci=1,aci_alpha=0.02]",10,5.117739915847778,0,0.5671772908366534,6.356065943039419,17.25624867947772,
0.07895563413223279,0.08804849165350624,0.13433780721678637,1.0756956722490791,1.0756956722490791,7378.737429300216,21.671608389531112,0.23705179282868527,0.025545625581888276,0.0,0.0,obsx_stress,uncertainty,"nmpc+learned[model=gdn_mix2,filt=1,gate=1,ffu=1,qyaw=1,obs=1,aci=1,aci_alpha=0.02]",11,6.941180229187012,1,0.6869621513944223,8.77972215644095,17.61144075775519,
0.08726283972776265,0.09695575591749911,0.1483609359028052,1.2591425537678846,1.2591425537678846,5180.971392210418,17.914249191039026,0.3386454183266932,0.023719746070626768,0.0,0.0,obsx_stress,uncertainty,"nmpc+learned[model=gdn_mix2,filt=1,gate=1,ffu=1,qyaw=1,obs=1,aci=1,aci_alpha=0.02]",12,4.268914222717285,0,0.4566334661354582,5.381476375704772,14.311700875405226,
0.1068993646085477,0.11935393664390027,0.20231243924892772,1.9325041768502345,1.9325041768502345,8027.972744258667,54.93729557687972,0.5517928286852589,0.02614034475777552,0.0,0.0,obsx_stress,uncertainty,"nmpc+learned[model=gdn_mix2,filt=1,gate=1,ffu=1,qyaw=1,obs=1,aci=1,aci_alpha=0.02]",13,8.172215938568115,0,0.9930099601593624,10.538563686998122,22.775469690095633,
0.14061451414212534,0.15701308197622396,0.24970232257645036,1.7395759996898041,1.7395759996898041,6268.2358974552635,53.2766514491646,0.5537848605577689,-0.001452173305816984,1.0,0.00796812749003984,obsx_stress,uncertainty,"nmpc+learned[model=gdn_mix2,filt=1,gate=1,ffu=1,qyaw=1,obs=1,aci=1,aci_alpha=0.02]",14,5.0246148109436035,0,0.5485478087649401,6.461227076142967,15.820593878161162,
0.12195442491235675,0.13610791931770175,0.22622941594844875,1.7597831259472776,1.759783125947278,8513.606360473234,24.154099441481133,0.5398406374501992,0.020662483613836297,0.0,0.0,obsx_stress,uncertainty,"nmpc+learned[model=gdn_mix2,filt=1,gate=1,ffu=1,qyaw=1,obs=1,aci=1,aci_alpha=0.02]",15,7.918437957763672,1,0.8770537848605579,10.006463457551966,19.88724232185632,
0.051123771883481176,0.05697188918049315,0.1332009100708636,1.2508723700962736,1.2508723700962736,5398.493741243646,26.404451901472566,0.08764940239043825,0.025698860792534917,0.0,0.0,obsx_stress,uncertainty,"nmpc+learned[model=gdn_mix2,filt=1,gate=1,ffu=1,qyaw=1,obs=1,aci=1,aci_alpha=0.02]",16,8.648689985275269,0,0.7210458167330678,11.098713432698403,19.574605985544622,
0.038500807378023784,0.04289880869582127,0.08934074201307655,0.7263937932967093,0.7263937932967093,5380.512428658844,21.952066793245944,0.0,0.014917587714785241,0.0,0.0,obsx_stress,uncertainty,"nmpc+learned[model=gdn_mix2,filt=1,gate=1,ffu=1,qyaw=1,obs=1,aci=1,aci_alpha=0.02]",17,7.986486911773682,0,0.7815258964143427,10.302030294948068,22.584772568661723,
0.1107261792392542,0.12357414177460706,0.21031245687203382,2.641292979891717,2.641292979891717,9427.809302397369,43.178528418613034,0.40039840637450197,0.019880232637223494,0.0,0.0,obsx_stress,uncertainty,"nmpc+learned[model=gdn_mix2,filt=1,gate=1,ffu=1,qyaw=1,obs=1,aci=1,aci_alpha=0.02]",18,8.425281286239624,0,0.7640657370517929,10.689882547650264,17.56940429331735,
0.11796017544990292,0.13170902294811104,0.21136687862401057,6.034328801637605,6.034328801637605,8817.54092001372,45.995676845333925,0.4820717131474104,0.02008439859927863,0.0,0.0,obsx_stress,uncertainty,"nmpc+learned[model=gdn_mix2,filt=1,gate=1,ffu=1,qyaw=1,obs=1,aci=1,aci_alpha=0.02]",19,6.872281551361084,0,0.6667689243027888,8.810206013546136,16.929876627400517,
0.11804747309451831,0.13177610994985217,0.2665932787526113,2.210695090922584,2.210695090922584,7216.432206013469,27.45286442990874,0.3884462151394422,0.024549738958184075,0.0,0.0,obsx_stress,uncertainty,"nmpc+learned[model=gdn_mix2,filt=1,gate=1,ffu=1,qyaw=1,obs=1,aci=1,obsm=0.01]",0,6.729949951171875,0,0.692211155378486,8.449627555428124,17.34935264335946,
0.058742532232695405,0.06550558622055476,0.13954332024985014,0.9512173491523086,0.9512173491523086,7108.744218999004,36.42840992135247,0.08964143426294821,0.0308939165601545,0.0,0.0,obsx_stress,uncertainty,"nmpc+learned[model=gdn_mix2,filt=1,gate=1,ffu=1,qyaw=1,obs=1,aci=1,obsm=0.01]",1,4.591506481170654,0,0.4444501992031872,5.738932983968333,10.529940568376333,
0.09337408422608255,0.10431494549664305,0.2185322894969806,2.4527638352690375,2.452763835269037,6506.072141898362,44.607325789992124,0.27091633466135456,0.03624139924193698,0.0,0.0,obsx_stress,uncertainty,"nmpc+learned[model=gdn_mix2,filt=1,gate=1,ffu=1,qyaw=1,obs=1,aci=1,obsm=0.01]",2,7.20179557800293,0,0.8017749003984064,9.191631765728186,17.13469989830628,
0.15438588251399268,0.17231702667571816,0.37791089655904375,1.9074714604638534,1.9074714604638532,9247.838442518469,34.29573281600774,0.6055776892430279,0.03200136511722512,0.0,0.0,obsx_stress,uncertainty,"nmpc+learned[model=gdn_mix2,filt=1,gate=1,ffu=1,qyaw=1,obs=1,aci=1,obsm=0.01]",3,4.46849513053894,2,0.4612569721115538,5.614652842435377,16.801123372279108,
0.08871304587849288,0.09885956511105196,0.20874562808104863,8.873000341192213,8.873000341192213,6914.148702138765,34.86590531668933,0.3466135458167331,0.03329197685029128,0.0,0.0,obsx_stress,uncertainty,"nmpc+learned[model=gdn_mix2,filt=1,gate=1,ffu=1,qyaw=1,obs=1,aci=1,obsm=0.01]",4,4.5483245849609375,12,0.5163525896414343,5.783781682909188,10.800767892505975,
0.09393273519999366,0.10493570200272925,0.2167039239207034,1.7129342627927409,1.7129342627927409,7027.322807992503,33.376474312787984,0.3466135458167331,0.02897597172440694,0.0,0.0,obsx_stress,uncertainty,"nmpc+learned[model=gdn_mix2,filt=1,gate=1,ffu=1,qyaw=1,obs=1,aci=1,obsm=0.01]",5,6.587509393692017,0,0.6637629482071712,8.236313705792673,16.51634872192517,
0.14010081035835495,0.15606780082240834,0.297347966864933,1.035532537201723,1.035532537201723,9718.935813280506,34.01842256209496,0.5199203187250996,0.028981983554167035,0.0,0.0,obsx_stress,uncertainty,"nmpc+learned[model=gdn_mix2,filt=1,gate=1,ffu=1,qyaw=1,obs=1,aci=1,obsm=0.01]",6,7.157096862792969,2,0.7079940239043825,9.142017852796975,16.72189517179504,
0.09062830788272334,0.1010848212484809,0.17887622044408974,2.5283533870635235,2.5283533870635235,6597.071231318278,57.37942099385908,0.28087649402390436,0.03183556299187881,0.0,0.0,obsx_stress,uncertainty,"nmpc+learned[model=gdn_mix2,filt=1,gate=1,ffu=1,qyaw=1,obs=1,aci=1,obsm=0.01]",7,8.114861965179443,0,0.7718645418326694,10.403455735046965,17.502339468337595,
0.14671976784800797,0.1638292380526887,0.802550690158242,4.830643367888585,4.830643367888585,8132.676991243279,130.11120444511127,0.3784860557768924,0.03297826620603744,0.0,0.0,obsx_stress,uncertainty,"nmpc+learned[model=gdn_mix2,filt=1,gate=1,ffu=1,qyaw=1,obs=1,aci=1,obsm=0.01]",8,4.757422208786011,6,0.43030478087649404,5.8885168342617344,10.374929595272988,
0.07071770995262348,0.07894441074014491,0.1283170855125144,2.5075013671396276,2.5075013671396276,6333.138075796096,20.309995642605013,0.20119521912350596,0.034470027864901054,0.0,0.0,obsx_stress,uncertainty,"nmpc+learned[model=gdn_mix2,filt=1,gate=1,ffu=1,qyaw=1,obs=1,aci=1,obsm=0.01]",9,5.713341951370239,0,0.6441155378486056,7.261730480078326,18.161349918227646,
0.07368532070157788,0.08165225305924563,0.11927341469548251,1.5767872218999734,1.5767872218999734,6669.67802943678,24.812103036153292,0.14143426294820718,0.018593586025211384,0.0,0.0,obsx_stress,uncertainty,"nmpc+learned[model=gdn_mix2,filt=1,gate=1,ffu=1,qyaw=1,obs=1,aci=1,obsm=0.01]",10,4.8639209270477295,0,0.5599541832669322,6.062562622415621,13.867419776506722,
0.0837559021006923,0.0934151818096168,0.14698698154196027,1.0824888973872768,1.082488897387277,7493.593534175208,21.78038289415632,0.2848605577689243,0.03322998319671083,0.0,0.0,obsx_stress,uncertainty,"nmpc+learned[model=gdn_mix2,filt=1,gate=1,ffu=1,qyaw=1,obs=1,aci=1,obsm=0.01]",11,4.757443428039551,1,0.6155657370517928,6.011830219828275,11.816509943455463,
0.0889485619319502,0.09885037937470878,0.14878615981225723,1.2613042253557085,1.2613042253557085,5073.394550176422,17.838161455229542,0.35258964143426297,0.0310495427781306,0.0,0.0,obsx_stress,uncertainty,"nmpc+learned[model=gdn_mix2,filt=1,gate=1,ffu=1,qyaw=1,obs=1,aci=1,obsm=0.01]",12,2.8301711082458496,0,0.3072549800796813,3.554994615158474,4.310706011019647,
0.1028832354016288,0.114861950033036,0.18877436167471867,2.066875066532801,2.066875066532801,7972.662342598976,56.49978475201967,0.5239043824701195,0.02208676357689912,0.0,0.0,obsx_stress,uncertainty,"nmpc+learned[model=gdn_mix2,filt=1,gate=1,ffu=1,qyaw=1,obs=1,aci=1,obsm=0.01]",13,7.140272617340088,0,0.7210019920318725,8.974400630027827,17.087203830014914,
0.12526224536640362,0.1398424844124417,0.25184766581989887,2.0432444549991153,2.0432444549991153,6115.1323257669,41.08953938639318,0.5637450199203188,0.009518838692183118,0.0,0.0,obsx_stress,uncertainty,"nmpc+learned[model=gdn_mix2,filt=1,gate=1,ffu=1,qyaw=1,obs=1,aci=1,obsm=0.01]",14,8.171286344528198,0,0.8380179282868526,10.361102288143627,18.102342484053224,
0.14538753753891762,0.16230225125003753,0.2706029903101907,2.0587284304321387,2.0587284304321387,8149.431670266531,30.94260433426891,0.5856573705179283,0.02494762802488465,0.0,0.0,obsx_stress,uncertainty,"nmpc+learned[model=gdn_mix2,filt=1,gate=1,ffu=1,qyaw=1,obs=1,aci=1,obsm=0.01]",15,5.3333399295806885,0,0.53902390438247,6.706967706832871,16.840079457033426,
0.053655293306541604,0.05980827117434232,0.1362753725878737,1.2710471226733848,1.2710471226733848,5396.0423975699305,27.28553800818316,0.09362549800796813,0.0336896493117646,0.0,0.0,obsx_stress,uncertainty,"nmpc+learned[model=gdn_mix2,filt=1,gate=1,ffu=1,qyaw=1,obs=1,aci=1,obsm=0.01]",16,5.784252882003784,0,0.6289083665338645,7.416144394189624,17.021520691923797,
0.042203950046548956,0.047047981963751595,0.09954854444712438,0.7092953241125756,0.7092953241125756,5373.20441799727,22.420630133324533,0.0,0.015765777611415288,0.0,0.0,obsx_stress,uncertainty,"nmpc+learned[model=gdn_mix2,filt=1,gate=1,ffu=1,qyaw=1,obs=1,aci=1,obsm=0.01]",17,6.601504325866699,0,0.6005258964143427,8.383312877601538,16.56861791620032,
0.11552242617622015,0.12894040201436777,0.2200900785593751,3.0703755495858043,3.0703755495858043,9142.425220785211,43.419067476499606,0.4302788844621514,0.026996770305087847,0.0,0.0,obsx_stress,uncertainty,"nmpc+learned[model=gdn_mix2,filt=1,gate=1,ffu=1,qyaw=1,obs=1,aci=1,obsm=0.01]",18,6.749511003494263,0,0.6787410358565736,8.569218407559443,16.8921842193231,
0.12301528438391054,0.13735414477009136,0.22071514337800205,6.4667711123888845,6.4667711123888845,8524.363113156369,47.58607973891867,0.4940239043824701,0.022984574344418696,0.0,0.0,obsx_stress,uncertainty,"nmpc+learned[model=gdn_mix2,filt=1,gate=1,ffu=1,qyaw=1,obs=1,aci=1,obsm=0.01]",19,7.706411361694336,0,0.755890438247012,9.807615733401205,17.56195499561727,
0.11146852495440182,0.1244361885382364,0.2564780103960674,2.1560275930288983,2.1560275930288983,7199.243729260209,27.503332645965425,0.3386454183266932,0.014458160199370795,0.0,0.0,obsx_stress,uncertainty,"nmpc+learned[model=gdn_mix2,filt=1,gate=1,ffu=1,qyaw=1,obs=1,aci=1]",0,6.88329553604126,0,0.6681513944223108,8.675058701157242,22.388385746162385,
0.05247095363847767,0.05848071643407505,0.1264140324449823,0.9245630809352053,0.9245630809352053,6992.895969205921,34.628707606053275,0.049800796812749,0.02119979876646244,0.0,0.0,obsx_stress,uncertainty,"nmpc+learned[model=gdn_mix2,filt=1,gate=1,ffu=1,qyaw=1,obs=1,aci=1]",1,5.795024633407593,0,0.5037788844621514,7.351388735974957,16.473611071705818,
0.08461018700998743,0.09451853323802512,0.19901633626659135,2.3713765521907058,2.3713765521907058,6551.441795262054,41.38148055313476,0.23904382470119523,0.025902506710551942,0.0,0.0,obsx_stress,uncertainty,"nmpc+learned[model=gdn_mix2,filt=1,gate=1,ffu=1,qyaw=1,obs=1,aci=1]",2,6.132529258728027,0,0.7468326693227092,7.944006155582656,27.987623722292504,
0.1473967715558701,0.1644966136820317,0.36454997810729084,1.6846932212000312,1.6846932212000314,8973.794138694817,33.90703493625726,0.5159362549800797,0.02265465239294495,0.0,0.0,obsx_stress,uncertainty,"nmpc+learned[model=gdn_mix2,filt=1,gate=1,ffu=1,qyaw=1,obs=1,aci=1]",3,5.975626468658447,2,0.6153605577689244,7.401171684417265,17.309218673035506,
0.08151859398130304,0.0907955544362444,0.19212317831098166,8.564313980054138,8.564313980054138,6769.25201050774,32.01161900060977,0.2350597609561753,0.02325167607822648,0.0,0.0,obsx_stress,uncertainty,"nmpc+learned[model=gdn_mix2,filt=1,gate=1,ffu=1,qyaw=1,obs=1,aci=1]",4,6.8771913051605225,11,0.8184581673306772,8.837158959618662,26.737865146715194,
0.08718436798616855,0.09739971838002624,0.21221256939674799,1.6399271498012038,1.6399271498012038,6859.708659298991,34.19566098306829,0.2290836653386454,0.018979099930156923,0.0,0.0,obsx_stress,uncertainty,"nmpc+learned[model=gdn_mix2,filt=1,gate=1,ffu=1,qyaw=1,obs=1,aci=1]",5,6.1829869747161865,0,0.6480737051792828,7.898218110222295,18.585867818910632,
0.13104337769648447,0.146001627852782,0.28341528183031506,1.0300231320911508,1.0300231320911508,9526.955903375736,32.53350564248966,0.44223107569721115,0.018961909412653966,0.0,0.0,obsx_stress,uncertainty,"nmpc+learned[model=gdn_mix2,filt=1,gate=1,ffu=1,qyaw=1,obs=1,aci=1]",6,6.824986219406128,2,0.6336115537848606,8.787829067606285,22.361685365904123,
0.07852077442524094,0.08752546077800488,0.15024430223001042,2.3101324684572804,2.3101324684572804,6571.204092033188,55.3764613436209,0.18127490039840638,0.02203929063723123,0.0,0.0,obsx_stress,uncertainty,"nmpc+learned[model=gdn_mix2,filt=1,gate=1,ffu=1,qyaw=1,obs=1,aci=1]",7,7.983094930648804,0,0.7424541832669321,10.19083920484075,16.691145366057754,
0.14496445316441706,0.16186617633261202,0.876731178593632,3.6875777098724525,3.6875777098724525,7663.432526748029,124.25983856257012,0.26095617529880477,0.023276511451513826,0.0,0.0,obsx_stress,uncertainty,"nmpc+learned[model=gdn_mix2,filt=1,gate=1,ffu=1,qyaw=1,obs=1,aci=1]",8,4.758352518081665,14,0.5214661354581673,5.991930338698792,16.463559770490974,
0.06490764236614843,0.07244452702398452,0.12054598476721752,2.327348936285811,2.327348936285811,6296.6084426685175,20.532038310427236,0.15338645418326693,0.024681182404061475,0.0,0.0,obsx_stress,uncertainty,"nmpc+learned[model=gdn_mix2,filt=1,gate=1,ffu=1,qyaw=1,obs=1,aci=1]",9,7.844583034515381,0,0.7526394422310756,9.902279011430256,22.331543909385818,
0.0677500235882774,0.07496330828387841,0.10915704648337456,1.5547105221201203,1.5547105221201203,6373.513256702636,26.351271768991403,0.05776892430278884,0.008878206024968194,0.0,0.0,obsx_stress,uncertainty,"nmpc+learned[model=gdn_mix2,filt=1,gate=1,ffu=1,qyaw=1,obs=1,aci=1]",10,3.2656948566436768,0,0.3410418326693227,4.058089124435833,10.562171055935325,
0.07574090917026526,0.08445574191742088,0.13426674054423357,1.0174183273087414,1.0174183273087414,7124.973194590633,21.779003740289202,0.199203187250996,0.023034895846058973,0.0,0.0,obsx_stress,uncertainty,"nmpc+learned[model=gdn_mix2,filt=1,gate=1,ffu=1,qyaw=1,obs=1,aci=1]",11,8.588820457458496,1,0.8702709163346614,10.95970194977875,21.306467547547072,
0.0818556402045876,0.09087617252506813,0.13841213526225507,1.2200200884831236,1.2200200884831236,5030.253892080518,17.8110021318336,0.2908366533864542,0.02099957493036053,0.0,0.0,obsx_stress,uncertainty,"nmpc+learned[model=gdn_mix2,filt=1,gate=1,ffu=1,qyaw=1,obs=1,aci=1]",12,7.564323663711548,0,0.828113545816733,9.688559644094918,21.509877180214975,
0.08817609375771415,0.09840905317969444,0.15268067358343448,2.516844132218758,2.516844132218758,7668.692946407215,55.56893158326152,0.40039840637450197,0.012444650380261102,0.0,0.0,obsx_stress,uncertainty,"nmpc+learned[model=gdn_mix2,filt=1,gate=1,ffu=1,qyaw=1,obs=1,aci=1]",13,8.748820781707764,0,1.0500876494023903,11.074037981252983,23.40890742139891,
0.12685451181097301,0.1416235060568462,0.24369500961553328,1.7877578981591367,1.7877578981591367,5994.571570681297,49.213410381987565,0.5577689243027888,0.00023160744319600246,0.0,0.0,obsx_stress,uncertainty,"nmpc+learned[model=gdn_mix2,filt=1,gate=1,ffu=1,qyaw=1,obs=1,aci=1]",14,7.959130525588989,0,0.7977928286852588,10.080639967245915,20.87131057167427,
0.13319532615529525,0.14869761096693682,0.25283687289886114,2.1451650238696467,2.1451650238696467,7903.970037598518,31.716788462032966,0.5278884462151394,0.01590108308881516,0.0,0.0,obsx_stress,uncertainty,"nmpc+learned[model=gdn_mix2,filt=1,gate=1,ffu=1,qyaw=1,obs=1,aci=1]",15,6.289984464645386,0,0.653300796812749,7.875689645798736,17.101662759669125,
0.047609029113878217,0.05303255864162785,0.12599814606992138,1.2019260650350012,1.2019260650350012,5297.513782065892,25.342133543323996,0.0796812749003984,0.023499217773146674,0.0,0.0,obsx_stress,uncertainty,"nmpc+learned[model=gdn_mix2,filt=1,gate=1,ffu=1,qyaw=1,obs=1,aci=1]",16,7.8002235889434814,0,0.8753247011952192,9.945271152676458,22.84970117500052,
0.0369042415063392,0.04110925826786983,0.09014074010355223,0.7169513426585769,0.7169513426585769,5290.013984059344,20.981885911253265,0.0,0.005842974808210555,0.0,0.0,obsx_stress,uncertainty,"nmpc+learned[model=gdn_mix2,filt=1,gate=1,ffu=1,qyaw=1,obs=1,aci=1]",17,4.156223773956299,0,0.4096135458167331,5.3093153269093225,13.67639812640848,
0.10440093324661592,0.11649614809416066,0.2035172600144808,2.5542401300116757,2.5542401300116757,9225.088344461368,41.873915089980365,0.35258964143426297,0.020259581114390496,0.0,0.0,obsx_stress,uncertainty,"nmpc+learned[model=gdn_mix2,filt=1,gate=1,ffu=1,qyaw=1,obs=1,aci=1]",18,5.8395469188690186,0,0.5807948207171314,7.332494437408846,17.356944528874017,
0.11488598576309865,0.12827827586699486,0.21015989039233904,6.107844325626877,6.107844325626877,8535.055919130846,46.46680909078071,0.4701195219123506,0.01133165041798545,0.0,0.0,obsx_stress,uncertainty,"nmpc+learned[model=gdn_mix2,filt=1,gate=1,ffu=1,qyaw=1,obs=1,aci=1]",19,5.938404083251953,0,0.5746254980079681,7.5102481913133206,16.693432782776654,
0.1161854193000725,0.12968386635050747,0.26691824840759903,1.7923326416502987,1.7923326416502987,6675.447401094984,25.75253987490868,0.3645418326693227,0.027821534976193774,0.0,0.0,obsx_stress,uncertainty,"nmpc+learned[model=gdn_mix2,filt=1,gate=1,ffu=1,qyaw=1,obs=1,aci=2,aci_alpha=0.02]",0,3.082470417022705,0,0.31968127490039844,3.866875988980421,8.82963994983585,
0.05784394288340017,0.06449928620939803,0.13089328613789522,0.9208950099714805,0.9208950099714805,7215.87306978961,34.05862379173131,0.05776892430278884,0.023018704177365734,0.0,0.0,obsx_stress,uncertainty,"nmpc+learned[model=gdn_mix2,filt=1,gate=1,ffu=1,qyaw=1,obs=1,aci=2,aci_alpha=0.02]",1,5.728813886642456,0,0.5978187250996015,7.248529145842886,16.426141548436135,
0.09527736239354288,0.10644238578745059,0.22000195179138624,2.539543588450764,2.539543588450764,6016.6586637169,44.34919626590525,0.30677290836653387,0.042284480326574725,0.0,0.0,obsx_stress,uncertainty,"nmpc+learned[model=gdn_mix2,filt=1,gate=1,ffu=1,qyaw=1,obs=1,aci=2,aci_alpha=0.02]",2,4.812142372131348,0,0.5507171314741036,6.113327741882656,13.152308538556115,
0.15944997334651295,0.17798278426667133,0.39647383179516116,1.5108630827508365,1.5108630827508363,9522.796988238257,34.44208938267377,0.6115537848605578,0.027681564610778142,0.0,0.0,obsx_stress,uncertainty,"nmpc+learned[model=gdn_mix2,filt=1,gate=1,ffu=1,qyaw=1,obs=1,aci=2,aci_alpha=0.02]",3,6.947778701782227,0,0.7747011952191236,8.672164747977547,16.937152410391718,
0.08647514870478958,0.09635162048296257,0.2043698389822326,8.829453347942051,8.829453347942051,6875.424514613984,34.85754504059492,0.2968127490039841,0.031149550059515196,0.0,0.0,obsx_stress,uncertainty,"nmpc+learned[model=gdn_mix2,filt=1,gate=1,ffu=1,qyaw=1,obs=1,aci=2,aci_alpha=0.02]",4,7.42266058921814,12,0.7619422310756973,9.410714276090443,17.30465645901859,
0.09241640118595557,0.10323056386617437,0.22273738300449705,1.6714622002499018,1.6714622002499018,6861.141208681532,35.12839701504713,0.29282868525896416,0.026600461864935226,0.0,0.0,obsx_stress,uncertainty,"nmpc+learned[model=gdn_mix2,filt=1,gate=1,ffu=1,qyaw=1,obs=1,aci=2,aci_alpha=0.02]",5,6.363673686981201,0,0.7445657370517929,8.150647823379721,18.96091712405905,
0.1419099279970377,0.1580880919525726,0.3028535105665956,1.0603345207734087,1.0603345207734087,9662.59078000509,34.91742037520168,0.5338645418326693,0.03058077106848961,0.0,0.0,obsx_stress,uncertainty,"nmpc+learned[model=gdn_mix2,filt=1,gate=1,ffu=1,qyaw=1,obs=1,aci=2,aci_alpha=0.02]",6,7.612658977508545,2,0.7734322709163346,9.868807255372078,18.38096907362342,
0.08736245103211476,0.09742817135412113,0.16656716231959967,2.3714031490801553,2.3714031490801553,6667.780966378895,59.359124722118864,0.25298804780876494,0.0261741069096203,0.0,0.0,obsx_stress,uncertainty,"nmpc+learned[model=gdn_mix2,filt=1,gate=1,ffu=1,qyaw=1,obs=1,aci=2,aci_alpha=0.02]",7,8.194131135940552,0,0.9975796812749004,10.759923558875148,22.363931026775393,
0.13025450716595438,0.14541363202937208,0.5772670232696977,5.828151029661763,5.828151029661763,7932.147279557136,114.64069888180134,0.3565737051792829,0.030489638028827648,0.0,0.0,obsx_stress,uncertainty,"nmpc+learned[model=gdn_mix2,filt=1,gate=1,ffu=1,qyaw=1,obs=1,aci=2,aci_alpha=0.02]",8,5.858868598937988,0,0.5845278884462151,7.307788379401325,16.49932696251199,
0.06950927015198724,0.07759259578529347,0.13021298148383975,2.3892011757610696,2.389201175761069,6387.418914775735,20.03680393823079,0.199203187250996,0.03053468723946151,0.0,0.0,obsx_stress,uncertainty,"nmpc+learned[model=gdn_mix2,filt=1,gate=1,ffu=1,qyaw=1,obs=1,aci=2,aci_alpha=0.02]",9,8.065684795379639,0,0.7854561752988047,10.1983730163633,19.56877676304431,
0.0768530129794553,0.08522414235821972,0.12683733819177462,1.8559473729032145,1.8559473729032145,6876.352732509597,28.212863921048264,0.1454183266932271,0.014917789176636748,0.0,0.0,obsx_stress,uncertainty,"nmpc+learned[model=gdn_mix2,filt=1,gate=1,ffu=1,qyaw=1,obs=1,aci=2,aci_alpha=0.02]",10,5.732804536819458,0,0.5975976095617529,7.089682007338332,16.831293476279825,
0.08843620684085172,0.0986306639160382,0.15338646072912224,1.1278347011872338,1.1278347011872338,7514.161463277273,21.32928851722853,0.3346613545816733,0.03856225126062429,0.0,0.0,obsx_stress,uncertainty,"nmpc+learned[model=gdn_mix2,filt=1,gate=1,ffu=1,qyaw=1,obs=1,aci=2,aci_alpha=0.02]",11,7.660389423370361,1,0.7531414342629482,9.686547517498205,16.998999784700572,
0.08998319149092768,0.10001309868237193,0.15057228377953405,1.2320396385766317,1.2320396385766317,5124.13800810986,17.91698755712944,0.3605577689243028,0.030268891976324486,0.0,0.0,obsx_stress,uncertainty,"nmpc+learned[model=gdn_mix2,filt=1,gate=1,ffu=1,qyaw=1,obs=1,aci=2,aci_alpha=0.02]",12,5.981505393981934,0,0.5807330677290837,7.561672753487451,16.77789466222748,
0.09747000458192497,0.10880679481988385,0.1706442040379774,2.1725660290603783,2.1725660290603783,8048.486102265278,55.93600700313603,0.5059760956175299,0.02270408355623829,0.0,0.0,obsx_stress,uncertainty,"nmpc+learned[model=gdn_mix2,filt=1,gate=1,ffu=1,qyaw=1,obs=1,aci=2,aci_alpha=0.02]",13,7.6520397663116455,0,0.8298685258964144,9.668740156325567,16.90532797249034,
0.13116715686173278,0.14644718597315468,0.2337654107719622,1.7948820478115164,1.7948820478115164,6247.812830835492,42.62230733934372,0.5577689243027888,0.0032608095031045337,0.0,0.0,obsx_stress,uncertainty,"nmpc+learned[model=gdn_mix2,filt=1,gate=1,ffu=1,qyaw=1,obs=1,aci=2,aci_alpha=0.02]",14,7.228940486907959,0,0.7775119521912349,9.187900636575195,17.66927784541622,
0.14399437653179,0.16074869191122643,0.2718414072334971,2.2107714468734505,2.2107714468734505,8307.459783654826,34.92490737893215,0.5936254980079682,0.02236346360885949,0.0,0.0,obsx_stress,uncertainty,"nmpc+learned[model=gdn_mix2,filt=1,gate=1,ffu=1,qyaw=1,obs=1,aci=2,aci_alpha=0.02]",15,3.500297784805298,0,0.3631374501992031,4.368482906170991,10.591556222643703,
0.051352478203175685,0.05722816801117067,0.13065575808722774,1.3506867642641573,1.3506867642641571,5454.730931583327,26.214937584138063,0.08565737051792828,0.027074558941363014,0.0,0.0,obsx_stress,uncertainty,"nmpc+learned[model=gdn_mix2,filt=1,gate=1,ffu=1,qyaw=1,obs=1,aci=2,aci_alpha=0.02]",16,7.27008056640625,0,0.6949223107569722,9.34879206477171,16.681839730590582,
0.039611553673036946,0.04414355720894204,0.08989249885260411,0.7196911959892082,0.7196911959892082,5400.551420284947,21.93889385829255,0.0,0.015947418999730012,0.0,0.0,obsx_stress,uncertainty,"nmpc+learned[model=gdn_mix2,filt=1,gate=1,ffu=1,qyaw=1,obs=1,aci=2,aci_alpha=0.02]",17,5.357372999191284,0,0.6799940239043826,6.879787561409472,19.69126771204174,
0.1190266904094033,0.13286093934275792,0.2296726562011202,3.0491036607546342,3.0491036607546347,9510.939968530489,45.669496203680715,0.44621513944223107,0.016941502724768465,0.0,0.0,obsx_stress,uncertainty,"nmpc+learned[model=gdn_mix2,filt=1,gate=1,ffu=1,qyaw=1,obs=1,aci=2,aci_alpha=0.02]",18,4.61773419380188,0,0.5067589641434262,5.720585626846855,10.682268221862616,
0.12395191596622816,0.13838482099440028,0.22102140692862784,5.921564820244038,5.921564820244038,8794.28622149326,48.345918372339085,0.4960159362549801,0.02337666933087873,0.0,0.0,obsx_stress,uncertainty,"nmpc+learned[model=gdn_mix2,filt=1,gate=1,ffu=1,qyaw=1,obs=1,aci=2,aci_alpha=0.02]",19,7.51934027671814,0,0.8293306772908366,9.409305275941037,18.52273489814252,
0.10985630402255842,0.12261478574552138,0.2547590021311578,2.1099981583185867,2.1099981583185863,6625.2149374448945,26.297092711420813,0.350597609561753,0.01666125247013167,0.0,0.0,obsx_stress,uncertainty,"nmpc+learned[model=gdn_mix2,filt=1,gate=1,ffu=1,qyaw=1,obs=1,aci=2]",0,3.1475701332092285,0,0.36220916334661357,3.909902787670879,16.155638876371086,
0.05189681714496333,0.05783741905349688,0.12637712620451572,0.9363979712286608,0.9363979712286608,6968.09343641095,34.68731766019878,0.049800796812749,0.021461903932815996,0.0,0.0,obsx_stress,uncertainty,"nmpc+learned[model=gdn_mix2,filt=1,gate=1,ffu=1,qyaw=1,obs=1,aci=2]",1,8.046610832214355,0,0.7181155378486056,10.19446714966747,17.614428300876174,
0.08626354368842044,0.09636672541556773,0.2003448396880231,2.2322304791089986,2.2322304791089986,6564.439264872783,42.600174237208,0.24302788844621515,0.029328583593202173,0.0,0.0,obsx_stress,uncertainty,"nmpc+learned[model=gdn_mix2,filt=1,gate=1,ffu=1,qyaw=1,obs=1,aci=2]",2,6.950019359588623,0,0.6513685258964144,8.775066755493116,17.62994523625821,
0.15024154146391233,0.16768029307922463,0.3737540678511826,1.7146318795811768,1.7146318795811768,9180.562919746793,33.43906516131178,0.4960159362549801,0.028146611736271976,0.0,0.0,obsx_stress,uncertainty,"nmpc+learned[model=gdn_mix2,filt=1,gate=1,ffu=1,qyaw=1,obs=1,aci=2]",3,5.067684173583984,2,0.597406374501992,6.340850237385923,16.583457170054317,
0.08180454435383819,0.09111614845048899,0.18786132325261248,8.999379238987617,8.999379238987617,6871.858701601832,33.440724308413984,0.23904382470119523,0.022583937265989396,0.0,0.0,obsx_stress,uncertainty,"nmpc+learned[model=gdn_mix2,filt=1,gate=1,ffu=1,qyaw=1,obs=1,aci=2]",4,7.207064628601074,11,0.7920338645418326,9.191646305584456,17.997881898190826,
0.08778109272936815,0.09805283456896169,0.21237995259422437,1.6442057010257376,1.6442057010257376,6838.195259071848,34.187985943588224,0.23306772908366533,0.019192210118374298,0.0,0.0,obsx_stress,uncertainty,"nmpc+learned[model=gdn_mix2,filt=1,gate=1,ffu=1,qyaw=1,obs=1,aci=2]",5,5.3379411697387695,0,0.5253406374501992,6.705817406110287,16.695418269373477,
0.14125387759817679,0.15739523014237983,0.30990064932152306,1.2328360820462718,1.2328360820462718,10243.733282567773,33.366081482012135,0.4581673306772908,0.02452556730060168,0.0,0.0,obsx_stress,uncertainty,"nmpc+learned[model=gdn_mix2,filt=1,gate=1,ffu=1,qyaw=1,obs=1,aci=2]",6,6.147165298461914,2,0.6687350597609562,7.900169899360653,16.68011233676225,
0.07971933377068856,0.08886814409469652,0.15290360309165454,2.130154285896626,2.130154285896626,6690.895756378632,55.26245885318338,0.19123505976095617,0.021728002911633876,0.0,0.0,obsx_stress,uncertainty,"nmpc+learned[model=gdn_mix2,filt=1,gate=1,ffu=1,qyaw=1,obs=1,aci=2]",7,7.824780464172363,0,0.6903466135458168,9.96463964053196,19.65945868287236,
0.1528011744918677,0.17063012475302394,0.9070521280612638,2.7766771698884303,2.7766771698884303,7924.781751353241,133.13830606865105,0.27689243027888444,0.020821499794524245,0.0,0.0,obsx_stress,uncertainty,"nmpc+learned[model=gdn_mix2,filt=1,gate=1,ffu=1,qyaw=1,obs=1,aci=2]",8,5.392488956451416,20,0.6211135458167331,6.850670849666949,16.425419547595084,
0.06509072827565482,0.07264937012283619,0.1207262069045152,2.271147861087686,2.271147861087686,6269.202353523088,20.57321359351425,0.14940239043824702,0.02559197717593023,0.0,0.0,obsx_stress,uncertainty,"nmpc+learned[model=gdn_mix2,filt=1,gate=1,ffu=1,qyaw=1,obs=1,aci=2]",9,6.377286434173584,0,0.62197609561753,8.327407353331308,16.500870445743203,
0.06789289934064087,0.07512181233672693,0.10914312350483035,1.5776407496055604,1.5776407496055604,6430.779061656561,26.35791779286136,0.055776892430278883,0.0097359121160904,0.0,0.0,obsx_stress,uncertainty,"nmpc+learned[model=gdn_mix2,filt=1,gate=1,ffu=1,qyaw=1,obs=1,aci=2]",10,6.610570430755615,0,0.7554262948207171,8.354793914011214,17.220553711522374,
0.07544362889945429,0.08409232109446625,0.13297735159092575,1.1072627854911397,1.1072627854911397,6893.578430680944,21.996238377735317,0.16334661354581673,0.023524428482309567,0.0,0.0,obsx_stress,uncertainty,"nmpc+learned[model=gdn_mix2,filt=1,gate=1,ffu=1,qyaw=1,obs=1,aci=2]",11,6.738388538360596,1,0.6693067729083666,8.539697173444845,19.49558875290678,
0.0829309952390955,0.09208579996167228,0.14107068938776374,1.200008777009847,1.200008777009847,5042.27722778243,17.81655949679433,0.2868525896414343,0.021943114609214165,0.0,0.0,obsx_stress,uncertainty,"nmpc+learned[model=gdn_mix2,filt=1,gate=1,ffu=1,qyaw=1,obs=1,aci=2]",12,5.899223566055298,0,0.5169223107569721,7.471690231292282,16.72385452548042,
0.08911019436999032,0.09945420961933292,0.15492034428656734,2.4743979612679596,2.4743979612679596,7712.815793766016,55.74457132627919,0.4043824701195219,0.013494104170034382,0.0,0.0,obsx_stress,uncertainty,"nmpc+learned[model=gdn_mix2,filt=1,gate=1,ffu=1,qyaw=1,obs=1,aci=2]",13,4.243773698806763,0,0.4643426294820717,5.260533289111914,13.414765987545255,
0.13766557321798542,0.15371512344763996,0.2795439206766134,1.8088219588435843,1.8088219588435843,6075.937727150561,49.74194971222048,0.5557768924302788,0.0007914706670248406,0.0,0.0,obsx_stress,uncertainty,"nmpc+learned[model=gdn_mix2,filt=1,gate=1,ffu=1,qyaw=1,obs=1,aci=2]",14,7.0226593017578125,0,0.6977011952191235,8.858099342806199,18.932042103260756,
0.1344773063188933,0.15011762386889138,0.2615859188626549,2.10653660025175,2.10653660025175,7999.609900761213,34.69689419909814,0.5378486055776892,0.01659417002589808,0.0,0.0,obsx_stress,uncertainty,"nmpc+learned[model=gdn_mix2,filt=1,gate=1,ffu=1,qyaw=1,obs=1,aci=2]",15,8.351210594177246,0,0.9302310756972111,10.674822960045203,18.33390068029985,
0.0485529814352211,0.05409070913397002,0.1278664081854881,1.1967716102079338,1.1967716102079338,5387.340691265315,25.957743508701846,0.0796812749003984,0.024329991250422844,0.0,0.0,obsx_stress,uncertainty,"nmpc+learned[model=gdn_mix2,filt=1,gate=1,ffu=1,qyaw=1,obs=1,aci=2]",16,4.568773984909058,0,0.5067211155378486,5.803012228348251,13.643259149976075,
0.035979453341527586,0.04007246533765317,0.08661279651931741,0.717562129629351,0.717562129629351,5333.957750615638,20.910660706070658,0.0,0.006177384433997568,0.0,0.0,obsx_stress,uncertainty,"nmpc+learned[model=gdn_mix2,filt=1,gate=1,ffu=1,qyaw=1,obs=1,aci=2]",17,6.488477945327759,0,0.6512589641434263,8.231601799352177,17.718189768493176,
0.10455822549091015,0.11667215969244642,0.20386381916500643,2.5908541876548496,2.5908541876548496,9393.028293582043,42.51059727347522,0.3665338645418327,0.02007324267532906,0.0,0.0,obsx_stress,uncertainty,"nmpc+learned[model=gdn_mix2,filt=1,gate=1,ffu=1,qyaw=1,obs=1,aci=2]",18,7.343166351318359,0,0.8540139442231075,9.349551421044714,17.542027025483556,
0.11253022910712152,0.125615400844112,0.20486454452811195,5.096959658280936,5.096959658280936,8548.714380155605,45.51491452526813,0.4860557768924303,0.02003500592713603,0.0,0.0,obsx_stress,uncertainty,"nmpc+learned[model=gdn_mix2,filt=1,gate=1,ffu=1,qyaw=1,obs=1,aci=2]",19,5.499051570892334,0,0.6142011952191235,6.984509049035401,16.419079205952585,
0.11889284891256018,0.13275894557555779,0.24360113670072353,2.5522028535269055,2.552202853526906,9027.678448187826,28.808151571009205,0.4302788844621514,0.016907547433826886,0.0,0.0,obsx_stress,wind,"nmpc+kf[r_v=0.15,r_w=0.15,q_F=10,q_tau=1,filt=1,gate=1,ffu=1,qyaw=1,obs=1,aci=1]",0,6.8264923095703125,8,0.8316992031872511,7.261402923539578,12.392565414775163,
0.06467102205802153,0.07193847530074651,0.13040298185087099,1.8946141119970459,1.8946141119970459,8882.4409009041,38.39311601071468,0.17928286852589642,0.026602463707431967,0.0,0.0,obsx_stress,wind,"nmpc+kf[r_v=0.15,r_w=0.15,q_F=10,q_tau=1,filt=1,gate=1,ffu=1,qyaw=1,obs=1,aci=1]",1,3.6529974937438965,1,0.48570517928286855,3.9300465143742076,11.561490825843087,
0.09518054583381177,0.10621616360902676,0.20697683101333827,4.2409500015973824,4.2409500015973824,9937.959774998668,43.89503463623708,0.30677290836653387,0.027600491055759235,0.0,0.0,obsx_stress,wind,"nmpc+kf[r_v=0.15,r_w=0.15,q_F=10,q_tau=1,filt=1,gate=1,ffu=1,qyaw=1,obs=1,aci=1]",2,3.020395040512085,5,0.3811274900398406,3.23980248605543,9.80966726318003,
0.2236135880534233,0.24955838756881327,0.5761084319631345,8.838473044317714,8.838473044317714,11140.437609536415,142.99228728734593,0.6673306772908366,0.008424687338545594,0.0,0.0,obsx_stress,wind,"nmpc+kf[r_v=0.15,r_w=0.15,q_F=10,q_tau=1,filt=1,gate=1,ffu=1,qyaw=1,obs=1,aci=1]",3,6.164062261581421,31,0.7950597609561754,6.6574790451927965,11.03753591887653,
0.10079660859095703,0.11235524960473614,0.1859153599816197,6.55328995526816,6.55328995526816,8244.534923104107,27.710950317364304,0.3904382470119522,0.02790715823862,0.0,0.0,obsx_stress,wind,"nmpc+kf[r_v=0.15,r_w=0.15,q_F=10,q_tau=1,filt=1,gate=1,ffu=1,qyaw=1,obs=1,aci=1]",4,4.585130453109741,10,0.5466314741035857,4.828609662516361,8.8083591661416,
2.021769822953319,2.2760611722819646,8.336261875379824,9.68591182647911,9.68591182647911,7887.078913152333,164.43414770890547,0.4873417721518987,-0.12062493145199649,1.0,0.06962025316455696,obsx_stress,wind,"nmpc+kf[r_v=0.15,r_w=0.15,q_F=10,q_tau=1,filt=1,gate=1,ffu=1,qyaw=1,obs=1,aci=1]",5,4.99616813659668,124,0.6362004219409283,5.806909250743876,9.304566315840928,
0.1307247407518835,0.14543912489462893,0.2928102871943495,1.83392603004789,1.83392603004789,10494.351035690477,28.25936232768596,0.4402390438247012,0.0227600841977611,0.0,0.0,obsx_stress,wind,"nmpc+kf[r_v=0.15,r_w=0.15,q_F=10,q_tau=1,filt=1,gate=1,ffu=1,qyaw=1,obs=1,aci=1]",6,5.608407497406006,11,0.7385557768924302,6.012897305394638,9.104212999809533,
0.08366726193395772,0.09310512644912759,0.16265971084303352,3.3128033574898557,3.3128033574898557,10672.038130981551,54.44442870825727,0.21912350597609562,0.017503843889633497,0.0,0.0,obsx_stress,wind,"nmpc+kf[r_v=0.15,r_w=0.15,q_F=10,q_tau=1,filt=1,gate=1,ffu=1,qyaw=1,obs=1,aci=1]",7,4.160732984542847,10,0.556019920318725,4.514167275450441,8.776102429255843,
0.16487148189937972,0.18419898284997613,1.0845762987359429,2.052087519938333,2.052087519938333,10204.16439622802,178.6132781068315,0.3884462151394422,0.023244950394115893,0.0,0.0,obsx_stress,wind,"nmpc+kf[r_v=0.15,r_w=0.15,q_F=10,q_tau=1,filt=1,gate=1,ffu=1,qyaw=1,obs=1,aci=1]",8,4.582429647445679,20,0.6008247011952191,4.82834766450082,9.891733711119741,
0.0779529003232289,0.08677842180420743,0.13988849921495783,2.9883620184418023,2.9883620184418023,7995.974036102227,17.99717684855461,0.2410358565737052,0.027208692705261384,0.0,0.0,obsx_stress,wind,"nmpc+kf[r_v=0.15,r_w=0.15,q_F=10,q_tau=1,filt=1,gate=1,ffu=1,qyaw=1,obs=1,aci=1]",9,5.946942090988159,1,0.781308764940239,6.668100762459267,10.82268249010668,
0.07706401035159437,0.08412627085897133,0.12968217297622672,2.1443643142069475,2.144364314206947,8694.49028676054,29.570821369506202,0.1693227091633466,0.017283929180609864,0.0,0.0,obsx_stress,wind,"nmpc+kf[r_v=0.15,r_w=0.15,q_F=10,q_tau=1,filt=1,gate=1,ffu=1,qyaw=1,obs=1,aci=1]",10,6.134788513183594,2,0.7235856573705179,6.626768027936883,11.008200235664845,
0.0751362708930161,0.08348559110087089,0.1348847534202743,2.9156861150642253,2.9156861150642253,8949.793593421611,20.81067133992228,0.1454183266932271,0.019743882838444526,0.0,0.0,obsx_stress,wind,"nmpc+kf[r_v=0.15,r_w=0.15,q_F=10,q_tau=1,filt=1,gate=1,ffu=1,qyaw=1,obs=1,aci=1]",11,5.386507272720337,4,0.6849860557768924,5.742301001673587,9.033547274302691,
0.08296092617340928,0.09204804313603449,0.14489547116370774,1.4391021650298528,1.4391021650298528,9874.543519334431,20.90540854166166,0.2689243027888446,0.01873496017822429,0.0,0.0,obsx_stress,wind,"nmpc+kf[r_v=0.15,r_w=0.15,q_F=10,q_tau=1,filt=1,gate=1,ffu=1,qyaw=1,obs=1,aci=1]",12,4.439985990524292,7,0.6194541832669322,4.729339970735856,11.803679156582803,
0.08844622974290675,0.09838161078813355,0.14626044768660412,3.023813059769444,3.0238130597694446,9279.939082404348,41.165195037508155,0.34063745019920316,0.013888744375294415,0.0,0.0,obsx_stress,wind,"nmpc+kf[r_v=0.15,r_w=0.15,q_F=10,q_tau=1,filt=1,gate=1,ffu=1,qyaw=1,obs=1,aci=1]",13,5.246546745300293,2,0.6470956175298804,5.702318503536224,11.120709080714734,
0.13415858941012043,0.1495553518556984,0.4218581119573264,3.194634455786795,3.194634455786795,8309.295477518284,65.85725374914287,0.5577689243027888,-0.01849326761629755,1.0,0.027888446215139442,obsx_stress,wind,"nmpc+kf[r_v=0.15,r_w=0.15,q_F=10,q_tau=1,filt=1,gate=1,ffu=1,qyaw=1,obs=1,aci=1]",14,5.946173667907715,0,0.6128665338645418,6.3694242515092885,10.682769038248821,
0.1212580364903054,0.13532577964547796,0.24204651172394717,2.78503969078209,2.78503969078209,9207.891938684948,31.066399574615318,0.5378486055776892,0.011310409225841062,0.0,0.0,obsx_stress,wind,"nmpc+kf[r_v=0.15,r_w=0.15,q_F=10,q_tau=1,filt=1,gate=1,ffu=1,qyaw=1,obs=1,aci=1]",15,3.05877423286438,8,0.401796812749004,3.2486305516435805,9.172249620314687,
0.04929000715489227,0.0543432318849361,0.12013383226798781,0.6725070654757682,0.6725070654757682,9684.719928758339,25.491519472205876,0.07171314741035857,0.020010079689115168,0.0,0.0,obsx_stress,wind,"nmpc+kf[r_v=0.15,r_w=0.15,q_F=10,q_tau=1,filt=1,gate=1,ffu=1,qyaw=1,obs=1,aci=1]",16,5.405611753463745,1,0.745332669322709,5.742706389971582,9.887973119039092,
0.03760256450303532,0.0419039556338855,0.09216550903418003,1.1985862846858528,1.1985862846858528,8416.4333060588,18.857916315617082,0.0,0.009622736055161007,0.0,0.0,obsx_stress,wind,"nmpc+kf[r_v=0.15,r_w=0.15,q_F=10,q_tau=1,filt=1,gate=1,ffu=1,qyaw=1,obs=1,aci=1]",17,4.989147424697876,0,0.5084043824701194,5.314957311532768,11.048491972032936,
0.07626442673374534,0.08472948206956436,0.13208615615091315,3.990232597227385,3.990232597227384,9778.294490402506,55.461779654934446,0.2290836653386454,0.019567102285402205,0.0,0.0,obsx_stress,wind,"nmpc+kf[r_v=0.15,r_w=0.15,q_F=10,q_tau=1,filt=1,gate=1,ffu=1,qyaw=1,obs=1,aci=1]",18,5.507349967956543,10,0.8122868525896414,5.930812432026246,9.92184839444235,
inf,inf,inf,,,,,,-inf,1.0,,obsx_stress,wind,"nmpc+kf[r_v=0.15,r_w=0.15,q_F=10,q_tau=1,filt=1,gate=1,ffu=1,qyaw=1,obs=1,aci=1]",19,3.151430130004883,146,0.6372805755395683,6.14197543745177,9.753178267274087,RuntimeError('diverged')
0.12226538852012456,0.13651107340340077,0.24656558503890555,2.5501337197624925,2.5501337197624925,9056.151644950862,28.798811512767646,0.45219123505976094,0.029032471056629816,0.0,0.0,obsx_stress,wind,"nmpc+kf[r_v=0.15,r_w=0.15,q_F=10,q_tau=1,filt=1,gate=1,ffu=1,qyaw=1,obs=1,aci=2,aci_alpha=0.02]",0,4.898366212844849,8,0.6004123505976096,5.1664902988183075,10.261867789085956,
0.07020570859544673,0.07814948094561984,0.13520971499011672,1.8917704500332024,1.8917704500332024,8882.65307637754,40.83708860176079,0.21115537848605578,0.028617548226722633,0.0,0.0,obsx_stress,wind,"nmpc+kf[r_v=0.15,r_w=0.15,q_F=10,q_tau=1,filt=1,gate=1,ffu=1,qyaw=1,obs=1,aci=2,aci_alpha=0.02]",1,3.722130060195923,1,0.48155976095617536,4.00384078757741,11.033670394681403,
0.10330816935672951,0.11531009827702546,0.22735077410300852,4.330716014155886,4.330716014155886,10086.189942678358,47.87323189145195,0.39243027888446214,0.04257083713280796,0.0,0.0,obsx_stress,wind,"nmpc+kf[r_v=0.15,r_w=0.15,q_F=10,q_tau=1,filt=1,gate=1,ffu=1,qyaw=1,obs=1,aci=2,aci_alpha=0.02]",2,5.634059429168701,5,0.7260876494023906,6.12886780334926,12.241463051177563,
0.21401347976300839,0.23882789147930963,0.5368863765904135,6.517823136079549,6.517823136079549,10862.449063312393,143.50899377742675,0.701195219123506,0.024086380611993974,0.0,0.0,obsx_stress,wind,"nmpc+kf[r_v=0.15,r_w=0.15,q_F=10,q_tau=1,filt=1,gate=1,ffu=1,qyaw=1,obs=1,aci=2,aci_alpha=0.02]",3,2.9411449432373047,18,0.3778127490039841,3.1591479636847497,9.45932448608801,
0.10746310532674332,0.11982248817819331,0.21333848886119114,6.436992730262158,6.436992730262158,8438.702983712641,27.611882835730814,0.4262948207171315,0.032242046193446616,0.0,0.0,obsx_stress,wind,"nmpc+kf[r_v=0.15,r_w=0.15,q_F=10,q_tau=1,filt=1,gate=1,ffu=1,qyaw=1,obs=1,aci=2,aci_alpha=0.02]",4,5.3610680103302,10,0.6151454183266932,5.715034993001783,11.825764414388692,
0.6174764523738936,0.7079117386060411,3.033475440369986,7.633298435088112,7.633298435088112,9203.343218782276,171.3023237622344,0.5598086124401914,-0.10967786434174304,1.0,0.08133971291866028,obsx_stress,wind,"nmpc+kf[r_v=0.15,r_w=0.15,q_F=10,q_tau=1,filt=1,gate=1,ffu=1,qyaw=1,obs=1,aci=2,aci_alpha=0.02]",5,4.511286735534668,74,0.6761483253588516,5.800297853100207,9.9783319956623,
0.14284048099131633,0.15898479352087658,0.3129786483241612,1.856629693938091,1.8566296939380906,10549.191956472401,28.9950641794836,0.5258964143426295,0.02841795706490391,0.0,0.0,obsx_stress,wind,"nmpc+kf[r_v=0.15,r_w=0.15,q_F=10,q_tau=1,filt=1,gate=1,ffu=1,qyaw=1,obs=1,aci=2,aci_alpha=0.02]",6,4.581234455108643,11,0.6252131474103586,4.90966664656878,11.624917720910165,
0.09077944553181448,0.10108414444218429,0.18260424472512404,3.378345665378928,3.378345665378928,10727.97124917109,54.72476844212795,0.2908366533864542,0.024028329443081003,0.0,0.0,obsx_stress,wind,"nmpc+kf[r_v=0.15,r_w=0.15,q_F=10,q_tau=1,filt=1,gate=1,ffu=1,qyaw=1,obs=1,aci=2,aci_alpha=0.02]",7,4.021002531051636,10,0.48006374501992033,4.295643665308348,9.082936230115592,
0.1696434583366918,0.18953271908496713,1.082339491180679,2.327753397462523,2.327753397462523,9947.187323749276,164.1458098286977,0.45617529880478086,0.03078531642153176,0.0,0.0,obsx_stress,wind,"nmpc+kf[r_v=0.15,r_w=0.15,q_F=10,q_tau=1,filt=1,gate=1,ffu=1,qyaw=1,obs=1,aci=2,aci_alpha=0.02]",8,2.945876359939575,27,0.38586852589641435,3.1564187247350635,8.830124225933105,
0.08172612044969658,0.09101030286554089,0.14460517714917656,2.958515050607952,2.958515050607952,8039.872133424434,17.89496580387567,0.27091633466135456,0.03257005389582704,0.0,0.0,obsx_stress,wind,"nmpc+kf[r_v=0.15,r_w=0.15,q_F=10,q_tau=1,filt=1,gate=1,ffu=1,qyaw=1,obs=1,aci=2,aci_alpha=0.02]",9,4.228265285491943,1,0.5123067729083666,4.4981316172618016,9.209443067666143,
0.0879331876896382,0.0965190011274205,0.13652880610081677,2.395828633665736,2.395828633665736,8704.73604399453,29.33871314707098,0.30677290836653387,0.02843052419746725,0.0,0.0,obsx_stress,wind,"nmpc+kf[r_v=0.15,r_w=0.15,q_F=10,q_tau=1,filt=1,gate=1,ffu=1,qyaw=1,obs=1,aci=2,aci_alpha=0.02]",10,4.410297155380249,2,0.621906374501992,4.746004358394094,11.910598017275333,
0.08718103157769158,0.09692239184642115,0.1491974300727414,2.866430728750494,2.866430728750494,9321.452853901998,20.807675422112833,0.3247011952191235,0.038348834164673995,0.0,0.0,obsx_stress,wind,"nmpc+kf[r_v=0.15,r_w=0.15,q_F=10,q_tau=1,filt=1,gate=1,ffu=1,qyaw=1,obs=1,aci=2,aci_alpha=0.02]",11,3.918799638748169,4,0.49663346613545817,4.173248914901568,10.707431011833256,
0.08949091406852917,0.09939569212097339,0.1502993353523677,1.33285475532518,1.33285475532518,9957.182083175883,20.863365125970624,0.37250996015936255,0.028727088624657615,0.0,0.0,obsx_stress,wind,"nmpc+kf[r_v=0.15,r_w=0.15,q_F=10,q_tau=1,filt=1,gate=1,ffu=1,qyaw=1,obs=1,aci=2,aci_alpha=0.02]",12,4.997359991073608,7,0.6087569721115537,5.34848335562682,11.845134140457958,
0.1017887295919097,0.11335143033526882,0.17576440418420355,2.8760438196903486,2.8760438196903486,9247.787399968789,39.92271208301892,0.4960159362549801,0.018732935650588423,0.0,0.0,obsx_stress,wind,"nmpc+kf[r_v=0.15,r_w=0.15,q_F=10,q_tau=1,filt=1,gate=1,ffu=1,qyaw=1,obs=1,aci=2,aci_alpha=0.02]",13,4.5909059047698975,2,0.5830657370517928,4.989520071048394,10.853600050322711,
0.11918725821812845,0.13277938511353227,0.23948584718507382,3.2249869293670637,3.2249869293670637,8244.790764004576,34.347561902876876,0.5577689243027888,-0.018439270467420554,1.0,0.025896414342629483,obsx_stress,wind,"nmpc+kf[r_v=0.15,r_w=0.15,q_F=10,q_tau=1,filt=1,gate=1,ffu=1,qyaw=1,obs=1,aci=2,aci_alpha=0.02]",14,3.067817449569702,0,0.3826294820717131,3.0920440906220934,6.091968552209437,
0.4985801537652617,0.5841651369854008,2.3739151981151174,13.858661209969826,13.858661209969826,8506.912691515985,144.07120528606816,0.47282608695652173,-0.08548083488381303,1.0,0.10597826086956522,obsx_stress,wind,"nmpc+kf[r_v=0.15,r_w=0.15,q_F=10,q_tau=1,filt=1,gate=1,ffu=1,qyaw=1,obs=1,aci=2,aci_alpha=0.02]",15,2.334186315536499,80,0.4247554347826087,3.4095897489865106,9.048063624650235,
0.05413373498459339,0.059822732444017014,0.12242287809451044,0.6811470768503648,0.6811470768503648,9762.603375315854,26.69995312669712,0.07569721115537849,0.022223382331457375,0.0,0.0,obsx_stress,wind,"nmpc+kf[r_v=0.15,r_w=0.15,q_F=10,q_tau=1,filt=1,gate=1,ffu=1,qyaw=1,obs=1,aci=2,aci_alpha=0.02]",16,2.580906391143799,1,0.3725139442231076,2.7343490401253225,5.896275984123349,
0.04263529841396546,0.047541655546125695,0.10106963237034763,1.3381398456327662,1.3381398456327662,8417.875507307639,18.48610679746426,0.01593625498007968,0.016455280135673045,0.0,0.0,obsx_stress,wind,"nmpc+kf[r_v=0.15,r_w=0.15,q_F=10,q_tau=1,filt=1,gate=1,ffu=1,qyaw=1,obs=1,aci=2,aci_alpha=0.02]",17,2.8479831218719482,0,0.3564701195219123,3.024358843616488,6.191502728033811,
0.08286070429891522,0.09214020398722092,0.13381651382243664,4.378952645353578,4.378952645353578,10157.141195722643,54.5577970784361,0.34063745019920316,0.031345775164016654,0.0,0.0,obsx_stress,wind,"nmpc+kf[r_v=0.15,r_w=0.15,q_F=10,q_tau=1,filt=1,gate=1,ffu=1,qyaw=1,obs=1,aci=2,aci_alpha=0.02]",18,2.4679834842681885,11,0.3405358565737052,2.652707545409551,5.0579810980707425,
2.8617893030365598,3.551982571425315,7.88626190042972,32.76729082048298,32.76729082048298,5646.62303460228,154.15609386473207,0.5684210526315789,0.0606246556957552,0.0,0.0,obsx_stress,wind,"nmpc+kf[r_v=0.15,r_w=0.15,q_F=10,q_tau=1,filt=1,gate=1,ffu=1,qyaw=1,obs=1,aci=2,aci_alpha=0.02]",19,2.2089877128601074,158,0.44158596491228075,4.278507084471354,9.23466208390892,
0.11934384323864289,0.13325240783307332,0.24392631159044598,2.4964552444099204,2.4964552444099204,9091.409032255036,28.778273893497083,0.4342629482071713,0.01946441144478983,0.0,0.0,obsx_stress,wind,"nmpc+kf[r_v=0.15,r_w=0.15,q_F=10,q_tau=1,filt=1,gate=1,ffu=1,qyaw=1,obs=1,aci=2]",0,4.232733249664307,8,0.5622290836653386,4.53380299119865,8.997615019325167,
0.06638165807987145,0.07385861281729672,0.13086386289097143,1.9063931894696646,1.9063931894696646,8901.657665707162,38.42465282813564,0.18725099601593626,0.02267921644385451,0.0,0.0,obsx_stress,wind,"nmpc+kf[r_v=0.15,r_w=0.15,q_F=10,q_tau=1,filt=1,gate=1,ffu=1,qyaw=1,obs=1,aci=2]",1,3.112622022628784,1,0.3963884462151394,3.2857504619500673,9.035592840518802,
0.09620551979884608,0.1073631060350781,0.206615912467567,4.082639126254366,4.082639126254367,10021.19472636467,44.8697222969739,0.30876494023904383,0.030973373146113925,0.0,0.0,obsx_stress,wind,"nmpc+kf[r_v=0.15,r_w=0.15,q_F=10,q_tau=1,filt=1,gate=1,ffu=1,qyaw=1,obs=1,aci=2]",2,5.192343711853027,5,0.5889820717131473,5.514859241355522,12.149111519102007,
0.37064201737899455,0.41399275428400883,0.8840923396450583,13.00627462884232,13.00627462884232,11281.582352212492,158.19420526421263,0.7529880478087649,-0.024551245808077937,1.0,0.025896414342629483,obsx_stress,wind,"nmpc+kf[r_v=0.15,r_w=0.15,q_F=10,q_tau=1,filt=1,gate=1,ffu=1,qyaw=1,obs=1,aci=2]",3,6.0231773853302,34,0.7656115537848607,6.456886050829374,11.756038870662453,
0.10104365780322967,0.11263201450629597,0.1900009332267684,6.608601768944852,6.608601768944852,8240.55383939438,27.71022084867218,0.3844621513944223,0.027415660051310187,0.0,0.0,obsx_stress,wind,"nmpc+kf[r_v=0.15,r_w=0.15,q_F=10,q_tau=1,filt=1,gate=1,ffu=1,qyaw=1,obs=1,aci=2]",4,2.931166410446167,10,0.3951035856573705,3.150241879887315,6.0797401960007855,
0.5462426307044287,0.610390872452497,1.5837149694652262,36.247587268695106,36.247587268695106,10935.91410589894,173.78266965147606,0.5099601593625498,-0.11348034885612773,1.0,0.08764940239043825,obsx_stress,wind,"nmpc+kf[r_v=0.15,r_w=0.15,q_F=10,q_tau=1,filt=1,gate=1,ffu=1,qyaw=1,obs=1,aci=2]",5,5.470783948898315,50,0.7258446215139441,5.820374165019725,10.058822275605053,
0.13209754301848395,0.14695981304596079,0.29193173657750654,1.8182100683878717,1.8182100683878717,10481.420481724223,28.449045066513314,0.46215139442231074,0.022391327547410467,0.0,0.0,obsx_stress,wind,"nmpc+kf[r_v=0.15,r_w=0.15,q_F=10,q_tau=1,filt=1,gate=1,ffu=1,qyaw=1,obs=1,aci=2]",6,5.147478342056274,11,0.6591733067729084,5.558761455437755,9.980012644082308,
0.08521973872214951,0.09484750675419402,0.16732979341539111,3.3409707232029078,3.3409707232029078,10858.776785719032,52.08719568278369,0.2290836653386454,0.018918850506856016,0.0,0.0,obsx_stress,wind,"nmpc+kf[r_v=0.15,r_w=0.15,q_F=10,q_tau=1,filt=1,gate=1,ffu=1,qyaw=1,obs=1,aci=2]",7,5.806796312332153,10,0.6358227091633466,6.195720896937428,9.841589736752217,
0.1653823898685368,0.18477003839694103,1.0971743555696385,2.17701169106074,2.17701169106074,10486.510791683315,177.54912679035414,0.3705179282868526,0.02047692392476036,0.0,0.0,obsx_stress,wind,"nmpc+kf[r_v=0.15,r_w=0.15,q_F=10,q_tau=1,filt=1,gate=1,ffu=1,qyaw=1,obs=1,aci=2]",8,6.0670225620269775,21,0.7504900398406376,6.426668067766999,9.975228074472398,
0.0787486694422483,0.08767104556822114,0.13991165882095732,3.017873532198745,3.017873532198745,8013.937792172862,18.019758312005976,0.2410358565737052,0.02770300544145307,0.0,0.0,obsx_stress,wind,"nmpc+kf[r_v=0.15,r_w=0.15,q_F=10,q_tau=1,filt=1,gate=1,ffu=1,qyaw=1,obs=1,aci=2]",9,5.901036739349365,1,0.7280896414342629,6.22863504401152,9.838994960300631,
0.07755909589451636,0.08469303532108714,0.13033337485179242,2.364120266171852,2.364120266171852,8665.020701680627,29.552589959603118,0.19322709163346613,0.017077462871276178,0.0,0.0,obsx_stress,wind,"nmpc+kf[r_v=0.15,r_w=0.15,q_F=10,q_tau=1,filt=1,gate=1,ffu=1,qyaw=1,obs=1,aci=2]",10,4.140948534011841,2,0.5073525896414343,4.421216721898798,7.100264497566969,
0.07613793744282299,0.0845402294393356,0.13251623714611055,2.8841531893481647,2.884153189348165,8867.266259135213,20.810125046580886,0.1593625498007968,0.02741168890007173,0.0,0.0,obsx_stress,wind,"nmpc+kf[r_v=0.15,r_w=0.15,q_F=10,q_tau=1,filt=1,gate=1,ffu=1,qyaw=1,obs=1,aci=2]",11,4.332187652587891,4,0.602207171314741,4.653593021597104,9.170628439169379,
0.08422926443938701,0.09347633533383377,0.14469106765651749,1.4183443423081468,1.4183443423081468,9898.194676254216,20.82580434570142,0.2788844621513944,0.01673058003680694,0.0,0.0,obsx_stress,wind,"nmpc+kf[r_v=0.15,r_w=0.15,q_F=10,q_tau=1,filt=1,gate=1,ffu=1,qyaw=1,obs=1,aci=2]",12,5.303508996963501,7,0.6912509960159362,5.626517665234814,10.192296369932594,
0.08945737663558978,0.0995167119137075,0.14741987250016492,3.056573181893249,3.056573181893249,9327.653350271192,41.1397272369397,0.35856573705179284,0.013917954959762613,0.0,0.0,obsx_stress,wind,"nmpc+kf[r_v=0.15,r_w=0.15,q_F=10,q_tau=1,filt=1,gate=1,ffu=1,qyaw=1,obs=1,aci=2]",13,2.725933790206909,2,0.3568784860557769,2.928594198723535,6.2302245409227925,
0.1455566461016652,0.16232097979984764,0.47889214365873567,3.860085157652365,3.860085157652365,8660.290980212143,71.25280487169785,0.5577689243027888,-0.012892093645587854,1.0,0.02390438247011952,obsx_stress,wind,"nmpc+kf[r_v=0.15,r_w=0.15,q_F=10,q_tau=1,filt=1,gate=1,ffu=1,qyaw=1,obs=1,aci=2]",14,3.8679568767547607,0,0.43848207171314746,4.1287306550541425,10.367689009290194,
inf,inf,inf,,,,,,-inf,1.0,,obsx_stress,wind,"nmpc+kf[r_v=0.15,r_w=0.15,q_F=10,q_tau=1,filt=1,gate=1,ffu=1,qyaw=1,obs=1,aci=2]",15,4.799719333648682,134,0.7467772511848341,5.952785585530243,11.761891213245697,RuntimeError('diverged')
0.04957591457621252,0.054667035799595406,0.1193074448552297,0.6982668590322387,0.6982668590322387,9609.068911821203,25.385713079385848,0.07171314741035857,0.019002487015782554,0.0,0.0,obsx_stress,wind,"nmpc+kf[r_v=0.15,r_w=0.15,q_F=10,q_tau=1,filt=1,gate=1,ffu=1,qyaw=1,obs=1,aci=2]",16,4.672455072402954,1,0.604617529880478,4.944614460320765,10.940286437980838,
0.03817050691856011,0.042540350312034736,0.09111300300175773,1.2602281364199002,1.2602281364199002,8401.754895255139,18.689087616242855,0.0,0.00944168681050761,0.0,0.0,obsx_stress,wind,"nmpc+kf[r_v=0.15,r_w=0.15,q_F=10,q_tau=1,filt=1,gate=1,ffu=1,qyaw=1,obs=1,aci=2]",17,5.399496793746948,0,0.6885597609561753,5.759034950965162,11.85475489590317,
0.0771033178969611,0.08567232218969917,0.12982734147417768,4.455685454581324,4.455685454581324,9731.40223740212,56.34343640016405,0.23904382470119523,0.023895627384840717,0.0,0.0,obsx_stress,wind,"nmpc+kf[r_v=0.15,r_w=0.15,q_F=10,q_tau=1,filt=1,gate=1,ffu=1,qyaw=1,obs=1,aci=2]",18,5.518469333648682,11,0.750390438247012,5.94456936789313,11.779025185387589,
0.3579329912705982,0.39987157835418935,0.8292962576898958,13.233337728270179,13.233337728270179,9060.812330218696,132.92192275114158,0.7549800796812749,0.031136771977715083,0.0,0.0,obsx_stress,wind,"nmpc+kf[r_v=0.15,r_w=0.15,q_F=10,q_tau=1,filt=1,gate=1,ffu=1,qyaw=1,obs=1,aci=2]",19,5.995325088500977,45,0.7637410358565736,6.4676127362202305,10.050254829693587,
0.11912494992633195,0.13298795136113534,0.2696591469655581,2.1281917866260285,2.1281917866260285,6404.976675881868,29.454402576787952,0.38247011952191234,0.018075769510142448,0.0,0.0,obsx_stress,wind,"nmpc+learned[model=gdn_mix2,filt=1,gate=1,ffu=1,qyaw=1,obs=1,aci=1,aci_alpha=0.02]",0,7.332992315292358,0,0.6607270916334662,9.362103834477406,16.76920073106885,
0.05949071218078858,0.06627912904788259,0.13123643193531817,0.7776462200206404,0.7776462200206404,6517.729179161793,36.48325797791937,0.09561752988047809,0.018528998307455136,0.0,0.0,obsx_stress,wind,"nmpc+learned[model=gdn_mix2,filt=1,gate=1,ffu=1,qyaw=1,obs=1,aci=1,aci_alpha=0.02]",1,6.643637657165527,0,0.7442111553784861,8.50586988453,16.962259283754975,
0.08970426483680093,0.10001833028257888,0.20083195488803665,2.9640467498799254,2.9640467498799254,6032.381447936786,47.85370749878726,0.27091633466135456,0.03902401794362781,0.0,0.0,obsx_stress,wind,"nmpc+learned[model=gdn_mix2,filt=1,gate=1,ffu=1,qyaw=1,obs=1,aci=1,aci_alpha=0.02]",2,4.396084308624268,0,0.4617629482071713,5.564564160457199,10.86010618135333,
0.15564656411035904,0.1736921602798921,0.384199107052479,1.8265623760690004,1.826562376069,8961.31135495908,37.62966588125387,0.5836653386454184,0.03352329824736894,0.0,0.0,obsx_stress,wind,"nmpc+learned[model=gdn_mix2,filt=1,gate=1,ffu=1,qyaw=1,obs=1,aci=1,aci_alpha=0.02]",3,5.332906484603882,4,0.6578665338645419,6.731277962486107,16.69987929519266,
0.09326254587037355,0.10372137277812395,0.21220599221775455,5.6353297591274725,5.6353297591274725,6270.329157339021,39.956587941799796,0.3346613545816733,0.029657159664990274,0.0,0.0,obsx_stress,wind,"nmpc+learned[model=gdn_mix2,filt=1,gate=1,ffu=1,qyaw=1,obs=1,aci=1,aci_alpha=0.02]",4,5.383483648300171,12,0.5851972111553786,6.849630064223392,16.34360436582938,
0.087555444982679,0.09766888944664572,0.2052613413634965,1.857795218492413,1.857795218492413,6487.227026964128,38.11422278213887,0.24302788844621515,0.021917383614567326,0.0,0.0,obsx_stress,wind,"nmpc+learned[model=gdn_mix2,filt=1,gate=1,ffu=1,qyaw=1,obs=1,aci=1,aci_alpha=0.02]",5,5.997718811035156,0,0.7124860557768924,7.633393971282855,16.858372134156525,
0.1354469874226672,0.15074560837739365,0.2974502015419534,1.1035948433066392,1.1035948433066392,8075.256874005559,29.42268073021049,0.49203187250996017,0.027966570086574993,0.0,0.0,obsx_stress,wind,"nmpc+learned[model=gdn_mix2,filt=1,gate=1,ffu=1,qyaw=1,obs=1,aci=1,aci_alpha=0.02]",6,6.963542461395264,1,0.7985577689243027,9.071652479729508,20.535293917637333,
0.07626396052576731,0.08431559471946674,0.1525591232931237,1.5267895121655115,1.5267895121655115,7095.380007731751,50.203681066137044,0.17729083665338646,0.02166937199879229,0.0,0.0,obsx_stress,wind,"nmpc+learned[model=gdn_mix2,filt=1,gate=1,ffu=1,qyaw=1,obs=1,aci=1,aci_alpha=0.02]",7,7.4601569175720215,0,0.7443087649402391,9.574270469555817,16.803323002532125,
0.08495017689061841,0.09469743343492457,0.1448436190243598,1.2182505306508078,1.2182505306508078,6838.327709638134,37.61127324318219,0.35258964143426297,0.027421671497390387,0.0,0.0,obsx_stress,wind,"nmpc+learned[model=gdn_mix2,filt=1,gate=1,ffu=1,qyaw=1,obs=1,aci=1,aci_alpha=0.02]",8,7.098089933395386,0,0.7560756972111554,9.025557698548374,16.91834088880569,
0.08227718645610772,0.09155739872030835,0.16359092589738386,3.9543349467160804,3.9543349467160804,5580.345964453775,29.602922012337306,0.2848605577689243,0.023099332263394667,0.0,0.0,obsx_stress,wind,"nmpc+learned[model=gdn_mix2,filt=1,gate=1,ffu=1,qyaw=1,obs=1,aci=1,aci_alpha=0.02]",9,7.990508794784546,0,0.6860199203187252,10.250890169263005,19.17276323307306,
0.0804726528607518,0.08877447061115176,0.12930827821981303,1.6786453705979982,1.6786453705979982,6810.364677927293,29.68684608680964,0.19721115537848605,0.013925473559174284,0.0,0.0,obsx_stress,wind,"nmpc+learned[model=gdn_mix2,filt=1,gate=1,ffu=1,qyaw=1,obs=1,aci=1,aci_alpha=0.02]",10,4.130155086517334,0,0.4606513944223107,5.146169336512685,13.184643003623933,
0.07199709966742397,0.08007136539450325,0.1213230489135548,1.1620119569387635,1.1620119569387637,7167.333471595493,25.03812277301095,0.16533864541832669,0.026099205227309547,0.0,0.0,obsx_stress,wind,"nmpc+learned[model=gdn_mix2,filt=1,gate=1,ffu=1,qyaw=1,obs=1,aci=1,aci_alpha=0.02]",11,6.623517274856567,1,0.7271434262948208,8.410345310757153,16.644389131106436,
0.08688051520673101,0.09615903620928419,0.15216914066155093,1.0430864186547437,1.0430864186547437,6437.971728684872,20.482266887235586,0.2968127490039841,0.020881968844045473,0.0,0.0,obsx_stress,wind,"nmpc+learned[model=gdn_mix2,filt=1,gate=1,ffu=1,qyaw=1,obs=1,aci=1,aci_alpha=0.02]",12,3.988452672958374,0,0.4371175298804781,5.05604425842217,12.781009499449297,
0.09658989937749138,0.10757251303813403,0.16004102582737528,1.6601258922228324,1.6601258922228324,7646.839542384492,59.762178230857515,0.5139442231075697,0.018082455661956653,0.0,0.0,obsx_stress,wind,"nmpc+learned[model=gdn_mix2,filt=1,gate=1,ffu=1,qyaw=1,obs=1,aci=1,aci_alpha=0.02]",13,7.347231388092041,0,0.7123625498007968,9.234061650189746,17.31162815820426,
0.11300121456654842,0.12573620657072088,0.18852319331998704,1.9602394066648543,1.9602394066648543,5759.735203463897,43.39779460232921,0.5557768924302788,-0.0015701853396276055,1.0,0.00796812749003984,obsx_stress,wind,"nmpc+learned[model=gdn_mix2,filt=1,gate=1,ffu=1,qyaw=1,obs=1,aci=1,aci_alpha=0.02]",14,2.9712562561035156,0,0.335101593625498,3.7130617965161203,5.701325081754477,
0.12296552050866916,0.1372801186024996,0.2301979103246077,1.953793142987054,1.953793142987054,8401.487434394356,32.827517407452774,0.547808764940239,0.021554036119949466,0.0,0.0,obsx_stress,wind,"nmpc+learned[model=gdn_mix2,filt=1,gate=1,ffu=1,qyaw=1,obs=1,aci=1,aci_alpha=0.02]",15,6.471342086791992,0,0.7465737051792829,8.163514608272399,16.86655304627493,
0.05456347060114831,0.05971111937045482,0.12121142932241058,0.988005921550683,0.988005921550683,5885.295524709323,27.32478434691082,0.06573705179282868,0.02380372759103455,0.0,0.0,obsx_stress,wind,"nmpc+learned[model=gdn_mix2,filt=1,gate=1,ffu=1,qyaw=1,obs=1,aci=1,aci_alpha=0.02]",16,7.333856821060181,0,0.6514223107569721,9.394521151105335,16.859599489253014,
0.04293181133188946,0.04752768259040869,0.09585710872819357,1.2122557427390508,1.2122557427390508,5816.3548451968345,25.556051433716124,0.0,0.016700281547404272,0.0,0.0,obsx_stress,wind,"nmpc+learned[model=gdn_mix2,filt=1,gate=1,ffu=1,qyaw=1,obs=1,aci=1,aci_alpha=0.02]",17,7.699133396148682,0,0.8854900398406375,9.969089507214369,17.290750392712656,
0.11575799898479337,0.1290756493254513,0.2506155321659726,11.086299592467157,11.086299592467155,8821.359188771852,81.18984528531512,0.4243027888446215,-0.0030161363633740557,1.0,0.00796812749003984,obsx_stress,wind,"nmpc+learned[model=gdn_mix2,filt=1,gate=1,ffu=1,qyaw=1,obs=1,aci=1,aci_alpha=0.02]",18,5.395864009857178,1,0.5631195219123506,6.825047586413761,16.958992860745642,
0.11581335904875818,0.12892516461088513,0.20865338652765228,3.952463743339993,3.952463743339993,8615.624031776364,38.190354686979184,0.5039840637450199,0.02504897224008268,0.0,0.0,obsx_stress,wind,"nmpc+learned[model=gdn_mix2,filt=1,gate=1,ffu=1,qyaw=1,obs=1,aci=1,aci_alpha=0.02]",19,7.431964874267578,0,0.6967848605577689,9.300297006048202,16.906797986011952,
0.1175004059256763,0.1311540050345515,0.2703496719409636,1.2129880819774763,1.2129880819774763,6274.117617835675,32.14844222990304,0.39641434262948205,0.024466515313078085,0.0,0.0,obsx_stress,wind,"nmpc+learned[model=gdn_mix2,filt=1,gate=1,ffu=1,qyaw=1,obs=1,aci=1,obsm=0.01]",0,7.132066488265991,0,0.7730099601593625,9.138095027032453,19.190927615854896,
0.06527923317133691,0.07276548947420212,0.1424044208361098,0.8645351687141527,0.8645351687141527,6687.116630031953,40.06893958970887,0.1294820717131474,0.024324323995139785,0.0,0.0,obsx_stress,wind,"nmpc+learned[model=gdn_mix2,filt=1,gate=1,ffu=1,qyaw=1,obs=1,aci=1,obsm=0.01]",1,7.321891784667969,0,0.8003187250996017,9.42381423623468,16.871051678899676,
0.08903941059025283,0.09927369283170547,0.2020041306871764,3.2068800162431392,3.2068800162431392,5899.548221355834,49.29728615254596,0.2649402390438247,0.03460349148528169,0.0,0.0,obsx_stress,wind,"nmpc+learned[model=gdn_mix2,filt=1,gate=1,ffu=1,qyaw=1,obs=1,aci=1,obsm=0.01]",2,4.934011220932007,0,0.5937629482071713,6.247061657704473,16.64804165717215,
0.16221310954239648,0.18103977708621946,0.37748572050351376,1.909471059200279,1.909471059200279,8101.569956933446,35.80079062199896,0.6334661354581673,0.029351450533415757,0.0,0.0,obsx_stress,wind,"nmpc+learned[model=gdn_mix2,filt=1,gate=1,ffu=1,qyaw=1,obs=1,aci=1,obsm=0.01]",3,7.109918832778931,0,0.7593247011952191,8.960709208158768,20.575250741094365,
0.08900701126952189,0.0989420026734151,0.1888035154370667,5.8353721302761,5.8353721302761,6036.264905389503,38.86873195676767,0.35258964143426297,0.0349082933547063,0.0,0.0,obsx_stress,wind,"nmpc+learned[model=gdn_mix2,filt=1,gate=1,ffu=1,qyaw=1,obs=1,aci=1,obsm=0.01]",4,7.25261116027832,12,0.6757589641434263,9.16010250413486,16.76597191952169,
0.09014882651184447,0.10056690223357498,0.19514868384271702,1.7577906382688921,1.7577906382688921,6208.237258680509,31.20349602239552,0.2968127490039841,0.02913563578593184,0.0,0.0,obsx_stress,wind,"nmpc+learned[model=gdn_mix2,filt=1,gate=1,ffu=1,qyaw=1,obs=1,aci=1,obsm=0.01]",5,5.420247793197632,0,0.5735617529880479,6.776386595505523,16.311770281754434,
0.13634257299002256,0.1516915796838318,0.29827316712515844,1.0741779283097002,1.0741779283097002,7930.476219228815,29.701162255460346,0.4960159362549801,0.03223902372802179,0.0,0.0,obsx_stress,wind,"nmpc+learned[model=gdn_mix2,filt=1,gate=1,ffu=1,qyaw=1,obs=1,aci=1,obsm=0.01]",6,7.652936935424805,1,0.826027888446215,9.996032166996029,19.672313064802445,
0.08067319124589563,0.08929299098649766,0.1647887327501405,1.6306708567069457,1.6306708567069457,6971.9565609776255,51.68000973998935,0.20916334661354583,0.027557823033018264,0.0,0.0,obsx_stress,wind,"nmpc+learned[model=gdn_mix2,filt=1,gate=1,ffu=1,qyaw=1,obs=1,aci=1,obsm=0.01]",7,7.587959051132202,0,0.7873286852589642,9.865341107899033,17.63346625957638,
0.08753451925068396,0.09759227241708816,0.14471565949544207,1.143012435413984,1.143012435413984,6961.520958559221,36.08209421118505,0.37649402390438247,0.032788448175398555,0.0,0.0,obsx_stress,wind,"nmpc+learned[model=gdn_mix2,filt=1,gate=1,ffu=1,qyaw=1,obs=1,aci=1,obsm=0.01]",8,4.775272846221924,0,0.45115338645418324,6.019231192192501,16.595281490590423,
0.08347178413215289,0.09289787488770294,0.16480648557381203,3.949862732389024,3.949862732389024,5557.903082701095,30.31217652886371,0.2788844621513944,0.03450664388817021,0.0,0.0,obsx_stress,wind,"nmpc+learned[model=gdn_mix2,filt=1,gate=1,ffu=1,qyaw=1,obs=1,aci=1,obsm=0.01]",9,3.7434473037719727,0,0.3481772908366534,4.763766895957381,10.460650164168328,
0.07738976470562635,0.08528974097773744,0.11922874042424765,1.5265459640909906,1.5265459640909904,6399.734666244533,24.621160444187698,0.1454183266932271,0.020264848341859182,0.0,0.0,obsx_stress,wind,"nmpc+learned[model=gdn_mix2,filt=1,gate=1,ffu=1,qyaw=1,obs=1,aci=1,obsm=0.01]",10,5.175065040588379,0,0.5816215139442231,6.456840851073306,16.18102747248487,
0.07478518575839771,0.08319194612539697,0.13153790065399218,1.1689253122865968,1.1689253122865968,7086.876362140154,24.95329535742498,0.20318725099601595,0.03215595589563619,0.0,0.0,obsx_stress,wind,"nmpc+learned[model=gdn_mix2,filt=1,gate=1,ffu=1,qyaw=1,obs=1,aci=1,obsm=0.01]",11,7.354040622711182,1,0.782003984063745,9.381897469696801,17.408160644117743,
0.08863121685319132,0.09813564234879367,0.15368616350848474,1.0490931529224834,1.0490931529224834,6470.538707425531,20.43869423046723,0.32669322709163345,0.025810749465958294,0.0,0.0,obsx_stress,wind,"nmpc+learned[model=gdn_mix2,filt=1,gate=1,ffu=1,qyaw=1,obs=1,aci=1,obsm=0.01]",12,6.281186819076538,0,0.6642490039840637,8.055930592646577,16.74364932347089,
0.09770940261424227,0.10882772351740301,0.16627986647068724,2.085740364434488,2.085740364434488,7798.019670860004,58.19789726828144,0.4900398406374502,0.02314405900235289,0.0,0.0,obsx_stress,wind,"nmpc+learned[model=gdn_mix2,filt=1,gate=1,ffu=1,qyaw=1,obs=1,aci=1,obsm=0.01]",13,6.961308002471924,0,0.6685478087649402,8.799207342539978,16.788258417509496,
0.11406182658889535,0.126926460475346,0.18970813962052568,2.1259921841319365,2.1259921841319365,5657.095159533558,44.0474637614309,0.5637450199203188,0.006626742045937606,0.0,0.0,obsx_stress,wind,"nmpc+learned[model=gdn_mix2,filt=1,gate=1,ffu=1,qyaw=1,obs=1,aci=1,obsm=0.01]",14,6.440317869186401,0,0.6158167330677291,8.180083877191809,17.848274172283713,
0.12632802303988494,0.1409998383909995,0.24939012884308054,2.427229658144791,2.427229658144791,8020.254465430189,28.55175014153075,0.5717131474103586,0.03119747381535068,0.0,0.0,obsx_stress,wind,"nmpc+learned[model=gdn_mix2,filt=1,gate=1,ffu=1,qyaw=1,obs=1,aci=1,obsm=0.01]",15,7.656224489212036,0,0.7362270916334661,9.734379583079205,16.85649565886706,
0.05648043916165755,0.061896991744348054,0.12635539114178193,1.0598297794600182,1.0598297794600182,5811.478553157594,28.117019630587052,0.07768924302788845,0.031388854706340785,0.0,0.0,obsx_stress,wind,"nmpc+learned[model=gdn_mix2,filt=1,gate=1,ffu=1,qyaw=1,obs=1,aci=1,obsm=0.01]",16,6.215127229690552,0,0.5488466135458168,8.024064222428635,16.659638991113752,
0.043059422845964354,0.04767162465463731,0.09846534431301791,1.1412355907188085,1.1412355907188085,5713.578106663913,25.371594084973296,0.0,0.017498173203258305,0.0,0.0,obsx_stress,wind,"nmpc+learned[model=gdn_mix2,filt=1,gate=1,ffu=1,qyaw=1,obs=1,aci=1,obsm=0.01]",17,8.206713438034058,0,0.8491752988047809,10.511854630097213,22.908562656957656,
0.11454265437539798,0.12771454017707307,0.25973357809701064,11.927190367892301,11.927190367892301,8652.19840268861,81.7708819456604,0.39243027888446214,0.00430929447327133,0.0,0.0,obsx_stress,wind,"nmpc+learned[model=gdn_mix2,filt=1,gate=1,ffu=1,qyaw=1,obs=1,aci=1,obsm=0.01]",18,7.164433479309082,1,0.751906374501992,9.135310382738087,17.00465168338269,
0.12133540713269023,0.13511769202461968,0.21737027530955075,4.230691580032174,4.230691580032174,8625.496097628582,38.34677049850631,0.5179282868525896,0.03372181888644951,0.0,0.0,obsx_stress,wind,"nmpc+learned[model=gdn_mix2,filt=1,gate=1,ffu=1,qyaw=1,obs=1,aci=1,obsm=0.01]",19,6.268728733062744,0,0.7433266932270917,8.04557132792559,23.077936368063092,
0.10917206640214096,0.12185357421272958,0.2550933336303833,1.1685895108732294,1.1685895108732294,6167.735536761764,32.08065017821385,0.35258964143426297,0.014286381801113135,0.0,0.0,obsx_stress,wind,"nmpc+learned[model=gdn_mix2,filt=1,gate=1,ffu=1,qyaw=1,obs=1,aci=1]",0,7.984382390975952,0,0.7410318725099602,10.19056608058156,17.272127640899274,
0.05730100291647519,0.0638244949550109,0.12895764964121995,0.7473904324325764,0.7473904324325764,6414.382107788971,37.38679360661539,0.07569721115537849,0.014061136538403018,0.0,0.0,obsx_stress,wind,"nmpc+learned[model=gdn_mix2,filt=1,gate=1,ffu=1,qyaw=1,obs=1,aci=1]",1,7.630087852478027,0,0.7036693227091633,9.67032789248988,19.444682036992173,
0.08068723433023685,0.08991688208485131,0.1834928225393183,3.01168760284461,3.01168760284461,5876.095938421534,46.25342535283525,0.19123505976095617,0.02438604623182722,0.0,0.0,obsx_stress,wind,"nmpc+learned[model=gdn_mix2,filt=1,gate=1,ffu=1,qyaw=1,obs=1,aci=1]",2,5.940583944320679,0,0.6028346613545816,7.533326179189867,16.68039076263085,
0.1468316287745684,0.16382617916236436,0.36389506459457566,2.044038987734942,2.044038987734942,7957.574430317863,35.75467221023501,0.4860557768924303,0.023202964194551146,0.0,0.0,obsx_stress,wind,"nmpc+learned[model=gdn_mix2,filt=1,gate=1,ffu=1,qyaw=1,obs=1,aci=1]",3,7.456889629364014,3,0.7781513944223107,9.495621859244409,17.32609660131857,
0.08263277480652294,0.09177848309765896,0.17926804826034562,5.287201450156894,5.287201450156894,6582.021954094002,48.75984263432675,0.28884462151394424,0.026174576988981457,0.0,0.0,obsx_stress,wind,"nmpc+learned[model=gdn_mix2,filt=1,gate=1,ffu=1,qyaw=1,obs=1,aci=1]",4,6.9907777309417725,12,0.6271334661354583,8.902913317514725,16.876552710309625,
0.08413220560307899,0.09384127304848718,0.19102250822400685,1.776335766887923,1.776335766887923,6145.777709030791,30.938134381516324,0.20717131474103587,0.019201910593434013,0.0,0.0,obsx_stress,wind,"nmpc+learned[model=gdn_mix2,filt=1,gate=1,ffu=1,qyaw=1,obs=1,aci=1]",5,5.976444959640503,0,0.5595318725099602,7.461861410898071,16.660374018829316,
0.12817095530613717,0.14261100208586244,0.28439076674666014,1.0488116656087718,1.0488116656087718,7901.416347810715,28.313306719838163,0.42828685258964144,0.021956083141960847,0.0,0.0,obsx_stress,wind,"nmpc+learned[model=gdn_mix2,filt=1,gate=1,ffu=1,qyaw=1,obs=1,aci=1]",6,7.711536884307861,1,0.7854521912350597,9.972982083547459,16.771685362327844,
0.07148676444200851,0.07891570327364628,0.1399696244168382,1.5022247208912203,1.5022247208912203,6955.229258894143,48.262805048381026,0.13745019920318724,0.01763670274751747,0.0,0.0,obsx_stress,wind,"nmpc+learned[model=gdn_mix2,filt=1,gate=1,ffu=1,qyaw=1,obs=1,aci=1]",7,4.253790855407715,0,0.4020657370517928,5.425165510324546,16.511409445665777,
0.08032677331967919,0.08951746624650787,0.14054396629663427,1.1350480125933273,1.1350480125933273,6837.2218612130555,34.343903928236465,0.29282868525896416,0.02279141741796764,0.0,0.0,obsx_stress,wind,"nmpc+learned[model=gdn_mix2,filt=1,gate=1,ffu=1,qyaw=1,obs=1,aci=1]",8,5.731820821762085,0,0.6889760956175298,7.419056877812957,16.451095824595548,
0.07642088935803039,0.08498343581344261,0.14892184167000722,3.7578522126506315,3.7578522126506315,5589.355761943591,29.45897335250506,0.26294820717131473,0.024791728671794022,0.0,0.0,obsx_stress,wind,"nmpc+learned[model=gdn_mix2,filt=1,gate=1,ffu=1,qyaw=1,obs=1,aci=1]",9,4.03099513053894,0,0.40531075697211155,5.120970707653884,14.442115796264268,
0.07034837083514069,0.07729263449907871,0.10933055231695572,1.5090340525457198,1.5090340525457198,6461.119132798667,26.2311482688358,0.099601593625498,0.010406738433031859,0.0,0.0,obsx_stress,wind,"nmpc+learned[model=gdn_mix2,filt=1,gate=1,ffu=1,qyaw=1,obs=1,aci=1]",10,7.009180068969727,0,0.7240637450199203,8.960474488896825,16.82830360950902,
0.06717407974380486,0.07466283703727507,0.12018474475861059,1.1369933611866239,1.1369933611866239,6801.91842626291,25.170737247927157,0.07171314741035857,0.021682744702433976,0.0,0.0,obsx_stress,wind,"nmpc+learned[model=gdn_mix2,filt=1,gate=1,ffu=1,qyaw=1,obs=1,aci=1]",11,8.338716983795166,1,0.8623844621513944,10.593750284042255,16.89126362325624,
0.08171707797539748,0.09032940758270162,0.14246694199732804,1.0584329380727542,1.0584329380727542,6673.168016264829,20.312281240201816,0.2729083665338645,0.01574966734703298,0.0,0.0,obsx_stress,wind,"nmpc+learned[model=gdn_mix2,filt=1,gate=1,ffu=1,qyaw=1,obs=1,aci=1]",12,4.61848521232605,0,0.46381075697211155,5.850558804136615,16.36056767543778,
0.08652484760550533,0.09628246814212704,0.14234097570346255,2.010426477855995,2.010426477855995,7268.2705987071495,60.56370954959595,0.398406374501992,0.01485809917171732,0.0,0.0,obsx_stress,wind,"nmpc+learned[model=gdn_mix2,filt=1,gate=1,ffu=1,qyaw=1,obs=1,aci=1]",13,5.71549391746521,0,0.5729223107569722,7.115592322482976,16.692115294281393,
0.1073622329283081,0.11940627037985188,0.1824447700478805,2.0928611347922925,2.0928611347922925,5650.049770007175,42.891280397075896,0.5557768924302788,-0.004487446432398706,1.0,0.01593625498007968,obsx_stress,wind,"nmpc+learned[model=gdn_mix2,filt=1,gate=1,ffu=1,qyaw=1,obs=1,aci=1]",14,4.4349658489227295,0,0.4705637450199202,5.572058823965193,12.653287264984115,
0.11632560967522348,0.12984909201451642,0.2255974002311912,1.9814586962403553,1.9814586962403553,8067.303153166928,32.24380595008207,0.5219123505976095,0.01996145015012385,0.0,0.0,obsx_stress,wind,"nmpc+learned[model=gdn_mix2,filt=1,gate=1,ffu=1,qyaw=1,obs=1,aci=1]",15,7.268259525299072,0,0.802191235059761,9.256230512786049,16.897500848863274,
0.05105776660732686,0.05570486807977419,0.11634163584240466,1.0055452197161434,1.0055452197161434,5777.178893500061,26.33981752710561,0.05976095617529881,0.02146861332060479,0.0,0.0,obsx_stress,wind,"nmpc+learned[model=gdn_mix2,filt=1,gate=1,ffu=1,qyaw=1,obs=1,aci=1]",16,7.1897265911102295,0,0.718675298804781,9.323978254875813,16.762269821483642,
0.03808170020392088,0.04205013258792669,0.0881111903049964,1.1176155184398966,1.1176155184398966,5655.19297916034,23.88982161623671,0.0,0.008612213461408003,0.0,0.0,obsx_stress,wind,"nmpc+learned[model=gdn_mix2,filt=1,gate=1,ffu=1,qyaw=1,obs=1,aci=1]",17,5.309636831283569,0,0.5367031872509961,6.769883240929311,16.983088750857863,
0.3303219278682914,0.36902886895139225,0.8237227319956294,30.192653313793492,30.192653313793492,9030.54065656048,164.65372224142413,0.49800796812749004,-0.0012573366362883531,1.0,0.00398406374501992,obsx_stress,wind,"nmpc+learned[model=gdn_mix2,filt=1,gate=1,ffu=1,qyaw=1,obs=1,aci=1]",18,5.84199070930481,18,0.6402968127490039,7.4058882762266105,16.572354384697977,
0.11261766681700831,0.12536347864958255,0.2039321237730983,3.953462680682995,3.953462680682995,8392.392986008848,37.83183462479268,0.48804780876494025,0.023434645537855625,0.0,0.0,obsx_stress,wind,"nmpc+learned[model=gdn_mix2,filt=1,gate=1,ffu=1,qyaw=1,obs=1,aci=1]",19,5.1925482749938965,0,0.6599501992031872,6.616223780197124,17.794085764326177,
0.11393037222379111,0.12715235408184034,0.26126186903698767,0.9474853093415073,0.9474853093415073,6071.859982969351,33.111975752222094,0.3665338645418327,0.027890028852568582,0.0,0.0,obsx_stress,wind,"nmpc+learned[model=gdn_mix2,filt=1,gate=1,ffu=1,qyaw=1,obs=1,aci=2,aci_alpha=0.02]",0,6.878727912902832,0,0.7243167330677291,8.679482669372899,16.66805941844359,
0.06172945847376474,0.0687881669926107,0.13037689023795804,0.7907022784104547,0.7907022784104547,6514.462342247033,36.22026218424904,0.10159362549800798,0.02715718995739047,0.0,0.0,obsx_stress,wind,"nmpc+learned[model=gdn_mix2,filt=1,gate=1,ffu=1,qyaw=1,obs=1,aci=2,aci_alpha=0.02]",1,8.156322956085205,0,0.8445278884462152,10.459129873893234,18.104898752644658,
0.09214296625603245,0.1027494705036218,0.20692750870592577,3.0313661480946004,3.0313661480946004,6048.108257253074,48.91753211436111,0.29880478087649404,0.042101532273336684,0.0,0.0,obsx_stress,wind,"nmpc+learned[model=gdn_mix2,filt=1,gate=1,ffu=1,qyaw=1,obs=1,aci=2,aci_alpha=0.02]",2,7.606631278991699,0,0.8473047808764941,9.731395590300876,17.59449030039832,
0.16141644488930465,0.18014947203914497,0.39749229624510585,1.6936297998744327,1.6936297998744327,8642.368193494234,34.66083065987149,0.5976095617529881,0.0300150166263633,0.0,0.0,obsx_stress,wind,"nmpc+learned[model=gdn_mix2,filt=1,gate=1,ffu=1,qyaw=1,obs=1,aci=2,aci_alpha=0.02]",3,6.890808582305908,4,0.7360697211155378,8.55470333430189,16.602232875302438,
0.0953852706347093,0.10610459152261739,0.359061472225108,8.664499323537544,8.664499323537544,6564.137060413367,102.02578036017741,0.33665338645418325,0.029796313018703446,0.0,0.0,obsx_stress,wind,"nmpc+learned[model=gdn_mix2,filt=1,gate=1,ffu=1,qyaw=1,obs=1,aci=2,aci_alpha=0.02]",4,5.092690467834473,19,0.5539402390438247,6.450756404278021,17.9213924240321,
0.0899458206697352,0.10032771187701844,0.20521734591904828,1.8421844079812153,1.8421844079812149,6420.984933123636,38.099207007328594,0.27689243027888444,0.027617275096747468,0.0,0.0,obsx_stress,wind,"nmpc+learned[model=gdn_mix2,filt=1,gate=1,ffu=1,qyaw=1,obs=1,aci=2,aci_alpha=0.02]",5,7.932145118713379,0,0.7573127490039842,10.049673776416872,17.553125948179517,
0.13779095527050392,0.1533094064519617,0.3009972920927497,1.1289553576200204,1.1289553576200204,8070.6836504522,29.585211187518475,0.5059760956175299,0.028332867514903715,0.0,0.0,obsx_stress,wind,"nmpc+learned[model=gdn_mix2,filt=1,gate=1,ffu=1,qyaw=1,obs=1,aci=2,aci_alpha=0.02]",6,5.300433874130249,1,0.5064900398406373,6.753316547988776,16.629565046168864,
0.07675301653738355,0.0848680595340252,0.1484831255527295,1.546840149326508,1.546840149326508,7058.799682419564,49.623520135492036,0.17729083665338646,0.022382678153997332,0.0,0.0,obsx_stress,wind,"nmpc+learned[model=gdn_mix2,filt=1,gate=1,ffu=1,qyaw=1,obs=1,aci=2,aci_alpha=0.02]",7,6.581791162490845,0,0.6530796812749003,8.399297974899827,17.31990402797237,
0.08706488764793056,0.0970662356042507,0.14681946825764883,1.2765758169525903,1.2765758169525903,6973.156967636235,38.29878213434509,0.36852589641434264,0.029997525974265027,0.0,0.0,obsx_stress,wind,"nmpc+learned[model=gdn_mix2,filt=1,gate=1,ffu=1,qyaw=1,obs=1,aci=2,aci_alpha=0.02]",8,3.066789150238037,0,0.3174262948207171,3.8661392404701544,10.188399474136531,
0.083539813031697,0.0929742063514119,0.16473130097471791,4.05153518058687,4.051535180586871,5675.0219096243245,30.301388305958156,0.2788844621513944,0.030501517072262785,0.0,0.0,obsx_stress,wind,"nmpc+learned[model=gdn_mix2,filt=1,gate=1,ffu=1,qyaw=1,obs=1,aci=2,aci_alpha=0.02]",9,6.610774517059326,0,0.5799083665338646,8.383504698976903,16.517895271535963,
0.0800600677022579,0.08830712389187989,0.12726588292874733,1.671024317853839,1.671024317853839,6805.451978981851,29.728936383173252,0.1752988047808765,0.017058758579070105,0.0,0.0,obsx_stress,wind,"nmpc+learned[model=gdn_mix2,filt=1,gate=1,ffu=1,qyaw=1,obs=1,aci=2,aci_alpha=0.02]",10,4.904209613800049,0,0.5273964143426295,6.141210180351073,12.360870938282465,
0.08103865610422947,0.09018057703907024,0.1403733606452574,1.282160291164186,1.282160291164186,7500.701851110813,24.653699852834027,0.2848605577689243,0.03765553493118784,0.0,0.0,obsx_stress,wind,"nmpc+learned[model=gdn_mix2,filt=1,gate=1,ffu=1,qyaw=1,obs=1,aci=2,aci_alpha=0.02]",11,6.722214937210083,1,0.6199721115537848,8.499995704213402,16.675243051722646,
0.08873700213607164,0.09825620010811126,0.15403036290431893,1.0648305065344446,1.0648305065344446,6410.365399490625,20.549724815493434,0.3386454183266932,0.027481347480336205,0.0,0.0,obsx_stress,wind,"nmpc+learned[model=gdn_mix2,filt=1,gate=1,ffu=1,qyaw=1,obs=1,aci=2,aci_alpha=0.02]",12,4.967316627502441,0,0.47326294820717124,6.325009583209853,11.357956526335334,
0.09501498537973753,0.10580651857295173,0.1625275309862643,1.7840578397736393,1.7840578397736393,7580.405430290123,59.380998569302584,0.4721115537848606,0.015415019485389647,0.0,0.0,obsx_stress,wind,"nmpc+learned[model=gdn_mix2,filt=1,gate=1,ffu=1,qyaw=1,obs=1,aci=2,aci_alpha=0.02]",13,6.115772008895874,0,0.6686912350597609,7.57909975983054,16.82510685641319,
0.11930334012984407,0.1328073353609998,0.20611964735263408,1.915259042041185,1.915259042041185,6296.562696858136,39.44416900569369,0.5597609561752988,0.00097923768143382,0.0,0.0,obsx_stress,wind,"nmpc+learned[model=gdn_mix2,filt=1,gate=1,ffu=1,qyaw=1,obs=1,aci=2,aci_alpha=0.02]",14,5.603445529937744,0,0.5737689243027888,7.067980062479962,17.789121819660075,
0.13558394955021416,0.1513656561253732,0.24569535561370126,2.2348746487749094,2.2348746487749094,7054.366618142926,27.454418643907665,0.5657370517928287,0.02184485290062338,0.0,0.0,obsx_stress,wind,"nmpc+learned[model=gdn_mix2,filt=1,gate=1,ffu=1,qyaw=1,obs=1,aci=2,aci_alpha=0.02]",15,6.412970066070557,0,0.6789501992031872,8.081095068218312,17.01308525633067,
0.053908557690200955,0.05896360297768417,0.11771581037448457,0.9486980864224126,0.9486980864224126,5939.860200165379,28.440062941621566,0.05776892430278884,0.02535598568162739,0.0,0.0,obsx_stress,wind,"nmpc+learned[model=gdn_mix2,filt=1,gate=1,ffu=1,qyaw=1,obs=1,aci=2,aci_alpha=0.02]",16,6.922600030899048,0,0.7137589641434263,8.964580047756908,16.57754283165559,
0.04141964002894955,0.045821359136525755,0.09119666324857777,1.1932319267753226,1.1932319267753226,5810.573371476292,24.8264940825517,0.0,0.012872636256896053,0.0,0.0,obsx_stress,wind,"nmpc+learned[model=gdn_mix2,filt=1,gate=1,ffu=1,qyaw=1,obs=1,aci=2,aci_alpha=0.02]",17,6.418997049331665,0,0.6826314741035857,8.207796596962796,16.514361049048603,
0.11950859052947171,0.13327569430966293,0.25669935690387086,12.958756752173453,12.958756752173453,8531.93133185155,86.6830214878089,0.4601593625498008,0.00040474484322455817,0.0,0.0,obsx_stress,wind,"nmpc+learned[model=gdn_mix2,filt=1,gate=1,ffu=1,qyaw=1,obs=1,aci=2,aci_alpha=0.02]",18,5.97947359085083,1,0.6146075697211155,7.581345897457336,16.594818020239472,
0.11544041402535267,0.12847995421673614,0.20943231001322293,3.606643997414878,3.606643997414878,8442.529062934196,37.93183113210805,0.50199203187251,0.025583078820733296,0.0,0.0,obsx_stress,wind,"nmpc+learned[model=gdn_mix2,filt=1,gate=1,ffu=1,qyaw=1,obs=1,aci=2,aci_alpha=0.02]",19,7.064635753631592,0,0.8641832669322709,8.957937019840031,20.775951845571406,
0.11097932041442225,0.12386143292014516,0.25816133115502504,1.1629066620243373,1.1629066620243373,5780.111273678107,32.12854497623568,0.37250996015936255,0.016504763703984793,0.0,0.0,obsx_stress,wind,"nmpc+learned[model=gdn_mix2,filt=1,gate=1,ffu=1,qyaw=1,obs=1,aci=2]",0,7.719219923019409,0,0.9259362549800797,9.926698408071026,16.965960790403187,
0.05708143540869833,0.06357833011010477,0.12891494941326234,0.7446849948886607,0.7446849948886607,6414.899356003753,37.37163568888749,0.07569721115537849,0.013330396763406194,0.0,0.0,obsx_stress,wind,"nmpc+learned[model=gdn_mix2,filt=1,gate=1,ffu=1,qyaw=1,obs=1,aci=2]",1,4.156090259552002,0,0.47924701195219127,5.267018262126235,11.488033831119537,
0.08144216992626518,0.0907628228867433,0.18679601757771694,3.184334806000227,3.184334806000227,5977.926301730939,44.12678735351234,0.1952191235059761,0.02264045640681356,0.0,0.0,obsx_stress,wind,"nmpc+learned[model=gdn_mix2,filt=1,gate=1,ffu=1,qyaw=1,obs=1,aci=2]",2,6.537140607833862,0,0.7308884462151395,8.324308564841926,16.917445168364793,
0.15137581021437005,0.168913351611203,0.37437172318731093,1.8415929535497064,1.8415929535497064,8263.47032064994,34.51854991621978,0.5139442231075697,0.02349673284720677,0.0,0.0,obsx_stress,wind,"nmpc+learned[model=gdn_mix2,filt=1,gate=1,ffu=1,qyaw=1,obs=1,aci=2]",3,6.287096738815308,3,0.6005776892430279,8.04042421324008,21.96384973591196,
0.08352019203313857,0.09277615708623657,0.17851748747748966,5.562711543448098,5.562711543448098,6527.173919013565,36.31257161728026,0.2968127490039841,0.026426783882151972,0.0,0.0,obsx_stress,wind,"nmpc+learned[model=gdn_mix2,filt=1,gate=1,ffu=1,qyaw=1,obs=1,aci=2]",4,7.04725980758667,0,0.6706972111553786,8.816052440171728,17.475525035988543,
0.0848203055640297,0.09459416992541496,0.1911891606743021,1.785615662528737,1.7856156625287365,6168.039973463129,31.0151021806447,0.21713147410358566,0.019843414013797134,0.0,0.0,obsx_stress,wind,"nmpc+learned[model=gdn_mix2,filt=1,gate=1,ffu=1,qyaw=1,obs=1,aci=2]",5,6.062513828277588,0,0.6183745019920319,7.606299393680466,16.739481224212795,
0.1276490690546782,0.1419714655745214,0.2857538468976745,1.035104025536115,1.035104025536115,7721.740074743364,29.144771942962446,0.4541832669322709,0.024205756279101376,0.0,0.0,obsx_stress,wind,"nmpc+learned[model=gdn_mix2,filt=1,gate=1,ffu=1,qyaw=1,obs=1,aci=2]",6,6.354895353317261,1,0.7628984063745019,8.233019933698188,19.662240676116223,
0.07358238836260145,0.08128550157275127,0.14434547249689703,1.4633084488513899,1.4633084488513899,7089.1381862422,48.50242756307228,0.13745019920318724,0.018851170696907504,0.0,0.0,obsx_stress,wind,"nmpc+learned[model=gdn_mix2,filt=1,gate=1,ffu=1,qyaw=1,obs=1,aci=2]",7,6.394665002822876,0,0.6104701195219123,8.192216134741455,18.328898141626276,
0.08126493358690343,0.0905686858388102,0.13964548558498305,1.1431552694087854,1.1431552694087854,6948.01973441612,34.14726582467737,0.32270916334661354,0.02433830835504125,0.0,0.0,obsx_stress,wind,"nmpc+learned[model=gdn_mix2,filt=1,gate=1,ffu=1,qyaw=1,obs=1,aci=2]",8,7.356023073196411,0,0.6511733067729083,9.180589397233796,16.6990284784697,
0.07671982122019735,0.0853191111032298,0.14892932767065767,3.7522449279734436,3.7522449279734436,5580.358484917519,29.463700617679372,0.26294820717131473,0.026467266471947026,0.0,0.0,obsx_stress,wind,"nmpc+learned[model=gdn_mix2,filt=1,gate=1,ffu=1,qyaw=1,obs=1,aci=2]",9,6.550752401351929,0,0.7058346613545817,8.415208037189426,17.020320270676166,
0.07040544384953319,0.07735511303828266,0.10931020469503472,1.5004054708947092,1.5004054708947092,6306.236079815511,25.09874066332226,0.09561752988047809,0.011194221732538895,0.0,0.0,obsx_stress,wind,"nmpc+learned[model=gdn_mix2,filt=1,gate=1,ffu=1,qyaw=1,obs=1,aci=2]",10,6.316946744918823,0,0.6602828685258965,7.894416534957807,17.283694457728416,
0.06819698405699709,0.0757759083819012,0.12114924629743096,1.1702206876723051,1.1702206876723051,6580.439996536484,25.155274786351775,0.07768924302788845,0.02158532221333731,0.0,0.0,obsx_stress,wind,"nmpc+learned[model=gdn_mix2,filt=1,gate=1,ffu=1,qyaw=1,obs=1,aci=2]",11,5.4502174854278564,1,0.654890438247012,6.951040576260343,16.901570165064186,
0.08183534927544006,0.09046453147723703,0.14320715395560682,1.083349318265278,1.083349318265278,6632.341622149643,20.426560582167614,0.2729083665338645,0.013024776073367161,0.0,0.0,obsx_stress,wind,"nmpc+learned[model=gdn_mix2,filt=1,gate=1,ffu=1,qyaw=1,obs=1,aci=2]",12,5.2676544189453125,0,0.4775219123505976,6.627688323986156,16.69081299332902,
0.08692753480181656,0.0967343559105163,0.14359151316424132,1.9574463951376013,1.9574463951376013,7448.02071302386,60.274634444282476,0.40836653386454186,0.015822470632989527,0.0,0.0,obsx_stress,wind,"nmpc+learned[model=gdn_mix2,filt=1,gate=1,ffu=1,qyaw=1,obs=1,aci=2]",13,6.838522911071777,0,0.714207171314741,8.551722790385444,16.77258576033637,
0.1131758377427619,0.12593218101756162,0.21550093010922844,2.301252614267632,2.301252614267632,5795.657034642705,40.21069061168415,0.5557768924302788,-0.0006001118435087771,1.0,0.00597609561752988,obsx_stress,wind,"nmpc+learned[model=gdn_mix2,filt=1,gate=1,ffu=1,qyaw=1,obs=1,aci=2]",14,4.537709474563599,0,0.48766932270916336,5.742932340979903,16.588412616401925,
0.1317416980965653,0.14707757951680553,0.24980523900454082,2.158339964444391,2.158339964444391,6864.880901065165,32.188513561060205,0.5338645418326693,0.017000389897163626,0.0,0.0,obsx_stress,wind,"nmpc+learned[model=gdn_mix2,filt=1,gate=1,ffu=1,qyaw=1,obs=1,aci=2]",15,3.7723801136016846,0,0.43624900398406374,4.820519054134143,16.75331881036982,
0.05080575331226944,0.05541638341724892,0.11281974897015554,0.9161008564446098,0.9161008564446098,5791.729286865482,27.498394366240372,0.049800796812749,0.021155413302781367,0.0,0.0,obsx_stress,wind,"nmpc+learned[model=gdn_mix2,filt=1,gate=1,ffu=1,qyaw=1,obs=1,aci=2]",16,6.800770998001099,0,0.571081673306773,8.697612625750828,16.656398731283847,
0.038355671461072556,0.04235994176364037,0.0856631282373676,1.1383241891777747,1.1383241891777747,5755.592725218068,24.120910942193035,0.0,0.007781293682779744,0.0,0.0,obsx_stress,wind,"nmpc+learned[model=gdn_mix2,filt=1,gate=1,ffu=1,qyaw=1,obs=1,aci=2]",17,7.576161623001099,0,0.7587330677290837,9.76808276630389,16.905372785404325,
0.10898492145928933,0.1214893632166285,0.24501510271871343,9.998001578039915,9.998001578039915,8782.092667224893,78.12617006081629,0.3665338645418327,-0.00030265329383738493,1.0,0.00199203187250996,obsx_stress,wind,"nmpc+learned[model=gdn_mix2,filt=1,gate=1,ffu=1,qyaw=1,obs=1,aci=2]",18,7.25624680519104,1,0.7131394422310756,9.460318471820825,16.728025793563578,
0.11263415617823914,0.1253417633731335,0.201916563872745,3.7985552540443055,3.7985552540443055,8627.614244449805,37.64682133175507,0.4940239043824701,0.021698850314296025,0.0,0.0,obsx_stress,wind,"nmpc+learned[model=gdn_mix2,filt=1,gate=1,ffu=1,qyaw=1,obs=1,aci=2]",19,5.256472826004028,0,0.5266235059760958,6.6174685109065345,15.695851638447497,
