rmse,rmse_after1s,max_err,heading_deg,heading_wrapped_deg,cmd_rate,max_tilt_deg,tube10_viol,min_clear,collision,coll_frac,regime,experiment,controller,trial,wall_s,solve_fail,solve_ms,ctrl_ms,ctrl_p99_ms,aci_miss,aci_n
0.09928471663207884,0.1109063988532799,0.23456927558721846,0.7036960128723636,0.7036960128723636,1076.9682230196634,26.48457729538471,0.2908366533864542,0.009471484399092567,0.0,0.0,obsx_flicker,force,"nmpc+kf[r_v=0.15,r_w=0.15,q_F=10,q_tau=1,filt=1,gate=1,ffu=1,qyaw=1,obs=1,aci=1,obsm=0.01]",0,1.4530713558197021,0,0.20282669322709163,1.5513492702688294,2.272707773372531,0.042682926829268296,492
0.04457283129725847,0.04977915705461645,0.11217897211003322,0.5909620070008489,0.5909620070008489,1118.0234597580159,32.66918022037056,0.03386454183266932,0.011956216746672299,0.0,0.0,obsx_flicker,force,"nmpc+kf[r_v=0.15,r_w=0.15,q_F=10,q_tau=1,filt=1,gate=1,ffu=1,qyaw=1,obs=1,aci=1,obsm=0.01]",1,1.3359994888305664,0,0.1852250996015936,1.4237562960674208,2.11592321516946,0.042682926829268296,492
0.06309320624899557,0.07047856596736124,0.13041910768751758,0.7471469696544801,0.7471469696544801,1249.4922593523365,35.730485643257424,0.13147410358565736,0.012748545392268495,0.0,0.0,obsx_flicker,force,"nmpc+kf[r_v=0.15,r_w=0.15,q_F=10,q_tau=1,filt=1,gate=1,ffu=1,qyaw=1,obs=1,aci=1,obsm=0.01]",2,2.351264238357544,0,0.2679920318725099,2.4676220375576996,2.7093273331411187,0.042682926829268296,492
0.13393917526201227,0.14966544596196238,0.33485654015948113,0.7057260660319175,0.7057260660319175,1177.9706150492113,27.65223935419175,0.3665338645418327,0.011988684932672855,0.0,0.0,obsx_flicker,force,"nmpc+kf[r_v=0.15,r_w=0.15,q_F=10,q_tau=1,filt=1,gate=1,ffu=1,qyaw=1,obs=1,aci=1,obsm=0.01]",3,2.490142345428467,0,0.28610557768924305,2.5325142945426395,2.760901392903179,0.042682926829268296,492
0.07272317147225818,0.08121495690752022,0.1601578625398937,1.1908654394096727,1.1908654394096727,1442.0734543091082,27.14449959240497,0.12749003984063745,0.012978397624812621,0.0,0.0,obsx_flicker,force,"nmpc+kf[r_v=0.15,r_w=0.15,q_F=10,q_tau=1,filt=1,gate=1,ffu=1,qyaw=1,obs=1,aci=1,obsm=0.01]",4,1.3723068237304688,0,0.18487051792828685,1.3795019724810742,1.8778963084332645,0.044715447154471545,492
0.06693562109823911,0.07478148316772949,0.12025422851644119,0.5461841287829541,0.5461841287829541,1018.9740927359315,14.506160770554024,0.08167330677290836,0.012651959141083913,0.0,0.0,obsx_flicker,force,"nmpc+kf[r_v=0.15,r_w=0.15,q_F=10,q_tau=1,filt=1,gate=1,ffu=1,qyaw=1,obs=1,aci=1,obsm=0.01]",5,1.396456241607666,0,0.20887250996015935,1.4989474984034303,2.2389135230332617,0.042682926829268296,492
0.11375686219321124,0.12691562950578042,0.2607985181862409,1.2140026486349815,1.2140026486349815,1421.832961344722,29.03359321295219,0.3207171314741036,0.012644879042967683,0.0,0.0,obsx_flicker,force,"nmpc+kf[r_v=0.15,r_w=0.15,q_F=10,q_tau=1,filt=1,gate=1,ffu=1,qyaw=1,obs=1,aci=1,obsm=0.01]",6,1.2926502227783203,0,0.19317928286852593,1.3922714044811182,1.8940777890384202,0.044715447154471545,492
0.06369695995756884,0.0711400690638286,0.14966439131547163,0.8003806598129681,0.8003806598129681,1300.6961383877742,47.9132761534338,0.11752988047808766,0.01258686640269091,0.0,0.0,obsx_flicker,force,"nmpc+kf[r_v=0.15,r_w=0.15,q_F=10,q_tau=1,filt=1,gate=1,ffu=1,qyaw=1,obs=1,aci=1,obsm=0.01]",7,1.35345458984375,0,0.18490039840637448,1.439540507828453,2.081815558485687,0.044715447154471545,492
0.07084200339868815,0.07913588983417046,0.1260803683859135,0.35338768482615096,0.35338768482615096,1082.5254387027749,29.511622833821605,0.15338645418326693,0.013260580792442744,0.0,0.0,obsx_flicker,force,"nmpc+kf[r_v=0.15,r_w=0.15,q_F=10,q_tau=1,filt=1,gate=1,ffu=1,qyaw=1,obs=1,aci=1,obsm=0.01]",8,1.4373035430908203,0,0.19876095617529882,1.534908598537494,2.584553908091039,0.042682926829268296,492
0.05409079584262895,0.060405457786389546,0.10430472077225793,0.503428696146925,0.503428696146925,1127.7836599085895,17.48759644208061,0.03187250996015936,0.01345401331684154,0.0,0.0,obsx_flicker,force,"nmpc+kf[r_v=0.15,r_w=0.15,q_F=10,q_tau=1,filt=1,gate=1,ffu=1,qyaw=1,obs=1,aci=1,obsm=0.01]",9,2.391911029815674,0,0.26241235059760953,2.517202477605338,2.7629017108120024,0.042682926829268296,492
0.04188324498510798,0.0467633905564736,0.07019044541484655,0.5653162100589422,0.5653162100589422,835.9753961061273,14.82371478233788,0.0,0.01237517080042616,0.0,0.0,obsx_flicker,force,"nmpc+kf[r_v=0.15,r_w=0.15,q_F=10,q_tau=1,filt=1,gate=1,ffu=1,qyaw=1,obs=1,aci=1,obsm=0.01]",10,2.515355348587036,0,0.2995139442231075,2.6570265942004574,2.903732240665704,0.042682926829268296,492
0.051241844655298754,0.057191520584597824,0.10096195750181021,0.4396765604532168,0.4396765604532168,946.3746425074085,14.831650478454865,0.013944223107569721,0.012997355558216517,0.0,0.0,obsx_flicker,force,"nmpc+kf[r_v=0.15,r_w=0.15,q_F=10,q_tau=1,filt=1,gate=1,ffu=1,qyaw=1,obs=1,aci=1,obsm=0.01]",11,2.5209298133850098,0,0.28770717131474105,2.6554356712246854,2.8640536218881607,0.042682926829268296,492
0.07068753118980321,0.07883719783043369,0.11980327196789113,0.7782304832360054,0.7782304832360054,1162.2504348970149,18.031326910745147,0.1892430278884462,0.013709584454518975,0.0,0.0,obsx_flicker,force,"nmpc+kf[r_v=0.15,r_w=0.15,q_F=10,q_tau=1,filt=1,gate=1,ffu=1,qyaw=1,obs=1,aci=1,obsm=0.01]",12,2.5019054412841797,0,0.2786175298804781,2.6343733409004084,2.875753003172577,0.042682926829268296,492
0.08028514410552402,0.08970014350783204,0.1386002264056105,0.8670910708792077,0.8670910708792077,1360.725866140532,28.057739511729846,0.28884462151394424,0.012212837224979511,0.0,0.0,obsx_flicker,force,"nmpc+kf[r_v=0.15,r_w=0.15,q_F=10,q_tau=1,filt=1,gate=1,ffu=1,qyaw=1,obs=1,aci=1,obsm=0.01]",13,2.519125461578369,0,0.28429282868525896,2.6599128690707787,2.8809381392784417,0.044715447154471545,492
0.06025700293627387,0.06732034095983727,0.10010204065398215,0.3200108983044023,0.3200108983044024,875.8947231022809,12.495107825993998,0.00796812749003984,0.013544340175394104,0.0,0.0,obsx_flicker,force,"nmpc+kf[r_v=0.15,r_w=0.15,q_F=10,q_tau=1,filt=1,gate=1,ffu=1,qyaw=1,obs=1,aci=1,obsm=0.01]",14,1.4931635856628418,0,0.2133605577689243,1.5884516811725569,2.2530692629516125,0.042682926829268296,492
0.10704772410104978,0.1195146219520572,0.20402174062715506,0.5686733444162048,0.5686733444162048,1672.9806180526568,19.05372316744512,0.4362549800796813,0.01245792570065618,0.0,0.0,obsx_flicker,force,"nmpc+kf[r_v=0.15,r_w=0.15,q_F=10,q_tau=1,filt=1,gate=1,ffu=1,qyaw=1,obs=1,aci=1,obsm=0.01]",15,2.529705047607422,0,0.29940637450199203,2.667867533576886,2.897009637672454,0.042682926829268296,492
0.044036563316167225,0.049184913074354,0.10972587712370771,0.7510291911385695,0.7510291911385695,1127.33054461446,25.448794276248673,0.045816733067729085,0.008679268098118947,0.0,0.0,obsx_flicker,force,"nmpc+kf[r_v=0.15,r_w=0.15,q_F=10,q_tau=1,filt=1,gate=1,ffu=1,qyaw=1,obs=1,aci=1,obsm=0.01]",16,1.3898732662200928,0,0.20538047808764942,1.4881940166172813,2.255750687327236,0.042682926829268296,492
0.036141715638330275,0.040343957086300064,0.07375184938964374,0.6841946561660152,0.6841946561660152,1090.9368645475045,14.12953475133529,0.0,0.013796006189514542,0.0,0.0,obsx_flicker,force,"nmpc+kf[r_v=0.15,r_w=0.15,q_F=10,q_tau=1,filt=1,gate=1,ffu=1,qyaw=1,obs=1,aci=1,obsm=0.01]",17,1.7850885391235352,0,0.22016334661354584,1.809288492979133,2.6296635041944683,0.042682926829268296,492
0.06413263131457855,0.07158459399425962,0.11414629848233482,1.0472287701004486,1.0472287701004486,1868.9282961364356,35.39381094775755,0.09362549800796813,0.009594913828813778,0.0,0.0,obsx_flicker,force,"nmpc+kf[r_v=0.15,r_w=0.15,q_F=10,q_tau=1,filt=1,gate=1,ffu=1,qyaw=1,obs=1,aci=1,obsm=0.01]",18,2.3721137046813965,0,0.278902390438247,2.5189366266762176,2.680682495702058,0.042682926829268296,492
0.09091306254437696,0.10151668359049025,0.16144597268221453,0.6024217274527451,0.6024217274527451,1150.8190484247466,18.104366359688253,0.4063745019920319,0.012037012698472127,0.0,0.0,obsx_flicker,force,"nmpc+kf[r_v=0.15,r_w=0.15,q_F=10,q_tau=1,filt=1,gate=1,ffu=1,qyaw=1,obs=1,aci=1,obsm=0.01]",19,1.3769338130950928,0,0.19804382470119525,1.4709674153083647,2.318367906846107,0.042682926829268296,492
0.09672299230972486,0.10804303984061343,0.23090163435825242,0.7014211296571768,0.7014211296571767,1078.9429138533176,24.157928079768208,0.27689243027888444,0.011091451662152974,0.0,0.0,obsx_flicker,force,"nmpc+mmae[filt=1,forget=0.95,gate=1,ffu=1,qyaw=1,obs=1,aci=1,obsm=0.01]",0,1.3924272060394287,0,0.18549800796812752,1.5920540568348303,1.886753949802369,0.042682926829268296,492
0.042519664196042396,0.0474830762183223,0.1118951440893892,0.7892358024722079,0.7892358024722079,1131.7604675157882,36.085990965358285,0.03187250996015936,0.01228748295315879,0.0,0.0,obsx_flicker,force,"nmpc+mmae[filt=1,forget=0.95,gate=1,ffu=1,qyaw=1,obs=1,aci=1,obsm=0.01]",1,1.4352986812591553,0,0.1869760956175299,1.6327502119699977,2.515290156006813,0.042682926829268296,492
0.05977622671679592,0.06677039257859248,0.1294200315148523,0.7406199639859695,0.7406199639859695,1118.704024837994,36.3052433693953,0.11952191235059761,0.012678816504211876,0.0,0.0,obsx_flicker,force,"nmpc+mmae[filt=1,forget=0.95,gate=1,ffu=1,qyaw=1,obs=1,aci=1,obsm=0.01]",2,1.394087791442871,0,0.18817928286852587,1.5915164072808636,1.8460191739723093,0.042682926829268296,492
0.1337981190448974,0.1495080797148179,0.3351022110625115,0.7173864811525812,0.7173864811525812,1133.5972941429513,27.915376731944928,0.34860557768924305,0.01276956320254552,0.0,0.0,obsx_flicker,force,"nmpc+mmae[filt=1,forget=0.95,gate=1,ffu=1,qyaw=1,obs=1,aci=1,obsm=0.01]",3,1.5942912101745605,0,0.22079681274900398,1.8306658867620436,2.7188698155805473,0.042682926829268296,492
0.07282276645461792,0.08134565193404211,0.16320888251472335,1.7887968720700895,1.7887968720700895,1894.9772553178516,28.7982123872915,0.15338645418326693,0.01308397249654114,0.0,0.0,obsx_flicker,force,"nmpc+mmae[filt=1,forget=0.95,gate=1,ffu=1,qyaw=1,obs=1,aci=1,obsm=0.01]",4,2.5820751190185547,0,0.2698386454183267,2.926865576365703,3.119867721106857,0.044715447154471545,492
0.06880819872105316,0.0768745839066283,0.12662043384303506,0.7750112647653311,0.7750112647653311,1021.833198635591,14.297595887884148,0.15338645418326693,0.012947470973885267,0.0,0.0,obsx_flicker,force,"nmpc+mmae[filt=1,forget=0.95,gate=1,ffu=1,qyaw=1,obs=1,aci=1,obsm=0.01]",5,1.504969835281372,0,0.20867729083665337,1.7235889818437724,2.8677754220552742,0.042682926829268296,492
0.11362663260376084,0.12677109243611773,0.26217119981524495,1.2663031414745376,1.2663031414745376,1448.5486002967543,28.539712025575938,0.31673306772908366,0.012665265923251456,0.0,0.0,obsx_flicker,force,"nmpc+mmae[filt=1,forget=0.95,gate=1,ffu=1,qyaw=1,obs=1,aci=1,obsm=0.01]",6,2.732464075088501,0,0.29655976095617526,3.106486433523288,3.3217987627722323,0.044715447154471545,492
0.06611593552445211,0.0738451407641578,0.1545505951504764,0.8633033059923099,0.8633033059923098,1348.4118175659153,48.5483851796763,0.14741035856573706,0.012439275865062327,0.0,0.0,obsx_flicker,force,"nmpc+mmae[filt=1,forget=0.95,gate=1,ffu=1,qyaw=1,obs=1,aci=1,obsm=0.01]",7,2.5884127616882324,0,0.26509960159362556,2.9212384613646396,3.161595589481294,0.042682926829268296,492
0.06546721833327161,0.07313044588194442,0.11543173774340285,0.3781566488147372,0.3781566488147372,980.2416703280805,29.834976866862803,0.10956175298804781,0.012706437520079716,0.0,0.0,obsx_flicker,force,"nmpc+mmae[filt=1,forget=0.95,gate=1,ffu=1,qyaw=1,obs=1,aci=1,obsm=0.01]",8,2.597053050994873,0,0.26986653386454185,2.9315227434870255,3.177702410612256,0.042682926829268296,492
0.06069340713831507,0.06778795897199359,0.12898861025510297,1.1969042684095619,1.1969042684095619,1181.296963266268,20.831852014817063,0.0796812749003984,0.011608868759371893,0.0,0.0,obsx_flicker,force,"nmpc+mmae[filt=1,forget=0.95,gate=1,ffu=1,qyaw=1,obs=1,aci=1,obsm=0.01]",9,1.4888126850128174,0,0.19585856573705177,1.7028225189727912,2.6534561486914754,0.042682926829268296,492
0.03921212197958493,0.043776021508871756,0.06845936612214355,0.5299506236563564,0.5299506236563564,924.4344272515485,15.400156592726162,0.0,0.012762999264714692,0.0,0.0,obsx_flicker,force,"nmpc+mmae[filt=1,forget=0.95,gate=1,ffu=1,qyaw=1,obs=1,aci=1,obsm=0.01]",10,2.4396188259124756,0,0.28172111553784857,2.750231992022925,3.2792961946688592,0.042682926829268296,492
0.04921856276169719,0.054929099263136626,0.10127851627469824,0.6506541188492179,0.6506541188492179,931.923372054912,14.708409169115615,0.017928286852589643,0.013335092356295791,0.0,0.0,obsx_flicker,force,"nmpc+mmae[filt=1,forget=0.95,gate=1,ffu=1,qyaw=1,obs=1,aci=1,obsm=0.01]",11,1.497208595275879,0,0.19720517928286851,1.7049007421077425,2.480666667688638,0.042682926829268296,492
0.07206346895706449,0.08046680225675681,0.12931473732717416,1.1231566396502082,1.1231566396502082,1139.2600542161586,23.308250603913297,0.19721115537848605,0.013485458415140872,0.0,0.0,obsx_flicker,force,"nmpc+mmae[filt=1,forget=0.95,gate=1,ffu=1,qyaw=1,obs=1,aci=1,obsm=0.01]",12,1.581122636795044,0,0.19785059760956172,1.7956383312974438,2.6269335579127073,0.042682926829268296,492
0.074148264382932,0.08284084798423048,0.11894855687165265,1.2040815921767742,1.2040815921767742,1662.601385427677,26.382735542802973,0.2410358565737052,0.011864201307985489,0.0,0.0,obsx_flicker,force,"nmpc+mmae[filt=1,forget=0.95,gate=1,ffu=1,qyaw=1,obs=1,aci=1,obsm=0.01]",13,2.6028997898101807,0,0.2718665338645419,2.947939578833363,3.1812521326355636,0.042682926829268296,492
0.05930633230747363,0.06625780279079597,0.10098742602626154,0.3003661377032749,0.3003661377032749,909.8899734381052,12.087724574302074,0.017928286852589643,0.013430521744870139,0.0,0.0,obsx_flicker,force,"nmpc+mmae[filt=1,forget=0.95,gate=1,ffu=1,qyaw=1,obs=1,aci=1,obsm=0.01]",14,1.5241363048553467,0,0.19858366533864544,1.7330725839643544,2.6899125962518164,0.042682926829268296,492
0.1065064052434083,0.11891661917670097,0.21175493332532283,0.9266775068724442,0.9266775068724442,1513.569057489695,20.470696989685187,0.40239043824701193,0.011131261334354825,0.0,0.0,obsx_flicker,force,"nmpc+mmae[filt=1,forget=0.95,gate=1,ffu=1,qyaw=1,obs=1,aci=1,obsm=0.01]",15,1.4166688919067383,0,0.195496015936255,1.6245480290098315,2.6460181362926973,0.042682926829268296,492
0.04157217946919702,0.04642958654471071,0.10686378653043421,0.744750869609196,0.744750869609196,1124.4185179970293,25.075433921431124,0.037848605577689244,0.009692922121969011,0.0,0.0,obsx_flicker,force,"nmpc+mmae[filt=1,forget=0.95,gate=1,ffu=1,qyaw=1,obs=1,aci=1,obsm=0.01]",16,1.4654431343078613,0,0.19550796812749002,1.6711839188105497,2.7215428673662263,0.042682926829268296,492
0.04097509704218147,0.0457586655184521,0.0879492193689348,1.299007993791879,1.299007993791879,1127.5392933822761,18.69369417354317,0.0,0.012534706440849142,0.0,0.0,obsx_flicker,force,"nmpc+mmae[filt=1,forget=0.95,gate=1,ffu=1,qyaw=1,obs=1,aci=1,obsm=0.01]",17,2.581831932067871,0,0.2672888446215139,2.924832741292082,3.1246877275407314,0.042682926829268296,492
0.06645834562334983,0.07421593861324101,0.12438815507985938,1.6216483866329383,1.6216483866329383,1848.3103278540138,38.337156680138946,0.15737051792828685,0.011172418379062243,0.0,0.0,obsx_flicker,force,"nmpc+mmae[filt=1,forget=0.95,gate=1,ffu=1,qyaw=1,obs=1,aci=1,obsm=0.01]",18,1.5613818168640137,0,0.21614940239043823,1.794088931023273,2.8507433668710296,0.044715447154471545,492
0.08980442074284747,0.10027797877752134,0.1592346546720921,0.5441888724778514,0.5441888724778513,1092.0495678337904,18.656838656633468,0.398406374501992,0.01216525305145616,0.0,0.0,obsx_flicker,force,"nmpc+mmae[filt=1,forget=0.95,gate=1,ffu=1,qyaw=1,obs=1,aci=1,obsm=0.01]",19,2.7220959663391113,0,0.29518326693227087,3.0834922929706265,3.333537660073489,0.042682926829268296,492
0.09632940508420973,0.10760261379839887,0.231422198205081,0.677397062851017,0.677397062851017,1006.5880054105808,23.7573089200547,0.2749003984063745,0.011740424835422814,0.0,0.0,obsx_flicker,no,"nmpc+kf[r_v=0.15,r_w=0.15,q_F=10,q_tau=1,filt=1,gate=1,ffu=1,qyaw=1,obs=1,aci=1,obsm=0.01]",0,2.48883056640625,0,0.28095219123505977,2.6398882695633277,2.8754107747226954,0.042682926829268296,492
0.04633880321538382,0.051753734485836984,0.1162294134043477,0.5919456207376953,0.5919456207376953,1110.1489363549667,30.040027612262335,0.0398406374501992,0.012913702226174384,0.0,0.0,obsx_flicker,no,"nmpc+kf[r_v=0.15,r_w=0.15,q_F=10,q_tau=1,filt=1,gate=1,ffu=1,qyaw=1,obs=1,aci=1,obsm=0.01]",1,1.420703411102295,0,0.19806175298804782,1.519843121523045,2.5383911002427344,0.042682926829268296,492
0.06039716873278084,0.06746461297508714,0.12925548497142184,0.5849915118496507,0.5849915118496507,1117.50445810795,31.26387248446082,0.1294820717131474,0.012457169391772827,0.0,0.0,obsx_flicker,no,"nmpc+kf[r_v=0.15,r_w=0.15,q_F=10,q_tau=1,filt=1,gate=1,ffu=1,qyaw=1,obs=1,aci=1,obsm=0.01]",2,2.5377883911132812,0,0.2864681274900398,2.6652625858397836,2.866658808197826,0.042682926829268296,492
0.13400894673933084,0.149743418495545,0.33516483679986814,0.6855568989031122,0.6855568989031122,1052.1828938000215,27.64771477724576,0.3545816733067729,0.013023088937260618,0.0,0.0,obsx_flicker,no,"nmpc+kf[r_v=0.15,r_w=0.15,q_F=10,q_tau=1,filt=1,gate=1,ffu=1,qyaw=1,obs=1,aci=1,obsm=0.01]",3,2.529280424118042,0,0.298003984063745,2.6901762054090304,2.891825151164085,0.042682926829268296,492
0.06603164329892483,0.0737735473340869,0.13959983245555588,1.003221792785341,1.003221792785341,1451.9276855317967,16.22478963372186,0.11354581673306773,0.012974634721102662,0.0,0.0,obsx_flicker,no,"nmpc+kf[r_v=0.15,r_w=0.15,q_F=10,q_tau=1,filt=1,gate=1,ffu=1,qyaw=1,obs=1,aci=1,obsm=0.01]",4,2.393608570098877,0,0.26862749003984066,2.52367847829137,2.6954066194593906,0.044715447154471545,492
0.06483141920117493,0.07242951408675524,0.12108284024885502,0.46409734644544504,0.46409734644544504,1096.6116893992332,13.929255271747293,0.08565737051792828,0.012511921248439611,0.0,0.0,obsx_flicker,no,"nmpc+kf[r_v=0.15,r_w=0.15,q_F=10,q_tau=1,filt=1,gate=1,ffu=1,qyaw=1,obs=1,aci=1,obsm=0.01]",5,2.537405490875244,0,0.29542828685258965,2.677625662969997,2.9045299300923944,0.042682926829268296,492
0.11308125498141783,0.12615942609164607,0.2624897825457628,0.6830435668131284,0.6830435668131284,1275.8206422810806,28.909490417556356,0.31673306772908366,0.012303712994708782,0.0,0.0,obsx_flicker,no,"nmpc+kf[r_v=0.15,r_w=0.15,q_F=10,q_tau=1,filt=1,gate=1,ffu=1,qyaw=1,obs=1,aci=1,obsm=0.01]",6,1.3651080131530762,0,0.20439840637450202,1.4686339944823685,2.0957218832336366,0.044715447154471545,492
0.06318862804236945,0.07057169870302381,0.1465608196613101,0.7267664746013354,0.7267664746013354,1221.2017075222132,45.95497181794735,0.10956175298804781,0.01258686640269091,0.0,0.0,obsx_flicker,no,"nmpc+kf[r_v=0.15,r_w=0.15,q_F=10,q_tau=1,filt=1,gate=1,ffu=1,qyaw=1,obs=1,aci=1,obsm=0.01]",7,1.6753361225128174,0,0.21494820717131474,1.7758193991677576,2.5897126435302202,0.044715447154471545,492
0.06510460337854823,0.0727334442967635,0.11661599872524175,0.3660277813832996,0.3660277813832996,819.2181770255344,27.688226516882285,0.11752988047808766,0.012875618635938058,0.0,0.0,obsx_flicker,no,"nmpc+kf[r_v=0.15,r_w=0.15,q_F=10,q_tau=1,filt=1,gate=1,ffu=1,qyaw=1,obs=1,aci=1,obsm=0.01]",8,2.3790841102600098,0,0.2605856573705179,2.513090352179015,2.7190060121938586,0.042682926829268296,492
0.05459919142053963,0.060972935734552376,0.10314633677877606,0.49202678041894016,0.49202678041894016,1125.2076866280224,11.803788595186456,0.027888446215139442,0.012982314581639176,0.0,0.0,obsx_flicker,no,"nmpc+kf[r_v=0.15,r_w=0.15,q_F=10,q_tau=1,filt=1,gate=1,ffu=1,qyaw=1,obs=1,aci=1,obsm=0.01]",9,1.473956823348999,0,0.19450597609561754,1.569555491669126,2.611818623263389,0.042682926829268296,492
0.04024795185624463,0.04493435233189914,0.0702606538393221,0.41947564572459695,0.41947564572459695,872.6310310154159,9.465560659436267,0.0,0.01234845880838853,0.0,0.0,obsx_flicker,no,"nmpc+kf[r_v=0.15,r_w=0.15,q_F=10,q_tau=1,filt=1,gate=1,ffu=1,qyaw=1,obs=1,aci=1,obsm=0.01]",10,1.3509373664855957,0,0.1998466135458167,1.4452514386145896,2.084187015425414,0.042682926829268296,492
0.04775343967477551,0.05328817875561809,0.10096195750181021,0.41480884375661486,0.41480884375661486,981.602792951661,12.485742584290941,0.013944223107569721,0.012997355558216517,0.0,0.0,obsx_flicker,no,"nmpc+kf[r_v=0.15,r_w=0.15,q_F=10,q_tau=1,filt=1,gate=1,ffu=1,qyaw=1,obs=1,aci=1,obsm=0.01]",11,1.3119053840637207,0,0.1895398406374502,1.412348072712432,2.008194101508707,0.042682926829268296,492
0.06887105922633016,0.07694092002330902,0.11980695717793,0.6111928900977341,0.6111928900977341,1160.0759238310475,17.9621883886565,0.16533864541832669,0.013201362378704173,0.0,0.0,obsx_flicker,no,"nmpc+kf[r_v=0.15,r_w=0.15,q_F=10,q_tau=1,filt=1,gate=1,ffu=1,qyaw=1,obs=1,aci=1,obsm=0.01]",12,1.3268213272094727,0,0.18603585657370517,1.415733793895113,2.118493055459112,0.042682926829268296,492
0.0749891820684457,0.08378084428486791,0.12294209772056178,0.858253052441674,0.858253052441674,1296.90419228025,25.738597119419243,0.2549800796812749,0.011939023969912699,0.0,0.0,obsx_flicker,no,"nmpc+kf[r_v=0.15,r_w=0.15,q_F=10,q_tau=1,filt=1,gate=1,ffu=1,qyaw=1,obs=1,aci=1,obsm=0.01]",13,1.6738815307617188,0,0.2203804780876494,1.6891045942976772,2.505454404745251,0.042682926829268296,492
0.061138245483009175,0.06830533340277885,0.1022491600186939,0.29604171074283114,0.29604171074283114,866.4391829737851,10.017276105063655,0.029880478087649404,0.01303495051393122,0.0,0.0,obsx_flicker,no,"nmpc+kf[r_v=0.15,r_w=0.15,q_F=10,q_tau=1,filt=1,gate=1,ffu=1,qyaw=1,obs=1,aci=1,obsm=0.01]",14,2.5306153297424316,0,0.2925717131474103,2.6732661981187555,2.8572827461175625,0.042682926829268296,492
0.1014446308542966,0.11327796762315383,0.2065246580876425,0.4805624899884328,0.4805624899884328,1577.8435798637179,15.947316139276856,0.3565737051792829,0.012302752520665317,0.0,0.0,obsx_flicker,no,"nmpc+kf[r_v=0.15,r_w=0.15,q_F=10,q_tau=1,filt=1,gate=1,ffu=1,qyaw=1,obs=1,aci=1,obsm=0.01]",15,2.379852294921875,0,0.2857868525896415,2.523696082978105,2.7052661078050733,0.042682926829268296,492
0.03960305601586411,0.04422777193694538,0.10782914501959032,0.47642845192170113,0.47642845192170113,945.5795632219565,23.14609555100318,0.0398406374501992,0.012721374143687347,0.0,0.0,obsx_flicker,no,"nmpc+kf[r_v=0.15,r_w=0.15,q_F=10,q_tau=1,filt=1,gate=1,ffu=1,qyaw=1,obs=1,aci=1,obsm=0.01]",16,1.4857516288757324,0,0.21360756972111555,1.593858202125328,2.6002587587572634,0.042682926829268296,492
0.03380325393161485,0.03774777250557633,0.07284129209601614,0.6045984229578798,0.6045984229578798,1097.3067506402774,14.361393541923638,0.0,0.01379205729658134,0.0,0.0,obsx_flicker,no,"nmpc+kf[r_v=0.15,r_w=0.15,q_F=10,q_tau=1,filt=1,gate=1,ffu=1,qyaw=1,obs=1,aci=1,obsm=0.01]",17,2.390437364578247,0,0.2683147410358566,2.52197138395576,2.724762868601829,0.042682926829268296,492
0.06448050429191515,0.07202838426514029,0.11357918248814927,0.9421478750574543,0.9421478750574546,1754.7397950673524,30.525796018357738,0.10557768924302789,0.012545060076566639,0.0,0.0,obsx_flicker,no,"nmpc+kf[r_v=0.15,r_w=0.15,q_F=10,q_tau=1,filt=1,gate=1,ffu=1,qyaw=1,obs=1,aci=1,obsm=0.01]",18,2.5208139419555664,0,0.3055298804780876,2.681290382515654,2.8882114705629647,0.042682926829268296,492
0.09005882458897695,0.10056136439293466,0.1598384452298411,0.5669018257238636,0.5669018257238636,1126.3573379847576,17.876121254246552,0.39243027888446214,0.012208463605168585,0.0,0.0,obsx_flicker,no,"nmpc+kf[r_v=0.15,r_w=0.15,q_F=10,q_tau=1,filt=1,gate=1,ffu=1,qyaw=1,obs=1,aci=1,obsm=0.01]",19,1.4452967643737793,0,0.2098247011952191,1.5519683799368749,2.430758692789823,0.042682926829268296,492
0.0954162250489562,0.106582171115322,0.22862883243591078,0.6727590314800639,0.6727590314800639,977.7883799934681,22.804228463070892,0.27091633466135456,0.011935959188775935,0.0,0.0,obsx_flicker,no,"nmpc+mmae[filt=1,forget=0.95,gate=1,ffu=1,qyaw=1,obs=1,aci=1,obsm=0.01]",0,2.6284444332122803,0,0.27629681274900403,2.985453126447431,3.369041697587818,0.042682926829268296,492
0.04317158862112054,0.04821206612666814,0.11456849430901109,0.8630977653750013,0.8630977653750013,1095.2904229592036,31.481838873742547,0.03386454183266932,0.01228748295315879,0.0,0.0,obsx_flicker,no,"nmpc+mmae[filt=1,forget=0.95,gate=1,ffu=1,qyaw=1,obs=1,aci=1,obsm=0.01]",1,2.7376887798309326,0,0.2874043824701195,3.0937601837229383,3.3186832279898226,0.042682926829268296,492
0.05983940287523608,0.06684102030926482,0.12957808476179292,0.5782088187906219,0.578208818790622,1085.3537968565506,31.78898288197952,0.11952191235059761,0.012678816504211876,0.0,0.0,obsx_flicker,no,"nmpc+mmae[filt=1,forget=0.95,gate=1,ffu=1,qyaw=1,obs=1,aci=1,obsm=0.01]",2,2.2469849586486816,0,0.25753984063745017,2.551298300954569,3.308565798215568,0.042682926829268296,492
0.13357971179635025,0.1492640008942883,0.3351703801358155,0.6840147264386724,0.6840147264386724,1090.3206676740717,27.8693166778247,0.33266932270916333,0.01300893868929276,0.0,0.0,obsx_flicker,no,"nmpc+mmae[filt=1,forget=0.95,gate=1,ffu=1,qyaw=1,obs=1,aci=1,obsm=0.01]",3,2.6052238941192627,0,0.2970577689243028,2.982104698518863,3.187212103512138,0.042682926829268296,492
0.06627677931283436,0.07404741197518354,0.1470069318933306,1.3016825394596674,1.3016825394596674,1737.5493640521306,24.47312732104339,0.10956175298804781,0.01193765390988083,0.0,0.0,obsx_flicker,no,"nmpc+mmae[filt=1,forget=0.95,gate=1,ffu=1,qyaw=1,obs=1,aci=1,obsm=0.01]",4,1.517423391342163,0,0.1989601593625498,1.7270534698187237,2.4142224807292223,0.044715447154471545,492
0.06615530890122001,0.07390935552451292,0.12130900608546084,0.8134924335516148,0.8134924335516148,1010.149233754924,17.476408412642233,0.12151394422310757,0.0127904353634814,0.0,0.0,obsx_flicker,no,"nmpc+mmae[filt=1,forget=0.95,gate=1,ffu=1,qyaw=1,obs=1,aci=1,obsm=0.01]",5,1.5673036575317383,0,0.20910756972111555,1.7921433703365377,3.004267169162631,0.042682926829268296,492
0.11320700334268215,0.12630140826306163,0.2624014466467137,0.7385261743719813,0.7385261743719813,1345.9713516035886,28.578701226499362,0.3187250996015936,0.012621623508097646,0.0,0.0,obsx_flicker,no,"nmpc+mmae[filt=1,forget=0.95,gate=1,ffu=1,qyaw=1,obs=1,aci=1,obsm=0.01]",6,1.5474286079406738,0,0.20859561752988048,1.7754184699012525,2.775230447296053,0.044715447154471545,492
0.06628778937749882,0.07403728200186468,0.15612309450485995,0.7775469485624694,0.7775469485624695,1286.913329148687,46.642306647425286,0.14143426294820718,0.012439275865062327,0.0,0.0,obsx_flicker,no,"nmpc+mmae[filt=1,forget=0.95,gate=1,ffu=1,qyaw=1,obs=1,aci=1,obsm=0.01]",7,2.757188081741333,0,0.28173904382470116,3.1295489242478496,3.321670612785965,0.042682926829268296,492
0.06432116420122605,0.07185729165311923,0.11337989578014393,0.3697135511834137,0.3697135511834136,847.9584982064969,26.27684269597694,0.10557768924302789,0.013026356941042483,0.0,0.0,obsx_flicker,no,"nmpc+mmae[filt=1,forget=0.95,gate=1,ffu=1,qyaw=1,obs=1,aci=1,obsm=0.01]",8,1.5236973762512207,0,0.1936613545816733,1.7355954032428413,3.081151265650989,0.042682926829268296,492
0.058658861783798644,0.06551254700982133,0.12119784947294769,1.2146266416861455,1.2146266416861455,1128.527577289685,16.33088585996048,0.06772908366533864,0.011733331850802775,0.0,0.0,obsx_flicker,no,"nmpc+mmae[filt=1,forget=0.95,gate=1,ffu=1,qyaw=1,obs=1,aci=1,obsm=0.01]",9,2.755509376525879,0,0.28345019920318726,3.117006326806676,3.3199530257843435,0.042682926829268296,492
0.039000292006975995,0.043539074391727245,0.0684299305567396,0.39102189789666714,0.39102189789666714,838.7734628653517,9.744819569921807,0.0,0.012310562207072329,0.0,0.0,obsx_flicker,no,"nmpc+mmae[filt=1,forget=0.95,gate=1,ffu=1,qyaw=1,obs=1,aci=1,obsm=0.01]",10,2.6065924167633057,0,0.2917290836653387,2.950806636827074,3.2624756474979226,0.042682926829268296,492
0.05155677814675414,0.057545251184310114,0.10127851627469824,0.8261927210657858,0.8261927210657856,988.0973534827936,11.872881372576861,0.017928286852589643,0.013293426783397844,0.0,0.0,obsx_flicker,no,"nmpc+mmae[filt=1,forget=0.95,gate=1,ffu=1,qyaw=1,obs=1,aci=1,obsm=0.01]",11,2.742642402648926,0,0.2952629482071713,3.1066069600220576,3.3344621816650033,0.042682926829268296,492
0.07211729556253459,0.08056909863167197,0.13025616546608412,0.9757305261320601,0.9757305261320601,1050.189046756031,23.336215702575807,0.199203187250996,0.013272519609086153,0.0,0.0,obsx_flicker,no,"nmpc+mmae[filt=1,forget=0.95,gate=1,ffu=1,qyaw=1,obs=1,aci=1,obsm=0.01]",12,2.6185364723205566,0,0.2749581673306773,2.9622219800689367,3.2598585868254313,0.042682926829268296,492
0.0725506687135682,0.08105517021729823,0.11326464784314855,1.004099057410627,1.004099057410627,1536.4639489986457,24.71193763240728,0.20119521912350596,0.011753205958538848,0.0,0.0,obsx_flicker,no,"nmpc+mmae[filt=1,forget=0.95,gate=1,ffu=1,qyaw=1,obs=1,aci=1,obsm=0.01]",13,2.7476587295532227,0,0.2932490039840637,3.1016325616125626,3.323478987440467,0.042682926829268296,492
0.05975973122331085,0.06676458504330887,0.10169251429781578,0.28056570904222733,0.28056570904222733,896.9666609291766,10.199099258909309,0.021912350597609563,0.013078950139090384,0.0,0.0,obsx_flicker,no,"nmpc+mmae[filt=1,forget=0.95,gate=1,ffu=1,qyaw=1,obs=1,aci=1,obsm=0.01]",14,2.4015464782714844,0,0.2728585657370518,2.725169415107049,3.3641143958084285,0.042682926829268296,492
0.10389323098616114,0.11601762586955336,0.2112313141190412,0.7717699020607238,0.7717699020607238,1282.223532454627,20.55973338864842,0.3745019920318725,0.011440144142357278,0.0,0.0,obsx_flicker,no,"nmpc+mmae[filt=1,forget=0.95,gate=1,ffu=1,qyaw=1,obs=1,aci=1,obsm=0.01]",15,1.5264205932617188,0,0.21559760956175297,1.7610677940941664,2.698112213984132,0.042682926829268296,492
0.03882551252985584,0.043358379377642635,0.1067620049268573,0.4831205314096348,0.4831205314096348,898.0664844214699,21.66721152101275,0.037848605577689244,0.012615038550364527,0.0,0.0,obsx_flicker,no,"nmpc+mmae[filt=1,forget=0.95,gate=1,ffu=1,qyaw=1,obs=1,aci=1,obsm=0.01]",16,2.489469051361084,0,0.2753027888446215,2.818172510464739,3.172246201429516,0.042682926829268296,492
0.03927527941083236,0.0438664852271536,0.08954921226314608,1.2335185137086282,1.2335185137086282,1089.0536233641326,18.41118647883623,0.0,0.012250202772712993,0.0,0.0,obsx_flicker,no,"nmpc+mmae[filt=1,forget=0.95,gate=1,ffu=1,qyaw=1,obs=1,aci=1,obsm=0.01]",17,1.601058006286621,0,0.20308167330677288,1.8245171351113405,2.791846636682749,0.042682926829268296,492
0.06821321485337888,0.07620139132400035,0.12941241147719965,1.6603080514610888,1.6603080514610888,1711.313337313702,33.77421224950357,0.1553784860557769,0.011997428556076828,0.0,0.0,obsx_flicker,no,"nmpc+mmae[filt=1,forget=0.95,gate=1,ffu=1,qyaw=1,obs=1,aci=1,obsm=0.01]",18,2.66741943359375,0,0.2991832669322709,3.0309061215544837,3.2949094357900326,0.044715447154471545,492
0.08971994296680534,0.10018350471472089,0.15921532554327372,0.5486634528659435,0.5486634528659434,1149.378110260869,18.62640717878935,0.3904382470119522,0.01222451872789665,0.0,0.0,obsx_flicker,no,"nmpc+mmae[filt=1,forget=0.95,gate=1,ffu=1,qyaw=1,obs=1,aci=1,obsm=0.01]",19,1.4669764041900635,0,0.20075099601593627,1.67855635736197,2.6221631374210124,0.042682926829268296,492
0.09825301607064563,0.10975305486300273,0.23451173278415519,0.6793501055837875,0.6793501055837876,936.2685761658291,22.457790773115573,0.28286852589641437,0.011730289898168822,0.0,0.0,obsx_flicker,payload,"nmpc+kf[r_v=0.15,r_w=0.15,q_F=10,q_tau=1,filt=1,gate=1,ffu=1,qyaw=1,obs=1,aci=1,obsm=0.01]",0,2.054206371307373,0,0.24170517928286853,2.169723249600822,2.908428562805057,0.042682926829268296,492
0.0470183746743729,0.052513557451060386,0.11551220511168676,0.6236358745693201,0.6236358745693201,1172.723956438988,30.154147169869887,0.043824701195219126,0.013520985658908358,0.0,0.0,obsx_flicker,payload,"nmpc+kf[r_v=0.15,r_w=0.15,q_F=10,q_tau=1,filt=1,gate=1,ffu=1,qyaw=1,obs=1,aci=1,obsm=0.01]",1,1.5812397003173828,0,0.20955179282868522,1.671423506644736,2.546315917279573,0.042682926829268296,492
0.06449968731476967,0.07202989116141975,0.15216914415757238,0.6548601511487782,0.6548601511487782,986.3986431441965,32.46823956942693,0.13745019920318724,0.0132091054434062,0.0,0.0,obsx_flicker,payload,"nmpc+kf[r_v=0.15,r_w=0.15,q_F=10,q_tau=1,filt=1,gate=1,ffu=1,qyaw=1,obs=1,aci=1,obsm=0.01]",2,1.514218807220459,0,0.19844820717131473,1.7020310130549143,2.441371360328049,0.044715447154471545,492
0.13616081476493794,0.15214821844244364,0.33516483679986814,0.6816878776411531,0.6816878776411531,1118.1447072214128,27.64771477724576,0.4203187250996016,0.011829741048355713,0.0,0.0,obsx_flicker,payload,"nmpc+kf[r_v=0.15,r_w=0.15,q_F=10,q_tau=1,filt=1,gate=1,ffu=1,qyaw=1,obs=1,aci=1,obsm=0.01]",3,1.7545361518859863,0,0.2354402390438247,1.8783043448505294,2.718346251640469,0.044715447154471545,492
0.07041605990348626,0.07854746832331311,0.14004599138797935,6.280739109521436,6.280739109521436,1558.4571991587156,16.713274144698214,0.22111553784860558,0.014191246981488048,0.0,0.0,obsx_flicker,payload,"nmpc+kf[r_v=0.15,r_w=0.15,q_F=10,q_tau=1,filt=1,gate=1,ffu=1,qyaw=1,obs=1,aci=1,obsm=0.01]",4,1.9828453063964844,0,0.24202589641434263,2.0889088639477453,2.667502935510129,0.044715447154471545,492
0.0669830090487909,0.0746759250881267,0.1213809235030643,0.7018173834104033,0.7018173834104033,1072.153041827365,13.139773098377669,0.08167330677290836,0.012615471975510911,0.0,0.0,obsx_flicker,payload,"nmpc+kf[r_v=0.15,r_w=0.15,q_F=10,q_tau=1,filt=1,gate=1,ffu=1,qyaw=1,obs=1,aci=1,obsm=0.01]",5,2.5320513248443604,0,0.30319322709163343,2.6741887811957246,2.8735777735710144,0.042682926829268296,492
0.11190544930163555,0.12484331786868619,0.25892339028674644,0.6700032135717557,0.6700032135717557,1350.2518920211612,28.770934080963627,0.31274900398406374,0.01299830323089704,0.0,0.0,obsx_flicker,payload,"nmpc+kf[r_v=0.15,r_w=0.15,q_F=10,q_tau=1,filt=1,gate=1,ffu=1,qyaw=1,obs=1,aci=1,obsm=0.01]",6,1.5115408897399902,0,0.22038844621513942,1.6190643785001926,2.423090401571245,0.044715447154471545,492
0.06318580711022204,0.07056850885770387,0.14657238342600362,0.7269212586352041,0.7269212586352041,1221.0213981740214,45.95520530253747,0.10956175298804781,0.012577187613224405,0.0,0.0,obsx_flicker,payload,"nmpc+kf[r_v=0.15,r_w=0.15,q_F=10,q_tau=1,filt=1,gate=1,ffu=1,qyaw=1,obs=1,aci=1,obsm=0.01]",7,1.9081902503967285,0,0.2348605577689243,2.0234744459672633,2.8426993847824633,0.044715447154471545,492
0.0676177158732125,0.07554251590630381,0.12422289968303502,0.5152359539527926,0.5152359539527926,739.4085802894358,27.875294410035345,0.13745019920318724,0.016087082657588486,0.0,0.0,obsx_flicker,payload,"nmpc+kf[r_v=0.15,r_w=0.15,q_F=10,q_tau=1,filt=1,gate=1,ffu=1,qyaw=1,obs=1,aci=1,obsm=0.01]",8,2.0705912113189697,0,0.23996414342629485,2.1776449528014457,2.9647133778780708,0.042682926829268296,492
0.05507636953222099,0.06150652217793521,0.10240533215016877,0.5260342990795539,0.5260342990795539,1118.6143046473178,11.329007925144499,0.02390438247011952,0.01350785869523774,0.0,0.0,obsx_flicker,payload,"nmpc+kf[r_v=0.15,r_w=0.15,q_F=10,q_tau=1,filt=1,gate=1,ffu=1,qyaw=1,obs=1,aci=1,obsm=0.01]",9,2.3858039379119873,0,0.265691235059761,2.510673064085473,2.7197355404496197,0.042682926829268296,492
0.040861587772511455,0.045620705525996286,0.0702606538393221,0.4264639502219447,0.4264639502219447,864.5489514047531,9.465560659436267,0.0,0.01234845880838853,0.0,0.0,obsx_flicker,payload,"nmpc+kf[r_v=0.15,r_w=0.15,q_F=10,q_tau=1,filt=1,gate=1,ffu=1,qyaw=1,obs=1,aci=1,obsm=0.01]",10,2.420536518096924,0,0.28769721115537844,2.5489738496740264,2.782353088259697,0.042682926829268296,492
0.04855517632884363,0.05418534527005057,0.10096195750181021,0.4308837970990863,0.43088379709908625,948.0686810485388,11.834886075517993,0.013944223107569721,0.012997355558216517,0.0,0.0,obsx_flicker,payload,"nmpc+kf[r_v=0.15,r_w=0.15,q_F=10,q_tau=1,filt=1,gate=1,ffu=1,qyaw=1,obs=1,aci=1,obsm=0.01]",11,2.515669584274292,0,0.2977270916334661,2.664762315807857,2.8600066853687167,0.042682926829268296,492
0.07135554288037216,0.07971800441720187,0.1303996622688222,5.714051832642534,5.714051832642534,1171.3033770791997,18.39963995592851,0.16733067729083664,0.013743201294956264,0.0,0.0,obsx_flicker,payload,"nmpc+kf[r_v=0.15,r_w=0.15,q_F=10,q_tau=1,filt=1,gate=1,ffu=1,qyaw=1,obs=1,aci=1,obsm=0.01]",12,1.8434395790100098,0,0.22610956175298805,2.0595841695075907,2.8281772416085005,0.044715447154471545,492
0.07694341568180138,0.08596511101996411,0.12294209772056178,0.8720425309915569,0.8720425309915569,1314.1423287413475,25.738597119419243,0.2868525896414343,0.011939023969912699,0.0,0.0,obsx_flicker,payload,"nmpc+kf[r_v=0.15,r_w=0.15,q_F=10,q_tau=1,filt=1,gate=1,ffu=1,qyaw=1,obs=1,aci=1,obsm=0.01]",13,2.410796880722046,0,0.273519920318725,2.529480449105817,2.733107458334416,0.042682926829268296,492
0.060820602742422375,0.06795029489296224,0.1022491600186939,0.28769055267073057,0.28769055267073057,840.1814861440348,10.125165227468086,0.029880478087649404,0.01303495051393122,0.0,0.0,obsx_flicker,payload,"nmpc+kf[r_v=0.15,r_w=0.15,q_F=10,q_tau=1,filt=1,gate=1,ffu=1,qyaw=1,obs=1,aci=1,obsm=0.01]",14,2.4005236625671387,0,0.27736254980079683,2.52976557156405,2.8234687936492264,0.042682926829268296,492
0.1017255556555898,0.11359212732267959,0.20763490338813476,2.4108406481360274,2.4108406481360274,1299.2854521005322,16.958467043295848,0.3844621513944223,0.01140792135395502,0.0,0.0,obsx_flicker,payload,"nmpc+kf[r_v=0.15,r_w=0.15,q_F=10,q_tau=1,filt=1,gate=1,ffu=1,qyaw=1,obs=1,aci=1,obsm=0.01]",15,2.5345633029937744,0,0.311496015936255,2.6990071099540924,2.90861725108698,0.044715447154471545,492
0.03963926799334838,0.04426826338378543,0.10804875922943856,0.47862790937626143,0.47862790937626143,940.5531760525919,23.221431601749,0.0398406374501992,0.012721374143687347,0.0,0.0,obsx_flicker,payload,"nmpc+kf[r_v=0.15,r_w=0.15,q_F=10,q_tau=1,filt=1,gate=1,ffu=1,qyaw=1,obs=1,aci=1,obsm=0.01]",16,2.5641567707061768,0,0.30273107569721114,2.7032940392475204,2.888964966405183,0.042682926829268296,492
0.04665838801845641,0.05212043097746893,0.0897651916454195,6.8266135564337125,6.8266135564337125,1159.2937303592626,12.52758869749258,0.0,0.016876145440691104,0.0,0.0,obsx_flicker,payload,"nmpc+kf[r_v=0.15,r_w=0.15,q_F=10,q_tau=1,filt=1,gate=1,ffu=1,qyaw=1,obs=1,aci=1,obsm=0.01]",17,2.4095449447631836,0,0.2659243027888446,2.530364675421372,2.7055145823396742,0.042682926829268296,492
0.07610427492859399,0.08483947844782685,0.16400871012000764,10.682491035294731,10.68249103529473,1912.4775375929278,24.705371832440015,0.1892430278884462,0.01375282886081991,0.0,0.0,obsx_flicker,payload,"nmpc+kf[r_v=0.15,r_w=0.15,q_F=10,q_tau=1,filt=1,gate=1,ffu=1,qyaw=1,obs=1,aci=1,obsm=0.01]",18,2.5368945598602295,0,0.311910358565737,2.6954870338948718,2.958521521650255,0.046747967479674794,492
0.09135665635978903,0.10201276210816361,0.15458164688724232,0.5929458312569936,0.5929458312569936,1011.5743765093224,18.124179315177546,0.39641434262948205,0.012317268071818654,0.0,0.0,obsx_flicker,payload,"nmpc+kf[r_v=0.15,r_w=0.15,q_F=10,q_tau=1,filt=1,gate=1,ffu=1,qyaw=1,obs=1,aci=1,obsm=0.01]",19,1.552532434463501,0,0.21894422310756972,1.6554604744560928,2.422495326027274,0.042682926829268296,492
0.09579714669598266,0.1070080148708812,0.2300629003286487,0.6792894566987994,0.6792894566987994,950.4704224777515,23.06279366638272,0.2729083665338645,0.011936343353190881,0.0,0.0,obsx_flicker,payload,"nmpc+mmae[filt=1,forget=0.95,gate=1,ffu=1,qyaw=1,obs=1,aci=1,obsm=0.01]",0,2.6559293270111084,0,0.27787250996015933,2.995843803825458,3.222815792541951,0.042682926829268296,492
0.04356202424495512,0.048648649171808965,0.11470984766570338,0.9422338071701947,0.9422338071701946,1100.0364097236247,31.385660013007715,0.03386454183266932,0.012683024970005063,0.0,0.0,obsx_flicker,payload,"nmpc+mmae[filt=1,forget=0.95,gate=1,ffu=1,qyaw=1,obs=1,aci=1,obsm=0.01]",1,2.7946720123291016,0,0.2968585657370518,3.143000714684952,3.360923973377794,0.042682926829268296,492
0.060389017135101114,0.06745324557228027,0.13632677432999804,0.6034437966131972,0.6034437966131972,1063.78830296296,33.99433997416686,0.11952191235059761,0.012640080521053587,0.0,0.0,obsx_flicker,payload,"nmpc+mmae[filt=1,forget=0.95,gate=1,ffu=1,qyaw=1,obs=1,aci=1,obsm=0.01]",2,2.297593593597412,0,0.25785856573705174,2.603829173701426,3.2201948785223067,0.042682926829268296,492
0.13383700974077134,0.14955154161557452,0.3351703801358155,0.7569647819482208,0.7569647819482208,1061.597396346384,30.25802894829306,0.37250996015936255,0.013513239628077434,0.0,0.0,obsx_flicker,payload,"nmpc+mmae[filt=1,forget=0.95,gate=1,ffu=1,qyaw=1,obs=1,aci=1,obsm=0.01]",3,2.6365911960601807,0,0.29647609561752986,3.0039082029908597,3.2272821688093245,0.042682926829268296,492
0.0713639199263217,0.07972692209102035,0.14547496169772584,4.450574235739755,4.450574235739755,1856.1131926398043,23.4654755737945,0.22111553784860558,0.01167499384412679,0.0,0.0,obsx_flicker,payload,"nmpc+mmae[filt=1,forget=0.95,gate=1,ffu=1,qyaw=1,obs=1,aci=1,obsm=0.01]",4,1.5458574295043945,0,0.2001374501992032,1.7589696551268674,2.5195469358004634,0.044715447154471545,492
0.06778010205502362,0.07571763929752692,0.121202638192455,1.0797650653765067,1.0797650653765067,1065.4364808538576,17.076009946896537,0.1394422310756972,0.012877943920735713,0.0,0.0,obsx_flicker,payload,"nmpc+mmae[filt=1,forget=0.95,gate=1,ffu=1,qyaw=1,obs=1,aci=1,obsm=0.01]",5,1.4595346450805664,0,0.2006115537848606,1.6742911726881962,2.8224818734452137,0.042682926829268296,492
0.1124029086252344,0.1254013823396759,0.2612175445646449,0.7374972455919506,0.7374972455919506,1343.6571448088644,28.4538768217477,0.3147410358565737,0.012804738029347507,0.0,0.0,obsx_flicker,payload,"nmpc+mmae[filt=1,forget=0.95,gate=1,ffu=1,qyaw=1,obs=1,aci=1,obsm=0.01]",6,2.512676954269409,0,0.2893227091633466,2.8525883887534538,3.265560625586659,0.044715447154471545,492
0.06628653483759801,0.07403587377743075,0.15612354813467066,0.7776827705988214,0.7776827705988214,1286.7411277413967,46.64194816614262,0.14143426294820718,0.01244451541966013,0.0,0.0,obsx_flicker,payload,"nmpc+mmae[filt=1,forget=0.95,gate=1,ffu=1,qyaw=1,obs=1,aci=1,obsm=0.01]",7,1.5847797393798828,0,0.20461155378486054,1.808566320038204,2.9544724128209054,0.042682926829268296,492
0.06326246122680142,0.07067387714359669,0.11482678129289842,0.47831912476739685,0.47831912476739685,768.9844861637698,26.11175826713011,0.10358565737051793,0.014420912624020343,0.0,0.0,obsx_flicker,payload,"nmpc+mmae[filt=1,forget=0.95,gate=1,ffu=1,qyaw=1,obs=1,aci=1,obsm=0.01]",8,2.666501522064209,0,0.28705378486055777,3.017610608715104,3.3799520507454877,0.042682926829268296,492
0.05950729628599998,0.06646118736349083,0.12225047877172689,1.2723406685471692,1.2723406685471692,1152.150856221418,16.277954491711707,0.07171314741035857,0.011688882567520431,0.0,0.0,obsx_flicker,payload,"nmpc+mmae[filt=1,forget=0.95,gate=1,ffu=1,qyaw=1,obs=1,aci=1,obsm=0.01]",9,2.753920555114746,0,0.3002430278884462,3.131730577062474,3.453005503397435,0.042682926829268296,492
0.03909995672401934,0.04365055688630808,0.0684299305567396,0.3963646432349803,0.3963646432349803,837.0360591483733,9.744819569921807,0.0,0.012310562207072329,0.0,0.0,obsx_flicker,payload,"nmpc+mmae[filt=1,forget=0.95,gate=1,ffu=1,qyaw=1,obs=1,aci=1,obsm=0.01]",10,2.8183434009552,0,0.32145418326693226,3.181448725304488,3.4277716162614524,0.042682926829268296,492
0.052400688201737766,0.058489402928593046,0.10127851627469824,0.878153635190092,0.878153635190092,952.711712154975,11.851643166297347,0.017928286852589643,0.013335092356295791,0.0,0.0,obsx_flicker,payload,"nmpc+mmae[filt=1,forget=0.95,gate=1,ffu=1,qyaw=1,obs=1,aci=1,obsm=0.01]",11,1.6245698928833008,0,0.21086852589641436,1.8607854807890387,2.759785710368306,0.042682926829268296,492
0.06758933888089333,0.07550784373953517,0.12736340133487062,5.078947622861895,5.078947622861895,1159.2324722977944,24.48180733633142,0.1394422310756972,0.013348993892171812,0.0,0.0,obsx_flicker,payload,"nmpc+mmae[filt=1,forget=0.95,gate=1,ffu=1,qyaw=1,obs=1,aci=1,obsm=0.01]",12,1.9163713455200195,0,0.24307768924302792,2.198731998423211,3.2687415182590485,0.044715447154471545,492
0.07333828203882369,0.08193551003963999,0.11326464784314855,1.0472774525625768,1.0472774525625768,1534.7458074899134,24.71193763240728,0.22111553784860558,0.011753205958538848,0.0,0.0,obsx_flicker,payload,"nmpc+mmae[filt=1,forget=0.95,gate=1,ffu=1,qyaw=1,obs=1,aci=1,obsm=0.01]",13,1.9044544696807861,0,0.24283067729083663,2.1654235039544534,3.0634752614423637,0.044715447154471545,492
0.05935144393814338,0.06630822596117496,0.10169251429781578,0.28610186478803423,0.28610186478803423,862.3194874009192,10.284474201853572,0.021912350597609563,0.013078950139090384,0.0,0.0,obsx_flicker,payload,"nmpc+mmae[filt=1,forget=0.95,gate=1,ffu=1,qyaw=1,obs=1,aci=1,obsm=0.01]",14,2.650751829147339,0,0.2877828685258964,2.9911211881029653,3.2204588991589844,0.042682926829268296,492
0.1120108051123339,0.12509468778472377,0.2348750289691986,2.6863741268908097,2.6863741268908097,1426.0991240553587,24.048004588329636,0.43227091633466136,0.00943724172494842,0.0,0.0,obsx_flicker,payload,"nmpc+mmae[filt=1,forget=0.95,gate=1,ffu=1,qyaw=1,obs=1,aci=1,obsm=0.01]",15,1.7387487888336182,0,0.2317729083665339,1.9927903744521962,2.9205873492173855,0.042682926829268296,492
0.03878800111608468,0.04331643386302631,0.1066897093483541,0.48496965672487213,0.48496965672487213,893.9105975110879,21.698045518193055,0.037848605577689244,0.012615038550364527,0.0,0.0,obsx_flicker,payload,"nmpc+mmae[filt=1,forget=0.95,gate=1,ffu=1,qyaw=1,obs=1,aci=1,obsm=0.01]",16,2.6549830436706543,0,0.2948486055776892,3.008178328590623,3.225451984908432,0.042682926829268296,492
0.05044516322506527,0.05635362188822543,0.134794329522995,6.136064786211626,6.136064786211626,1338.5639847586515,18.029749820928235,0.09163346613545817,0.01017646763688157,0.0,0.0,obsx_flicker,payload,"nmpc+mmae[filt=1,forget=0.95,gate=1,ffu=1,qyaw=1,obs=1,aci=1,obsm=0.01]",17,1.6135132312774658,0,0.207199203187251,1.8435096288418984,2.832778508309275,0.042682926829268296,492
0.07403238938282652,0.08269804455996731,0.1481078010086628,10.552935544385077,10.552935544385077,1789.212720524837,32.827271330913504,0.14741035856573706,0.013920106820873301,0.0,0.0,obsx_flicker,payload,"nmpc+mmae[filt=1,forget=0.95,gate=1,ffu=1,qyaw=1,obs=1,aci=1,obsm=0.01]",18,2.6193158626556396,0,0.29717928286852585,2.981244258033446,3.208198118954897,0.044715447154471545,492
0.0892800236824233,0.09969152741128039,0.15636442814368717,0.6081322525715336,0.6081322525715336,1167.0267810980854,18.260010336138098,0.38645418326693226,0.01211240446241768,0.0,0.0,obsx_flicker,payload,"nmpc+mmae[filt=1,forget=0.95,gate=1,ffu=1,qyaw=1,obs=1,aci=1,obsm=0.01]",19,2.6598317623138428,0,0.2897669322709163,3.006963964191774,3.227907684631646,0.042682926829268296,492
0.09571645223922505,0.1069016481885452,0.23138400775053425,0.6522853789172216,0.6522853789172216,1069.3557737074395,23.715651646458518,0.27091633466135456,0.011777437053531459,0.0,0.0,obsx_flicker,rotoreff,"nmpc+kf[r_v=0.15,r_w=0.15,q_F=10,q_tau=1,filt=1,gate=1,ffu=1,qyaw=1,obs=1,aci=1,obsm=0.01]",0,2.5249195098876953,0,0.2985836653386454,2.6837357447901926,2.8978793416172266,0.042682926829268296,492
0.047570406822430626,0.05313581805477935,0.1159469968047946,0.6552095475640554,0.6552095475640554,1192.302299609032,29.822225209043175,0.06772908366533864,0.012994359312997694,0.0,0.0,obsx_flicker,rotoreff,"nmpc+kf[r_v=0.15,r_w=0.15,q_F=10,q_tau=1,filt=1,gate=1,ffu=1,qyaw=1,obs=1,aci=1,obsm=0.01]",1,2.588548183441162,0,0.30233266932270914,2.747711239000448,4.814375077839941,0.042682926829268296,492
0.06146869822174779,0.06857111469909259,0.1349249100782282,0.6234736853056502,0.6234736853056502,1008.122971974978,31.78602361173616,0.14143426294820718,0.012716807822039489,0.0,0.0,obsx_flicker,rotoreff,"nmpc+kf[r_v=0.15,r_w=0.15,q_F=10,q_tau=1,filt=1,gate=1,ffu=1,qyaw=1,obs=1,aci=1,obsm=0.01]",2,2.418053388595581,0,0.2787868525896415,2.565200821834197,2.872051890008152,0.042682926829268296,492
0.13409939294287154,0.14984207850839754,0.3349355091901526,0.6814274855343881,0.6814274855343881,1148.368207636099,27.543814442170824,0.34860557768924305,0.012706527310118232,0.0,0.0,obsx_flicker,rotoreff,"nmpc+kf[r_v=0.15,r_w=0.15,q_F=10,q_tau=1,filt=1,gate=1,ffu=1,qyaw=1,obs=1,aci=1,obsm=0.01]",3,2.3749442100524902,0,0.3007011952191235,2.5407828769064045,2.9146811063401405,0.042682926829268296,492
0.06433764791919812,0.07178907330661957,0.12914182983251052,0.9192000762709313,0.9192000762709313,1791.6714425122204,16.65045551766029,0.10557768924302789,0.012701766821441696,0.0,0.0,obsx_flicker,rotoreff,"nmpc+kf[r_v=0.15,r_w=0.15,q_F=10,q_tau=1,filt=1,gate=1,ffu=1,qyaw=1,obs=1,aci=1,obsm=0.01]",4,2.4304237365722656,0,0.27683665338645413,2.5551657761035274,2.7943671727553014,0.042682926829268296,492
0.06522059569216872,0.07278508982577635,0.1222892479616804,0.4113918234398918,0.4113918234398917,1054.7788473403123,13.672268604504938,0.08565737051792828,0.013263213634373577,0.0,0.0,obsx_flicker,rotoreff,"nmpc+kf[r_v=0.15,r_w=0.15,q_F=10,q_tau=1,filt=1,gate=1,ffu=1,qyaw=1,obs=1,aci=1,obsm=0.01]",5,2.5376200675964355,0,0.30907171314741033,2.697956218176421,2.9561155475676064,0.042682926829268296,492
0.1117016539778082,0.12450719833313431,0.26225810679306366,0.7359511344468863,0.7359511344468863,1114.3169071728262,28.53481802580818,0.32669322709163345,0.01373647475697995,0.0,0.0,obsx_flicker,rotoreff,"nmpc+kf[r_v=0.15,r_w=0.15,q_F=10,q_tau=1,filt=1,gate=1,ffu=1,qyaw=1,obs=1,aci=1,obsm=0.01]",6,2.3867669105529785,0,0.28729282868525896,2.545069581253892,2.7929841447621584,0.044715447154471545,492
0.06467046582251179,0.07198604593652641,0.1550451210344265,0.6733090912388867,0.6733090912388867,1189.6374618830387,47.63820705695196,0.11952191235059761,0.012675647849886063,0.0,0.0,obsx_flicker,rotoreff,"nmpc+kf[r_v=0.15,r_w=0.15,q_F=10,q_tau=1,filt=1,gate=1,ffu=1,qyaw=1,obs=1,aci=1,obsm=0.01]",7,2.5441930294036865,0,0.287804780876494,2.69137906695371,2.8975066682323813,0.046747967479674794,492
0.06545226307308348,0.07311709086581825,0.11794749300545031,0.3875482834351351,0.3875482834351351,845.6979356636598,28.095485703708256,0.11952191235059761,0.013280772945391706,0.0,0.0,obsx_flicker,rotoreff,"nmpc+kf[r_v=0.15,r_w=0.15,q_F=10,q_tau=1,filt=1,gate=1,ffu=1,qyaw=1,obs=1,aci=1,obsm=0.01]",8,2.4197394847869873,0,0.27032270916334655,2.5604866459906335,2.739630546420813,0.042682926829268296,492
0.054077008747649584,0.06041116348945651,0.10217509276036303,0.4907735347961318,0.4907735347961318,1241.7481280121692,12.450112092342655,0.021912350597609563,0.013303091854677984,0.0,0.0,obsx_flicker,rotoreff,"nmpc+kf[r_v=0.15,r_w=0.15,q_F=10,q_tau=1,filt=1,gate=1,ffu=1,qyaw=1,obs=1,aci=1,obsm=0.01]",9,2.4239661693573,0,0.26786055776892426,2.548467372989364,2.7439575851894915,0.042682926829268296,492
0.040845809437463965,0.045463591852337726,0.07317709198818,0.48520169510288896,0.48520169510288896,821.7104025091556,9.660278841589577,0.0,0.012549392000528847,0.0,0.0,obsx_flicker,rotoreff,"nmpc+kf[r_v=0.15,r_w=0.15,q_F=10,q_tau=1,filt=1,gate=1,ffu=1,qyaw=1,obs=1,aci=1,obsm=0.01]",10,2.5688045024871826,0,0.3111274900398407,2.7128862693861304,3.041434679180384,0.042682926829268296,492
0.0475688010746216,0.053017776568716625,0.10169823179568992,0.43915682966218683,0.43915682966218683,958.0367818480237,12.51680240406016,0.017928286852589643,0.013569004372843751,0.0,0.0,obsx_flicker,rotoreff,"nmpc+kf[r_v=0.15,r_w=0.15,q_F=10,q_tau=1,filt=1,gate=1,ffu=1,qyaw=1,obs=1,aci=1,obsm=0.01]",11,1.4360151290893555,0,0.20208366533864544,1.534751464753779,2.2103138105012476,0.042682926829268296,492
0.0685575740904859,0.07658709514236867,0.11854481123617905,0.6342006521080196,0.6342006521080196,1334.0645183235167,18.007668771315092,0.15737051792828685,0.012987365734620504,0.0,0.0,obsx_flicker,rotoreff,"nmpc+kf[r_v=0.15,r_w=0.15,q_F=10,q_tau=1,filt=1,gate=1,ffu=1,qyaw=1,obs=1,aci=1,obsm=0.01]",12,2.395266532897949,0,0.26822709163346614,2.5076740871246654,2.7206186740659177,0.042682926829268296,492
0.07592934033523187,0.08481964165825362,0.12701223759382418,0.9001902748656524,0.9001902748656524,1333.2753252489092,26.392516953839145,0.26095617529880477,0.011643490156927061,0.0,0.0,obsx_flicker,rotoreff,"nmpc+kf[r_v=0.15,r_w=0.15,q_F=10,q_tau=1,filt=1,gate=1,ffu=1,qyaw=1,obs=1,aci=1,obsm=0.01]",13,2.0925729274749756,0,0.2563745019920318,2.217991077211274,2.8784250607714057,0.044715447154471545,492
0.061245593779430604,0.06810805560945862,0.10304618073714178,0.32868820211013655,0.32868820211013655,754.0706403386204,10.03351479496986,0.035856573705179286,0.013698702216351721,0.0,0.0,obsx_flicker,rotoreff,"nmpc+kf[r_v=0.15,r_w=0.15,q_F=10,q_tau=1,filt=1,gate=1,ffu=1,qyaw=1,obs=1,aci=1,obsm=0.01]",14,2.2905821800231934,0,0.2727131474103586,2.3213366294220323,2.9707656078971922,0.042682926829268296,492
0.10262624775903406,0.11458020102466135,0.20412869179933885,0.5324438256664759,0.5324438256664759,2028.7913486240682,15.266415176041042,0.3705179282868526,0.011799460868319872,0.0,0.0,obsx_flicker,rotoreff,"nmpc+kf[r_v=0.15,r_w=0.15,q_F=10,q_tau=1,filt=1,gate=1,ffu=1,qyaw=1,obs=1,aci=1,obsm=0.01]",15,1.3839349746704102,0,0.20554382470119525,1.488603350049649,2.3252615006640553,0.042682926829268296,492
0.040052936738488754,0.04473343947796569,0.10918410766503317,0.5485499796983618,0.5485499796983618,1150.248058609362,24.30219192021197,0.043824701195219126,0.012940599840174316,0.0,0.0,obsx_flicker,rotoreff,"nmpc+kf[r_v=0.15,r_w=0.15,q_F=10,q_tau=1,filt=1,gate=1,ffu=1,qyaw=1,obs=1,aci=1,obsm=0.01]",16,2.542802333831787,0,0.3034482071713147,2.69078759224232,2.9031793563626707,0.042682926829268296,492
0.031539462467054795,0.03522071403101524,0.07083426755865667,0.6147401142858101,0.6147401142858101,1223.8946724506293,14.169341165097979,0.0,0.01356058558069323,0.0,0.0,obsx_flicker,rotoreff,"nmpc+kf[r_v=0.15,r_w=0.15,q_F=10,q_tau=1,filt=1,gate=1,ffu=1,qyaw=1,obs=1,aci=1,obsm=0.01]",17,1.4194693565368652,0,0.19109163346613542,1.5120452948923842,2.2380963200703263,0.042682926829268296,492
0.06655042459647353,0.07430083890158892,0.11744997557190424,1.9887411106609323,1.9887411106609318,1700.1984243762706,29.822114022479628,0.11952191235059761,0.01242849864638379,0.0,0.0,obsx_flicker,rotoreff,"nmpc+kf[r_v=0.15,r_w=0.15,q_F=10,q_tau=1,filt=1,gate=1,ffu=1,qyaw=1,obs=1,aci=1,obsm=0.01]",18,2.5176563262939453,0,0.30929083665338647,2.6668338995590153,2.838494533207268,0.042682926829268296,492
0.09015313008380751,0.10067660187848236,0.15981948510727428,0.5790589485666792,0.5790589485666792,1243.2628573956817,17.901114092851365,0.39243027888446214,0.01206958298718433,0.0,0.0,obsx_flicker,rotoreff,"nmpc+kf[r_v=0.15,r_w=0.15,q_F=10,q_tau=1,filt=1,gate=1,ffu=1,qyaw=1,obs=1,aci=1,obsm=0.01]",19,2.5597596168518066,0,0.30582470119521915,2.7082454579218154,2.919073603115976,0.042682926829268296,492
0.09507551016065612,0.10619055001366848,0.22849175559906362,0.6396897592767158,0.6396897592767158,1129.8922173165463,22.72323116013961,0.27091633466135456,0.011997472078344007,0.0,0.0,obsx_flicker,rotoreff,"nmpc+mmae[filt=1,forget=0.95,gate=1,ffu=1,qyaw=1,obs=1,aci=1,obsm=0.01]",0,2.0194621086120605,0,0.24369920318725097,2.2994080081626596,3.3144079078920186,0.042682926829268296,492
0.04393800914278564,0.04906400325582614,0.11443347751219057,1.0896365436206108,1.0896365436206108,1242.3320010511982,31.834935811306373,0.03386454183266932,0.012470179228782907,0.0,0.0,obsx_flicker,rotoreff,"nmpc+mmae[filt=1,forget=0.95,gate=1,ffu=1,qyaw=1,obs=1,aci=1,obsm=0.01]",1,2.328643560409546,0,0.25308565737051797,2.639669927757278,3.187651184853167,0.042682926829268296,492
0.05967194044403407,0.06664519737165898,0.1307884127595914,0.6259242210020375,0.6259242210020375,1090.8605035253297,32.88377957973663,0.11553784860557768,0.012670160710693101,0.0,0.0,obsx_flicker,rotoreff,"nmpc+mmae[filt=1,forget=0.95,gate=1,ffu=1,qyaw=1,obs=1,aci=1,obsm=0.01]",2,2.6489667892456055,0,0.28284262948207173,3.0079900279670833,3.2384203770197932,0.042682926829268296,492
0.1338256324958047,0.14953696520174053,0.33540459399303374,0.6783746009347289,0.6783746009347288,1171.5713467307799,27.798928167680852,0.33266932270916333,0.012944159253831022,0.0,0.0,obsx_flicker,rotoreff,"nmpc+mmae[filt=1,forget=0.95,gate=1,ffu=1,qyaw=1,obs=1,aci=1,obsm=0.01]",3,1.7801313400268555,0,0.22615338645418326,2.038029382892131,3.0631308257579803,0.042682926829268296,492
0.06263783732040969,0.06998946407000102,0.12468848103241238,1.115262207448467,1.115262207448467,1844.1057610891385,25.860393571532335,0.10756972111553785,0.011845341905311502,0.0,0.0,obsx_flicker,rotoreff,"nmpc+mmae[filt=1,forget=0.95,gate=1,ffu=1,qyaw=1,obs=1,aci=1,obsm=0.01]",4,2.7699551582336426,0,0.299711155378486,3.130060306145435,3.3541627600789075,0.044715447154471545,492
0.0665154039716804,0.07429989146890402,0.12172604857871602,0.784487485550184,0.784487485550184,1102.620571106252,19.139828119127955,0.1394422310756972,0.01325298296226779,0.0,0.0,obsx_flicker,rotoreff,"nmpc+mmae[filt=1,forget=0.95,gate=1,ffu=1,qyaw=1,obs=1,aci=1,obsm=0.01]",5,2.6515350341796875,0,0.296609561752988,3.016496652763233,3.2888224977068603,0.042682926829268296,492
0.11196224174354319,0.12489045579630588,0.2599713775862276,0.8088583363922637,0.8088583363922637,1302.2098190060394,28.120943099051747,0.3207171314741036,0.013233104257680095,0.0,0.0,obsx_flicker,rotoreff,"nmpc+mmae[filt=1,forget=0.95,gate=1,ffu=1,qyaw=1,obs=1,aci=1,obsm=0.01]",6,2.6318750381469727,0,0.29287450199203185,2.9982706597742745,3.2378793391399086,0.044715447154471545,492
0.06615998501460309,0.07386161611066529,0.158025343771493,0.7428296238695042,0.7428296238695042,1284.213306361262,47.47763574845304,0.14143426294820718,0.012634699174233072,0.0,0.0,obsx_flicker,rotoreff,"nmpc+mmae[filt=1,forget=0.95,gate=1,ffu=1,qyaw=1,obs=1,aci=1,obsm=0.01]",7,1.6005303859710693,0,0.20495219123505976,1.8356140699252426,2.9240652569569647,0.042682926829268296,492
0.0642170418607476,0.07173936097767437,0.11389061610660212,0.37939204898904333,0.37939204898904333,892.5284272554175,26.797310935923143,0.10358565737051793,0.013144677518097336,0.0,0.0,obsx_flicker,rotoreff,"nmpc+mmae[filt=1,forget=0.95,gate=1,ffu=1,qyaw=1,obs=1,aci=1,obsm=0.01]",8,2.6572608947753906,0,0.2760816733067729,3.0091760932389957,3.23174916440621,0.042682926829268296,492
0.05780870141372121,0.06456755171642346,0.11793363802831143,1.111892016033837,1.111892016033837,1317.9310426902236,15.743472827768692,0.06374501992031872,0.012024861016332045,0.0,0.0,obsx_flicker,rotoreff,"nmpc+mmae[filt=1,forget=0.95,gate=1,ffu=1,qyaw=1,obs=1,aci=1,obsm=0.01]",9,2.630510091781616,0,0.2753745019920319,2.9756965623997833,3.1926964852027595,0.042682926829268296,492
0.03873061634521589,0.04321755626334576,0.06945190129564038,0.4625578938825666,0.4625578938825666,845.1446639779363,9.910229095936108,0.0,0.012511992458800858,0.0,0.0,obsx_flicker,rotoreff,"nmpc+mmae[filt=1,forget=0.95,gate=1,ffu=1,qyaw=1,obs=1,aci=1,obsm=0.01]",10,2.0751965045928955,0,0.25848605577689243,2.3661951049308914,3.4069665567949414,0.042682926829268296,492
0.05011600033720724,0.05592508828997689,0.10159173390165861,0.6759513516817932,0.6759513516817932,979.4336272796797,11.948347858120645,0.017928286852589643,0.013518415621584345,0.0,0.0,obsx_flicker,rotoreff,"nmpc+mmae[filt=1,forget=0.95,gate=1,ffu=1,qyaw=1,obs=1,aci=1,obsm=0.01]",11,2.62073016166687,0,0.2818346613545817,2.973904591090829,3.1706005660817027,0.042682926829268296,492
0.0721308410747742,0.080591375797984,0.12993808314150476,0.939835767728461,0.939835767728461,1292.208691671339,22.973566724676406,0.199203187250996,0.01293690678942705,0.0,0.0,obsx_flicker,rotoreff,"nmpc+mmae[filt=1,forget=0.95,gate=1,ffu=1,qyaw=1,obs=1,aci=1,obsm=0.01]",12,2.7871198654174805,0,0.29306175298804776,3.154549041328826,3.399126620497555,0.042682926829268296,492
0.07201926577999493,0.08045853687201135,0.11351956132373824,1.1454339728438938,1.1454339728438938,1586.642457021515,26.050357701845176,0.19123505976095617,0.011827428884332525,0.0,0.0,obsx_flicker,rotoreff,"nmpc+mmae[filt=1,forget=0.95,gate=1,ffu=1,qyaw=1,obs=1,aci=1,obsm=0.01]",13,2.7930688858032227,0,0.2971175298804781,3.15906075933258,3.399052822496742,0.042682926829268296,492
0.05905007655264973,0.06595252729042747,0.1020205654159192,0.32015920280960103,0.32015920280960103,833.0735369353098,10.342893695190861,0.021912350597609563,0.013241841893592121,0.0,0.0,obsx_flicker,rotoreff,"nmpc+mmae[filt=1,forget=0.95,gate=1,ffu=1,qyaw=1,obs=1,aci=1,obsm=0.01]",14,2.6261160373687744,0,0.28776892430278883,2.9826723632822,3.217042125761509,0.042682926829268296,492
0.10745430775888758,0.12000258692516128,0.2062396998481421,0.8226916797684499,0.8226916797684498,1662.1198239169873,18.8585120122168,0.43824701195219123,0.012169201777721877,0.0,0.0,obsx_flicker,rotoreff,"nmpc+mmae[filt=1,forget=0.95,gate=1,ffu=1,qyaw=1,obs=1,aci=1,obsm=0.01]",15,2.6287691593170166,0,0.29512948207171313,2.9921193275066367,3.1984848133288324,0.042682926829268296,492
0.03881363628305594,0.04335008408864067,0.10635212685865889,0.5557050721983491,0.5557050721983491,1176.3461187227201,21.464422203799298,0.035856573705179286,0.012795472013627657,0.0,0.0,obsx_flicker,rotoreff,"nmpc+mmae[filt=1,forget=0.95,gate=1,ffu=1,qyaw=1,obs=1,aci=1,obsm=0.01]",16,2.667691230773926,0,0.3015896414342629,3.0195251097012146,3.3895507734268904,0.042682926829268296,492
0.03446987699546346,0.038497680557774354,0.07613795684012427,0.9872597767866578,0.9872597767866578,1257.5247782298773,15.444429537647379,0.0,0.01200169397705797,0.0,0.0,obsx_flicker,rotoreff,"nmpc+mmae[filt=1,forget=0.95,gate=1,ffu=1,qyaw=1,obs=1,aci=1,obsm=0.01]",17,2.61938738822937,0,0.27215936254980083,2.954153185413475,3.155623259954155,0.042682926829268296,492
0.0684283385665143,0.0764354601550595,0.13003051517779549,2.0144347467406636,2.0144347467406636,1838.484561580429,34.10203147719011,0.15338645418326693,0.010770968105150824,0.0,0.0,obsx_flicker,rotoreff,"nmpc+mmae[filt=1,forget=0.95,gate=1,ffu=1,qyaw=1,obs=1,aci=1,obsm=0.01]",18,2.6363956928253174,0,0.29917330677290843,3.006390324214926,3.2461737492121756,0.044715447154471545,492
0.08957628578047011,0.10002897633255878,0.1582669061228482,0.558933392624837,0.558933392624837,1287.3955237311222,18.03844898460413,0.3904382470119522,0.012082390616128369,0.0,0.0,obsx_flicker,rotoreff,"nmpc+mmae[filt=1,forget=0.95,gate=1,ffu=1,qyaw=1,obs=1,aci=1,obsm=0.01]",19,2.740600824356079,0,0.30686454183266937,3.113433009058059,3.3424225402995944,0.042682926829268296,492
0.09652651087650112,0.10782296364418854,0.23278214858021637,2.3437736220606524,2.3437736220606524,1192.4408332690432,22.43202752151586,0.2749003984063745,0.011758447589031107,0.0,0.0,obsx_flicker,torque,"nmpc+kf[r_v=0.15,r_w=0.15,q_F=10,q_tau=1,filt=1,gate=1,ffu=1,qyaw=1,obs=1,aci=1,obsm=0.01]",0,2.6645915508270264,0,0.2982629482071713,2.9274960228453475,2.9819217394106095,0.042682926829268296,492
0.0446932242243496,0.04991377427417479,0.11496980639023657,0.5162807796644766,0.5162807796644768,1145.4890503854583,29.745597201128597,0.035856573705179286,0.012913702226174384,0.0,0.0,obsx_flicker,torque,"nmpc+kf[r_v=0.15,r_w=0.15,q_F=10,q_tau=1,filt=1,gate=1,ffu=1,qyaw=1,obs=1,aci=1,obsm=0.01]",1,1.6791439056396484,0,0.22474701195219124,1.7869867661789771,2.784743204247207,0.042682926829268296,492
0.06033039117673399,0.06738995968880367,0.12842612641563544,0.6745080855769426,0.6745080855769426,1148.7635379505937,31.06036436601292,0.1254980079681275,0.011777213856693503,0.0,0.0,obsx_flicker,torque,"nmpc+kf[r_v=0.15,r_w=0.15,q_F=10,q_tau=1,filt=1,gate=1,ffu=1,qyaw=1,obs=1,aci=1,obsm=0.01]",2,2.5633325576782227,0,0.30055976095617537,2.697543146930991,2.9459908162243664,0.042682926829268296,492
0.1339934180136391,0.1497260644978381,0.33519191975818374,1.2349835262764752,1.2349835262764752,1260.004199654305,27.681183305871787,0.35258964143426297,0.013031528054903763,0.0,0.0,obsx_flicker,torque,"nmpc+kf[r_v=0.15,r_w=0.15,q_F=10,q_tau=1,filt=1,gate=1,ffu=1,qyaw=1,obs=1,aci=1,obsm=0.01]",3,2.546445846557617,0,0.3149003984063745,2.713159859770412,2.9469491005875175,0.042682926829268296,492
0.07225195784508878,0.08072492737030272,0.18266372942479897,4.915217813015293,4.915217813015293,2406.095251537414,16.218093081106584,0.11752988047808766,0.012972272839853638,0.0,0.0,obsx_flicker,torque,"nmpc+kf[r_v=0.15,r_w=0.15,q_F=10,q_tau=1,filt=1,gate=1,ffu=1,qyaw=1,obs=1,aci=1,obsm=0.01]",4,1.7565207481384277,0,0.23597609561752986,1.86172696720972,2.838577956426889,0.044715447154471545,492
0.06522409096125745,0.07286842525837121,0.12100087381062827,1.4704721988991476,1.4704721988991476,1369.7240006942823,13.95790424526865,0.08764940239043825,0.012394139008121557,0.0,0.0,obsx_flicker,torque,"nmpc+kf[r_v=0.15,r_w=0.15,q_F=10,q_tau=1,filt=1,gate=1,ffu=1,qyaw=1,obs=1,aci=1,obsm=0.01]",5,2.5452523231506348,0,0.3135258964143426,2.698529953233512,2.88067779969424,0.042682926829268296,492
0.1126996474721154,0.12573228839789988,0.262237655130639,1.0008266158312256,1.0008266158312256,1609.8563594648713,28.973133450288422,0.3187250996015936,0.012685756092536526,0.0,0.0,obsx_flicker,torque,"nmpc+kf[r_v=0.15,r_w=0.15,q_F=10,q_tau=1,filt=1,gate=1,ffu=1,qyaw=1,obs=1,aci=1,obsm=0.01]",6,1.4480745792388916,0,0.21160159362549802,1.5481354230903535,2.318740182090551,0.044715447154471545,492
0.06919264046065056,0.07728453630777701,0.16589728595693445,3.4648838635463832,3.4648838635463832,2133.490676444065,48.77343022798625,0.1294820717131474,0.01258686640269091,0.0,0.0,obsx_flicker,torque,"nmpc+kf[r_v=0.15,r_w=0.15,q_F=10,q_tau=1,filt=1,gate=1,ffu=1,qyaw=1,obs=1,aci=1,obsm=0.01]",7,2.5601935386657715,0,0.297284860557769,2.704806044230245,2.9166087368503213,0.046747967479674794,492
0.06542853704944078,0.0730959611724591,0.1167311020290198,0.38816678699473317,0.38816678699473317,858.9189705456356,27.95658553663999,0.11752988047808766,0.012780109137182083,0.0,0.0,obsx_flicker,torque,"nmpc+kf[r_v=0.15,r_w=0.15,q_F=10,q_tau=1,filt=1,gate=1,ffu=1,qyaw=1,obs=1,aci=1,obsm=0.01]",8,2.4265763759613037,0,0.2672569721115538,2.554928267048115,2.7650319249369204,0.042682926829268296,492
0.05425321865233884,0.06058618928936146,0.1030715832686371,0.5110985480078393,0.5110985480078393,1127.3210361182998,11.73960092626924,0.025896414342629483,0.012923389894690496,0.0,0.0,obsx_flicker,torque,"nmpc+kf[r_v=0.15,r_w=0.15,q_F=10,q_tau=1,filt=1,gate=1,ffu=1,qyaw=1,obs=1,aci=1,obsm=0.01]",9,1.552553653717041,0,0.21275298804780873,1.652357042340406,2.647377038374543,0.042682926829268296,492
0.04023574867665763,0.04492070285248591,0.07023275473875024,0.6275884470677539,0.6275884470677539,925.480026242506,9.448850161415809,0.0,0.01230279328548095,0.0,0.0,obsx_flicker,torque,"nmpc+kf[r_v=0.15,r_w=0.15,q_F=10,q_tau=1,filt=1,gate=1,ffu=1,qyaw=1,obs=1,aci=1,obsm=0.01]",10,2.440497636795044,0,0.2911573705179283,2.578429482131454,2.7806267887353897,0.042682926829268296,492
0.04782236563904205,0.05336531054596972,0.10096195750181021,0.41278677149566023,0.41278677149566023,1004.6022064625248,12.507186293214492,0.013944223107569721,0.012997355558216517,0.0,0.0,obsx_flicker,torque,"nmpc+kf[r_v=0.15,r_w=0.15,q_F=10,q_tau=1,filt=1,gate=1,ffu=1,qyaw=1,obs=1,aci=1,obsm=0.01]",11,2.4207329750061035,0,0.27671713147410354,2.557426243018641,2.8147269575856626,0.042682926829268296,492
0.06891385144151613,0.07698944260208397,0.11980698787776169,0.7012580543419322,0.7012580543419322,1220.7912700450472,17.96220791368833,0.16533864541832669,0.013322165284830156,0.0,0.0,obsx_flicker,torque,"nmpc+kf[r_v=0.15,r_w=0.15,q_F=10,q_tau=1,filt=1,gate=1,ffu=1,qyaw=1,obs=1,aci=1,obsm=0.01]",12,2.446446657180786,0,0.2760119521912351,2.5588432308360636,2.7817252720706165,0.042682926829268296,492
0.0743030124113238,0.08301389982628171,0.11906444764344461,0.5930310570954855,0.5930310570954854,1356.6139976464897,25.625782861220085,0.23705179282868527,0.011844229179028776,0.0,0.0,obsx_flicker,torque,"nmpc+kf[r_v=0.15,r_w=0.15,q_F=10,q_tau=1,filt=1,gate=1,ffu=1,qyaw=1,obs=1,aci=1,obsm=0.01]",13,2.4507715702056885,0,0.277816733067729,2.582384961698041,2.7843863470479846,0.042682926829268296,492
0.060912125354027895,0.06805259245757857,0.10216664059866729,0.28893187395047976,0.28893187395047976,878.2257214774381,9.878761270744652,0.029880478087649404,0.013120229622911261,0.0,0.0,obsx_flicker,torque,"nmpc+kf[r_v=0.15,r_w=0.15,q_F=10,q_tau=1,filt=1,gate=1,ffu=1,qyaw=1,obs=1,aci=1,obsm=0.01]",14,2.549342393875122,0,0.3033346613545817,2.688002309287004,2.951452087145299,0.042682926829268296,492
0.10151958891128475,0.11336317288496112,0.20692059059282164,1.6193580540654346,1.6193580540654349,1672.6520502200226,17.372881006147317,0.3466135458167331,0.012042666308281769,0.0,0.0,obsx_flicker,torque,"nmpc+kf[r_v=0.15,r_w=0.15,q_F=10,q_tau=1,filt=1,gate=1,ffu=1,qyaw=1,obs=1,aci=1,obsm=0.01]",15,1.4842510223388672,0,0.2171394422310757,1.591313383597658,2.290945516433567,0.042682926829268296,492
0.039984009450538656,0.04465374349123679,0.11031504837561532,0.5653859706632459,0.5653859706632459,1181.7854261149673,21.570522995271265,0.043824701195219126,0.012428682647401268,0.0,0.0,obsx_flicker,torque,"nmpc+kf[r_v=0.15,r_w=0.15,q_F=10,q_tau=1,filt=1,gate=1,ffu=1,qyaw=1,obs=1,aci=1,obsm=0.01]",16,2.452068567276001,0,0.28797011952191237,2.5834869774266247,2.796796963084489,0.042682926829268296,492
0.032627009639794945,0.03643143682214079,0.07283654412718112,0.6375607750265767,0.6375607750265767,1054.5068032569031,14.291601562432549,0.0,0.013739417308441915,0.0,0.0,obsx_flicker,torque,"nmpc+kf[r_v=0.15,r_w=0.15,q_F=10,q_tau=1,filt=1,gate=1,ffu=1,qyaw=1,obs=1,aci=1,obsm=0.01]",17,2.416207790374756,0,0.2668585657370518,2.5440988105821956,2.7126211021095514,0.042682926829268296,492
0.0657816216752622,0.0734836577343357,0.11412706234431899,7.046707309897742,7.046707309897742,2045.7458475430033,27.059436332419644,0.13346613545816732,0.012967072875346541,0.0,0.0,obsx_flicker,torque,"nmpc+kf[r_v=0.15,r_w=0.15,q_F=10,q_tau=1,filt=1,gate=1,ffu=1,qyaw=1,obs=1,aci=1,obsm=0.01]",18,2.4151663780212402,0,0.2946553784860558,2.570517052733061,2.745973304845393,0.042682926829268296,492
0.0900256829349336,0.10052430083699515,0.15974140488445945,0.570163750283299,0.570163750283299,1138.438616978147,17.865054511034426,0.3904382470119522,0.012204060537680084,0.0,0.0,obsx_flicker,torque,"nmpc+kf[r_v=0.15,r_w=0.15,q_F=10,q_tau=1,filt=1,gate=1,ffu=1,qyaw=1,obs=1,aci=1,obsm=0.01]",19,2.298922061920166,0,0.2733366533864542,2.4288177445708996,2.7753113536164165,0.042682926829268296,492
0.09671148719417907,0.1080301780451708,0.23268936767943604,1.8832708589335354,1.8832708589335354,1229.9849427724027,22.861568206015974,0.2749003984063745,0.011960926771272529,0.0,0.0,obsx_flicker,torque,"nmpc+mmae[filt=1,forget=0.95,gate=1,ffu=1,qyaw=1,obs=1,aci=1,obsm=0.01]",0,2.7881264686584473,0,0.3007151394422311,3.1597733509678587,3.4179778420366347,0.042682926829268296,492
0.04292413879993291,0.04793536640867148,0.11429902032435078,0.7080571404686539,0.708057140468654,1160.4136268595687,30.767405783144685,0.03386454183266932,0.01228748295315879,0.0,0.0,obsx_flicker,torque,"nmpc+mmae[filt=1,forget=0.95,gate=1,ffu=1,qyaw=1,obs=1,aci=1,obsm=0.01]",1,2.798326253890991,0,0.2929243027888446,3.1476392303092546,3.4335079230368137,0.042682926829268296,492
0.060004844690826835,0.06702597554386479,0.129401551677881,0.6524203221277812,0.6524203221277812,1172.6785149225395,31.78002063428628,0.12151394422310757,0.012434533422145788,0.0,0.0,obsx_flicker,torque,"nmpc+mmae[filt=1,forget=0.95,gate=1,ffu=1,qyaw=1,obs=1,aci=1,obsm=0.01]",2,2.6658780574798584,0,0.284394422310757,2.994172912335906,3.2137474417686462,0.042682926829268296,492
0.13356148320814668,0.149243629717151,0.3352008359982086,1.062778841752377,1.062778841752377,1292.9421785171821,27.901818744220282,0.33266932270916333,0.013140392451865268,0.0,0.0,obsx_flicker,torque,"nmpc+mmae[filt=1,forget=0.95,gate=1,ffu=1,qyaw=1,obs=1,aci=1,obsm=0.01]",3,1.5268263816833496,0,0.21379681274900397,1.752339517771901,2.6939187757670884,0.042682926829268296,492
0.06841864619349536,0.07644048714937553,0.18118849290644462,4.78635945620541,4.78635945620541,2358.40313204743,24.467105408448095,0.11155378486055777,0.012636805080477653,0.0,0.0,obsx_flicker,torque,"nmpc+mmae[filt=1,forget=0.95,gate=1,ffu=1,qyaw=1,obs=1,aci=1,obsm=0.01]",4,2.8169145584106445,0,0.3085498007968127,3.1807071703719902,3.4336420008912683,0.046747967479674794,492
0.06673546355265299,0.07455781945392365,0.12130162875102204,1.6417762287681708,1.6417762287681708,1416.771370534177,14.347371344788769,0.1254980079681275,0.012738853460938615,0.0,0.0,obsx_flicker,torque,"nmpc+mmae[filt=1,forget=0.95,gate=1,ffu=1,qyaw=1,obs=1,aci=1,obsm=0.01]",5,2.662588596343994,0,0.29852191235059755,3.0265764956663093,3.2555289077572525,0.042682926829268296,492
0.11458751793034463,0.1278465747188746,0.26232188526422606,1.488865050531606,1.488865050531606,1599.3474738797813,28.65804855737534,0.3426294820717131,0.012793214137708842,0.0,0.0,obsx_flicker,torque,"nmpc+mmae[filt=1,forget=0.95,gate=1,ffu=1,qyaw=1,obs=1,aci=1,obsm=0.01]",6,2.7579739093780518,0,0.31187051792828685,3.132326049782128,3.391716696787626,0.044715447154471545,492
0.06985713411941732,0.07802787913053315,0.17528671749209995,2.960051174334235,2.960051174334235,2164.510817110536,50.41950689146911,0.13545816733067728,0.012439275865062327,0.0,0.0,obsx_flicker,torque,"nmpc+mmae[filt=1,forget=0.95,gate=1,ffu=1,qyaw=1,obs=1,aci=1,obsm=0.01]",7,2.6352882385253906,0,0.2807051792828686,2.9781548152362323,3.2090493221767247,0.044715447154471545,492
0.06443805308848581,0.07198832955213118,0.11358801834332126,0.38433761176429865,0.38433761176429865,899.5599925562374,26.735021173447592,0.10557768924302789,0.012926140016955412,0.0,0.0,obsx_flicker,torque,"nmpc+mmae[filt=1,forget=0.95,gate=1,ffu=1,qyaw=1,obs=1,aci=1,obsm=0.01]",8,2.7803337574005127,0,0.29465936254980085,3.1363805454498923,3.4085290972143416,0.042682926829268296,492
0.05785825946928,0.06461748444641995,0.11929936519211691,1.271410026384829,1.271410026384829,1123.8193272853896,15.998818169451702,0.06374501992031872,0.011707831869945506,0.0,0.0,obsx_flicker,torque,"nmpc+mmae[filt=1,forget=0.95,gate=1,ffu=1,qyaw=1,obs=1,aci=1,obsm=0.01]",9,2.7767183780670166,0,0.2983286852589641,3.1644528508149237,3.3872066834010184,0.042682926829268296,492
0.03901212890717579,0.04355231488566807,0.0684120519263922,0.5576759911595724,0.5576759911595724,898.0636256869575,9.730613733447557,0.0,0.01223989331496761,0.0,0.0,obsx_flicker,torque,"nmpc+mmae[filt=1,forget=0.95,gate=1,ffu=1,qyaw=1,obs=1,aci=1,obsm=0.01]",10,1.633133888244629,0,0.22603784860557768,1.8608634020628563,2.787501537241042,0.042682926829268296,492
0.05144454825593881,0.05741968762750612,0.10127851627469824,0.793651392665601,0.793651392665601,995.0551327829888,11.988732460584057,0.017928286852589643,0.01325462403958183,0.0,0.0,obsx_flicker,torque,"nmpc+mmae[filt=1,forget=0.95,gate=1,ffu=1,qyaw=1,obs=1,aci=1,obsm=0.01]",11,2.7862441539764404,0,0.3059143426294821,3.1487054202661096,3.42466113390401,0.042682926829268296,492
0.07215775305318745,0.08061495873475487,0.1302642931045949,1.034819319929929,1.034819319929929,1111.1114234759686,23.33636694376696,0.199203187250996,0.013356399297053068,0.0,0.0,obsx_flicker,torque,"nmpc+mmae[filt=1,forget=0.95,gate=1,ffu=1,qyaw=1,obs=1,aci=1,obsm=0.01]",12,2.792118787765503,0,0.2966812749003984,3.1540451916417043,3.3956516091711824,0.042682926829268296,492
0.07359462426175765,0.08222203076478932,0.11285716532864465,0.6597432153339252,0.6597432153339253,1659.970703996948,24.53718266466647,0.21912350597609562,0.011623904193206636,0.0,0.0,obsx_flicker,torque,"nmpc+mmae[filt=1,forget=0.95,gate=1,ffu=1,qyaw=1,obs=1,aci=1,obsm=0.01]",13,2.7876219749450684,0,0.304691235059761,3.1551977538826512,3.442691983655095,0.042682926829268296,492
0.059854992521037244,0.06687106220790927,0.10175742116861494,0.276607554139523,0.276607554139523,918.9869077270298,10.012565134455407,0.02390438247011952,0.013156635425172203,0.0,0.0,obsx_flicker,torque,"nmpc+mmae[filt=1,forget=0.95,gate=1,ffu=1,qyaw=1,obs=1,aci=1,obsm=0.01]",14,1.9676423072814941,0,0.23732071713147412,2.2309559955821925,3.2038629474118356,0.042682926829268296,492
0.11022246910988859,0.12309612091271092,0.2122879002481978,1.2281227554845018,1.2281227554845018,1569.958074469768,24.790435755519347,0.4442231075697211,0.011355761673233988,0.0,0.0,obsx_flicker,torque,"nmpc+mmae[filt=1,forget=0.95,gate=1,ffu=1,qyaw=1,obs=1,aci=1,obsm=0.01]",15,2.7919821739196777,0,0.315902390438247,3.1769903250543243,3.3909165184013546,0.042682926829268296,492
0.039079618167113674,0.04364252062268544,0.10768469220712215,0.5532725832758182,0.5532725832758182,1043.7808020213313,21.77001509897688,0.0398406374501992,0.012608957260279746,0.0,0.0,obsx_flicker,torque,"nmpc+mmae[filt=1,forget=0.95,gate=1,ffu=1,qyaw=1,obs=1,aci=1,obsm=0.01]",16,2.8059091567993164,0,0.30883067729083663,3.169663496263533,4.980500400997701,0.042682926829268296,492
0.03916812322755905,0.04374600735768792,0.09461225815222589,1.421183426723708,1.421183426723708,1166.940685023167,19.241331150629907,0.0,0.01233894951531378,0.0,0.0,obsx_flicker,torque,"nmpc+mmae[filt=1,forget=0.95,gate=1,ffu=1,qyaw=1,obs=1,aci=1,obsm=0.01]",17,2.047471046447754,0,0.2362669322709163,2.3236683921413532,3.3417526353150615,0.042682926829268296,492
0.07112260716112459,0.07945425642236191,0.1404742113805299,7.630436843570024,7.630436843570024,2214.3777860961,31.87483918545364,0.14940239043824702,0.012977546816249963,0.0,0.0,obsx_flicker,torque,"nmpc+mmae[filt=1,forget=0.95,gate=1,ffu=1,qyaw=1,obs=1,aci=1,obsm=0.01]",18,2.649538993835449,0,0.3047011952191235,3.024606065698473,3.2318581268191338,0.044715447154471545,492
0.0895824683875845,0.10002976242645538,0.15910343490579376,0.5517196111632257,0.5517196111632257,1151.459303780809,18.612400341918395,0.3904382470119522,0.012218507336043377,0.0,0.0,obsx_flicker,torque,"nmpc+mmae[filt=1,forget=0.95,gate=1,ffu=1,qyaw=1,obs=1,aci=1,obsm=0.01]",19,2.6694304943084717,0,0.30081075697211157,3.034692292892007,3.3164510480128233,0.042682926829268296,492
0.09583423141451919,0.10705602807739495,0.23030915769774526,0.6823492176161395,0.6823492176161394,1148.5918124860018,23.0845025926305,0.2729083665338645,0.011792837433116321,0.0,0.0,obsx_flicker,uncertainty,"nmpc+kf[r_v=0.15,r_w=0.15,q_F=10,q_tau=1,filt=1,gate=1,ffu=1,qyaw=1,obs=1,aci=1,obsm=0.01]",0,2.4263415336608887,0,0.2828824701195219,2.5737530220693268,2.8155734273605053,0.042682926829268296,492
0.044137845473149,0.04919626109660269,0.1149368764112518,0.5602642996256466,0.5602642996256466,1434.3171419953594,30.986256739546505,0.035856573705179286,0.012595990432147652,0.0,0.0,obsx_flicker,uncertainty,"nmpc+kf[r_v=0.15,r_w=0.15,q_F=10,q_tau=1,filt=1,gate=1,ffu=1,qyaw=1,obs=1,aci=1,obsm=0.01]",1,2.476635217666626,0,0.2837231075697212,2.6108002493276716,2.8030339092947543,0.042682926829268296,492
0.0604450263558282,0.06752858398029281,0.12891932325865454,0.6035358751559641,0.6035358751559641,1145.9719469004397,30.850293179117852,0.1294820717131474,0.012255387700731757,0.0,0.0,obsx_flicker,uncertainty,"nmpc+kf[r_v=0.15,r_w=0.15,q_F=10,q_tau=1,filt=1,gate=1,ffu=1,qyaw=1,obs=1,aci=1,obsm=0.01]",2,1.6570932865142822,0,0.22701195219123507,1.7639920588553069,2.4283688399009407,0.042682926829268296,492
0.1363563761326005,0.15228642223337757,0.3386574572249197,0.5890834262974233,0.5890834262974233,1615.5263312973816,27.405034901078892,0.34462151394422313,0.012122716921196819,0.0,0.0,obsx_flicker,uncertainty,"nmpc+kf[r_v=0.15,r_w=0.15,q_F=10,q_tau=1,filt=1,gate=1,ffu=1,qyaw=1,obs=1,aci=1,obsm=0.01]",3,2.5456507205963135,0,0.31333864541832673,2.71403224001531,3.014066498726607,0.042682926829268296,492
0.06690384116031546,0.0746990517740671,0.14310931006895405,3.3357645649793533,3.3357645649793533,1489.9872380758366,15.831440817082006,0.11553784860557768,0.0127874768263318,0.0,0.0,obsx_flicker,uncertainty,"nmpc+kf[r_v=0.15,r_w=0.15,q_F=10,q_tau=1,filt=1,gate=1,ffu=1,qyaw=1,obs=1,aci=1,obsm=0.01]",4,2.4333722591400146,0,0.2861673306772909,2.5591710197416497,2.7695595379918814,0.044715447154471545,492
0.06498909136432361,0.07260846210882474,0.12078709194673892,0.4599104423689125,0.4599104423689125,1111.8077323818532,14.405396557269393,0.08565737051792828,0.012067705469037321,0.0,0.0,obsx_flicker,uncertainty,"nmpc+kf[r_v=0.15,r_w=0.15,q_F=10,q_tau=1,filt=1,gate=1,ffu=1,qyaw=1,obs=1,aci=1,obsm=0.01]",5,2.510261297225952,0,0.3025697211155378,2.6517881996989017,5.4164147307165,0.042682926829268296,492
0.11614593573234631,0.12952290644564737,0.26262428316645225,0.6861069321445815,0.6861069321445814,1725.9472342402994,29.66354960086499,0.3187250996015936,0.012015255873978725,0.0,0.0,obsx_flicker,uncertainty,"nmpc+kf[r_v=0.15,r_w=0.15,q_F=10,q_tau=1,filt=1,gate=1,ffu=1,qyaw=1,obs=1,aci=1,obsm=0.01]",6,2.2739429473876953,0,0.29089840637450204,2.4261928183876305,4.7738122614100655,0.044715447154471545,492
0.0626680679807566,0.07000109408807861,0.14197116914066188,0.8138972730000835,0.8138972730000835,1184.590893172049,45.70678947430166,0.10756972111553785,0.012554108278157755,0.0,0.0,obsx_flicker,uncertainty,"nmpc+kf[r_v=0.15,r_w=0.15,q_F=10,q_tau=1,filt=1,gate=1,ffu=1,qyaw=1,obs=1,aci=1,obsm=0.01]",7,2.4496772289276123,0,0.2801314741035856,2.5999597459289423,3.109685769304633,0.044715447154471545,492
0.06582491104953594,0.07340758902886786,0.11553575242997363,0.3217272977265369,0.3217272977265369,1065.7739527475062,27.108204311745805,0.11155378486055777,0.01203331774016525,0.0,0.0,obsx_flicker,uncertainty,"nmpc+kf[r_v=0.15,r_w=0.15,q_F=10,q_tau=1,filt=1,gate=1,ffu=1,qyaw=1,obs=1,aci=1,obsm=0.01]",8,2.591912269592285,0,0.2978645418326693,2.738187172119895,3.3909175242297356,0.042682926829268296,492
0.05404429150329669,0.060296244828936384,0.10149023450518249,0.4492424193693667,0.4492424193693667,1310.7132594994641,12.828239090325338,0.01593625498007968,0.013217476373968279,0.0,0.0,obsx_flicker,uncertainty,"nmpc+kf[r_v=0.15,r_w=0.15,q_F=10,q_tau=1,filt=1,gate=1,ffu=1,qyaw=1,obs=1,aci=1,obsm=0.01]",9,2.2664613723754883,0,0.25812749003984065,2.273113482104859,4.955982270184905,0.042682926829268296,492
0.04017998303305624,0.04481966736446476,0.07039473891266512,0.4221191417697762,0.4221191417697762,813.4358839177787,9.457818765194991,0.0,0.012417922177412555,0.0,0.0,obsx_flicker,uncertainty,"nmpc+kf[r_v=0.15,r_w=0.15,q_F=10,q_tau=1,filt=1,gate=1,ffu=1,qyaw=1,obs=1,aci=1,obsm=0.01]",10,2.564453125,0,0.30496613545816736,2.705419552048661,2.9004094563424587,0.042682926829268296,492
0.04797975252873444,0.05344117358537327,0.10206166984176598,0.43516011071249866,0.43516011071249866,1070.5714423952804,11.61689411078325,0.0199203187250996,0.013906291991448633,0.0,0.0,obsx_flicker,uncertainty,"nmpc+kf[r_v=0.15,r_w=0.15,q_F=10,q_tau=1,filt=1,gate=1,ffu=1,qyaw=1,obs=1,aci=1,obsm=0.01]",11,2.4558234214782715,0,0.2928725099601594,2.6043542077304775,2.8095799987204373,0.042682926829268296,492
0.07006464658476909,0.07812527858606318,0.12329567378381402,0.6765436404789029,0.6765436404789029,1046.3943497713153,18.555888192868917,0.18127490039840638,0.014023676210503933,0.0,0.0,obsx_flicker,uncertainty,"nmpc+kf[r_v=0.15,r_w=0.15,q_F=10,q_tau=1,filt=1,gate=1,ffu=1,qyaw=1,obs=1,aci=1,obsm=0.01]",12,2.5637128353118896,0,0.29420119521912347,2.6945179139089537,2.9086687322705984,0.042682926829268296,492
0.07492153228715195,0.0837172504410997,0.12007481372644112,0.8038090260170438,0.8038090260170438,1499.7671226822288,25.863288912692923,0.25697211155378485,0.011783490409197073,0.0,0.0,obsx_flicker,uncertainty,"nmpc+kf[r_v=0.15,r_w=0.15,q_F=10,q_tau=1,filt=1,gate=1,ffu=1,qyaw=1,obs=1,aci=1,obsm=0.01]",13,2.476738691329956,0,0.295296812749004,2.6098334961440934,5.068582538515331,0.042682926829268296,492
0.061062385423612225,0.0681752432408798,0.10230276402150175,0.3093826440822409,0.3093826440822409,804.9439891243272,10.226179465733015,0.029880478087649404,0.01304844950155759,0.0,0.0,obsx_flicker,uncertainty,"nmpc+kf[r_v=0.15,r_w=0.15,q_F=10,q_tau=1,filt=1,gate=1,ffu=1,qyaw=1,obs=1,aci=1,obsm=0.01]",14,2.5776100158691406,0,0.304398406374502,2.7309495406559265,2.993838735856116,0.042682926829268296,492
0.10216959386541406,0.11407685177412537,0.20371573593063733,0.4866201447831796,0.4866201447831796,2014.0341773482521,15.528655590348837,0.3705179282868526,0.011489256333473918,0.0,0.0,obsx_flicker,uncertainty,"nmpc+kf[r_v=0.15,r_w=0.15,q_F=10,q_tau=1,filt=1,gate=1,ffu=1,qyaw=1,obs=1,aci=1,obsm=0.01]",15,2.5589358806610107,0,0.3090597609561753,2.716368890786729,2.940224593039602,0.042682926829268296,492
0.04204423329384535,0.046588149917960724,0.11753324221317173,0.5430596833769132,0.5430596833769132,883.9267164273464,24.716099294464648,0.06374501992031872,0.012158197752743988,0.0,0.0,obsx_flicker,uncertainty,"nmpc+kf[r_v=0.15,r_w=0.15,q_F=10,q_tau=1,filt=1,gate=1,ffu=1,qyaw=1,obs=1,aci=1,obsm=0.01]",16,1.8805575370788574,0,0.2617350597609562,2.004262798770045,2.9552450869232416,0.042682926829268296,492
0.034303316940796615,0.038251793355245596,0.07345934044538258,0.640998017266847,0.6409980172668471,1145.3203765309115,13.954150110342434,0.0,0.014307727218730137,0.0,0.0,obsx_flicker,uncertainty,"nmpc+kf[r_v=0.15,r_w=0.15,q_F=10,q_tau=1,filt=1,gate=1,ffu=1,qyaw=1,obs=1,aci=1,obsm=0.01]",17,1.8529517650604248,0,0.23663545816733067,1.9682053995107216,2.7149874507449567,0.042682926829268296,492
0.06579772926691115,0.07342818974925779,0.12119946196585181,0.8922662042154013,0.8922662042154013,1838.3557012403667,28.307439597118417,0.12151394422310757,0.012617122129036151,0.0,0.0,obsx_flicker,uncertainty,"nmpc+kf[r_v=0.15,r_w=0.15,q_F=10,q_tau=1,filt=1,gate=1,ffu=1,qyaw=1,obs=1,aci=1,obsm=0.01]",18,2.477524757385254,0,0.3089581673306773,2.642528819517637,2.9472446674481034,0.042682926829268296,492
0.09114749195861971,0.10179032865087277,0.16169550106147895,0.578903428884721,0.578903428884721,1339.3506619296918,18.705101120303684,0.39641434262948205,0.011538661562490948,0.0,0.0,obsx_flicker,uncertainty,"nmpc+kf[r_v=0.15,r_w=0.15,q_F=10,q_tau=1,filt=1,gate=1,ffu=1,qyaw=1,obs=1,aci=1,obsm=0.01]",19,2.390084743499756,0,0.28963545816733066,2.536508502843103,2.904076590202749,0.042682926829268296,492
0.09534238918762944,0.1065018210190512,0.2281784250761996,0.6766652081861635,0.6766652081861635,1163.7635020013977,22.63984507012804,0.27091633466135456,0.01190719859806666,0.0,0.0,obsx_flicker,uncertainty,"nmpc+mmae[filt=1,forget=0.95,gate=1,ffu=1,qyaw=1,obs=1,aci=1,obsm=0.01]",0,2.71431303024292,0,0.2915876494023904,3.1018583581734642,4.636526976246388,0.042682926829268296,492
0.04132253510528419,0.04615971256494172,0.11363594126669178,0.7593929825584016,0.7593929825584017,1426.2678743321087,30.931009286136096,0.03386454183266932,0.012443618983098648,0.0,0.0,obsx_flicker,uncertainty,"nmpc+mmae[filt=1,forget=0.95,gate=1,ffu=1,qyaw=1,obs=1,aci=1,obsm=0.01]",1,2.6355202198028564,0,0.2844282868525897,2.9809888372516844,3.27538886340335,0.042682926829268296,492
0.05996881268169388,0.06698701908619166,0.129751632116457,0.6162708218936251,0.6162708218936251,1132.3657112463707,31.43691373128918,0.11952191235059761,0.012525774246101684,0.0,0.0,obsx_flicker,uncertainty,"nmpc+mmae[filt=1,forget=0.95,gate=1,ffu=1,qyaw=1,obs=1,aci=1,obsm=0.01]",2,2.3991410732269287,0,0.27097410358565743,2.7110668560638427,3.7389704701490714,0.042682926829268296,492
0.13490661827750558,0.15074798075625215,0.3365705638137961,0.6194418166530409,0.6194418166530409,1744.7090996795844,25.877711640372475,0.34860557768924305,0.01241581380751311,0.0,0.0,obsx_flicker,uncertainty,"nmpc+mmae[filt=1,forget=0.95,gate=1,ffu=1,qyaw=1,obs=1,aci=1,obsm=0.01]",3,2.7879390716552734,0,0.3195976095617529,3.1803521133803456,5.630969144403936,0.042682926829268296,492
0.06420943291707802,0.07173221574229367,0.13043925352119448,2.8683386983182766,2.8683386983182766,1630.8000609821572,23.28471096756173,0.10756972111553785,0.013053775237905685,0.0,0.0,obsx_flicker,uncertainty,"nmpc+mmae[filt=1,forget=0.95,gate=1,ffu=1,qyaw=1,obs=1,aci=1,obsm=0.01]",4,2.6452484130859375,0,0.2937410358565737,2.9885694542268952,3.421833442989737,0.044715447154471545,492
0.0663155287804515,0.07409121783117854,0.12097852795681041,0.725330275054323,0.725330275054323,1128.708233832218,14.617856726159175,0.11155378486055777,0.012391186663169407,0.0,0.0,obsx_flicker,uncertainty,"nmpc+mmae[filt=1,forget=0.95,gate=1,ffu=1,qyaw=1,obs=1,aci=1,obsm=0.01]",5,2.778691291809082,0,0.3090239043824701,3.152132659976137,3.3557451772503555,0.042682926829268296,492
0.11441923826819485,0.1276646186039917,0.2616573632332085,0.689672441991112,0.689672441991112,1591.2340948594258,29.309793059237347,0.31673306772908366,0.011800551792245262,0.0,0.0,obsx_flicker,uncertainty,"nmpc+mmae[filt=1,forget=0.95,gate=1,ffu=1,qyaw=1,obs=1,aci=1,obsm=0.01]",6,2.669684410095215,0,0.3014203187250996,3.0399008145726536,3.2525915605947375,0.042682926829268296,492
0.06734463758077766,0.0752174356641667,0.15782798852143728,0.7930397919633173,0.7930397919633173,1329.7135579046937,45.94709484569893,0.15139442231075698,0.012274887854848232,0.0,0.0,obsx_flicker,uncertainty,"nmpc+mmae[filt=1,forget=0.95,gate=1,ffu=1,qyaw=1,obs=1,aci=1,obsm=0.01]",7,2.599189519882202,0,0.27635856573705186,2.958881565317719,5.452236623968949,0.042682926829268296,492
0.06513793172058689,0.07277498912489551,0.11357851979030935,0.34441211324500415,0.34441211324500415,1093.3282740200366,25.822205422310667,0.10756972111553785,0.012632433438651086,0.0,0.0,obsx_flicker,uncertainty,"nmpc+mmae[filt=1,forget=0.95,gate=1,ffu=1,qyaw=1,obs=1,aci=1,obsm=0.01]",8,2.56892466545105,0,0.26542629482071706,2.9996465947256383,3.2930566207505763,0.042682926829268296,492
0.05813338004034132,0.06493873354371904,0.11803554123980506,1.0720645874517178,1.0720645874517178,1478.4982504353904,15.570291278518855,0.061752988047808766,0.011982429325368638,0.0,0.0,obsx_flicker,uncertainty,"nmpc+mmae[filt=1,forget=0.95,gate=1,ffu=1,qyaw=1,obs=1,aci=1,obsm=0.01]",9,2.5596418380737305,0,0.27961752988047806,2.912800582366962,3.3114607981406152,0.042682926829268296,492
0.038896371954379005,0.04341879207523616,0.06849591926870281,0.3987920030050633,0.39879200300506323,776.9394460210208,9.732917005528233,0.0,0.012367688831534274,0.0,0.0,obsx_flicker,uncertainty,"nmpc+mmae[filt=1,forget=0.95,gate=1,ffu=1,qyaw=1,obs=1,aci=1,obsm=0.01]",10,2.5835041999816895,0,0.3071752988047809,2.9400139156565723,3.7829238409176478,0.042682926829268296,492
0.05165008797163256,0.05764643518293447,0.1015424689055381,0.8646350407130766,0.8646350407130766,1031.6008883782795,11.687630350566694,0.017928286852589643,0.013443312076785119,0.0,0.0,obsx_flicker,uncertainty,"nmpc+mmae[filt=1,forget=0.95,gate=1,ffu=1,qyaw=1,obs=1,aci=1,obsm=0.01]",11,2.6565065383911133,0,0.2885796812749004,3.010847878946637,3.1976325577124953,0.042682926829268296,492
0.07283494800251504,0.08135881691653701,0.13585768610085422,1.0951481460318133,1.095148146031813,963.4977954676143,24.535650473325,0.20119521912350596,0.013409912377274846,0.0,0.0,obsx_flicker,uncertainty,"nmpc+mmae[filt=1,forget=0.95,gate=1,ffu=1,qyaw=1,obs=1,aci=1,obsm=0.01]",12,2.798253297805786,0,0.2953705179282869,3.1766932164560036,5.501181012950855,0.044715447154471545,492
0.07487256732237546,0.08365436939492225,0.11590139157826891,0.9010922792417113,0.9010922792417113,1819.2922401768467,24.57279660152758,0.2649402390438247,0.01149590697410624,0.0,0.0,obsx_flicker,uncertainty,"nmpc+mmae[filt=1,forget=0.95,gate=1,ffu=1,qyaw=1,obs=1,aci=1,obsm=0.01]",13,2.8700273036956787,0,0.311898406374502,3.260368345383243,5.404929160140455,0.042682926829268296,492
0.05956503305590301,0.06654338637251558,0.10162342492022655,0.30024377189370477,0.3002437718937048,829.5941884066501,10.397022842549628,0.0199203187250996,0.01311108565927932,0.0,0.0,obsx_flicker,uncertainty,"nmpc+mmae[filt=1,forget=0.95,gate=1,ffu=1,qyaw=1,obs=1,aci=1,obsm=0.01]",14,2.8412187099456787,0,0.3148625498007968,3.234980491999225,3.5597600461915135,0.042682926829268296,492
0.10989899058096625,0.1227404961145704,0.21115935104748518,0.9866662114065953,0.9866662114065953,1656.9748522368761,19.351687918900204,0.44223107569721115,0.012112563185554703,0.0,0.0,obsx_flicker,uncertainty,"nmpc+mmae[filt=1,forget=0.95,gate=1,ffu=1,qyaw=1,obs=1,aci=1,obsm=0.01]",15,2.7996435165405273,0,0.317398406374502,3.193500624743264,3.4301201021298766,0.042682926829268296,492
0.038604615712513966,0.04309720780779361,0.10775244571690211,0.5554202254189617,0.5554202254189619,875.020209379501,23.372088368480792,0.037848605577689244,0.012939449634241956,0.0,0.0,obsx_flicker,uncertainty,"nmpc+mmae[filt=1,forget=0.95,gate=1,ffu=1,qyaw=1,obs=1,aci=1,obsm=0.01]",16,2.6872100830078125,0,0.3106434262948207,3.062636187982809,5.887513170018792,0.042682926829268296,492
0.04399160564554942,0.049136924804792224,0.09889708091557514,1.5578613971196866,1.5578613971196866,1250.5011635072049,19.536692143297856,0.0,0.011807425234146574,0.0,0.0,obsx_flicker,uncertainty,"nmpc+mmae[filt=1,forget=0.95,gate=1,ffu=1,qyaw=1,obs=1,aci=1,obsm=0.01]",17,2.8023877143859863,0,0.2938745019920319,3.184724256834127,3.4420936135575175,0.042682926829268296,492
0.07264021617740424,0.08114592995321585,0.1318045802149785,1.5526693862474368,1.5526693862474368,1839.6789023148194,32.53955095650463,0.1693227091633466,0.013033804286418649,0.0,0.0,obsx_flicker,uncertainty,"nmpc+mmae[filt=1,forget=0.95,gate=1,ffu=1,qyaw=1,obs=1,aci=1,obsm=0.01]",18,2.128166913986206,0,0.27703386454183265,2.424660770489697,5.61062032589689,0.044715447154471545,492
0.090338597771418,0.10088145261024278,0.16055001597084478,0.5260659718921427,0.5260659718921427,1245.1597521252552,19.197995260173123,0.39243027888446214,0.011992716174354934,0.0,0.0,obsx_flicker,uncertainty,"nmpc+mmae[filt=1,forget=0.95,gate=1,ffu=1,qyaw=1,obs=1,aci=1,obsm=0.01]",19,2.8810834884643555,0,0.31858964143426294,3.2788085068512958,4.5396894239820575,0.042682926829268296,492
0.09649633203942276,0.1077962806914061,0.23210170721602633,0.7240960414598134,0.7240960414598134,994.9142914106925,25.404844506082515,0.27689243027888444,0.01197953317513456,0.0,0.0,obsx_flicker,wind,"nmpc+kf[r_v=0.15,r_w=0.15,q_F=10,q_tau=1,filt=1,gate=1,ffu=1,qyaw=1,obs=1,aci=1,obsm=0.01]",0,2.562614679336548,0,0.2932350597609562,2.722483475236185,3.02060070913285,0.042682926829268296,492
0.04817920443124262,0.05368716407246794,0.11615346326431425,0.5907435696907498,0.5907435696907498,1181.1544342864545,34.84940719445276,0.05976095617529881,0.012327097066617276,0.0,0.0,obsx_flicker,wind,"nmpc+kf[r_v=0.15,r_w=0.15,q_F=10,q_tau=1,filt=1,gate=1,ffu=1,qyaw=1,obs=1,aci=1,obsm=0.01]",1,2.4341399669647217,0,0.2773645418326694,2.571246550099338,2.782588608097285,0.042682926829268296,492
0.06038218881351599,0.06736155237818008,0.12890600224326534,0.6256939321923642,0.6256939321923642,1128.8160899981042,30.615719321847582,0.13545816733067728,0.012649120762601995,0.0,0.0,obsx_flicker,wind,"nmpc+kf[r_v=0.15,r_w=0.15,q_F=10,q_tau=1,filt=1,gate=1,ffu=1,qyaw=1,obs=1,aci=1,obsm=0.01]",2,2.3759121894836426,0,0.27837848605577686,2.4936027371276364,2.815071386285126,0.042682926829268296,492
0.13373417510695193,0.14942728646113762,0.3350674919885355,0.7343810125541276,0.7343810125541276,1142.8303272534674,28.065896624727205,0.3346613545816733,0.01267246126551852,0.0,0.0,obsx_flicker,wind,"nmpc+kf[r_v=0.15,r_w=0.15,q_F=10,q_tau=1,filt=1,gate=1,ffu=1,qyaw=1,obs=1,aci=1,obsm=0.01]",3,2.5928750038146973,0,0.3174800796812749,2.757689188349532,5.042463843710739,0.042682926829268296,492
0.06661796912996226,0.07430451968418951,0.14263938664774947,1.3628361633529635,1.3628361633529635,1479.3614269160673,17.521515428974723,0.12350597609561753,0.01281647921136847,0.0,0.0,obsx_flicker,wind,"nmpc+kf[r_v=0.15,r_w=0.15,q_F=10,q_tau=1,filt=1,gate=1,ffu=1,qyaw=1,obs=1,aci=1,obsm=0.01]",4,2.5450077056884766,0,0.2961852589641434,2.681701719590214,2.9189225379377604,0.044715447154471545,492
0.06450318442221957,0.07199269924929441,0.12188024686663092,0.4706212654712811,0.4706212654712811,1047.9363093375437,13.992570783114225,0.08565737051792828,0.01251537396766722,0.0,0.0,obsx_flicker,wind,"nmpc+kf[r_v=0.15,r_w=0.15,q_F=10,q_tau=1,filt=1,gate=1,ffu=1,qyaw=1,obs=1,aci=1,obsm=0.01]",5,2.5346946716308594,0,0.3045179282868526,2.6804370085794136,3.005465378519148,0.042682926829268296,492
0.1125710676980621,0.12549635355922972,0.26009342500950194,0.658005099338065,0.658005099338065,1346.1630686734431,26.820188277736793,0.3207171314741036,0.012876484982568714,0.0,0.0,obsx_flicker,wind,"nmpc+kf[r_v=0.15,r_w=0.15,q_F=10,q_tau=1,filt=1,gate=1,ffu=1,qyaw=1,obs=1,aci=1,obsm=0.01]",6,2.439514636993408,0,0.2956752988047809,2.5794085822962374,2.945748348720372,0.044715447154471545,492
0.06279995019204948,0.06982646950879098,0.14510347851428493,0.6907543343386863,0.6907543343386865,1291.1798397992156,44.42131597028809,0.11354581673306773,0.012450594727081432,0.0,0.0,obsx_flicker,wind,"nmpc+kf[r_v=0.15,r_w=0.15,q_F=10,q_tau=1,filt=1,gate=1,ffu=1,qyaw=1,obs=1,aci=1,obsm=0.01]",7,2.445858955383301,0,0.27407768924302783,2.571950729220245,2.8135603573173285,0.044715447154471545,492
0.06604136122844517,0.0736416775951946,0.11740598450774621,0.2874873379073449,0.2874873379073449,943.0583314376906,25.738380922607416,0.11155378486055777,0.012262946865512325,0.0,0.0,obsx_flicker,wind,"nmpc+kf[r_v=0.15,r_w=0.15,q_F=10,q_tau=1,filt=1,gate=1,ffu=1,qyaw=1,obs=1,aci=1,obsm=0.01]",8,2.442718505859375,0,0.27550796812749007,2.5793521616800845,2.7917986549437046,0.042682926829268296,492
0.056155674589063224,0.0625817489437556,0.10445308267814257,0.6039434861882871,0.6039434861882871,1125.3149640530435,11.39405137405124,0.03187250996015936,0.01238291099213168,0.0,0.0,obsx_flicker,wind,"nmpc+kf[r_v=0.15,r_w=0.15,q_F=10,q_tau=1,filt=1,gate=1,ffu=1,qyaw=1,obs=1,aci=1,obsm=0.01]",9,2.506009101867676,0,0.30884860557768923,2.6721412824296142,5.7542085950262845,0.042682926829268296,492
0.04156174672843268,0.046226512732344925,0.07397146968557756,0.4699912617907214,0.4699912617907214,854.0044335339568,9.656444017533186,0.0,0.01252879037182425,0.0,0.0,obsx_flicker,wind,"nmpc+kf[r_v=0.15,r_w=0.15,q_F=10,q_tau=1,filt=1,gate=1,ffu=1,qyaw=1,obs=1,aci=1,obsm=0.01]",10,2.492098093032837,0,0.29318326693227087,2.633767498868603,5.68127886625007,0.042682926829268296,492
0.04763475211619777,0.05279889088496262,0.09903368422191489,0.36050447915522976,0.36050447915522976,1092.8542241411606,13.435565268866135,0.0,0.012691678217143565,0.0,0.0,obsx_flicker,wind,"nmpc+kf[r_v=0.15,r_w=0.15,q_F=10,q_tau=1,filt=1,gate=1,ffu=1,qyaw=1,obs=1,aci=1,obsm=0.01]",11,2.453981876373291,0,0.29236055776892433,2.5992316896081027,2.898667179979384,0.042682926829268296,492
0.06805840934032648,0.07575066763557647,0.11824645809365243,0.7591510363283905,0.7591510363283905,1379.330653157186,20.22962497904656,0.15338645418326693,0.012895404236110464,0.0,0.0,obsx_flicker,wind,"nmpc+kf[r_v=0.15,r_w=0.15,q_F=10,q_tau=1,filt=1,gate=1,ffu=1,qyaw=1,obs=1,aci=1,obsm=0.01]",12,2.087775945663452,0,0.26483665338645423,2.2027258505206184,4.585638991557067,0.042682926829268296,492
0.07630385374001948,0.08490044119135928,0.12321089977384517,0.748997676283808,0.748997676283808,1346.6870869458933,30.038879675958498,0.2549800796812749,0.011740297818555678,0.0,0.0,obsx_flicker,wind,"nmpc+kf[r_v=0.15,r_w=0.15,q_F=10,q_tau=1,filt=1,gate=1,ffu=1,qyaw=1,obs=1,aci=1,obsm=0.01]",13,2.4609103202819824,0,0.2889920318725099,2.5546957814761724,5.111361630260944,0.042682926829268296,492
0.061612158372323,0.06850699004273449,0.10386075731241051,0.3049609240197229,0.30496092401972297,835.1970942807728,11.51429658186381,0.0398406374501992,0.013528574378792624,0.0,0.0,obsx_flicker,wind,"nmpc+kf[r_v=0.15,r_w=0.15,q_F=10,q_tau=1,filt=1,gate=1,ffu=1,qyaw=1,obs=1,aci=1,obsm=0.01]",14,2.4924237728118896,0,0.2968864541832669,2.6354579499874458,3.4791112225502734,0.042682926829268296,492
0.10212208549117219,0.11403856263183512,0.21121046916674122,0.5104603048536254,0.5104603048536254,1463.7040453364586,17.89125606747821,0.350597609561753,0.011692952808996016,0.0,0.0,obsx_flicker,wind,"nmpc+kf[r_v=0.15,r_w=0.15,q_F=10,q_tau=1,filt=1,gate=1,ffu=1,qyaw=1,obs=1,aci=1,obsm=0.01]",15,2.445725917816162,0,0.2945318725099601,2.595259996309164,2.824726833496243,0.042682926829268296,492
0.04160062681795044,0.045552259391287785,0.10627339068916271,0.4813992017608692,0.4813992017608692,1041.4157066568027,23.858332871634538,0.037848605577689244,0.01242529174710183,0.0,0.0,obsx_flicker,wind,"nmpc+kf[r_v=0.15,r_w=0.15,q_F=10,q_tau=1,filt=1,gate=1,ffu=1,qyaw=1,obs=1,aci=1,obsm=0.01]",16,2.4465510845184326,0,0.2899999999999999,2.5800302966991326,2.9075973178260033,0.042682926829268296,492
0.03535869388331855,0.03924780013420272,0.0771748709916778,0.7263365942145601,0.72633659421456,1221.745256329995,16.428513186033587,0.0,0.014867416163961422,0.0,0.0,obsx_flicker,wind,"nmpc+kf[r_v=0.15,r_w=0.15,q_F=10,q_tau=1,filt=1,gate=1,ffu=1,qyaw=1,obs=1,aci=1,obsm=0.01]",17,2.4121828079223633,0,0.27392828685258963,2.551129624429363,2.860555308870971,0.042682926829268296,492
0.06562563841291698,0.07311408788018864,0.11810180610385998,2.0096360906747224,2.0096360906747224,1720.6413527407524,29.95024128139492,0.11752988047808766,0.01152519323934409,0.0,0.0,obsx_flicker,wind,"nmpc+kf[r_v=0.15,r_w=0.15,q_F=10,q_tau=1,filt=1,gate=1,ffu=1,qyaw=1,obs=1,aci=1,obsm=0.01]",18,2.3035058975219727,0,0.3051932270916335,2.4671738863406905,5.541280135512353,0.042682926829268296,492
0.09038821068944786,0.10063783654835423,0.1590620358958949,0.5908267572145209,0.5908267572145209,1073.1011677289005,17.884315229235575,0.39243027888446214,0.012248090725591354,0.0,0.0,obsx_flicker,wind,"nmpc+kf[r_v=0.15,r_w=0.15,q_F=10,q_tau=1,filt=1,gate=1,ffu=1,qyaw=1,obs=1,aci=1,obsm=0.01]",19,2.619978666305542,0,0.3341215139442232,2.7941443425866654,6.109358053654433,0.042682926829268296,492
0.09524136456863422,0.10639383369354291,0.22877290521228175,0.7813769247839092,0.7813769247839092,1046.3130414085358,24.494179652876994,0.27091633466135456,0.0119720337960329,0.0,0.0,obsx_flicker,wind,"nmpc+mmae[filt=1,forget=0.95,gate=1,ffu=1,qyaw=1,obs=1,aci=1,obsm=0.01]",0,2.5808920860290527,0,0.2765418326693227,2.9334070896581412,3.406864977441728,0.042682926829268296,492
0.04462111065138708,0.049819138086406124,0.11469163792531065,0.8153861164861833,0.8153861164861833,1202.1562383041926,35.195988599121115,0.03386454183266932,0.012088556019071717,0.0,0.0,obsx_flicker,wind,"nmpc+mmae[filt=1,forget=0.95,gate=1,ffu=1,qyaw=1,obs=1,aci=1,obsm=0.01]",1,2.724551200866699,0,0.28780079681274895,3.085578768143052,3.4795874846167867,0.042682926829268296,492
0.06036431798731245,0.06740894638439271,0.13032565766343387,0.611993724674865,0.611993724674865,1222.4527998138158,30.798515097683204,0.1294820717131474,0.01207726072531018,0.0,0.0,obsx_flicker,wind,"nmpc+mmae[filt=1,forget=0.95,gate=1,ffu=1,qyaw=1,obs=1,aci=1,obsm=0.01]",2,2.540534019470215,0,0.2775836653386454,2.898605047368938,4.523742559831594,0.042682926829268296,492
0.13378324453528326,0.1494891921112465,0.33544830976170525,0.7250770376954216,0.7250770376954215,1168.3734720360515,27.921232539024505,0.33266932270916333,0.012865308022373179,0.0,0.0,obsx_flicker,wind,"nmpc+mmae[filt=1,forget=0.95,gate=1,ffu=1,qyaw=1,obs=1,aci=1,obsm=0.01]",3,2.2598717212677,0,0.2701374501992032,2.5923080678353925,3.4059219807386403,0.042682926829268296,492
0.06662572624509723,0.07443090500962797,0.1487119577364564,1.5643971279769815,1.5643971279769815,1746.8714411451697,25.95440063820267,0.10756972111553785,0.011233536679549017,0.0,0.0,obsx_flicker,wind,"nmpc+mmae[filt=1,forget=0.95,gate=1,ffu=1,qyaw=1,obs=1,aci=1,obsm=0.01]",4,2.5079169273376465,0,0.2846235059760956,2.8432803724769995,3.6373135866597295,0.044715447154471545,492
0.0667829765833319,0.0745998008048373,0.12101311431580626,0.7833947674420003,0.7833947674420003,974.3587800614564,18.951583197103226,0.14342629482071714,0.012405505214464624,0.0,0.0,obsx_flicker,wind,"nmpc+mmae[filt=1,forget=0.95,gate=1,ffu=1,qyaw=1,obs=1,aci=1,obsm=0.01]",5,2.3843395709991455,0,0.2828406374501992,2.7117397208545966,3.4946886938996613,0.042682926829268296,492
0.11251733168756908,0.12551241093672616,0.26132478576327406,0.6867522101741574,0.6867522101741574,1314.5509901835667,26.43582231181123,0.31673306772908366,0.012776302659261995,0.0,0.0,obsx_flicker,wind,"nmpc+mmae[filt=1,forget=0.95,gate=1,ffu=1,qyaw=1,obs=1,aci=1,obsm=0.01]",6,2.243457078933716,0,0.26805179282868524,2.559636502463623,3.472809290979058,0.044715447154471545,492
0.06321831949916147,0.07056090157685213,0.1418452387595593,0.706715169299991,0.706715169299991,1380.6203337401435,44.19653409676354,0.11354581673306773,0.011996757327191021,0.0,0.0,obsx_flicker,wind,"nmpc+mmae[filt=1,forget=0.95,gate=1,ffu=1,qyaw=1,obs=1,aci=1,obsm=0.01]",7,2.2413601875305176,0,0.24920517928286856,2.5406728166552535,3.938603848218919,0.042682926829268296,492
0.06457040421029127,0.07212701610957457,0.11308551982588086,0.26779629806503147,0.26779629806503147,983.5363602182898,25.388993502613058,0.10159362549800798,0.013071539905178203,0.0,0.0,obsx_flicker,wind,"nmpc+mmae[filt=1,forget=0.95,gate=1,ffu=1,qyaw=1,obs=1,aci=1,obsm=0.01]",8,2.5147039890289307,0,0.27387649402390435,2.848920802886327,3.5558850085362796,0.042682926829268296,492
0.05753876407126531,0.06423258314383777,0.11826999458710064,1.545506362712802,1.545506362712802,1182.0075322771377,17.558442639030353,0.05976095617529881,0.01060033543668315,0.0,0.0,obsx_flicker,wind,"nmpc+mmae[filt=1,forget=0.95,gate=1,ffu=1,qyaw=1,obs=1,aci=1,obsm=0.01]",9,2.1035385131835938,0,0.23202390438247014,2.383496580771597,3.3449024939909577,0.042682926829268296,492
0.039025159331224746,0.04355008119254213,0.06922098918315982,0.43743611686421685,0.43743611686421685,865.6484549238323,10.667747013065542,0.0,0.012451363160093099,0.0,0.0,obsx_flicker,wind,"nmpc+mmae[filt=1,forget=0.95,gate=1,ffu=1,qyaw=1,obs=1,aci=1,obsm=0.01]",10,2.4941604137420654,0,0.2875139442231076,2.8307110519218908,3.397663584910333,0.042682926829268296,492
0.051257951048310955,0.05715308205172536,0.10001795904042235,0.6811744050547534,0.6811744050547534,1087.1930041267215,14.890322009319297,0.00398406374501992,0.012754763554941345,0.0,0.0,obsx_flicker,wind,"nmpc+mmae[filt=1,forget=0.95,gate=1,ffu=1,qyaw=1,obs=1,aci=1,obsm=0.01]",11,2.134019613265991,0,0.25238844621513945,2.4172677264263136,6.284645404666662,0.042682926829268296,492
0.07138038698959875,0.07972094448586642,0.12511680240608003,1.1563593393283023,1.1563593393283023,1344.4138322351264,24.382929344009167,0.199203187250996,0.012875612021515714,0.0,0.0,obsx_flicker,wind,"nmpc+mmae[filt=1,forget=0.95,gate=1,ffu=1,qyaw=1,obs=1,aci=1,obsm=0.01]",12,2.328517198562622,0,0.259191235059761,2.6434454746893143,3.5811311705037956,0.044715447154471545,492
0.07276824100893527,0.08125075015691702,0.11434134072483985,0.8729409666573096,0.8729409666573096,1566.4708834942728,28.45246902299131,0.20717131474103587,0.01163885903168771,0.0,0.0,obsx_flicker,wind,"nmpc+mmae[filt=1,forget=0.95,gate=1,ffu=1,qyaw=1,obs=1,aci=1,obsm=0.01]",13,2.3472740650177,0,0.26564541832669325,2.6724412040117076,3.6594785354100168,0.042682926829268296,492
0.05948709449471759,0.0664144876434931,0.10138962477717761,0.29702114457230816,0.29702114457230816,893.1318305078603,11.136765613749532,0.0199203187250996,0.012924529502036708,0.0,0.0,obsx_flicker,wind,"nmpc+mmae[filt=1,forget=0.95,gate=1,ffu=1,qyaw=1,obs=1,aci=1,obsm=0.01]",14,2.0858521461486816,0,0.24474701195219126,2.377706636912171,3.3437986695207664,0.042682926829268296,492
0.10258235376384602,0.11455348280278425,0.2080868091679549,0.7890998506093218,0.7890998506093219,1318.1122443373342,22.103048785584747,0.36852589641434264,0.01154427062023311,0.0,0.0,obsx_flicker,wind,"nmpc+mmae[filt=1,forget=0.95,gate=1,ffu=1,qyaw=1,obs=1,aci=1,obsm=0.01]",15,2.2127535343170166,0,0.26527290836653383,2.536963286023008,3.8536174362525384,0.042682926829268296,492
0.04026138361087326,0.04481224969138362,0.10998339479082359,0.5311162891851047,0.5311162891851047,1354.4930879563146,23.255681440774875,0.043824701195219126,0.012544893313122751,0.0,0.0,obsx_flicker,wind,"nmpc+mmae[filt=1,forget=0.95,gate=1,ffu=1,qyaw=1,obs=1,aci=1,obsm=0.01]",16,2.0709450244903564,0,0.2391434262948207,2.345912151532136,3.156157366465777,0.042682926829268296,492
0.04365977413013027,0.0487538835656779,0.10116044396368583,1.8941789138337048,1.8941789138337048,1394.2378682774722,20.87580362671217,0.017928286852589643,0.01169973925322404,0.0,0.0,obsx_flicker,wind,"nmpc+mmae[filt=1,forget=0.95,gate=1,ffu=1,qyaw=1,obs=1,aci=1,obsm=0.01]",17,1.7710976600646973,0,0.20458764940239044,2.001022485889999,3.0945111834444106,0.042682926829268296,492
0.07438572661402196,0.08308400082454596,0.1441270542338911,2.304426485503325,2.304426485503325,1980.3644788853067,33.78088712809022,0.17330677290836655,0.010770779975676992,0.0,0.0,obsx_flicker,wind,"nmpc+mmae[filt=1,forget=0.95,gate=1,ffu=1,qyaw=1,obs=1,aci=1,obsm=0.01]",18,1.9737954139709473,0,0.23971314741035857,2.2595800441760288,4.610439080279322,0.044715447154471545,492
0.09013319168538823,0.10061464815356651,0.16126996313184921,0.5697035223363895,0.5697035223363895,1113.0297399305528,18.126044686171408,0.3904382470119522,0.011828643235108127,0.0,0.0,obsx_flicker,wind,"nmpc+mmae[filt=1,forget=0.95,gate=1,ffu=1,qyaw=1,obs=1,aci=1,obsm=0.01]",19,1.694777011871338,0,0.20455378486055775,1.8556058672126903,3.0728922109119594,0.042682926829268296,492
0.11397747297119266,0.1272866848579647,0.2522447529454839,1.1572496545019237,1.1572496545019237,9961.471350738058,23.22967395673313,0.34462151394422313,0.02745314813542432,0.0,0.0,obsx_noise,force,"nmpc+kf[r_v=0.15,r_w=0.15,q_F=10,q_tau=1,filt=1,gate=1,ffu=1,qyaw=1,obs=1,aci=1,obsm=0.01]",0,1.219341516494751,0,0.17087250996015937,1.2884187230105657,2.0730841276235883,0.054878048780487805,492
0.05610191889556178,0.06253056059670739,0.13288729881396288,0.7420844273170777,0.7420844273170777,9468.957115796287,38.1556871648014,0.08565737051792828,0.030010787346324674,0.0,0.0,obsx_noise,force,"nmpc+kf[r_v=0.15,r_w=0.15,q_F=10,q_tau=1,filt=1,gate=1,ffu=1,qyaw=1,obs=1,aci=1,obsm=0.01]",1,1.2109084129333496,0,0.16910557768924303,1.2782105282728238,1.8173970119096343,0.0508130081300813,492
0.07928873693798028,0.08846141244510788,0.1569982402843395,1.2126269063676294,1.2126269063676294,10086.167254901215,40.03541546101687,0.2250996015936255,0.02606480747765616,0.0,0.0,obsx_noise,force,"nmpc+kf[r_v=0.15,r_w=0.15,q_F=10,q_tau=1,filt=1,gate=1,ffu=1,qyaw=1,obs=1,aci=1,obsm=0.01]",2,1.2214603424072266,0,0.17323107569721116,1.287437124322521,1.723206879105419,0.0508130081300813,492
0.14492926521500502,0.16192334436779587,0.3630097885004136,0.9737959034293852,0.9737959034293852,10894.30925641711,31.84052971141127,0.4860557768924303,0.028552897576815617,0.0,0.0,obsx_noise,force,"nmpc+kf[r_v=0.15,r_w=0.15,q_F=10,q_tau=1,filt=1,gate=1,ffu=1,qyaw=1,obs=1,aci=1,obsm=0.01]",3,1.2573933601379395,0,0.18718924302788845,1.3360486094992,2.2064871038310248,0.04878048780487805,492
0.08240495988967826,0.09189803947673478,0.165723005420364,0.8130201799830471,0.8130201799830471,8844.233285707925,27.093325320139677,0.3247011952191235,0.03298599971024058,0.0,0.0,obsx_noise,force,"nmpc+kf[r_v=0.15,r_w=0.15,q_F=10,q_tau=1,filt=1,gate=1,ffu=1,qyaw=1,obs=1,aci=1,obsm=0.01]",4,1.2488658428192139,0,0.17568924302788844,1.3236602665337018,1.410618342924863,0.0508130081300813,492
0.08169165462800268,0.09123303556395818,0.14136254097483236,0.7578407456690067,0.7578407456690067,9621.3012621617,17.510973258887972,0.2948207171314741,0.032672567312858086,0.0,0.0,obsx_noise,force,"nmpc+kf[r_v=0.15,r_w=0.15,q_F=10,q_tau=1,filt=1,gate=1,ffu=1,qyaw=1,obs=1,aci=1,obsm=0.01]",5,1.2714147567749023,0,0.18550597609561753,1.344150214723174,2.098586359061301,0.04878048780487805,492
0.1291749957173758,0.14406316371009492,0.2837157965473851,1.8034616421208964,1.8034616421208964,10269.85718422498,33.99659885934196,0.48406374501992033,0.02932719163193226,0.0,0.0,obsx_noise,force,"nmpc+kf[r_v=0.15,r_w=0.15,q_F=10,q_tau=1,filt=1,gate=1,ffu=1,qyaw=1,obs=1,aci=1,obsm=0.01]",6,1.2331087589263916,0,0.18261155378486055,1.3123411533099958,1.8335535610094666,0.0508130081300813,492
0.08577190150238855,0.09580173141959361,0.19124124941850132,1.0803877096425696,1.0803877096425696,10039.018198464484,52.59798812651606,0.2250996015936255,0.02173570295842797,0.0,0.0,obsx_noise,force,"nmpc+kf[r_v=0.15,r_w=0.15,q_F=10,q_tau=1,filt=1,gate=1,ffu=1,qyaw=1,obs=1,aci=1,obsm=0.01]",7,1.2187018394470215,0,0.16966932270916335,1.2902219907799921,1.867482578381899,0.0508130081300813,492
0.0860258563857104,0.09608437774553266,0.1489317025306679,0.5247368656150387,0.5247368656150387,9342.456150002738,32.9530122824771,0.3466135458167331,0.030053409217432492,0.0,0.0,obsx_noise,force,"nmpc+kf[r_v=0.15,r_w=0.15,q_F=10,q_tau=1,filt=1,gate=1,ffu=1,qyaw=1,obs=1,aci=1,obsm=0.01]",8,1.262235164642334,0,0.17311155378486057,1.3281513201221231,1.730412819888445,0.0508130081300813,492
0.06511648112070105,0.07259201078480007,0.11530380057256447,0.43872206142361936,0.4387220614236193,8781.384041194427,15.439660203967943,0.12151394422310757,0.027293048448250534,0.0,0.0,obsx_noise,force,"nmpc+kf[r_v=0.15,r_w=0.15,q_F=10,q_tau=1,filt=1,gate=1,ffu=1,qyaw=1,obs=1,aci=1,obsm=0.01]",9,1.2920231819152832,0,0.1791474103585657,1.3587817886428708,1.4457348524592817,0.0508130081300813,492
0.06116117449026886,0.06822094735063301,0.10052394612336013,0.5476931413489761,0.5476931413489757,9294.717461970182,14.508714530090284,0.01195219123505976,0.028936947487840703,0.0,0.0,obsx_noise,force,"nmpc+kf[r_v=0.15,r_w=0.15,q_F=10,q_tau=1,filt=1,gate=1,ffu=1,qyaw=1,obs=1,aci=1,obsm=0.01]",10,1.3291428089141846,0,0.1890996015936255,1.3912700680622543,2.502890294417739,0.0508130081300813,492
0.07684964188244978,0.08572680507912069,0.14284222332094987,0.524105744975844,0.524105744975844,9348.830244140308,18.07062055030274,0.2749003984063745,0.033933362210782636,0.0,0.0,obsx_noise,force,"nmpc+kf[r_v=0.15,r_w=0.15,q_F=10,q_tau=1,filt=1,gate=1,ffu=1,qyaw=1,obs=1,aci=1,obsm=0.01]",11,1.2746856212615967,0,0.18179880478087648,1.3380075166692058,1.571679196786136,0.0508130081300813,492
0.08412961200002159,0.0937009264124147,0.14326406904231329,0.7485155844229306,0.7485155844229306,8864.692522779427,21.131296715202968,0.30278884462151395,0.0333905065401478,0.0,0.0,obsx_noise,force,"nmpc+kf[r_v=0.15,r_w=0.15,q_F=10,q_tau=1,filt=1,gate=1,ffu=1,qyaw=1,obs=1,aci=1,obsm=0.01]",12,1.341324806213379,0,0.1848366533864542,1.4104316747595234,2.0862902887165546,0.04878048780487805,492
0.10329204105013196,0.11538499804462507,0.1711363852104597,1.1427193938180105,1.1427193938180105,10393.658123170562,26.46298269530639,0.5119521912350598,0.027594031457453427,0.0,0.0,obsx_noise,force,"nmpc+kf[r_v=0.15,r_w=0.15,q_F=10,q_tau=1,filt=1,gate=1,ffu=1,qyaw=1,obs=1,aci=1,obsm=0.01]",13,1.28932785987854,0,0.18243227091633465,1.3625690262705326,1.9307018024846911,0.04878048780487805,492
0.07934781960026625,0.08856241191689528,0.1337168157885398,0.4631154638703944,0.4631154638703944,9803.779619508481,17.469538601504222,0.28087649402390436,0.031546202784031585,0.0,0.0,obsx_noise,force,"nmpc+kf[r_v=0.15,r_w=0.15,q_F=10,q_tau=1,filt=1,gate=1,ffu=1,qyaw=1,obs=1,aci=1,obsm=0.01]",14,2.3983407020568848,0,0.2601513944223108,2.4590712825422623,2.59857380297035,0.0508130081300813,492
0.12933178439884446,0.14439219093938518,0.23180485423516706,0.6975957535247684,0.6975957535247684,9597.436027479273,20.559646120173014,0.5936254980079682,0.026547222967468004,0.0,0.0,obsx_noise,force,"nmpc+kf[r_v=0.15,r_w=0.15,q_F=10,q_tau=1,filt=1,gate=1,ffu=1,qyaw=1,obs=1,aci=1,obsm=0.01]",15,1.3915760517120361,0,0.20406772908366536,1.4764375616406717,2.1860597631894056,0.0508130081300813,492
0.05527174145726583,0.06161293881342124,0.13552868755025074,0.9078105606494673,0.9078105606494673,10027.727449014716,33.03861901913891,0.08764940239043825,0.026697793558846133,0.0,0.0,obsx_noise,force,"nmpc+kf[r_v=0.15,r_w=0.15,q_F=10,q_tau=1,filt=1,gate=1,ffu=1,qyaw=1,obs=1,aci=1,obsm=0.01]",16,2.4126672744750977,0,0.2664940239043825,2.487799450495388,2.599078989587724,0.0508130081300813,492
0.042682686697640505,0.04756923081147343,0.08923469101199817,0.40624592972642026,0.40624592972642026,9694.847419481537,15.366885639024188,0.0,0.03168982060686909,0.0,0.0,obsx_noise,force,"nmpc+kf[r_v=0.15,r_w=0.15,q_F=10,q_tau=1,filt=1,gate=1,ffu=1,qyaw=1,obs=1,aci=1,obsm=0.01]",17,2.5727944374084473,0,0.27365139442231073,2.647989445302888,2.777167872991413,0.0508130081300813,492
0.0774533705216983,0.08641628650946603,0.12455026950618356,1.0145166820809597,1.0145166820809597,10541.586122762923,36.715891873007415,0.21314741035856574,0.030910336399291777,0.0,0.0,obsx_noise,force,"nmpc+kf[r_v=0.15,r_w=0.15,q_F=10,q_tau=1,filt=1,gate=1,ffu=1,qyaw=1,obs=1,aci=1,obsm=0.01]",18,2.5107839107513428,0,0.2920776892430279,2.599615406103996,2.783955382183194,0.04878048780487805,492
0.11461821736589943,0.1279427508110094,0.19729635818489918,0.8421273130347191,0.8421273130347191,9994.847178758266,21.063647595743994,0.5219123505976095,0.026847130024484134,0.0,0.0,obsx_noise,force,"nmpc+kf[r_v=0.15,r_w=0.15,q_F=10,q_tau=1,filt=1,gate=1,ffu=1,qyaw=1,obs=1,aci=1,obsm=0.01]",19,2.581244945526123,0,0.29669123505976097,2.693291714106987,2.8596858237870038,0.0508130081300813,492
0.11689176451704693,0.13051815298613204,0.25657583128092937,2.0257565363053347,2.0257565363053347,15391.083073922246,25.53103518905614,0.3844621513944223,0.03384564346180258,0.0,0.0,obsx_noise,force,"nmpc+mmae[filt=1,forget=0.95,gate=1,ffu=1,qyaw=1,obs=1,aci=1,obsm=0.01]",0,2.9064784049987793,0,0.3102231075697211,3.199490061330338,3.4203857788816094,0.052845528455284556,492
0.061031171488695135,0.06793640269195408,0.13725090296717488,0.9077172821955954,0.9077172821955954,14924.489183609458,36.197473236383864,0.11155378486055777,0.030652982034380827,0.0,0.0,obsx_noise,force,"nmpc+mmae[filt=1,forget=0.95,gate=1,ffu=1,qyaw=1,obs=1,aci=1,obsm=0.01]",1,2.7418453693389893,0,0.28540239043824706,3.0213751203094823,3.2618758198805153,0.0508130081300813,492
0.08467763119342887,0.09436565427966011,0.1687928126881014,1.1626160495273439,1.1626160495273439,15406.258292716135,39.8029122961893,0.250996015936255,0.02680989290783664,0.0,0.0,obsx_noise,force,"nmpc+mmae[filt=1,forget=0.95,gate=1,ffu=1,qyaw=1,obs=1,aci=1,obsm=0.01]",2,2.7025675773620605,0,0.2829721115537848,2.968654990107177,3.118938806001097,0.052845528455284556,492
0.1481674170960672,0.1655364416887418,0.37170431276664867,1.4951352671774576,1.4951352671774576,16002.505321494564,34.43077192180176,0.5059760956175299,0.030189835227834083,0.0,0.0,obsx_noise,force,"nmpc+mmae[filt=1,forget=0.95,gate=1,ffu=1,qyaw=1,obs=1,aci=1,obsm=0.01]",3,2.7128186225891113,0,0.296191235059761,2.997297665152506,3.2131857378408313,0.04878048780487805,492
0.08414354851549943,0.09377862398750811,0.1660236433101278,1.0599688180805074,1.0599688180805071,14719.24764262286,26.440277351996794,0.3605577689243028,0.03534492331416156,0.0,0.0,obsx_noise,force,"nmpc+mmae[filt=1,forget=0.95,gate=1,ffu=1,qyaw=1,obs=1,aci=1,obsm=0.01]",4,2.703065872192383,0,0.2870458167330677,2.991764225061998,3.1771909934468567,0.052845528455284556,492
0.08604933212624095,0.09605727353812013,0.14559169263931518,0.9897432345836297,0.9897432345836297,15004.039590232778,19.219205867861138,0.34462151394422313,0.033519912691094195,0.0,0.0,obsx_noise,force,"nmpc+mmae[filt=1,forget=0.95,gate=1,ffu=1,qyaw=1,obs=1,aci=1,obsm=0.01]",5,2.703139543533325,0,0.29171912350597606,2.9961660585970993,3.1800392339937393,0.04878048780487805,492
0.13296293896566125,0.1482863517704934,0.2883520200560635,1.9065264164242106,1.9065264164242106,15120.166049769818,34.92536659801559,0.50199203187251,0.03165830563546679,0.0,0.0,obsx_noise,force,"nmpc+mmae[filt=1,forget=0.95,gate=1,ffu=1,qyaw=1,obs=1,aci=1,obsm=0.01]",6,2.180968999862671,0,0.27000398406374504,2.4260004840427603,3.428976682480425,0.0508130081300813,492
0.09215915210028987,0.1028860165683708,0.20668445602678326,1.2637298010423748,1.2637298010423748,15880.449540067018,54.51580112298711,0.2450199203187251,0.025154054684602745,0.0,0.0,obsx_noise,force,"nmpc+mmae[filt=1,forget=0.95,gate=1,ffu=1,qyaw=1,obs=1,aci=1,obsm=0.01]",7,2.6336801052093506,0,0.29558366533864544,2.8950618088349285,5.191587717272342,0.052845528455284556,492
0.08900593825039557,0.09936334065136612,0.153436813827072,1.0642784451594884,1.0642784451594884,15396.296065884098,33.574423536618966,0.3705179282868526,0.03074100726924911,0.0,0.0,obsx_noise,force,"nmpc+mmae[filt=1,forget=0.95,gate=1,ffu=1,qyaw=1,obs=1,aci=1,obsm=0.01]",8,2.7525758743286133,0,0.2944940239043825,3.0519995528581254,3.2259042933583264,0.052845528455284556,492
0.06817461520462566,0.07578953110080391,0.11894010531430188,0.46144722340643346,0.4614472234064335,13145.517929744761,15.919393287225125,0.14342629482071714,0.028189931691045222,0.0,0.0,obsx_noise,force,"nmpc+mmae[filt=1,forget=0.95,gate=1,ffu=1,qyaw=1,obs=1,aci=1,obsm=0.01]",9,2.235309600830078,0,0.24219721115537848,2.4816499822643174,3.6963115632534067,0.0508130081300813,492
0.06458268437973048,0.07175233910465006,0.10377723758628765,0.731173461268734,0.731173461268734,15027.494943009358,15.54230891463352,0.025896414342629483,0.032678782530170536,0.0,0.0,obsx_noise,force,"nmpc+mmae[filt=1,forget=0.95,gate=1,ffu=1,qyaw=1,obs=1,aci=1,obsm=0.01]",10,1.348125696182251,0,0.18312749003984063,1.496550463329244,2.1489596040919423,0.0508130081300813,492
0.0819477215712403,0.09127540082957948,0.1478474163957328,0.8686245945766798,0.86862459457668,14037.969421448179,18.446524363804496,0.31274900398406374,0.03412972264937009,0.0,0.0,obsx_noise,force,"nmpc+mmae[filt=1,forget=0.95,gate=1,ffu=1,qyaw=1,obs=1,aci=1,obsm=0.01]",11,1.3438410758972168,0,0.17700398406374507,1.5044135284569278,2.2919450933113694,0.0508130081300813,492
0.08611015732742185,0.09590858333702625,0.1443753636575745,0.9502805394461504,0.9502805394461504,14410.90536002801,21.435694152917474,0.31673306772908366,0.03358878976513596,0.0,0.0,obsx_noise,force,"nmpc+mmae[filt=1,forget=0.95,gate=1,ffu=1,qyaw=1,obs=1,aci=1,obsm=0.01]",12,1.3275907039642334,0,0.17197011952191232,1.4745052996651824,1.7855251836590469,0.052845528455284556,492
0.10622648393629612,0.11860931231525794,0.17292710288302074,2.110206144345502,2.110206144345502,16188.104834677293,27.822645304342483,0.5298804780876494,0.030295671289630566,0.0,0.0,obsx_noise,force,"nmpc+mmae[filt=1,forget=0.95,gate=1,ffu=1,qyaw=1,obs=1,aci=1,obsm=0.01]",13,1.3319051265716553,0,0.17650000000000002,1.488768928350354,1.626699371263385,0.04878048780487805,492
0.08613323780277346,0.09610536995320028,0.14263099010747407,0.8291543724861677,0.8291543724861677,15620.020147516407,17.235982456872954,0.3565737051792829,0.03646826857811064,0.0,0.0,obsx_noise,force,"nmpc+mmae[filt=1,forget=0.95,gate=1,ffu=1,qyaw=1,obs=1,aci=1,obsm=0.01]",14,1.33827805519104,0,0.1786812749003984,1.4898131853822931,1.831161512527615,0.0508130081300813,492
0.13313943622354169,0.14859102968299084,0.24180250147880042,0.713249142350349,0.713249142350349,15374.363625684622,22.782983632738034,0.6553784860557769,0.031540274958215736,0.0,0.0,obsx_noise,force,"nmpc+mmae[filt=1,forget=0.95,gate=1,ffu=1,qyaw=1,obs=1,aci=1,obsm=0.01]",15,1.348966360092163,0,0.18308167330677289,1.5080338766041446,2.0878178742714226,0.0508130081300813,492
0.05919032033322414,0.06597070479536936,0.1399362669409775,1.1454330735070306,1.1454330735070306,15666.927333125603,33.89446759205531,0.099601593625498,0.03379929453023539,0.0,0.0,obsx_noise,force,"nmpc+mmae[filt=1,forget=0.95,gate=1,ffu=1,qyaw=1,obs=1,aci=1,obsm=0.01]",16,1.3521175384521484,0,0.18494621513944223,1.5095331000193837,1.6474275011569262,0.052845528455284556,492
0.047066243479362904,0.05241592047188571,0.10060811251919298,0.693251344436623,0.693251344436623,14328.03847826886,18.812236410270824,0.0099601593625498,0.03489330990303702,0.0,0.0,obsx_noise,force,"nmpc+mmae[filt=1,forget=0.95,gate=1,ffu=1,qyaw=1,obs=1,aci=1,obsm=0.01]",17,1.3572776317596436,0,0.17443824701195218,1.5135491313227263,2.1041494957171394,0.052845528455284556,492
0.08291885674031381,0.09246792149282751,0.12746868156990945,1.4523285030010442,1.4523285030010442,16114.299898132564,37.15922972255982,0.3207171314741036,0.033300062183082124,0.0,0.0,obsx_noise,force,"nmpc+mmae[filt=1,forget=0.95,gate=1,ffu=1,qyaw=1,obs=1,aci=1,obsm=0.01]",18,1.349637746810913,0,0.18629681274900398,1.511574318387594,1.9639043207280342,0.0508130081300813,492
0.12038201143801462,0.13428086671271597,0.20944628656022196,1.2805453763604255,1.2805453763604255,15250.816243391653,23.835769692857795,0.5318725099601593,0.029672008768807046,0.0,0.0,obsx_noise,force,"nmpc+mmae[filt=1,forget=0.95,gate=1,ffu=1,qyaw=1,obs=1,aci=1,obsm=0.01]",19,1.3442625999450684,0,0.1802011952191235,1.51454468222476,1.83204828761518,0.052845528455284556,492
0.11002275694566542,0.12286447953324121,0.2496546777095497,1.0218229007961113,1.0218229007961113,9484.546129681858,22.276694813141656,0.31673306772908366,0.030477661900772557,0.0,0.0,obsx_noise,no,"nmpc+kf[r_v=0.15,r_w=0.15,q_F=10,q_tau=1,filt=1,gate=1,ffu=1,qyaw=1,obs=1,aci=1,obsm=0.01]",0,1.2291958332061768,0,0.17569123505976095,1.3067986727117067,1.9271591166034372,0.054878048780487805,492
0.05793142718040552,0.06458012630841743,0.1364868685933875,0.5618414729517608,0.5618414729517608,9527.438795006481,37.69890608086869,0.10358565737051793,0.03066844035036248,0.0,0.0,obsx_noise,no,"nmpc+kf[r_v=0.15,r_w=0.15,q_F=10,q_tau=1,filt=1,gate=1,ffu=1,qyaw=1,obs=1,aci=1,obsm=0.01]",1,1.251957893371582,0,0.17578685258964144,1.3347155738258325,2.10272325668484,0.0508130081300813,492
0.07853057504513519,0.08761281058175764,0.15770081562113342,0.9144795158711991,0.9144795158711991,9600.180009027583,34.48834994540864,0.2250996015936255,0.028892408483416065,0.0,0.0,obsx_noise,no,"nmpc+kf[r_v=0.15,r_w=0.15,q_F=10,q_tau=1,filt=1,gate=1,ffu=1,qyaw=1,obs=1,aci=1,obsm=0.01]",2,1.2534832954406738,0,0.17744223107569723,1.3223598586892584,1.877807651180774,0.0508130081300813,492
0.14534312279543782,0.16238591170191816,0.36348029914659286,1.04100547282427,1.0410054728242697,10375.596340237678,29.553167419037315,0.48406374501992033,0.028520962255052407,0.0,0.0,obsx_noise,no,"nmpc+kf[r_v=0.15,r_w=0.15,q_F=10,q_tau=1,filt=1,gate=1,ffu=1,qyaw=1,obs=1,aci=1,obsm=0.01]",3,1.2342150211334229,0,0.18467928286852592,1.315564114741417,1.602717160712928,0.04878048780487805,492
0.07751023555389229,0.08646913589561725,0.1572296419136123,0.549894349672282,0.549894349672282,8791.357516833565,18.639137223274712,0.27689243027888444,0.03304315724285345,0.0,0.0,obsx_noise,no,"nmpc+kf[r_v=0.15,r_w=0.15,q_F=10,q_tau=1,filt=1,gate=1,ffu=1,qyaw=1,obs=1,aci=1,obsm=0.01]",4,1.2490637302398682,0,0.17688844621513947,1.325338392934031,2.0002102944999933,0.0508130081300813,492
0.08208594609047529,0.09167391448391672,0.14328437814976838,0.6918846524333093,0.6918846524333093,9354.573256408725,15.142774748356361,0.2968127490039841,0.03199868202211095,0.0,0.0,obsx_noise,no,"nmpc+kf[r_v=0.15,r_w=0.15,q_F=10,q_tau=1,filt=1,gate=1,ffu=1,qyaw=1,obs=1,aci=1,obsm=0.01]",5,1.2427277565002441,0,0.18314940239043823,1.3202258345830546,1.9062328548170628,0.04878048780487805,492
0.1299950260076972,0.1449813432340888,0.28456082098202007,1.2014342637540634,1.2014342637540634,10279.102972261444,34.643974778812066,0.4800796812749004,0.02850276287119885,0.0,0.0,obsx_noise,no,"nmpc+kf[r_v=0.15,r_w=0.15,q_F=10,q_tau=1,filt=1,gate=1,ffu=1,qyaw=1,obs=1,aci=1,obsm=0.01]",6,1.2356362342834473,0,0.18358964143426296,1.3172913308392662,1.7180500528775158,0.0508130081300813,492
0.08378076263681018,0.09357557385842312,0.18368340862302981,1.2842652474076173,1.2842652474076173,9801.42093577358,49.837337782644546,0.2250996015936255,0.0217462313793495,0.0,0.0,obsx_noise,no,"nmpc+kf[r_v=0.15,r_w=0.15,q_F=10,q_tau=1,filt=1,gate=1,ffu=1,qyaw=1,obs=1,aci=1,obsm=0.01]",7,1.2338964939117432,0,0.17050796812749003,1.3100898409989548,1.7093339026905598,0.0508130081300813,492
0.08448950012906686,0.0943630108127923,0.14807886168591003,0.7116837474394798,0.7116837474394798,9467.09291825792,31.266645586957537,0.3386454183266932,0.03209342797027406,0.0,0.0,obsx_noise,no,"nmpc+kf[r_v=0.15,r_w=0.15,q_F=10,q_tau=1,filt=1,gate=1,ffu=1,qyaw=1,obs=1,aci=1,obsm=0.01]",8,1.255326271057129,0,0.17403585657370518,1.3318801098373307,1.8749237433075925,0.0508130081300813,492
0.06572514300724681,0.0732735921932348,0.1164741246982893,0.3825565430511041,0.3825565430511041,8598.209091470537,13.160470194078977,0.11752988047808766,0.02753805735620929,0.0,0.0,obsx_noise,no,"nmpc+kf[r_v=0.15,r_w=0.15,q_F=10,q_tau=1,filt=1,gate=1,ffu=1,qyaw=1,obs=1,aci=1,obsm=0.01]",9,1.2372641563415527,0,0.17087051792828686,1.3045233027801748,1.8577812938019633,0.0508130081300813,492
0.059699560939095675,0.06658455348324548,0.10078586126232153,0.34893462189367686,0.34893462189367686,9056.411952152259,14.389799792399824,0.013944223107569721,0.031159173569244747,0.0,0.0,obsx_noise,no,"nmpc+kf[r_v=0.15,r_w=0.15,q_F=10,q_tau=1,filt=1,gate=1,ffu=1,qyaw=1,obs=1,aci=1,obsm=0.01]",10,1.2446002960205078,0,0.1822788844621514,1.310745954042323,1.9526747032068672,0.0508130081300813,492
0.07584126509182779,0.08459795597762658,0.14284222332094987,0.5242086644235221,0.5242086644235221,9460.457603128205,16.9826978769296,0.23904382470119523,0.034599471019377714,0.0,0.0,obsx_noise,no,"nmpc+kf[r_v=0.15,r_w=0.15,q_F=10,q_tau=1,filt=1,gate=1,ffu=1,qyaw=1,obs=1,aci=1,obsm=0.01]",11,1.2459306716918945,0,0.17714940239043822,1.314137608232162,1.6535737179219725,0.0508130081300813,492
0.08271301167771768,0.09226005898809128,0.1432526781924781,0.5249152764959738,0.5249152764959738,8860.309752173112,16.17984795095275,0.2948207171314741,0.03204485273454305,0.0,0.0,obsx_noise,no,"nmpc+kf[r_v=0.15,r_w=0.15,q_F=10,q_tau=1,filt=1,gate=1,ffu=1,qyaw=1,obs=1,aci=1,obsm=0.01]",12,1.2447493076324463,0,0.17130876494023903,1.3075574390233988,2.1224653674289584,0.04878048780487805,492
0.0982345433299207,0.10973121779737535,0.16113282955292074,0.8567393703857502,0.8567393703857502,9961.54358287056,26.4886011241399,0.50199203187251,0.02905284770981198,0.0,0.0,obsx_noise,no,"nmpc+kf[r_v=0.15,r_w=0.15,q_F=10,q_tau=1,filt=1,gate=1,ffu=1,qyaw=1,obs=1,aci=1,obsm=0.01]",13,1.236830234527588,0,0.17467131474103584,1.313504952644239,1.9040487636812038,0.04878048780487805,492
0.08057350573557667,0.0899337183476981,0.13355080704269015,0.36948028469214744,0.36948028469214744,9507.56911385624,14.303950359111502,0.2908366533864542,0.031265368120760306,0.0,0.0,obsx_noise,no,"nmpc+kf[r_v=0.15,r_w=0.15,q_F=10,q_tau=1,filt=1,gate=1,ffu=1,qyaw=1,obs=1,aci=1,obsm=0.01]",14,1.2719333171844482,0,0.18138446215139442,1.3368425225705443,1.8447315273806453,0.0508130081300813,492
0.1253811603528553,0.1399968153276424,0.23508918114963562,0.47791761023679685,0.47791761023679685,9611.790791021864,16.082955006126397,0.5677290836653387,0.028753038601834063,0.0,0.0,obsx_noise,no,"nmpc+kf[r_v=0.15,r_w=0.15,q_F=10,q_tau=1,filt=1,gate=1,ffu=1,qyaw=1,obs=1,aci=1,obsm=0.01]",15,1.23604416847229,0,0.18164940239043822,1.3119746050593328,1.5994009841233494,0.0508130081300813,492
0.05340351378284151,0.059519905116226506,0.1304748094102725,0.5086314055517295,0.5086314055517295,9248.12695411323,32.585950633241474,0.07370517928286853,0.028667424794434293,0.0,0.0,obsx_noise,no,"nmpc+kf[r_v=0.15,r_w=0.15,q_F=10,q_tau=1,filt=1,gate=1,ffu=1,qyaw=1,obs=1,aci=1,obsm=0.01]",16,1.2445623874664307,0,0.17982270916334658,1.3163893565209024,1.8361464515328407,0.0508130081300813,492
0.041425878211722195,0.046184021564861566,0.08734631615236685,0.4566722134695676,0.4566722134695676,9483.750850455144,15.33761640042373,0.0,0.02940953805220814,0.0,0.0,obsx_noise,no,"nmpc+kf[r_v=0.15,r_w=0.15,q_F=10,q_tau=1,filt=1,gate=1,ffu=1,qyaw=1,obs=1,aci=1,obsm=0.01]",17,1.223438024520874,0,0.16896215139442233,1.292016773217495,1.4344365266151726,0.0508130081300813,492
0.07912212256918141,0.08833198526682086,0.13218636723100163,0.7205148536360519,0.7205148536360519,10028.399357383485,34.130830578952875,0.24900398406374502,0.03107668374819625,0.0,0.0,obsx_noise,no,"nmpc+kf[r_v=0.15,r_w=0.15,q_F=10,q_tau=1,filt=1,gate=1,ffu=1,qyaw=1,obs=1,aci=1,obsm=0.01]",18,1.2333438396453857,0,0.18266932270916333,1.3117058582017682,1.438705255277455,0.04878048780487805,492
0.11412211539585024,0.1273877563402265,0.19478019370744054,0.9128848411195813,0.9128848411195813,9993.327500921943,20.700422923733882,0.5199203187250996,0.030264294149881465,0.0,0.0,obsx_noise,no,"nmpc+kf[r_v=0.15,r_w=0.15,q_F=10,q_tau=1,filt=1,gate=1,ffu=1,qyaw=1,obs=1,aci=1,obsm=0.01]",19,1.2208211421966553,0,0.17680876494023906,1.293968987202205,1.3920950144529345,0.0508130081300813,492
0.11433619934614735,0.1276599998745793,0.253696882879554,1.6976001736608484,1.6976001736608484,14813.729474778473,21.56174290570413,0.3705179282868526,0.03426425834880342,0.0,0.0,obsx_noise,no,"nmpc+mmae[filt=1,forget=0.95,gate=1,ffu=1,qyaw=1,obs=1,aci=1,obsm=0.01]",0,1.3424632549285889,0,0.17495418326693224,1.4986021349585033,1.6232630028389394,0.052845528455284556,492
0.06164579169230109,0.06862587489469386,0.1401736638153755,0.682296425792468,0.682296425792468,14583.191190185713,36.62839897325008,0.11553784860557768,0.030652982034380827,0.0,0.0,obsx_noise,no,"nmpc+mmae[filt=1,forget=0.95,gate=1,ffu=1,qyaw=1,obs=1,aci=1,obsm=0.01]",1,1.3825664520263672,0,0.17816932270916333,1.5498465075495234,2.360892372671515,0.0508130081300813,492
0.08468022599426821,0.09436856189132226,0.16961446655881415,0.9809526537567128,0.9809526537567128,14995.620507177704,34.444889538055726,0.250996015936255,0.030219513473233317,0.0,0.0,obsx_noise,no,"nmpc+mmae[filt=1,forget=0.95,gate=1,ffu=1,qyaw=1,obs=1,aci=1,obsm=0.01]",2,1.3585727214813232,0,0.17736254980079683,1.513910365747325,2.115095150657,0.052845528455284556,492
0.1486199729917197,0.16604227646918676,0.372298192461615,1.4611051773666848,1.4611051773666848,15308.762550748563,30.991029096293595,0.5059760956175299,0.03011960455186219,0.0,0.0,obsx_noise,no,"nmpc+mmae[filt=1,forget=0.95,gate=1,ffu=1,qyaw=1,obs=1,aci=1,obsm=0.01]",3,1.3506579399108887,0,0.18587848605577686,1.5138401121153418,1.716079483740032,0.04878048780487805,492
0.08116565687844282,0.09048799912632889,0.15915226907137986,0.8020475480503478,0.8020475480503478,14548.776554289816,18.70313221341872,0.3386454183266932,0.03547248113538859,0.0,0.0,obsx_noise,no,"nmpc+mmae[filt=1,forget=0.95,gate=1,ffu=1,qyaw=1,obs=1,aci=1,obsm=0.01]",4,1.3477880954742432,0,0.17659561752988048,1.508639481167246,1.830324339680374,0.052845528455284556,492
0.08719450751599218,0.09733830832271417,0.146417217700107,1.0179482211703894,1.0179482211703894,14442.644435772894,16.845695247834257,0.35856573705179284,0.03237827010817754,0.0,0.0,obsx_noise,no,"nmpc+mmae[filt=1,forget=0.95,gate=1,ffu=1,qyaw=1,obs=1,aci=1,obsm=0.01]",5,1.370445966720581,0,0.18520318725099605,1.5440482481111926,1.6844717436470091,0.04878048780487805,492
0.13384103240549924,0.14926955232420563,0.29152757916306643,1.684246711818707,1.684246711818707,14742.38333130279,35.553331826302646,0.49800796812749004,0.032251967199466436,0.0,0.0,obsx_noise,no,"nmpc+mmae[filt=1,forget=0.95,gate=1,ffu=1,qyaw=1,obs=1,aci=1,obsm=0.01]",6,1.3530914783477783,0,0.1858366533864542,1.5216050024860468,1.7430518078617752,0.0508130081300813,492
0.09087612068313627,0.10145084764594402,0.20160404026859552,1.2459504018738723,1.2459504018738723,15277.316297761818,51.86231762363013,0.2450199203187251,0.025651996254981324,0.0,0.0,obsx_noise,no,"nmpc+mmae[filt=1,forget=0.95,gate=1,ffu=1,qyaw=1,obs=1,aci=1,obsm=0.01]",7,1.347031593322754,0,0.17240637450199206,1.5017993565448429,1.7568526999093594,0.052845528455284556,492
0.08849675073981654,0.0987893321350291,0.15213127375432225,1.0464606299321972,1.0464606299321972,15254.503196119076,30.64786791734129,0.37649402390438247,0.0333284685018993,0.0,0.0,obsx_noise,no,"nmpc+mmae[filt=1,forget=0.95,gate=1,ffu=1,qyaw=1,obs=1,aci=1,obsm=0.01]",8,1.3612706661224365,0,0.1750219123505976,1.5227839562195944,2.4866702547296886,0.052845528455284556,492
0.07021719045866279,0.07808620669102433,0.12188224619782148,0.4052775094983347,0.4052775094983347,12988.144318431068,13.04994632718565,0.15737051792828685,0.028284501535817963,0.0,0.0,obsx_noise,no,"nmpc+mmae[filt=1,forget=0.95,gate=1,ffu=1,qyaw=1,obs=1,aci=1,obsm=0.01]",9,1.351524829864502,0,0.17362549800796812,1.512012428667144,1.7769204429350796,0.0508130081300813,492
0.06396307550211358,0.0710558731863787,0.10389106011808998,0.6452910539558726,0.6452910539558726,14866.963625056098,15.103480436328274,0.025896414342629483,0.03380439942472657,0.0,0.0,obsx_noise,no,"nmpc+mmae[filt=1,forget=0.95,gate=1,ffu=1,qyaw=1,obs=1,aci=1,obsm=0.01]",10,1.385746717453003,0,0.18853187250996015,1.5478056170921997,1.7099878611043096,0.0508130081300813,492
0.07925118845783347,0.0882518650947564,0.1478474163957328,0.9347599222122267,0.9347599222122267,14012.699981788543,17.769472862556125,0.2689243027888446,0.03364688100268093,0.0,0.0,obsx_noise,no,"nmpc+mmae[filt=1,forget=0.95,gate=1,ffu=1,qyaw=1,obs=1,aci=1,obsm=0.01]",11,1.352865219116211,0,0.17825896414342632,1.5168104128748832,2.1586568118073046,0.0508130081300813,492
0.08601152011391314,0.09586939673405798,0.1444178075062391,0.794834737210333,0.794834737210333,14287.408317511256,17.780779144457597,0.3207171314741036,0.03357886691384798,0.0,0.0,obsx_noise,no,"nmpc+mmae[filt=1,forget=0.95,gate=1,ffu=1,qyaw=1,obs=1,aci=1,obsm=0.01]",12,1.3691437244415283,0,0.17569521912350597,1.5275047617070228,2.575759619940073,0.052845528455284556,492
0.10276579019308624,0.11473881524366351,0.16535480087180698,1.51203043799834,1.51203043799834,15122.683550012265,29.20083645971995,0.5318725099601593,0.03030070559717346,0.0,0.0,obsx_noise,no,"nmpc+mmae[filt=1,forget=0.95,gate=1,ffu=1,qyaw=1,obs=1,aci=1,obsm=0.01]",13,1.385934829711914,0,0.1819422310756972,1.5487125866018623,1.681436796206981,0.0508130081300813,492
0.08777543152691154,0.09794323139929462,0.1494486965371109,0.7004593218017651,0.7004593218017651,15228.35260619866,14.470929503540159,0.37250996015936255,0.035805963562048015,0.0,0.0,obsx_noise,no,"nmpc+mmae[filt=1,forget=0.95,gate=1,ffu=1,qyaw=1,obs=1,aci=1,obsm=0.01]",14,1.39931058883667,0,0.18802788844621515,1.5612775033184019,2.4206928513012826,0.052845528455284556,492
0.1287503771397592,0.14369903608778573,0.24018660003402473,0.6881787244381679,0.6881787244381679,15077.117486455807,20.16834376890881,0.5836653386454184,0.0324852281907935,0.0,0.0,obsx_noise,no,"nmpc+mmae[filt=1,forget=0.95,gate=1,ffu=1,qyaw=1,obs=1,aci=1,obsm=0.01]",15,1.3658149242401123,0,0.18631075697211155,1.5282979215573207,1.6729715443216264,0.0508130081300813,492
0.05866386682404432,0.06538084676175994,0.13913077286971187,0.7225764036594465,0.7225764036594465,14620.137043089122,33.00076098427003,0.09362549800796813,0.02984520630524462,0.0,0.0,obsx_noise,no,"nmpc+mmae[filt=1,forget=0.95,gate=1,ffu=1,qyaw=1,obs=1,aci=1,obsm=0.01]",16,1.365767002105713,0,0.18265537848605579,1.520030797863624,1.7704442422837026,0.052845528455284556,492
0.04737966014818447,0.05277373156018928,0.09929963772175436,0.7284254360148028,0.7284254360148028,13913.909291696007,18.575761751060977,0.0,0.03496919603729404,0.0,0.0,obsx_noise,no,"nmpc+mmae[filt=1,forget=0.95,gate=1,ffu=1,qyaw=1,obs=1,aci=1,obsm=0.01]",17,1.3533697128295898,0,0.17356175298804782,1.5126730095543175,1.7109244293533268,0.0508130081300813,492
0.0844453834556754,0.09420348652197634,0.1345484802002285,1.2002902904213828,1.2002902904213828,15678.332373497426,32.713102097928605,0.34063745019920316,0.03459715812638925,0.0,0.0,obsx_noise,no,"nmpc+mmae[filt=1,forget=0.95,gate=1,ffu=1,qyaw=1,obs=1,aci=1,obsm=0.01]",18,1.3870728015899658,0,0.18883067729083666,1.5579599426109418,2.473091317806393,0.0508130081300813,492
0.12090629592982581,0.1348677999716621,0.20904878079004813,1.344071972490537,1.344071972490537,15177.262135683306,23.854836902779862,0.5338645418326693,0.03181397644119657,0.0,0.0,obsx_noise,no,"nmpc+mmae[filt=1,forget=0.95,gate=1,ffu=1,qyaw=1,obs=1,aci=1,obsm=0.01]",19,1.3759026527404785,0,0.18420517928286853,1.554582096855212,1.7784977727569642,0.052845528455284556,492
0.11010161948463272,0.12295266649605487,0.25026967041418574,0.967489357894797,0.967489357894797,9072.121314545922,21.221421002570267,0.31673306772908366,0.030572456064848985,0.0,0.0,obsx_noise,payload,"nmpc+kf[r_v=0.15,r_w=0.15,q_F=10,q_tau=1,filt=1,gate=1,ffu=1,qyaw=1,obs=1,aci=1,obsm=0.01]",0,1.2389278411865234,0,0.17310956175298806,1.3073893088617352,1.4787313202396035,0.054878048780487805,492
0.0580877340929833,0.06475521913070408,0.1358685491912876,0.5543528771874024,0.5543528771874024,9235.023705344722,37.94840942754123,0.10159362549800798,0.030765520548076908,0.0,0.0,obsx_noise,payload,"nmpc+kf[r_v=0.15,r_w=0.15,q_F=10,q_tau=1,filt=1,gate=1,ffu=1,qyaw=1,obs=1,aci=1,obsm=0.01]",1,1.23353910446167,0,0.1716593625498008,1.3056107494327058,1.4252505474723876,0.0508130081300813,492
0.08262029753422157,0.09215084423158589,0.1843092175442272,0.9208226836663586,0.9208226836663586,8663.616001612885,35.60412747187255,0.22111553784860558,0.03054854813624941,0.0,0.0,obsx_noise,payload,"nmpc+kf[r_v=0.15,r_w=0.15,q_F=10,q_tau=1,filt=1,gate=1,ffu=1,qyaw=1,obs=1,aci=1,obsm=0.01]",2,1.275364637374878,0,0.1797231075697211,1.3477456898788414,1.4410154917277396,0.0508130081300813,492
0.14783183412100806,0.16516752591390219,0.36348029914659286,0.9428048350095589,0.9428048350095589,9168.161630289806,32.17419205557364,0.4900398406374502,0.028245624902388078,0.0,0.0,obsx_noise,payload,"nmpc+kf[r_v=0.15,r_w=0.15,q_F=10,q_tau=1,filt=1,gate=1,ffu=1,qyaw=1,obs=1,aci=1,obsm=0.01]",3,1.2816188335418701,0,0.19051195219123507,1.3640119529058379,2.110742863733322,0.0508130081300813,492
0.07903664121070633,0.0879761795524938,0.15722325746881397,0.521063477318442,0.521063477318442,7977.821531263085,18.70308335871655,0.2848605577689243,0.0370687940341633,0.0,0.0,obsx_noise,payload,"nmpc+kf[r_v=0.15,r_w=0.15,q_F=10,q_tau=1,filt=1,gate=1,ffu=1,qyaw=1,obs=1,aci=1,obsm=0.01]",4,1.2697136402130127,0,0.17847410358565735,1.3439144885382686,1.5237368503585458,0.0508130081300813,492
0.08309549034947938,0.09263374379878228,0.14112230601645065,0.639854526527197,0.639854526527197,8673.598572532452,13.446566498585259,0.28087649402390436,0.031904363979023215,0.0,0.0,obsx_noise,payload,"nmpc+kf[r_v=0.15,r_w=0.15,q_F=10,q_tau=1,filt=1,gate=1,ffu=1,qyaw=1,obs=1,aci=1,obsm=0.01]",5,1.2646050453186035,0,0.18380677290836656,1.3415820667505325,1.7316404241137209,0.04878048780487805,492
0.1281685859560802,0.14293626517829588,0.28203702375876244,1.2228151304146453,1.2228151304146453,10024.342421211202,34.24965611680365,0.48406374501992033,0.02920507193905736,0.0,0.0,obsx_noise,payload,"nmpc+kf[r_v=0.15,r_w=0.15,q_F=10,q_tau=1,filt=1,gate=1,ffu=1,qyaw=1,obs=1,aci=1,obsm=0.01]",6,1.3393950462341309,0,0.1919382470119522,1.4141369462606916,2.412344883196056,0.0508130081300813,492
0.083779370424168,0.09357391385991325,0.18369133179448935,1.2835486211495681,1.2835486211495681,9798.396850940515,49.83894157762554,0.2250996015936255,0.02174721680474767,0.0,0.0,obsx_noise,payload,"nmpc+kf[r_v=0.15,r_w=0.15,q_F=10,q_tau=1,filt=1,gate=1,ffu=1,qyaw=1,obs=1,aci=1,obsm=0.01]",7,1.2519636154174805,0,0.1714123505976096,1.3227590644524332,2.0799814676865935,0.0508130081300813,492
0.08673222271315373,0.09687055138215217,0.15785008936417808,0.9490876211960738,0.9490876211960735,7657.891775705531,32.920497837745046,0.36254980079681276,0.03497432611335058,0.0,0.0,obsx_noise,payload,"nmpc+kf[r_v=0.15,r_w=0.15,q_F=10,q_tau=1,filt=1,gate=1,ffu=1,qyaw=1,obs=1,aci=1,obsm=0.01]",8,1.239443302154541,0,0.16984860557768927,1.3147664629293982,1.544655272737146,0.0508130081300813,492
0.06584833137402753,0.07341157643772944,0.11617506664986417,0.39155106396685957,0.39155106396685957,8437.541606299363,12.998501581254601,0.11553784860557768,0.02767300219614821,0.0,0.0,obsx_noise,payload,"nmpc+kf[r_v=0.15,r_w=0.15,q_F=10,q_tau=1,filt=1,gate=1,ffu=1,qyaw=1,obs=1,aci=1,obsm=0.01]",9,1.275895595550537,0,0.17486454183266933,1.3400867063759927,1.569498090539128,0.0508130081300813,492
0.06047403080108968,0.06745165330882194,0.10078586126232153,0.358233290705427,0.358233290705427,8849.964132486039,14.389799792399824,0.013944223107569721,0.031159173569244747,0.0,0.0,obsx_noise,payload,"nmpc+kf[r_v=0.15,r_w=0.15,q_F=10,q_tau=1,filt=1,gate=1,ffu=1,qyaw=1,obs=1,aci=1,obsm=0.01]",10,1.2759487628936768,0,0.18464342629482075,1.3355273990873322,1.718694269657135,0.0508130081300813,492
0.07612813557118651,0.08491910474569611,0.14284222332094987,0.3940716491606374,0.3940716491606374,9160.04728682441,16.816700838900722,0.2410358565737052,0.03588788611394783,0.0,0.0,obsx_noise,payload,"nmpc+kf[r_v=0.15,r_w=0.15,q_F=10,q_tau=1,filt=1,gate=1,ffu=1,qyaw=1,obs=1,aci=1,obsm=0.01]",11,1.262967586517334,0,0.17759561752988048,1.32400324184121,1.5571404667571196,0.0508130081300813,492
0.08446272127224376,0.0942188457647142,0.14966796638329988,0.5864902680711936,0.5864902680711936,7882.5375953690855,16.217510859741235,0.29880478087649404,0.03286039755890002,0.0,0.0,obsx_noise,payload,"nmpc+kf[r_v=0.15,r_w=0.15,q_F=10,q_tau=1,filt=1,gate=1,ffu=1,qyaw=1,obs=1,aci=1,obsm=0.01]",12,1.2983088493347168,0,0.17858964143426292,1.3627989956945834,1.4730493142269552,0.04878048780487805,492
0.09926997891367201,0.11088874972206074,0.16113282955292074,0.8279741459925068,0.8279741459925068,9763.846128254985,26.4886011241399,0.5079681274900398,0.02905284770981198,0.0,0.0,obsx_noise,payload,"nmpc+kf[r_v=0.15,r_w=0.15,q_F=10,q_tau=1,filt=1,gate=1,ffu=1,qyaw=1,obs=1,aci=1,obsm=0.01]",13,1.2570559978485107,0,0.17868326693227093,1.3306547128836592,1.4680284447968006,0.04878048780487805,492
0.08053554956482342,0.08989125345744928,0.13297002483605522,0.3349479460385022,0.3349479460385022,9103.6042064172,12.639862331901183,0.2968127490039841,0.031265368120760306,0.0,0.0,obsx_noise,payload,"nmpc+kf[r_v=0.15,r_w=0.15,q_F=10,q_tau=1,filt=1,gate=1,ffu=1,qyaw=1,obs=1,aci=1,obsm=0.01]",14,1.3192274570465088,0,0.18900796812749002,1.3802783365224105,1.8529242509976032,0.0508130081300813,492
0.12165384621303464,0.13582813480918832,0.23175420901444288,0.49167658430590067,0.49167658430590067,7402.584644609401,14.444191207828984,0.5378486055776892,0.029153997737303594,0.0,0.0,obsx_noise,payload,"nmpc+kf[r_v=0.15,r_w=0.15,q_F=10,q_tau=1,filt=1,gate=1,ffu=1,qyaw=1,obs=1,aci=1,obsm=0.01]",15,1.2566254138946533,0,0.18315737051792827,1.3332553606747513,1.4774132310412824,0.0508130081300813,492
0.053431555960063506,0.05955132440815123,0.1304545695119319,0.5289233797210312,0.5289233797210312,9237.345509959605,32.292328037472615,0.07370517928286853,0.028723340925509433,0.0,0.0,obsx_noise,payload,"nmpc+kf[r_v=0.15,r_w=0.15,q_F=10,q_tau=1,filt=1,gate=1,ffu=1,qyaw=1,obs=1,aci=1,obsm=0.01]",16,1.2774596214294434,0,0.1851274900398406,1.3497988809367634,1.6380840050987902,0.0508130081300813,492
0.04546420097213636,0.05070641130916202,0.09618742432889005,0.4266729265598433,0.4266729265598433,8382.165881062061,16.297156477325007,0.0,0.03549813519446704,0.0,0.0,obsx_noise,payload,"nmpc+kf[r_v=0.15,r_w=0.15,q_F=10,q_tau=1,filt=1,gate=1,ffu=1,qyaw=1,obs=1,aci=1,obsm=0.01]",17,1.3210065364837646,0,0.17934860557768925,1.3827495944808679,2.0197205361910164,0.0508130081300813,492
0.08105760226811456,0.09031710734823856,0.13940574832891384,0.8547581204164627,0.8547581204164627,8028.459067706929,32.142109397170216,0.2729083665338645,0.03545346465007332,0.0,0.0,obsx_noise,payload,"nmpc+kf[r_v=0.15,r_w=0.15,q_F=10,q_tau=1,filt=1,gate=1,ffu=1,qyaw=1,obs=1,aci=1,obsm=0.01]",18,1.3336126804351807,0,0.19179880478087652,1.4080224606019272,2.099225358106196,0.0508130081300813,492
0.11121650795436086,0.12413711310279227,0.1853162562145849,0.8721438963605562,0.8721438963605562,8998.365957078906,22.674689496675555,0.5577689243027888,0.03188645216818173,0.0,0.0,obsx_noise,payload,"nmpc+kf[r_v=0.15,r_w=0.15,q_F=10,q_tau=1,filt=1,gate=1,ffu=1,qyaw=1,obs=1,aci=1,obsm=0.01]",19,1.259688138961792,0,0.1801394422310757,1.3342520729471665,1.7170893005095436,0.0508130081300813,492
0.11365508196557622,0.1268982178081369,0.2544816356019264,1.289794952018698,1.289794952018698,14122.731217235478,21.805293515006785,0.36254980079681276,0.034303005896133054,0.0,0.0,obsx_noise,payload,"nmpc+mmae[filt=1,forget=0.95,gate=1,ffu=1,qyaw=1,obs=1,aci=1,obsm=0.01]",0,1.3967177867889404,0,0.18185856573705178,1.5610576230676407,1.6850917087867856,0.052845528455284556,492
0.06129703163359334,0.06823464737574725,0.1394700938181451,0.6391122980486555,0.6391122980486555,13763.689594089501,36.58759875382435,0.11354581673306773,0.03125714567035892,0.0,0.0,obsx_noise,payload,"nmpc+mmae[filt=1,forget=0.95,gate=1,ffu=1,qyaw=1,obs=1,aci=1,obsm=0.01]",1,1.3789927959442139,0,0.17764541832669323,1.543192319994963,2.1526392456144094,0.0508130081300813,492
0.08524773072356494,0.09496726297349438,0.1805638683413895,1.107436975641918,1.107436975641918,13052.871552933619,37.20913918138873,0.24302788844621515,0.02965729070327977,0.0,0.0,obsx_noise,payload,"nmpc+mmae[filt=1,forget=0.95,gate=1,ffu=1,qyaw=1,obs=1,aci=1,obsm=0.01]",2,1.3760108947753906,0,0.1790577689243028,1.5430737442644942,1.955518391914666,0.052845528455284556,492
0.1490705284114418,0.1665458745739741,0.372298192461615,0.9704252211999033,0.9704252211999033,13181.038194520605,35.05070208089311,0.49203187250996017,0.030143239658024956,0.0,0.0,obsx_noise,payload,"nmpc+mmae[filt=1,forget=0.95,gate=1,ffu=1,qyaw=1,obs=1,aci=1,obsm=0.01]",3,1.4322123527526855,0,0.19781474103585658,1.6184672207731114,1.7452747980132701,0.0508130081300813,492
0.07990324691375418,0.08894014813542384,0.15872977480398529,0.7894879610244303,0.7894879610244303,12201.110931826332,18.69535393471948,0.29880478087649404,0.03726474034756139,0.0,0.0,obsx_noise,payload,"nmpc+mmae[filt=1,forget=0.95,gate=1,ffu=1,qyaw=1,obs=1,aci=1,obsm=0.01]",4,1.3917324542999268,0,0.1813605577689243,1.5545115672586212,2.089013119693847,0.052845528455284556,492
0.08530335486112572,0.09511775512123673,0.1443474860575391,0.9099375594674056,0.9099375594674056,13055.557305857445,14.892585383512653,0.33266932270916333,0.03247128707759686,0.0,0.0,obsx_noise,payload,"nmpc+mmae[filt=1,forget=0.95,gate=1,ffu=1,qyaw=1,obs=1,aci=1,obsm=0.01]",5,1.433354139328003,0,0.19430278884462152,1.6115345357661228,1.9150790618732578,0.04878048780487805,492
0.1325110630163778,0.14778037650919895,0.2893356392379481,1.727682281448381,1.727682281448381,14207.778773706268,35.099284505314664,0.49800796812749004,0.032215955780548255,0.0,0.0,obsx_noise,payload,"nmpc+mmae[filt=1,forget=0.95,gate=1,ffu=1,qyaw=1,obs=1,aci=1,obsm=0.01]",6,1.3840429782867432,0,0.18752988047808766,1.5510623974065143,1.666449713520706,0.0508130081300813,492
0.09087011655811457,0.10144397927984927,0.20161556208570733,1.2466493044915006,1.2466493044915006,15271.01179049163,51.86248961078439,0.24302788844621515,0.0256527812472096,0.0,0.0,obsx_noise,payload,"nmpc+mmae[filt=1,forget=0.95,gate=1,ffu=1,qyaw=1,obs=1,aci=1,obsm=0.01]",7,1.3963274955749512,0,0.1786553784860558,1.5583989271649208,1.8025610665790741,0.052845528455284556,492
0.0859039320315576,0.09588877868121531,0.15736348219305754,1.1370643745024298,1.1370643745024298,11709.274759063535,32.574205854813826,0.350597609561753,0.035296266600147896,0.0,0.0,obsx_noise,payload,"nmpc+mmae[filt=1,forget=0.95,gate=1,ffu=1,qyaw=1,obs=1,aci=1,obsm=0.01]",8,1.422788143157959,0,0.18217928286852592,1.6016915108474246,1.7303715460002422,0.052845528455284556,492
0.06993590318397692,0.07777033886475603,0.12086510736302244,0.378103989424164,0.378103989424164,12706.167854245501,12.86798060779854,0.15338645418326693,0.028105214768609166,0.0,0.0,obsx_noise,payload,"nmpc+mmae[filt=1,forget=0.95,gate=1,ffu=1,qyaw=1,obs=1,aci=1,obsm=0.01]",9,1.454392433166504,0,0.18699203187250998,1.6203825459425965,1.9858868909068406,0.0508130081300813,492
0.06430374767573785,0.07143881253684081,0.10389106011808998,0.6453693279584716,0.6453693279584716,14300.431171440752,15.103480436328274,0.025896414342629483,0.03380439942472657,0.0,0.0,obsx_noise,payload,"nmpc+mmae[filt=1,forget=0.95,gate=1,ffu=1,qyaw=1,obs=1,aci=1,obsm=0.01]",10,1.4266972541809082,0,0.19182868525896413,1.5883033712991919,2.3372217174619436,0.0508130081300813,492
0.07848850340529102,0.08739656283398065,0.1478474163957328,0.8225287264237136,0.8225287264237136,13450.111142598302,17.769472862556125,0.2649402390438247,0.0335879882891571,0.0,0.0,obsx_noise,payload,"nmpc+mmae[filt=1,forget=0.95,gate=1,ffu=1,qyaw=1,obs=1,aci=1,obsm=0.01]",11,1.3891665935516357,0,0.1821633466135458,1.5579415939792813,2.084864426869902,0.0508130081300813,492
0.08552886815516371,0.09532864903920213,0.14906462353197292,0.9176184229798924,0.9176184229798926,12394.984263199065,17.75881153293379,0.29880478087649404,0.033259725303653176,0.0,0.0,obsx_noise,payload,"nmpc+mmae[filt=1,forget=0.95,gate=1,ffu=1,qyaw=1,obs=1,aci=1,obsm=0.01]",12,1.4066760540008545,0,0.17799203187250998,1.5667936077296911,1.7325002048164608,0.0508130081300813,492
0.10337808048731244,0.11542362668728127,0.16535480087180698,1.4597171947627783,1.4597171947627783,14710.176362915654,29.20083645971995,0.5338645418326693,0.03030070559717346,0.0,0.0,obsx_noise,payload,"nmpc+mmae[filt=1,forget=0.95,gate=1,ffu=1,qyaw=1,obs=1,aci=1,obsm=0.01]",13,1.3912241458892822,0,0.18004980079681274,1.5446086306555338,1.6853858646936715,0.0508130081300813,492
0.08548661397917581,0.09538167174362276,0.1410502752989789,0.4770696163097301,0.4770696163097301,14375.417910884406,12.836221989009935,0.3386454183266932,0.03659352195151133,0.0,0.0,obsx_noise,payload,"nmpc+mmae[filt=1,forget=0.95,gate=1,ffu=1,qyaw=1,obs=1,aci=1,obsm=0.01]",14,1.3883092403411865,0,0.18502788844621512,1.5436976580357409,1.6868121246807277,0.052845528455284556,492
0.1235544403247674,0.13788525540319943,0.23491042330220047,0.5686686998126702,0.5686686998126702,11199.59239453031,17.043759175327082,0.5597609561752988,0.03010918845275301,0.0,0.0,obsx_noise,payload,"nmpc+mmae[filt=1,forget=0.95,gate=1,ffu=1,qyaw=1,obs=1,aci=1,obsm=0.01]",15,1.4708759784698486,0,0.20211952191235058,1.6572290193846086,2.2558323736302572,0.0508130081300813,492
0.05865196659534885,0.0653675129796909,0.1393325948489002,0.7275389433789479,0.7275389433789479,14521.803727816972,33.026960844777946,0.09362549800796813,0.029891397137187914,0.0,0.0,obsx_noise,payload,"nmpc+mmae[filt=1,forget=0.95,gate=1,ffu=1,qyaw=1,obs=1,aci=1,obsm=0.01]",16,1.4833083152770996,0,0.20077290836653386,1.6537496056667422,2.1964781312271953,0.052845528455284556,492
0.044431893351904,0.04946821754789936,0.09410136586005749,0.6395211037793385,0.6395211037793385,11946.124372568162,17.204817787478092,0.0,0.03402481984871647,0.0,0.0,obsx_noise,payload,"nmpc+mmae[filt=1,forget=0.95,gate=1,ffu=1,qyaw=1,obs=1,aci=1,obsm=0.01]",17,1.4864349365234375,0,0.19163147410358566,1.6642678542938307,2.5217431620694697,0.0508130081300813,492
0.07962330638713581,0.08868942927696301,0.1317328361432342,1.0550831746692935,1.0550831746692935,11525.811999620733,32.96382126083447,0.26095617529880477,0.03503162491357392,0.0,0.0,obsx_noise,payload,"nmpc+mmae[filt=1,forget=0.95,gate=1,ffu=1,qyaw=1,obs=1,aci=1,obsm=0.01]",18,1.4055945873260498,0,0.18811155378486055,1.5731541976978283,2.3085006908513606,0.0508130081300813,492
0.11620701398598252,0.12960664141030326,0.19756893213783755,1.219274651112616,1.219274651112616,13331.543936158292,23.21752338654347,0.5637450199203188,0.032641000844176093,0.0,0.0,obsx_noise,payload,"nmpc+mmae[filt=1,forget=0.95,gate=1,ffu=1,qyaw=1,obs=1,aci=1,obsm=0.01]",19,1.405280351638794,0,0.18624701195219123,1.5811081321731921,2.3661546339280903,0.052845528455284556,492
0.11044914006127463,0.12332753487964682,0.24876250025830615,1.1472554797639825,1.1472554797639825,9849.159196271754,21.106315418386703,0.34063745019920316,0.03028158318839358,0.0,0.0,obsx_noise,rotoreff,"nmpc+kf[r_v=0.15,r_w=0.15,q_F=10,q_tau=1,filt=1,gate=1,ffu=1,qyaw=1,obs=1,aci=1,obsm=0.01]",0,1.4501385688781738,0,0.20061155378486054,1.5312695775581784,2.486284151673317,0.054878048780487805,492
0.05790467925635229,0.06456750019436877,0.13724151728677045,0.6500651179459934,0.6500651179459934,10075.306386507978,38.61652616505163,0.10358565737051793,0.0306905217391113,0.0,0.0,obsx_noise,rotoreff,"nmpc+kf[r_v=0.15,r_w=0.15,q_F=10,q_tau=1,filt=1,gate=1,ffu=1,qyaw=1,obs=1,aci=1,obsm=0.01]",1,1.346482515335083,0,0.19087450199203188,1.4254066595006214,2.165733298752457,0.0508130081300813,492
0.07918088866893266,0.08819251382805696,0.16263108291276468,0.8815282136536271,0.8815282136536271,9155.679859357899,34.56538263131348,0.22310756972111553,0.02991223972643231,0.0,0.0,obsx_noise,rotoreff,"nmpc+kf[r_v=0.15,r_w=0.15,q_F=10,q_tau=1,filt=1,gate=1,ffu=1,qyaw=1,obs=1,aci=1,obsm=0.01]",2,1.3674685955047607,0,0.18565737051792827,1.4351175279835187,2.4704699870198965,0.0508130081300813,492
0.14549034613885292,0.16254863454588145,0.3636741023795323,1.0946559096802115,1.0946559096802115,10596.0058432806,29.275465122555612,0.48804780876494025,0.02833554334262056,0.0,0.0,obsx_noise,rotoreff,"nmpc+kf[r_v=0.15,r_w=0.15,q_F=10,q_tau=1,filt=1,gate=1,ffu=1,qyaw=1,obs=1,aci=1,obsm=0.01]",3,1.3839986324310303,0,0.20692231075697212,1.4691255495983706,2.5182502204552297,0.04878048780487805,492
0.07732445774597657,0.08634576281479003,0.14897830361332384,0.6412925865906963,0.6412925865906963,10554.634863327807,19.15104280392291,0.2948207171314741,0.03237081884478543,0.0,0.0,obsx_noise,rotoreff,"nmpc+kf[r_v=0.15,r_w=0.15,q_F=10,q_tau=1,filt=1,gate=1,ffu=1,qyaw=1,obs=1,aci=1,obsm=0.01]",4,1.2855370044708252,0,0.1809601593625498,1.351930654655949,1.7540546157397339,0.0508130081300813,492
0.08164092476672849,0.0910939914173463,0.14344436538135943,0.7375775601644416,0.7375775601644416,9042.616186767995,14.80812936503074,0.28087649402390436,0.0326423144835111,0.0,0.0,obsx_noise,rotoreff,"nmpc+kf[r_v=0.15,r_w=0.15,q_F=10,q_tau=1,filt=1,gate=1,ffu=1,qyaw=1,obs=1,aci=1,obsm=0.01]",5,1.3342533111572266,0,0.19165139442231074,1.416621407386346,2.332995943725109,0.04878048780487805,492
0.12865735025171812,0.14338214881207464,0.28571909117628314,1.2049184329023856,1.2049184329023856,9253.437212226321,34.19686402470455,0.4820717131474104,0.030193012881560732,0.0,0.0,obsx_noise,rotoreff,"nmpc+kf[r_v=0.15,r_w=0.15,q_F=10,q_tau=1,filt=1,gate=1,ffu=1,qyaw=1,obs=1,aci=1,obsm=0.01]",6,1.3294217586517334,0,0.19202191235059762,1.4116850429292456,2.103292546235025,0.0508130081300813,492
0.08483242057479877,0.09454776888479167,0.1930459225970626,0.9098343736225739,0.9098343736225739,9104.271005042703,50.888683662326784,0.23107569721115537,0.023176890622476187,0.0,0.0,obsx_noise,rotoreff,"nmpc+kf[r_v=0.15,r_w=0.15,q_F=10,q_tau=1,filt=1,gate=1,ffu=1,qyaw=1,obs=1,aci=1,obsm=0.01]",7,1.2605938911437988,0,0.17368127490039842,1.3394506246526818,1.7688171449117365,0.0508130081300813,492
0.08476270186901524,0.09463844284745392,0.15018734076859733,0.6458500553342804,0.6458500553342804,9116.765070802207,32.017754671028065,0.34462151394422313,0.03266772667496606,0.0,0.0,obsx_noise,rotoreff,"nmpc+kf[r_v=0.15,r_w=0.15,q_F=10,q_tau=1,filt=1,gate=1,ffu=1,qyaw=1,obs=1,aci=1,obsm=0.01]",8,1.352841854095459,0,0.18972509960159362,1.4402619396072933,2.1167406952008605,0.0508130081300813,492
0.06505258480797943,0.07259814753361236,0.11688124757471602,0.38105627318368823,0.3810562731836883,9327.221450740875,13.084279236134716,0.11952191235059761,0.027740127493395994,0.0,0.0,obsx_noise,rotoreff,"nmpc+kf[r_v=0.15,r_w=0.15,q_F=10,q_tau=1,filt=1,gate=1,ffu=1,qyaw=1,obs=1,aci=1,obsm=0.01]",9,1.3582096099853516,0,0.18936653386454183,1.4286416117101908,2.178914623800665,0.0508130081300813,492
0.05954450379202019,0.06628930027793878,0.1010239794433116,0.4777434953321225,0.4777434953321225,8596.156380568107,14.06797608055746,0.01593625498007968,0.0312436055822973,0.0,0.0,obsx_noise,rotoreff,"nmpc+kf[r_v=0.15,r_w=0.15,q_F=10,q_tau=1,filt=1,gate=1,ffu=1,qyaw=1,obs=1,aci=1,obsm=0.01]",10,1.2871897220611572,0,0.1884621513944223,1.3605924170145178,1.6285513713955881,0.0508130081300813,492
0.07569954746660872,0.08438552996975286,0.14316180818311625,0.44562125550692117,0.44562125550692117,9161.426213087992,16.877876600121507,0.23904382470119523,0.03518066721521795,0.0,0.0,obsx_noise,rotoreff,"nmpc+kf[r_v=0.15,r_w=0.15,q_F=10,q_tau=1,filt=1,gate=1,ffu=1,qyaw=1,obs=1,aci=1,obsm=0.01]",11,1.3617515563964844,0,0.19507171314741034,1.4338591474616729,1.8802885408513248,0.0508130081300813,492
0.0828116168717695,0.09242584619426321,0.14283336145135783,0.5629462756701787,0.5629462756701787,10073.897313421136,17.01541082447801,0.3047808764940239,0.03120012265515837,0.0,0.0,obsx_noise,rotoreff,"nmpc+kf[r_v=0.15,r_w=0.15,q_F=10,q_tau=1,filt=1,gate=1,ffu=1,qyaw=1,obs=1,aci=1,obsm=0.01]",12,1.867295265197754,0,0.2156832669322709,1.936490625695908,2.5699310889467597,0.04878048780487805,492
0.09770318009657683,0.10912676837301447,0.15936121569435407,0.8210024961756656,0.8210024961756656,9821.24584585,26.720097291791365,0.50199203187251,0.029487321947809064,0.0,0.0,obsx_noise,rotoreff,"nmpc+kf[r_v=0.15,r_w=0.15,q_F=10,q_tau=1,filt=1,gate=1,ffu=1,qyaw=1,obs=1,aci=1,obsm=0.01]",13,1.4087715148925781,0,0.1985219123505976,1.4961349320564554,2.3346127965487544,0.04878048780487805,492
0.08012418332433204,0.08908595141372347,0.1318238956814873,0.38884083691656296,0.38884083691656296,8310.762509162378,14.439786841723363,0.2848605577689243,0.03268107243386276,0.0,0.0,obsx_noise,rotoreff,"nmpc+kf[r_v=0.15,r_w=0.15,q_F=10,q_tau=1,filt=1,gate=1,ffu=1,qyaw=1,obs=1,aci=1,obsm=0.01]",14,1.3436579704284668,0,0.19521115537848605,1.4286360321232523,1.5834245970472693,0.0508130081300813,492
0.12753490792827502,0.14241868539268915,0.23870272177152557,0.5667833632546496,0.5667833632546497,11093.086808258868,16.925101531305305,0.5776892430278885,0.02642930270698904,0.0,0.0,obsx_noise,rotoreff,"nmpc+kf[r_v=0.15,r_w=0.15,q_F=10,q_tau=1,filt=1,gate=1,ffu=1,qyaw=1,obs=1,aci=1,obsm=0.01]",15,1.2988176345825195,0,0.18970119521912351,1.3675921085472422,1.621601041406393,0.0508130081300813,492
0.053934878633209164,0.060095219513551804,0.13326196238968988,0.5927159804528419,0.5927159804528419,9688.965864200725,32.22495675161667,0.07569721115537849,0.028414568276174945,0.0,0.0,obsx_noise,rotoreff,"nmpc+kf[r_v=0.15,r_w=0.15,q_F=10,q_tau=1,filt=1,gate=1,ffu=1,qyaw=1,obs=1,aci=1,obsm=0.01]",16,1.2887651920318604,0,0.18861752988047806,1.3613694776925611,1.5055172308348121,0.0508130081300813,492
0.04205213689793646,0.0469379593507401,0.0882198223475974,0.4065791481878172,0.4065791481878172,10218.225912669162,15.704388574647961,0.0,0.028691708814239936,0.0,0.0,obsx_noise,rotoreff,"nmpc+kf[r_v=0.15,r_w=0.15,q_F=10,q_tau=1,filt=1,gate=1,ffu=1,qyaw=1,obs=1,aci=1,obsm=0.01]",17,1.2890126705169678,0,0.17814342629482072,1.3531610430904712,1.5230751642957332,0.0508130081300813,492
0.0787162185571185,0.0878227246029012,0.13137774925238754,0.8145108701011955,0.8145108701011955,9740.293403460679,34.19244529828721,0.24900398406374502,0.032314915592708965,0.0,0.0,obsx_noise,rotoreff,"nmpc+kf[r_v=0.15,r_w=0.15,q_F=10,q_tau=1,filt=1,gate=1,ffu=1,qyaw=1,obs=1,aci=1,obsm=0.01]",18,1.352600336074829,0,0.2006653386454183,1.4344305407619513,1.7761882161721587,0.04878048780487805,492
0.11502991506933832,0.1284037765981177,0.19618845683537042,0.9609659542101363,0.9609659542101363,10644.230091073909,21.480554564807267,0.5199203187250996,0.029986757882142057,0.0,0.0,obsx_noise,rotoreff,"nmpc+kf[r_v=0.15,r_w=0.15,q_F=10,q_tau=1,filt=1,gate=1,ffu=1,qyaw=1,obs=1,aci=1,obsm=0.01]",19,1.2933025360107422,0,0.18737649402390438,1.3761702244099512,1.54488179134205,0.0508130081300813,492
0.11408933631345487,0.12736395248594679,0.2522911522033967,1.6713073743556126,1.6713073743556126,15051.035770572349,21.521676192372556,0.38247011952191234,0.032889139879258456,0.0,0.0,obsx_noise,rotoreff,"nmpc+mmae[filt=1,forget=0.95,gate=1,ffu=1,qyaw=1,obs=1,aci=1,obsm=0.01]",0,1.4150185585021973,0,0.18432470119521913,1.5779014373480147,2.101124098990113,0.052845528455284556,492
0.062264163122300105,0.06930582867601179,0.14052108042393274,0.8104629921741543,0.8104629921741544,15502.329693189566,37.0927050372619,0.11952191235059761,0.030583416325430435,0.0,0.0,obsx_noise,rotoreff,"nmpc+mmae[filt=1,forget=0.95,gate=1,ffu=1,qyaw=1,obs=1,aci=1,obsm=0.01]",1,1.398141860961914,0,0.18154980079681274,1.5669585821549017,1.9261278025805952,0.0508130081300813,492
0.08356900981107888,0.09307067693277699,0.17239500850872655,1.0441791629953265,1.0441791629953265,13965.231498303592,35.29462404372445,0.23904382470119523,0.030249272275785777,0.0,0.0,obsx_noise,rotoreff,"nmpc+mmae[filt=1,forget=0.95,gate=1,ffu=1,qyaw=1,obs=1,aci=1,obsm=0.01]",2,1.5132229328155518,0,0.20002788844621514,1.688990212765437,2.4926922004669905,0.052845528455284556,492
0.1490181234337389,0.16648924952735103,0.37296329978836623,1.7031485153544164,1.7031485153544164,15880.509267334335,30.396585693566003,0.5099601593625498,0.02909680294491329,0.0,0.0,obsx_noise,rotoreff,"nmpc+mmae[filt=1,forget=0.95,gate=1,ffu=1,qyaw=1,obs=1,aci=1,obsm=0.01]",3,1.5312013626098633,0,0.21308366533864542,1.7197169901513722,2.934883772395551,0.04878048780487805,492
0.08182597320993214,0.09125578331410207,0.155064995925384,1.1078207938860207,1.107820793886021,17952.332669268613,18.16733440925741,0.3645418326693227,0.03373275503546491,0.0,0.0,obsx_noise,rotoreff,"nmpc+mmae[filt=1,forget=0.95,gate=1,ffu=1,qyaw=1,obs=1,aci=1,obsm=0.01]",4,1.4250373840332031,0,0.1863446215139442,1.5740293120794682,1.7999593634158375,0.052845528455284556,492
0.08566987780786857,0.09560216949443309,0.14620071363523748,0.9922666082470469,0.9922666082470469,13502.648942752327,16.782833562353627,0.34860557768924305,0.03290359347646074,0.0,0.0,obsx_noise,rotoreff,"nmpc+mmae[filt=1,forget=0.95,gate=1,ffu=1,qyaw=1,obs=1,aci=1,obsm=0.01]",5,1.4991061687469482,0,0.2049203187250996,1.6828557737060337,2.5085322442464535,0.04878048780487805,492
0.13213414320370723,0.14732965435179124,0.2899419407351969,1.6609742127066771,1.6609742127066771,12947.195185965838,34.38353974853658,0.50199203187251,0.0327084998448221,0.0,0.0,obsx_noise,rotoreff,"nmpc+mmae[filt=1,forget=0.95,gate=1,ffu=1,qyaw=1,obs=1,aci=1,obsm=0.01]",6,1.4236128330230713,0,0.19133266932270915,1.6021731627763682,2.4629322136752307,0.052845528455284556,492
0.09054419118160792,0.10098048829217336,0.2110646817441258,1.1906865330486351,1.1906865330486351,13205.081359387295,56.68211191424825,0.23705179282868527,0.0292274738937795,0.0,0.0,obsx_noise,rotoreff,"nmpc+mmae[filt=1,forget=0.95,gate=1,ffu=1,qyaw=1,obs=1,aci=1,obsm=0.01]",7,1.5302116870880127,0,0.19654980079681275,1.7154838303586402,2.677830373868346,0.052845528455284556,492
0.08791452295347739,0.09813904198235958,0.15262120339984225,1.109838371654126,1.109838371654126,14539.954781214888,32.45240528601053,0.3645418326693227,0.03356627780127169,0.0,0.0,obsx_noise,rotoreff,"nmpc+mmae[filt=1,forget=0.95,gate=1,ffu=1,qyaw=1,obs=1,aci=1,obsm=0.01]",8,1.5341532230377197,0,0.19890836653386454,1.7222977898258018,2.570618037134409,0.052845528455284556,492
0.07119102368311143,0.07916039107884389,0.12268428021844681,0.5750184877224309,0.5750184877224309,14417.147151786012,12.849263708896666,0.1693227091633466,0.02846004513050343,0.0,0.0,obsx_noise,rotoreff,"nmpc+mmae[filt=1,forget=0.95,gate=1,ffu=1,qyaw=1,obs=1,aci=1,obsm=0.01]",9,1.4245507717132568,0,0.1844800796812749,1.5852692480425377,1.924345309380442,0.0508130081300813,492
0.06325716780507994,0.07019371574359529,0.10349091063587523,0.4786922550338344,0.4786922550338344,13718.099822414782,14.588362246778138,0.025896414342629483,0.033324452614748756,0.0,0.0,obsx_noise,rotoreff,"nmpc+mmae[filt=1,forget=0.95,gate=1,ffu=1,qyaw=1,obs=1,aci=1,obsm=0.01]",10,1.4245033264160156,0,0.1922011952191235,1.5872302483693064,1.7533377534709873,0.0508130081300813,492
0.07944334605109087,0.08844698305114189,0.14864885864536717,0.7968024371306336,0.7968024371306335,13463.19298557346,18.975807285040005,0.2729083665338645,0.03322432990825269,0.0,0.0,obsx_noise,rotoreff,"nmpc+mmae[filt=1,forget=0.95,gate=1,ffu=1,qyaw=1,obs=1,aci=1,obsm=0.01]",11,1.5615785121917725,0,0.20527091633466135,1.7482440044873384,2.622723348904401,0.0508130081300813,492
0.08784702052152706,0.09795508434582322,0.14435260957364182,0.9559558355706684,0.9559558355706684,16394.74997340231,18.466506852683697,0.3545816733067729,0.03444763876249607,0.0,0.0,obsx_noise,rotoreff,"nmpc+mmae[filt=1,forget=0.95,gate=1,ffu=1,qyaw=1,obs=1,aci=1,obsm=0.01]",12,1.4424209594726562,0,0.18687051792828685,1.6093111278830594,2.0646479609422395,0.052845528455284556,492
0.10264544194438573,0.11460145229194509,0.1667372490550942,1.778889145874992,1.778889145874992,15033.495893105282,29.500392118605728,0.5318725099601593,0.03173812161144918,0.0,0.0,obsx_noise,rotoreff,"nmpc+mmae[filt=1,forget=0.95,gate=1,ffu=1,qyaw=1,obs=1,aci=1,obsm=0.01]",13,2.6047120094299316,0,0.25727091633466137,2.8794960214374252,3.0673748790286486,0.0508130081300813,492
0.08429055278689548,0.09394446445429792,0.13982961380657447,0.4079174435400275,0.4079174435400275,12682.619817391453,15.281902546449142,0.32270916334661354,0.03694869711639476,0.0,0.0,obsx_noise,rotoreff,"nmpc+mmae[filt=1,forget=0.95,gate=1,ffu=1,qyaw=1,obs=1,aci=1,obsm=0.01]",14,1.4559271335601807,0,0.19090438247011954,1.6288614063801994,2.3761671897955243,0.0508130081300813,492
0.1332666056104993,0.14875759958151247,0.2464649393733308,0.6728008280309883,0.6728008280309883,18069.84372764324,19.896273473084392,0.6454183266932271,0.029459862047909707,0.0,0.0,obsx_noise,rotoreff,"nmpc+mmae[filt=1,forget=0.95,gate=1,ffu=1,qyaw=1,obs=1,aci=1,obsm=0.01]",15,1.4755895137786865,0,0.1988625498007968,1.6392701448301277,2.3522518086247146,0.0508130081300813,492
0.05940019141813709,0.06611703651330805,0.1396930015322129,1.0389582501548749,1.0389582501548749,15240.206938021876,31.993106562847355,0.09362549800796813,0.029790130287774053,0.0,0.0,obsx_noise,rotoreff,"nmpc+mmae[filt=1,forget=0.95,gate=1,ffu=1,qyaw=1,obs=1,aci=1,obsm=0.01]",16,1.5880932807922363,0,0.21254382470119518,1.7670678926550178,2.970746264327318,0.052845528455284556,492
0.04812976992683063,0.05359839260831168,0.09984335375489545,0.7371601562104431,0.7371601562104431,15016.615385075067,17.9195244172036,0.0,0.03490179544208988,0.0,0.0,obsx_noise,rotoreff,"nmpc+mmae[filt=1,forget=0.95,gate=1,ffu=1,qyaw=1,obs=1,aci=1,obsm=0.01]",17,1.5231482982635498,0,0.19557370517928285,1.6990992601448855,2.870135270059109,0.052845528455284556,492
0.08406573551756363,0.09375061048141184,0.13403481523945196,1.4706744640841556,1.4706744640841556,15113.920203125215,33.478070525822666,0.3346613545816733,0.03563149339203006,0.0,0.0,obsx_noise,rotoreff,"nmpc+mmae[filt=1,forget=0.95,gate=1,ffu=1,qyaw=1,obs=1,aci=1,obsm=0.01]",18,1.419020414352417,0,0.19373904382470117,1.5936939484547394,1.7944656708277762,0.0508130081300813,492
0.12186676512387498,0.13593670883764855,0.21060840832467898,1.7458843723176245,1.7458843723176245,15857.378380444618,25.281853059702957,0.549800796812749,0.031343345903070335,0.0,0.0,obsx_noise,rotoreff,"nmpc+mmae[filt=1,forget=0.95,gate=1,ffu=1,qyaw=1,obs=1,aci=1,obsm=0.01]",19,1.9150826930999756,0,0.23795418326693224,2.1364543372690976,3.1928171217441563,0.052845528455284556,492
0.11023740990316107,0.12310451208595649,0.2540959562354151,3.746204615506443,3.746204615506443,9802.026068080275,21.865525715941867,0.3147410358565737,0.03064740866938498,0.0,0.0,obsx_noise,torque,"nmpc+kf[r_v=0.15,r_w=0.15,q_F=10,q_tau=1,filt=1,gate=1,ffu=1,qyaw=1,obs=1,aci=1,obsm=0.01]",0,1.4329497814178467,0,0.2012729083665339,1.5119346126773028,2.4548937380313873,0.054878048780487805,492
0.05794027022472926,0.06459003222444802,0.13694949150428193,1.0871199133331853,1.0871199133331853,9638.09718364002,36.41382670791344,0.10358565737051793,0.03066844035036248,0.0,0.0,obsx_noise,torque,"nmpc+kf[r_v=0.15,r_w=0.15,q_F=10,q_tau=1,filt=1,gate=1,ffu=1,qyaw=1,obs=1,aci=1,obsm=0.01]",1,1.2995884418487549,0,0.18267131474103585,1.3777537710140961,1.9739128998480737,0.0508130081300813,492
0.07881201098947528,0.08792782167893441,0.1583638434156522,1.5701529562158711,1.5701529562158711,10037.958293777154,34.550601189992754,0.2250996015936255,0.02912587320823845,0.0,0.0,obsx_noise,torque,"nmpc+kf[r_v=0.15,r_w=0.15,q_F=10,q_tau=1,filt=1,gate=1,ffu=1,qyaw=1,obs=1,aci=1,obsm=0.01]",2,1.2915050983428955,0,0.18604581673306772,1.362392115796289,1.5155129740014672,0.0508130081300813,492
0.1449256732868825,0.16191932967860379,0.3635694461155934,2.5596471319153378,2.5596471319153378,10449.739171326366,28.91300014437627,0.4860557768924303,0.028440704272791495,0.0,0.0,obsx_noise,torque,"nmpc+kf[r_v=0.15,r_w=0.15,q_F=10,q_tau=1,filt=1,gate=1,ffu=1,qyaw=1,obs=1,aci=1,obsm=0.01]",3,2.366157293319702,0,0.27529282868525895,2.4721141630019323,2.634585502091795,0.04878048780487805,492
0.07742029020282432,0.08636496776760463,0.1565638807535668,0.7601861981880632,0.7601861981880632,8913.207608103356,18.594529849179835,0.27689243027888444,0.03303546256110462,0.0,0.0,obsx_noise,torque,"nmpc+kf[r_v=0.15,r_w=0.15,q_F=10,q_tau=1,filt=1,gate=1,ffu=1,qyaw=1,obs=1,aci=1,obsm=0.01]",4,1.4080770015716553,0,0.19714940239043824,1.4879267850141245,2.2993491077795625,0.0508130081300813,492
0.08200170687588158,0.09157972221157198,0.14240232255505436,2.1313409436987043,2.1313409436987043,10048.25356010168,15.186244071521902,0.2908366533864542,0.03200136873080231,0.0,0.0,obsx_noise,torque,"nmpc+kf[r_v=0.15,r_w=0.15,q_F=10,q_tau=1,filt=1,gate=1,ffu=1,qyaw=1,obs=1,aci=1,obsm=0.01]",5,1.3717451095581055,0,0.20572908366533865,1.4544283601073213,2.003823388367893,0.04878048780487805,492
0.1295904917223606,0.14452839321249208,0.2846769942913135,1.642241461869082,1.642241461869082,10790.496695033762,34.63214948505627,0.4800796812749004,0.030132328312974133,0.0,0.0,obsx_noise,torque,"nmpc+kf[r_v=0.15,r_w=0.15,q_F=10,q_tau=1,filt=1,gate=1,ffu=1,qyaw=1,obs=1,aci=1,obsm=0.01]",6,1.3430447578430176,0,0.1985378486055777,1.4248405702864804,2.1940564387477934,0.0508130081300813,492
0.08377878711118802,0.09357336513088357,0.1876394154049954,6.3512018489292625,6.3512018489292625,9629.666573382017,49.4188311001866,0.22310756972111553,0.021063380774219598,0.0,0.0,obsx_noise,torque,"nmpc+kf[r_v=0.15,r_w=0.15,q_F=10,q_tau=1,filt=1,gate=1,ffu=1,qyaw=1,obs=1,aci=1,obsm=0.01]",7,1.308577060699463,0,0.1833067729083665,1.3828218642778072,1.6336919530294838,0.0508130081300813,492
0.08472841154126945,0.0946309231393135,0.14861548735721325,0.6592768036293082,0.6592768036293082,9422.733949091527,31.332619393102707,0.34063745019920316,0.03208085905329858,0.0,0.0,obsx_noise,torque,"nmpc+kf[r_v=0.15,r_w=0.15,q_F=10,q_tau=1,filt=1,gate=1,ffu=1,qyaw=1,obs=1,aci=1,obsm=0.01]",8,1.2886688709259033,0,0.1775179282868526,1.356004565709319,1.7226996854878964,0.0508130081300813,492
0.06568979121249881,0.07323411755126073,0.11639233107416683,0.3815590752947034,0.3815590752947034,8645.845012057891,13.271937337586103,0.11752988047808766,0.027466674505261968,0.0,0.0,obsx_noise,torque,"nmpc+kf[r_v=0.15,r_w=0.15,q_F=10,q_tau=1,filt=1,gate=1,ffu=1,qyaw=1,obs=1,aci=1,obsm=0.01]",9,1.2813827991485596,0,0.17616533864541833,1.3496812448773785,1.580325851682574,0.0508130081300813,492
0.0594783087372973,0.06633683065574482,0.1007275409571554,0.5503345945247017,0.5503345945247017,9194.71175043121,14.365441043725898,0.013944223107569721,0.03139839184870749,0.0,0.0,obsx_noise,torque,"nmpc+kf[r_v=0.15,r_w=0.15,q_F=10,q_tau=1,filt=1,gate=1,ffu=1,qyaw=1,obs=1,aci=1,obsm=0.01]",10,1.4059574604034424,0,0.20719721115537848,1.4807049428999601,2.224442232400179,0.0508130081300813,492
0.07612803651867871,0.08491899385811057,0.14284222332094987,0.4399189993637681,0.4399189993637681,9371.95065934427,17.224869337184995,0.24302788844621515,0.03454279018906964,0.0,0.0,obsx_noise,torque,"nmpc+kf[r_v=0.15,r_w=0.15,q_F=10,q_tau=1,filt=1,gate=1,ffu=1,qyaw=1,obs=1,aci=1,obsm=0.01]",11,1.3006072044372559,0,0.18334661354581674,1.3673575200786094,1.5627197339199483,0.0508130081300813,492
0.08283749360647871,0.09239766997037291,0.1432497720218026,0.8420995909236425,0.8420995909236425,9069.387400940457,16.173654957684054,0.2968127490039841,0.03250904202271587,0.0,0.0,obsx_noise,torque,"nmpc+kf[r_v=0.15,r_w=0.15,q_F=10,q_tau=1,filt=1,gate=1,ffu=1,qyaw=1,obs=1,aci=1,obsm=0.01]",12,1.4216327667236328,0,0.1989003984063745,1.4946681319316664,2.663110496941954,0.04878048780487805,492
0.09755954106755108,0.10897661550442493,0.1612512861214522,1.0004060185911667,1.0004060185911667,10695.526524862635,26.864662851743876,0.4940239043824701,0.029120502018763872,0.0,0.0,obsx_noise,torque,"nmpc+kf[r_v=0.15,r_w=0.15,q_F=10,q_tau=1,filt=1,gate=1,ffu=1,qyaw=1,obs=1,aci=1,obsm=0.01]",13,1.3941996097564697,0,0.201300796812749,1.4780193787120075,2.4586417782120407,0.04878048780487805,492
0.08074473495962563,0.09012528688498955,0.13358365170518083,0.33166318197033146,0.33166318197033146,9785.763625873873,13.816870716585884,0.2948207171314741,0.031190713029392414,0.0,0.0,obsx_noise,torque,"nmpc+kf[r_v=0.15,r_w=0.15,q_F=10,q_tau=1,filt=1,gate=1,ffu=1,qyaw=1,obs=1,aci=1,obsm=0.01]",14,1.3262979984283447,0,0.19091235059760958,1.3845115946420279,2.174551442731172,0.0508130081300813,492
0.12601402687100746,0.14070582311353722,0.2357183005950641,0.9362602182421843,0.9362602182421843,9910.02812215964,16.05797721332052,0.5737051792828686,0.02842726121108957,0.0,0.0,obsx_noise,torque,"nmpc+kf[r_v=0.15,r_w=0.15,q_F=10,q_tau=1,filt=1,gate=1,ffu=1,qyaw=1,obs=1,aci=1,obsm=0.01]",15,1.3146257400512695,0,0.19326892430278883,1.3956970862665796,1.8390286969952285,0.0508130081300813,492
0.053849759330779894,0.0600198816693761,0.13222790998382933,1.8005836625228837,1.8005836625228837,9912.906769768302,32.953207530819085,0.07569721115537849,0.028773156387755183,0.0,0.0,obsx_noise,torque,"nmpc+kf[r_v=0.15,r_w=0.15,q_F=10,q_tau=1,filt=1,gate=1,ffu=1,qyaw=1,obs=1,aci=1,obsm=0.01]",16,1.4495503902435303,0,0.21422908366533866,1.5252704325825925,2.238183268345893,0.0508130081300813,492
0.04150615329157739,0.04627206647030081,0.08733130898310008,0.5283775517360978,0.5283775517360978,9875.078945285015,15.34512677985125,0.0,0.029949988108794345,0.0,0.0,obsx_noise,torque,"nmpc+kf[r_v=0.15,r_w=0.15,q_F=10,q_tau=1,filt=1,gate=1,ffu=1,qyaw=1,obs=1,aci=1,obsm=0.01]",17,2.3971331119537354,0,0.2513426294820717,2.47582610728093,2.6288566645234823,0.0508130081300813,492
0.07919126070875533,0.08840831763049342,0.132235051864393,0.8938068932308051,0.8938068932308051,10436.520250475725,33.999517572877785,0.25298804780876494,0.03130894313386204,0.0,0.0,obsx_noise,torque,"nmpc+kf[r_v=0.15,r_w=0.15,q_F=10,q_tau=1,filt=1,gate=1,ffu=1,qyaw=1,obs=1,aci=1,obsm=0.01]",18,1.4898173809051514,0,0.21858764940239045,1.5826504770295318,2.268525979015976,0.04878048780487805,492
0.11415125778078994,0.127420358378755,0.19469154057923482,0.8308840463636492,0.8308840463636492,10082.763106672988,20.691723918096407,0.5179282868525896,0.030262711673121057,0.0,0.0,obsx_noise,torque,"nmpc+kf[r_v=0.15,r_w=0.15,q_F=10,q_tau=1,filt=1,gate=1,ffu=1,qyaw=1,obs=1,aci=1,obsm=0.01]",19,1.4234185218811035,0,0.20489840637450202,1.5091679631305703,2.383856335654855,0.0508130081300813,492
0.11470936001059756,0.12807735066130796,0.25691376781138187,8.24507783253897,8.24507783253897,14824.709885647244,21.602839197047118,0.37250996015936255,0.03431179167687187,0.0,0.0,obsx_noise,torque,"nmpc+mmae[filt=1,forget=0.95,gate=1,ffu=1,qyaw=1,obs=1,aci=1,obsm=0.01]",0,1.447047472000122,0,0.19178884462151397,1.6198644314361996,1.9297688268125064,0.052845528455284556,492
0.06126990986207088,0.0682042223500928,0.14045963063366207,2.043806075399787,2.043806075399787,14807.511798760335,36.0138516824037,0.11155378486055777,0.030652982034380827,0.0,0.0,obsx_noise,torque,"nmpc+mmae[filt=1,forget=0.95,gate=1,ffu=1,qyaw=1,obs=1,aci=1,obsm=0.01]",1,2.522428274154663,0,0.25903585657370515,2.776354328224591,3.087131835054606,0.0508130081300813,492
0.08470900908029652,0.09440081482954737,0.1686972129105782,3.156686065973594,3.156686065973594,15528.911377885299,34.20221637379657,0.250996015936255,0.02967870764854269,0.0,0.0,obsx_noise,torque,"nmpc+mmae[filt=1,forget=0.95,gate=1,ffu=1,qyaw=1,obs=1,aci=1,obsm=0.01]",2,1.422755479812622,0,0.1891235059760956,1.5870920559614006,1.941936246585101,0.052845528455284556,492
0.14863619452058693,0.16606040772712216,0.3724171343758687,5.103588080825269,5.103588080825269,15088.926368467633,31.21898311889174,0.5039840637450199,0.030385392659203037,0.0,0.0,obsx_noise,torque,"nmpc+mmae[filt=1,forget=0.95,gate=1,ffu=1,qyaw=1,obs=1,aci=1,obsm=0.01]",3,1.5358953475952148,0,0.21723505976095617,1.7214568435730213,2.6107881241478026,0.04878048780487805,492
0.08095550211222538,0.09024977851726672,0.1589816153489412,1.5312986646405473,1.5312986646405473,14640.894097451535,18.817829641539355,0.3426294820717131,0.03536214708973068,0.0,0.0,obsx_noise,torque,"nmpc+mmae[filt=1,forget=0.95,gate=1,ffu=1,qyaw=1,obs=1,aci=1,obsm=0.01]",4,1.406287431716919,0,0.18559960159362549,1.5761500833912259,1.8012136546894908,0.052845528455284556,492
0.08715382628658971,0.0972928014202254,0.14561862696002975,4.913453077167242,4.913453077167242,14690.078433554529,16.913473065751063,0.3605577689243028,0.0332282083041299,0.0,0.0,obsx_noise,torque,"nmpc+mmae[filt=1,forget=0.95,gate=1,ffu=1,qyaw=1,obs=1,aci=1,obsm=0.01]",5,1.7877869606018066,0,0.23778486055776893,1.9946709048908307,2.684568266849965,0.04878048780487805,492
0.13417477650107537,0.14964323861656462,0.2909408699906325,2.648145976589002,2.648145976589002,15154.031402586423,35.46370015861062,0.5039840637450199,0.032457374530480254,0.0,0.0,obsx_noise,torque,"nmpc+mmae[filt=1,forget=0.95,gate=1,ffu=1,qyaw=1,obs=1,aci=1,obsm=0.01]",6,1.4328789710998535,0,0.19803386454183267,1.6107603145087976,2.666698070243007,0.0508130081300813,492
0.09326105204920684,0.10411854505624105,0.21758713566515772,12.419073424569183,12.419073424569183,14979.612057773773,62.4009665686265,0.2450199203187251,0.027314521682474557,0.0,0.0,obsx_noise,torque,"nmpc+mmae[filt=1,forget=0.95,gate=1,ffu=1,qyaw=1,obs=1,aci=1,obsm=0.01]",7,2.6193602085113525,0,0.26305577689243026,2.871008648303341,3.057276241015643,0.052845528455284556,492
0.08921184369757043,0.09959030488716612,0.15227243622489162,1.1949825649193817,1.1949825649193817,15249.297363243199,30.826510812305486,0.3784860557768924,0.03270825371059566,0.0,0.0,obsx_noise,torque,"nmpc+mmae[filt=1,forget=0.95,gate=1,ffu=1,qyaw=1,obs=1,aci=1,obsm=0.01]",8,1.918055534362793,0,0.23394422310756974,2.133732351318625,3.259362999815494,0.052845528455284556,492
0.07019846408602891,0.07806508603911563,0.12224138322981944,0.5068514313683294,0.5068514313683294,13095.781988185545,13.223778595161129,0.1593625498007968,0.02827276361464104,0.0,0.0,obsx_noise,torque,"nmpc+mmae[filt=1,forget=0.95,gate=1,ffu=1,qyaw=1,obs=1,aci=1,obsm=0.01]",9,1.5045111179351807,0,0.19371314741035855,1.6768620821621372,2.8593791904859263,0.0508130081300813,492
0.06504090186413498,0.07226734417171911,0.10406701399719738,1.326733471483619,1.326733471483619,15022.261938752863,15.112222635553655,0.025896414342629483,0.03375558366270237,0.0,0.0,obsx_noise,torque,"nmpc+mmae[filt=1,forget=0.95,gate=1,ffu=1,qyaw=1,obs=1,aci=1,obsm=0.01]",10,1.4411513805389404,0,0.19721513944223107,1.6071818856173659,2.011257950216532,0.0508130081300813,492
0.0799269845824039,0.08900967861566268,0.1478474163957328,0.7993356206122322,0.7993356206122322,14037.677997779308,17.769472862556125,0.27689243027888444,0.03267200973508633,0.0,0.0,obsx_noise,torque,"nmpc+mmae[filt=1,forget=0.95,gate=1,ffu=1,qyaw=1,obs=1,aci=1,obsm=0.01]",11,1.4257721900939941,0,0.1870557768924303,1.5941893369278526,2.186884060502053,0.0508130081300813,492
0.08616143739111681,0.09604360636463571,0.14441102648399093,2.136888125857759,2.136888125857759,14314.797154762604,17.754818130904237,0.3247011952191235,0.033595722528433736,0.0,0.0,obsx_noise,torque,"nmpc+mmae[filt=1,forget=0.95,gate=1,ffu=1,qyaw=1,obs=1,aci=1,obsm=0.01]",12,1.5671560764312744,0,0.20067928286852588,1.7479045698753153,2.9622285207733516,0.052845528455284556,492
0.10250157350333347,0.1144433019048224,0.16861185250428626,2.7472775924280914,2.7472775924280914,15926.848602959808,29.68494291906895,0.5239043824701195,0.031824742134968276,0.0,0.0,obsx_noise,torque,"nmpc+mmae[filt=1,forget=0.95,gate=1,ffu=1,qyaw=1,obs=1,aci=1,obsm=0.01]",13,1.5116052627563477,0,0.2034621513944223,1.69242030627417,2.306705727241934,0.0508130081300813,492
0.08672935334167296,0.09677252483491378,0.1476976939175973,1.363360303550004,1.3633603035500041,15382.87989193563,14.214455546314579,0.35856573705179284,0.03582570391961709,0.0,0.0,obsx_noise,torque,"nmpc+mmae[filt=1,forget=0.95,gate=1,ffu=1,qyaw=1,obs=1,aci=1,obsm=0.01]",14,1.528872013092041,0,0.20712151394422315,1.7054303529750243,2.600301471538842,0.052845528455284556,492
0.1302554959684847,0.1453861319715569,0.24148419782097372,1.9735329530710748,1.9735329530710748,15561.409726980088,20.140220910671733,0.6394422310756972,0.03209682045545939,0.0,0.0,obsx_noise,torque,"nmpc+mmae[filt=1,forget=0.95,gate=1,ffu=1,qyaw=1,obs=1,aci=1,obsm=0.01]",15,1.4540696144104004,0,0.19796015936254976,1.6357854877847182,2.2502525430172704,0.0508130081300813,492
0.05901577794401262,0.06577514412254933,0.14023388903521916,5.095832139288599,5.095832139288599,14766.648400879782,35.09015049069275,0.08964143426294821,0.03282843272080377,0.0,0.0,obsx_noise,torque,"nmpc+mmae[filt=1,forget=0.95,gate=1,ffu=1,qyaw=1,obs=1,aci=1,obsm=0.01]",16,1.4493882656097412,0,0.19937250996015937,1.6058336658611063,2.266792783048005,0.052845528455284556,492
0.0471027684604919,0.05246191268606766,0.09923358451360254,1.4398579005133354,1.4398579005133354,14285.409766155903,18.533747941005895,0.0,0.03499711186952825,0.0,0.0,obsx_noise,torque,"nmpc+mmae[filt=1,forget=0.95,gate=1,ffu=1,qyaw=1,obs=1,aci=1,obsm=0.01]",17,1.547804832458496,0,0.20059362549800794,1.722026459568466,2.6071436866186564,0.0508130081300813,492
0.08459559007747677,0.0943690303539271,0.1347783060803616,1.7952012313142467,1.7952012313142467,16058.045227839168,32.61305723360733,0.3466135458167331,0.034396227971893734,0.0,0.0,obsx_noise,torque,"nmpc+mmae[filt=1,forget=0.95,gate=1,ffu=1,qyaw=1,obs=1,aci=1,obsm=0.01]",18,1.4262030124664307,0,0.19638047808764938,1.604769038930684,2.5678150495514274,0.0508130081300813,492
0.12103261538624877,0.13500921245223402,0.20899225442342503,1.4797783375415274,1.4797783375415274,15321.505173306314,23.740170813578267,0.5358565737051793,0.03162939777923915,0.0,0.0,obsx_noise,torque,"nmpc+mmae[filt=1,forget=0.95,gate=1,ffu=1,qyaw=1,obs=1,aci=1,obsm=0.01]",19,1.5520458221435547,0,0.2067589641434263,1.7482726194662046,2.7367930021137004,0.052845528455284556,492
0.11030631448349268,0.123188159578463,0.24955426124112373,1.0840173110079097,1.0840173110079097,10908.310751644754,21.85956777246278,0.3207171314741036,0.030441148926717954,0.0,0.0,obsx_noise,uncertainty,"nmpc+kf[r_v=0.15,r_w=0.15,q_F=10,q_tau=1,filt=1,gate=1,ffu=1,qyaw=1,obs=1,aci=1,obsm=0.01]",0,1.3193306922912598,0,0.1854641434262948,1.4015276210412266,2.2851003031246364,0.054878048780487805,492
0.05759867304779982,0.06428656249856021,0.13676136795061744,0.6540889691389989,0.6540889691389989,11442.86017760442,39.586420426618155,0.10358565737051793,0.028836935265980745,0.0,0.0,obsx_noise,uncertainty,"nmpc+kf[r_v=0.15,r_w=0.15,q_F=10,q_tau=1,filt=1,gate=1,ffu=1,qyaw=1,obs=1,aci=1,obsm=0.01]",1,2.382016181945801,0,0.2590498007968127,2.48722008854314,2.691154915373773,0.0508130081300813,492
0.07858372073964373,0.08769386971351179,0.15732547489423204,0.9895985654540677,0.9895985654540677,9956.296257174476,34.37095155297356,0.2250996015936255,0.0285609076217207,0.0,0.0,obsx_noise,uncertainty,"nmpc+kf[r_v=0.15,r_w=0.15,q_F=10,q_tau=1,filt=1,gate=1,ffu=1,qyaw=1,obs=1,aci=1,obsm=0.01]",2,2.4306514263153076,0,0.2663167330677291,2.5058990628254487,2.7189929620362823,0.0508130081300813,492
0.1487830151662848,0.16612248159625567,0.3626105669311237,1.2025561152162243,1.2025561152162243,11748.449419174598,27.36327107060839,0.5219123505976095,0.027735506880697203,0.0,0.0,obsx_noise,uncertainty,"nmpc+kf[r_v=0.15,r_w=0.15,q_F=10,q_tau=1,filt=1,gate=1,ffu=1,qyaw=1,obs=1,aci=1,obsm=0.01]",3,1.5416233539581299,0,0.22320119521912352,1.6349849524904057,2.274997434578836,0.04878048780487805,492
0.07764905894526741,0.08651429257982535,0.15958997534240119,0.5828333961024293,0.5828333961024293,9253.933998323142,18.327527290835725,0.27091633466135456,0.034120112368871636,0.0,0.0,obsx_noise,uncertainty,"nmpc+kf[r_v=0.15,r_w=0.15,q_F=10,q_tau=1,filt=1,gate=1,ffu=1,qyaw=1,obs=1,aci=1,obsm=0.01]",4,1.3185477256774902,0,0.18468924302788842,1.3892254634459773,1.8277708115056157,0.0508130081300813,492
0.08234899880597972,0.09197865580801855,0.1425821849565001,0.6915277454131906,0.6915277454131906,9204.372016638883,15.66303301861602,0.30876494023904383,0.0284854319013437,0.0,0.0,obsx_noise,uncertainty,"nmpc+kf[r_v=0.15,r_w=0.15,q_F=10,q_tau=1,filt=1,gate=1,ffu=1,qyaw=1,obs=1,aci=1,obsm=0.01]",5,1.3003933429718018,0,0.1890796812749004,1.3797005023473348,1.9934037374332567,0.04878048780487805,492
0.13225764227006376,0.14747619195937176,0.2863240038328933,1.402636748110289,1.402636748110289,11405.8057428981,35.541889961861195,0.47808764940239046,0.027760670443488122,0.0,0.0,obsx_noise,uncertainty,"nmpc+kf[r_v=0.15,r_w=0.15,q_F=10,q_tau=1,filt=1,gate=1,ffu=1,qyaw=1,obs=1,aci=1,obsm=0.01]",6,2.387305498123169,0,0.27535657370517924,2.497972773974279,2.7090842789039016,0.04878048780487805,492
0.0842366059478053,0.09411410555226946,0.18505611823874463,1.3946827929394126,1.3946827929394126,9517.592209978508,50.24049621754768,0.22111553784860558,0.022542383584182535,0.0,0.0,obsx_noise,uncertainty,"nmpc+kf[r_v=0.15,r_w=0.15,q_F=10,q_tau=1,filt=1,gate=1,ffu=1,qyaw=1,obs=1,aci=1,obsm=0.01]",7,1.4402647018432617,0,0.195601593625498,1.5322800013292357,2.4343337025493392,0.0508130081300813,492
0.0839905656970604,0.09379168040307756,0.14542416782723602,0.580700208124231,0.580700208124231,10898.600567636777,31.181997917131735,0.3386454183266932,0.03070605683672259,0.0,0.0,obsx_noise,uncertainty,"nmpc+kf[r_v=0.15,r_w=0.15,q_F=10,q_tau=1,filt=1,gate=1,ffu=1,qyaw=1,obs=1,aci=1,obsm=0.01]",8,2.6499836444854736,0,0.27603386454183265,2.6388086584504262,2.8781026788055897,0.0508130081300813,492
0.06544575848714966,0.07309210285606055,0.11550117807698863,0.34949168631178584,0.34949168631178584,10045.90027077086,12.705992067803903,0.11752988047808766,0.027557086905578676,0.0,0.0,obsx_noise,uncertainty,"nmpc+kf[r_v=0.15,r_w=0.15,q_F=10,q_tau=1,filt=1,gate=1,ffu=1,qyaw=1,obs=1,aci=1,obsm=0.01]",9,1.402296543121338,0,0.19528286852589644,1.4754760629159818,2.2233362239785497,0.0508130081300813,492
0.059626227949290934,0.06646806933804993,0.10077236316605911,0.3506436566349166,0.3506436566349166,8766.882633464927,14.33896851307361,0.013944223107569721,0.031197850963539775,0.0,0.0,obsx_noise,uncertainty,"nmpc+kf[r_v=0.15,r_w=0.15,q_F=10,q_tau=1,filt=1,gate=1,ffu=1,qyaw=1,obs=1,aci=1,obsm=0.01]",10,1.3288764953613281,0,0.19392629482071713,1.403152863346634,1.6440683673135938,0.0508130081300813,492
0.07457263558915392,0.08306962326569184,0.14393312889529142,0.5581385191002479,0.5581385191002479,9563.545007755012,16.360276171548715,0.2250996015936255,0.03531215957311429,0.0,0.0,obsx_noise,uncertainty,"nmpc+kf[r_v=0.15,r_w=0.15,q_F=10,q_tau=1,filt=1,gate=1,ffu=1,qyaw=1,obs=1,aci=1,obsm=0.01]",11,1.4375641345977783,0,0.20274900398406373,1.517950825252203,2.3906600661575794,0.0508130081300813,492
0.08278818307194181,0.09214116423593402,0.1447156633948674,0.537757351321089,0.537757351321089,7843.295811527406,15.721904943186457,0.2948207171314741,0.03316964926837762,0.0,0.0,obsx_noise,uncertainty,"nmpc+kf[r_v=0.15,r_w=0.15,q_F=10,q_tau=1,filt=1,gate=1,ffu=1,qyaw=1,obs=1,aci=1,obsm=0.01]",12,1.3133013248443604,0,0.1800796812749004,1.387225112885207,2.279597250744701,0.04878048780487805,492
0.10142874674313691,0.11332819529377659,0.1669301617865654,0.8340269588327663,0.8340269588327663,10615.749643439261,26.90657213308355,0.5258964143426295,0.028069293079753366,0.0,0.0,obsx_noise,uncertainty,"nmpc+kf[r_v=0.15,r_w=0.15,q_F=10,q_tau=1,filt=1,gate=1,ffu=1,qyaw=1,obs=1,aci=1,obsm=0.01]",13,1.32133150100708,0,0.18603585657370517,1.3974388194942022,2.129117220174521,0.04878048780487805,492
0.08023446504465459,0.08948873129129169,0.1328091118322004,0.4083494352022712,0.4083494352022712,8828.281091297224,14.15977628082819,0.28884462151394424,0.03154846099802111,0.0,0.0,obsx_noise,uncertainty,"nmpc+kf[r_v=0.15,r_w=0.15,q_F=10,q_tau=1,filt=1,gate=1,ffu=1,qyaw=1,obs=1,aci=1,obsm=0.01]",14,1.5538370609283447,0,0.216,1.6325051247873212,2.743310257792473,0.0508130081300813,492
0.12710553524164514,0.14193867249073897,0.237344078935971,0.5362290650816864,0.5362290650816864,11278.559447267358,15.750993432441291,0.5737051792828686,0.026116246786163616,0.0,0.0,obsx_noise,uncertainty,"nmpc+kf[r_v=0.15,r_w=0.15,q_F=10,q_tau=1,filt=1,gate=1,ffu=1,qyaw=1,obs=1,aci=1,obsm=0.01]",15,2.3992714881896973,0,0.27222111553784867,2.4828246527488727,2.678922549821437,0.0508130081300813,492
0.05714831380807493,0.06329836757939772,0.14705439699089734,0.557010219693177,0.5570102196931769,8630.695885285155,31.937911115494682,0.09760956175298804,0.029638247769728454,0.0,0.0,obsx_noise,uncertainty,"nmpc+kf[r_v=0.15,r_w=0.15,q_F=10,q_tau=1,filt=1,gate=1,ffu=1,qyaw=1,obs=1,aci=1,obsm=0.01]",16,1.3410091400146484,0,0.1927808764940239,1.4223805568422159,2.0752061787061393,0.0508130081300813,492
0.04146744368616874,0.0461438162002011,0.08800189888880415,0.45127153487491206,0.45127153487491206,9346.472155081257,15.446503241577435,0.0,0.030065983096851656,0.0,0.0,obsx_noise,uncertainty,"nmpc+kf[r_v=0.15,r_w=0.15,q_F=10,q_tau=1,filt=1,gate=1,ffu=1,qyaw=1,obs=1,aci=1,obsm=0.01]",17,1.426231861114502,0,0.19496414342629478,1.5083025840381938,2.5047268555499618,0.0508130081300813,492
0.07894922767692351,0.08804302410372103,0.13126123936664463,0.6159833426285575,0.6159833426285575,10229.853831277656,32.06947390556329,0.24701195219123506,0.03241850005189398,0.0,0.0,obsx_noise,uncertainty,"nmpc+kf[r_v=0.15,r_w=0.15,q_F=10,q_tau=1,filt=1,gate=1,ffu=1,qyaw=1,obs=1,aci=1,obsm=0.01]",18,1.3211333751678467,0,0.19557569721115534,1.4006756918608727,1.9609819585457455,0.04878048780487805,492
0.11652354685545127,0.1301035463179068,0.20062784110334728,0.9138797151567728,0.9138797151567728,10415.289466282044,23.3356776890634,0.5199203187250996,0.029468590732772137,0.0,0.0,obsx_noise,uncertainty,"nmpc+kf[r_v=0.15,r_w=0.15,q_F=10,q_tau=1,filt=1,gate=1,ffu=1,qyaw=1,obs=1,aci=1,obsm=0.01]",19,1.3015539646148682,0,0.1882629482071713,1.3853401633024038,2.092822738923133,0.0508130081300813,492
0.11470455074469435,0.12805439323526976,0.2549830899675913,2.1549227531467734,2.1549227531467734,17160.962303068027,21.306212073942618,0.3784860557768924,0.033639766138940375,0.0,0.0,obsx_noise,uncertainty,"nmpc+mmae[filt=1,forget=0.95,gate=1,ffu=1,qyaw=1,obs=1,aci=1,obsm=0.01]",0,1.6521501541137695,0,0.2122948207171315,1.8301553860959778,3.157839861232788,0.052845528455284556,492
0.06291083015666164,0.07010861659261662,0.14054876033905084,0.894067119585772,0.894067119585772,18383.911381603557,37.16958393220568,0.13545816733067728,0.03227946260075781,0.0,0.0,obsx_noise,uncertainty,"nmpc+mmae[filt=1,forget=0.95,gate=1,ffu=1,qyaw=1,obs=1,aci=1,obsm=0.01]",1,1.450500249862671,0,0.19008366533864543,1.6259211746315319,1.9628228317014875,0.0508130081300813,492
0.08516127521674983,0.09492651091940929,0.16981091919606067,1.0951484088145376,1.0951484088145373,14952.344425660714,34.00027205332213,0.2549800796812749,0.030130023293787833,0.0,0.0,obsx_noise,uncertainty,"nmpc+mmae[filt=1,forget=0.95,gate=1,ffu=1,qyaw=1,obs=1,aci=1,obsm=0.01]",2,1.8723530769348145,0,0.232695219123506,2.081771699834125,2.887054663151503,0.052845528455284556,492
0.14966784620299495,0.16720873031691574,0.3700925029425173,1.7657640759624789,1.7657640759624786,18204.485618370276,29.0821018025154,0.5199203187250996,0.030088099853936623,0.0,0.0,obsx_noise,uncertainty,"nmpc+mmae[filt=1,forget=0.95,gate=1,ffu=1,qyaw=1,obs=1,aci=1,obsm=0.01]",3,1.5900611877441406,0,0.22190836653386453,1.7770236354336082,2.594635980203748,0.04878048780487805,492
0.08129330919334932,0.09055914080502041,0.15952298020008504,0.8143133058691137,0.8143133058691138,15067.805255483068,18.92631833169402,0.33067729083665337,0.03628708000706543,0.0,0.0,obsx_noise,uncertainty,"nmpc+mmae[filt=1,forget=0.95,gate=1,ffu=1,qyaw=1,obs=1,aci=1,obsm=0.01]",4,1.4730501174926758,0,0.19007171314741036,1.6443905586643939,2.9066050890833144,0.052845528455284556,492
0.08725669728537368,0.09743235816929079,0.14577673138317088,0.9796435618625389,0.9796435618625389,14566.374196277491,17.1939977768956,0.3565737051792829,0.03164748325981001,0.0,0.0,obsx_noise,uncertainty,"nmpc+mmae[filt=1,forget=0.95,gate=1,ffu=1,qyaw=1,obs=1,aci=1,obsm=0.01]",5,1.5591812133789062,0,0.21158964143426298,1.7557943451303648,2.8004849446006124,0.04878048780487805,492
0.13743205471306036,0.1532986387245792,0.29497167854205325,2.019838298093744,2.019838298093744,16584.44463223483,37.00004164179267,0.5119521912350598,0.031417430588182194,0.0,0.0,obsx_noise,uncertainty,"nmpc+mmae[filt=1,forget=0.95,gate=1,ffu=1,qyaw=1,obs=1,aci=1,obsm=0.01]",6,1.4503569602966309,0,0.19910956175298805,1.6298230975844055,2.395429469179362,0.0508130081300813,492
0.09128100126599774,0.10194623856704657,0.20264896687547593,1.6174993736758456,1.6174993736758456,13645.947016378113,51.98989820086707,0.2450199203187251,0.026310307634347108,0.0,0.0,obsx_noise,uncertainty,"nmpc+mmae[filt=1,forget=0.95,gate=1,ffu=1,qyaw=1,obs=1,aci=1,obsm=0.01]",7,2.5902130603790283,0,0.25883466135458166,2.8890649272329303,3.124458477832377,0.052845528455284556,492
0.08982455280072786,0.10030857147539571,0.1520372403993364,1.0651379935193073,1.0651379935193073,17894.392093127557,30.592695602193647,0.40836653386454186,0.03301041527597173,0.0,0.0,obsx_noise,uncertainty,"nmpc+mmae[filt=1,forget=0.95,gate=1,ffu=1,qyaw=1,obs=1,aci=1,obsm=0.01]",8,1.6560041904449463,0,0.2116414342629482,1.8395283964436604,2.80363857280463,0.052845528455284556,492
0.07142716399704625,0.07951958627538014,0.12213570496064559,0.6046769122808209,0.6046769122808209,15363.884806909462,12.752423664438098,0.17330677290836655,0.028207601583207287,0.0,0.0,obsx_noise,uncertainty,"nmpc+mmae[filt=1,forget=0.95,gate=1,ffu=1,qyaw=1,obs=1,aci=1,obsm=0.01]",9,2.6793205738067627,0,0.27440039840637453,2.954906140699003,3.1632447452284396,0.0508130081300813,492
0.0636826472267894,0.07072661447748392,0.10373270535543513,0.5584345087009758,0.5584345087009758,14018.196330261248,15.133431065916415,0.027888446215139442,0.033742802949166206,0.0,0.0,obsx_noise,uncertainty,"nmpc+mmae[filt=1,forget=0.95,gate=1,ffu=1,qyaw=1,obs=1,aci=1,obsm=0.01]",10,1.463663101196289,0,0.19869521912350596,1.6400353923677449,2.2440603165887296,0.0508130081300813,492
0.07876280593117635,0.08756282613306804,0.14906521664674158,1.1394784562123508,1.1394784562123508,15686.843800556486,16.82099102105664,0.26095617529880477,0.03336820321189643,0.0,0.0,obsx_noise,uncertainty,"nmpc+mmae[filt=1,forget=0.95,gate=1,ffu=1,qyaw=1,obs=1,aci=1,obsm=0.01]",11,2.6547482013702393,0,0.27648406374501994,2.9350351509767996,3.1313098897226155,0.0508130081300813,492
0.08527527167629358,0.09497119351550126,0.14560882143380374,0.8042323684810848,0.8042323684810848,12383.60681798965,17.60448332995582,0.30278884462151395,0.03431843188185407,0.0,0.0,obsx_noise,uncertainty,"nmpc+mmae[filt=1,forget=0.95,gate=1,ffu=1,qyaw=1,obs=1,aci=1,obsm=0.01]",12,1.487666130065918,0,0.1904462151394422,1.6643546416843495,2.4111217516474426,0.052845528455284556,492
0.1068358077968517,0.11930769064455939,0.17223944821320727,1.7342867602611407,1.7342867602611407,16894.474313679522,29.97129646814481,0.549800796812749,0.030916816842040562,0.0,0.0,obsx_noise,uncertainty,"nmpc+mmae[filt=1,forget=0.95,gate=1,ffu=1,qyaw=1,obs=1,aci=1,obsm=0.01]",13,1.485595464706421,0,0.1931254980079681,1.6576424649215313,2.4135103914886717,0.04878048780487805,492
0.08711034833989631,0.09718148378974988,0.14856169488457538,0.5333161019551366,0.5333161019551366,14274.313626411222,14.333560486551264,0.36254980079681276,0.036146476287175766,0.0,0.0,obsx_noise,uncertainty,"nmpc+mmae[filt=1,forget=0.95,gate=1,ffu=1,qyaw=1,obs=1,aci=1,obsm=0.01]",14,1.5757849216461182,0,0.21058366533864542,1.7609442658425565,2.6758175226859753,0.052845528455284556,492
0.1315388753085006,0.1468367109791496,0.24371260810605805,0.6633924953304731,0.6633924953304731,18171.017141533564,20.191328257295375,0.6414342629482072,0.03060850372901827,0.0,0.0,obsx_noise,uncertainty,"nmpc+mmae[filt=1,forget=0.95,gate=1,ffu=1,qyaw=1,obs=1,aci=1,obsm=0.01]",15,2.8023438453674316,0,0.3017808764940239,3.0908930376060755,3.295079506933689,0.0508130081300813,492
0.06019773893703615,0.06685149444191898,0.14579380051882718,0.7070468135439588,0.7070468135439588,14730.906981916562,31.92965766284083,0.09561752988047809,0.0303946304263375,0.0,0.0,obsx_noise,uncertainty,"nmpc+mmae[filt=1,forget=0.95,gate=1,ffu=1,qyaw=1,obs=1,aci=1,obsm=0.01]",16,2.8025245666503906,0,0.29471513944223104,3.0832967894389274,3.309061760082841,0.052845528455284556,492
0.04788906317937127,0.053277576388603656,0.10151120829738065,0.6763290009616776,0.6763290009616776,14472.302709353513,18.735250902892698,0.01593625498007968,0.035518686859445425,0.0,0.0,obsx_noise,uncertainty,"nmpc+mmae[filt=1,forget=0.95,gate=1,ffu=1,qyaw=1,obs=1,aci=1,obsm=0.01]",17,1.5033178329467773,0,0.19187051792828685,1.6844567839998705,2.380118032451719,0.052845528455284556,492
0.08456924438435977,0.0942707778553108,0.1349283140538044,1.023215049923645,1.023215049923645,16871.00552684654,30.875559774006902,0.3426294820717131,0.03509645572837683,0.0,0.0,obsx_noise,uncertainty,"nmpc+mmae[filt=1,forget=0.95,gate=1,ffu=1,qyaw=1,obs=1,aci=1,obsm=0.01]",18,2.8072288036346436,0,0.3015976095617529,3.081257478705054,3.321413330268115,0.0508130081300813,492
0.12168768271026416,0.13576421387489765,0.2105662310251122,1.3881509938189163,1.3881509938189163,15690.068060820022,25.64376937862255,0.5517928286852589,0.031539294465907586,0.0,0.0,obsx_noise,uncertainty,"nmpc+mmae[filt=1,forget=0.95,gate=1,ffu=1,qyaw=1,obs=1,aci=1,obsm=0.01]",19,1.540884256362915,0,0.202398406374502,1.735553590198645,2.8861061949282893,0.052845528455284556,492
0.11011371872572946,0.12296351941119965,0.25006783870080634,1.118540417666262,1.118540417666262,9699.290209760326,24.497348601374316,0.32669322709163345,0.03101621294852641,0.0,0.0,obsx_noise,wind,"nmpc+kf[r_v=0.15,r_w=0.15,q_F=10,q_tau=1,filt=1,gate=1,ffu=1,qyaw=1,obs=1,aci=1,obsm=0.01]",0,1.3246712684631348,0,0.18668127490039838,1.4083426403052421,1.942481496371329,0.054878048780487805,492
0.05852563991691933,0.06512920939773917,0.13666206330815117,0.586668045313427,0.586668045313427,9826.673430231735,41.34006933436835,0.10557768924302789,0.030257262767449666,0.0,0.0,obsx_noise,wind,"nmpc+kf[r_v=0.15,r_w=0.15,q_F=10,q_tau=1,filt=1,gate=1,ffu=1,qyaw=1,obs=1,aci=1,obsm=0.01]",1,1.4294352531433105,0,0.1990956175298805,1.5144071461024335,2.2406203765422106,0.0508130081300813,492
0.07826811172148283,0.08733570099486875,0.1568760148782489,1.1127254907122037,1.1127254907122037,9972.234787100831,33.6308062162993,0.22111553784860558,0.028866684678899024,0.0,0.0,obsx_noise,wind,"nmpc+kf[r_v=0.15,r_w=0.15,q_F=10,q_tau=1,filt=1,gate=1,ffu=1,qyaw=1,obs=1,aci=1,obsm=0.01]",2,2.431990623474121,0,0.2734601593625498,2.512275550674009,2.7706771180965006,0.0508130081300813,492
0.14529404977056928,0.16231649146112714,0.36284524597687545,1.0976223710088382,1.0976223710088382,11148.822733544579,29.242046046554623,0.4940239043824701,0.027773531900487924,0.0,0.0,obsx_noise,wind,"nmpc+kf[r_v=0.15,r_w=0.15,q_F=10,q_tau=1,filt=1,gate=1,ffu=1,qyaw=1,obs=1,aci=1,obsm=0.01]",3,1.4224653244018555,0,0.21228286852589642,1.5170594581785015,2.3251417162828147,0.04878048780487805,492
0.0772401250837322,0.0860187817724872,0.15714453466770215,0.5911502133042915,0.5911502133042916,8429.041621963768,16.89081420319455,0.26693227091633465,0.03384112054845473,0.0,0.0,obsx_noise,wind,"nmpc+kf[r_v=0.15,r_w=0.15,q_F=10,q_tau=1,filt=1,gate=1,ffu=1,qyaw=1,obs=1,aci=1,obsm=0.01]",4,1.5644185543060303,0,0.20947609561752986,1.6510831539990358,2.2580687212757766,0.0508130081300813,492
0.08215293719681499,0.09171814305448268,0.14457256582151456,0.6750097691289685,0.6750097691289684,9317.85170300033,15.899086241004673,0.2788844621513944,0.03172250135238455,0.0,0.0,obsx_noise,wind,"nmpc+kf[r_v=0.15,r_w=0.15,q_F=10,q_tau=1,filt=1,gate=1,ffu=1,qyaw=1,obs=1,aci=1,obsm=0.01]",5,1.3345017433166504,0,0.1958784860557769,1.414657337127246,1.9279159465804696,0.04878048780487805,492
0.12910063600491914,0.14389500354473916,0.28235681704842885,1.1304393710237164,1.1304393710237164,9975.224860648665,32.532854367951444,0.4760956175298805,0.029061905161682278,0.0,0.0,obsx_noise,wind,"nmpc+kf[r_v=0.15,r_w=0.15,q_F=10,q_tau=1,filt=1,gate=1,ffu=1,qyaw=1,obs=1,aci=1,obsm=0.01]",6,1.6228806972503662,0,0.22501195219123507,1.721229895845471,2.830639516469091,0.0508130081300813,492
0.0832454492090429,0.09280902877367071,0.18036121611912745,1.1835498351219522,1.1835498351219522,10490.187175601732,47.723151132125636,0.21912350597609562,0.02106561627734005,0.0,0.0,obsx_noise,wind,"nmpc+kf[r_v=0.15,r_w=0.15,q_F=10,q_tau=1,filt=1,gate=1,ffu=1,qyaw=1,obs=1,aci=1,obsm=0.01]",7,1.368809461593628,0,0.18977689243027887,1.4516777911806011,2.3715244536288087,0.0508130081300813,492
0.0850495467695971,0.09491492694812301,0.14569831191404836,0.587013404097857,0.587013404097857,9775.504508728243,29.438705726644333,0.3466135458167331,0.03104466010157808,0.0,0.0,obsx_noise,wind,"nmpc+kf[r_v=0.15,r_w=0.15,q_F=10,q_tau=1,filt=1,gate=1,ffu=1,qyaw=1,obs=1,aci=1,obsm=0.01]",8,1.5271210670471191,0,0.19549203187250996,1.5268530056578111,2.5574215687811375,0.0508130081300813,492
0.0650983719554888,0.07252505472673668,0.11710101476467806,0.4137353294737835,0.4137353294737835,8255.250609901246,14.0444148267075,0.10756972111553785,0.027371210885039965,0.0,0.0,obsx_noise,wind,"nmpc+kf[r_v=0.15,r_w=0.15,q_F=10,q_tau=1,filt=1,gate=1,ffu=1,qyaw=1,obs=1,aci=1,obsm=0.01]",9,1.4221692085266113,0,0.19478685258964146,1.5046623993694666,2.443952020257712,0.0508130081300813,492
0.060287561719214046,0.0672088018300366,0.10205172699045109,0.4085374496041917,0.4085374496041917,8690.898390581875,14.951255764527685,0.0199203187250996,0.030928034734158838,0.0,0.0,obsx_noise,wind,"nmpc+kf[r_v=0.15,r_w=0.15,q_F=10,q_tau=1,filt=1,gate=1,ffu=1,qyaw=1,obs=1,aci=1,obsm=0.01]",10,1.3615968227386475,0,0.20007768924302788,1.4350836673580794,2.2054134565405548,0.0508130081300813,492
0.0731214723538985,0.08138847403699598,0.14055806441327418,0.690808087277359,0.690808087277359,9485.058350674684,19.971086307036913,0.21314741035856574,0.03224343644644839,0.0,0.0,obsx_noise,wind,"nmpc+kf[r_v=0.15,r_w=0.15,q_F=10,q_tau=1,filt=1,gate=1,ffu=1,qyaw=1,obs=1,aci=1,obsm=0.01]",11,2.0305817127227783,0,0.233597609561753,2.0436545397039962,2.7061986224725842,0.0508130081300813,492
0.08160158750867727,0.09095004667040227,0.14211703245673976,0.7107191331307202,0.7107191331307202,9911.494396502669,19.172960401266923,0.2848605577689243,0.03137151829475687,0.0,0.0,obsx_noise,wind,"nmpc+kf[r_v=0.15,r_w=0.15,q_F=10,q_tau=1,filt=1,gate=1,ffu=1,qyaw=1,obs=1,aci=1,obsm=0.01]",12,1.5260601043701172,0,0.20489840637450202,1.6078927560683443,2.5639566173776984,0.04878048780487805,492
0.10075786817263668,0.11223367110911829,0.16080527796681024,0.8351234946985396,0.8351234946985396,9970.026728288038,29.728228958661926,0.5278884462151394,0.028529941290078242,0.0,0.0,obsx_noise,wind,"nmpc+kf[r_v=0.15,r_w=0.15,q_F=10,q_tau=1,filt=1,gate=1,ffu=1,qyaw=1,obs=1,aci=1,obsm=0.01]",13,1.5563170909881592,0,0.21104382470119523,1.6479689815263467,2.325767711736262,0.04878048780487805,492
0.08039654139775908,0.08954012343773989,0.13236493085304651,0.3392407948385784,0.3392407948385784,8567.869021835077,15.2338408606957,0.2908366533864542,0.03173582091923449,0.0,0.0,obsx_noise,wind,"nmpc+kf[r_v=0.15,r_w=0.15,q_F=10,q_tau=1,filt=1,gate=1,ffu=1,qyaw=1,obs=1,aci=1,obsm=0.01]",14,1.9904968738555908,0,0.24941035856573704,2.0789031627628787,2.871561862993986,0.0508130081300813,492
0.12483470626536461,0.13939912836998378,0.23348412816257538,0.45149363401628206,0.45149363401628206,9420.631849635181,16.257711348823257,0.5637450199203188,0.0298856616928328,0.0,0.0,obsx_noise,wind,"nmpc+kf[r_v=0.15,r_w=0.15,q_F=10,q_tau=1,filt=1,gate=1,ffu=1,qyaw=1,obs=1,aci=1,obsm=0.01]",15,1.430774450302124,0,0.21096215139442231,1.5207605595993567,2.286181095987559,0.0508130081300813,492
0.055529486231663275,0.0612724621694161,0.12719610703669817,0.4004974847996735,0.4004974847996735,10262.1156284451,34.25596789969146,0.0697211155378486,0.028332325958328852,0.0,0.0,obsx_noise,wind,"nmpc+kf[r_v=0.15,r_w=0.15,q_F=10,q_tau=1,filt=1,gate=1,ffu=1,qyaw=1,obs=1,aci=1,obsm=0.01]",16,2.4552056789398193,0,0.28361553784860555,2.5399823545986617,2.739743364509195,0.0508130081300813,492
0.04310968161280828,0.04803035430449247,0.0890808292762358,0.6057623573874606,0.6057623573874606,10124.336646259704,15.572612156259957,0.0,0.0284596031218618,0.0,0.0,obsx_noise,wind,"nmpc+kf[r_v=0.15,r_w=0.15,q_F=10,q_tau=1,filt=1,gate=1,ffu=1,qyaw=1,obs=1,aci=1,obsm=0.01]",17,1.4651386737823486,0,0.20118326693227093,1.5460660164448548,2.4595549679361284,0.0508130081300813,492
0.07810453732222923,0.08707993352808305,0.1312012959511309,0.7861006434330337,0.7861006434330337,9404.440916152498,34.956626056192164,0.23904382470119523,0.03225141736437406,0.0,0.0,obsx_noise,wind,"nmpc+kf[r_v=0.15,r_w=0.15,q_F=10,q_tau=1,filt=1,gate=1,ffu=1,qyaw=1,obs=1,aci=1,obsm=0.01]",18,2.429022789001465,0,0.28102191235059765,2.5434556460764957,2.73712663911283,0.04878048780487805,492
0.11309975131211385,0.12589649869626696,0.19328566141561077,0.7004372231118077,0.7004372231118077,9390.976354655733,18.516530848017773,0.5179282868525896,0.03013428571616117,0.0,0.0,obsx_noise,wind,"nmpc+kf[r_v=0.15,r_w=0.15,q_F=10,q_tau=1,filt=1,gate=1,ffu=1,qyaw=1,obs=1,aci=1,obsm=0.01]",19,1.308788776397705,0,0.18918924302788845,1.394316480324355,2.0256109326146543,0.0508130081300813,492
0.11414992928258944,0.1274448070720167,0.25363417459895127,1.783141493098464,1.783141493098464,15204.941864132794,22.819076766185066,0.3784860557768924,0.03447974911022628,0.0,0.0,obsx_noise,wind,"nmpc+mmae[filt=1,forget=0.95,gate=1,ffu=1,qyaw=1,obs=1,aci=1,obsm=0.01]",0,1.598585605621338,0,0.204996015936255,1.7822532115904874,2.463450522627682,0.052845528455284556,492
0.061753609722083797,0.0686954503884473,0.14055040737928623,0.710826346973975,0.710826346973975,15067.666052804676,40.598294971457435,0.11952191235059761,0.03072272114768959,0.0,0.0,obsx_noise,wind,"nmpc+mmae[filt=1,forget=0.95,gate=1,ffu=1,qyaw=1,obs=1,aci=1,obsm=0.01]",1,2.777738332748413,0,0.28598406374502,3.0767300070645622,3.304093715269119,0.0508130081300813,492
0.08520370962091933,0.09495384213473644,0.17057686490342255,1.2720031986887463,1.2720031986887463,15622.338264439932,34.094057442628355,0.25298804780876494,0.030337289349081975,0.0,0.0,obsx_noise,wind,"nmpc+mmae[filt=1,forget=0.95,gate=1,ffu=1,qyaw=1,obs=1,aci=1,obsm=0.01]",2,1.7052314281463623,0,0.21732669322709164,1.9006823385282758,3.2213454181328416,0.052845528455284556,492
0.14855932628502752,0.16596772926635872,0.3718030152739618,1.9451875304127209,1.9451875304127209,16576.438228094667,30.154273742715045,0.5079681274900398,0.030341370540690527,0.0,0.0,obsx_noise,wind,"nmpc+mmae[filt=1,forget=0.95,gate=1,ffu=1,qyaw=1,obs=1,aci=1,obsm=0.01]",3,2.784693956375122,0,0.3064203187250996,3.0851532975063325,3.3269873587414622,0.04878048780487805,492
0.0805120295827174,0.08970024787681387,0.16099548440335207,0.8620481073916102,0.8620481073916102,13512.465507205954,18.05568820321684,0.3286852589641434,0.03456837029633353,0.0,0.0,obsx_noise,wind,"nmpc+mmae[filt=1,forget=0.95,gate=1,ffu=1,qyaw=1,obs=1,aci=1,obsm=0.01]",4,1.557116985321045,0,0.1991175298804781,1.7417908281614758,2.935287815053017,0.052845528455284556,492
0.08633908701543626,0.09637468600772765,0.1474791283702879,0.8423487152931299,0.8423487152931299,14231.806727920699,17.476479115190617,0.350597609561753,0.03213056744019274,0.0,0.0,obsx_noise,wind,"nmpc+mmae[filt=1,forget=0.95,gate=1,ffu=1,qyaw=1,obs=1,aci=1,obsm=0.01]",5,2.8204307556152344,0,0.29596613545816736,3.1125081097336107,3.3109706919640303,0.04878048780487805,492
0.13294267514233246,0.14823568248994937,0.29017124288965596,1.7122132224760156,1.7122132224760156,14170.368262182768,33.64692748020006,0.49203187250996017,0.032311274206671625,0.0,0.0,obsx_noise,wind,"nmpc+mmae[filt=1,forget=0.95,gate=1,ffu=1,qyaw=1,obs=1,aci=1,obsm=0.01]",6,2.7898247241973877,0,0.30178486055776893,3.108882907392138,3.333899818826467,0.0508130081300813,492
0.09085913107598914,0.10136143133078582,0.19913808252962362,1.2861876623997783,1.2861876623997783,16273.082333171913,53.439929571410104,0.2410358565737052,0.029503188870451336,0.0,0.0,obsx_noise,wind,"nmpc+mmae[filt=1,forget=0.95,gate=1,ffu=1,qyaw=1,obs=1,aci=1,obsm=0.01]",7,1.543531894683838,0,0.20245219123505975,1.7255919482707385,2.578674647957087,0.052845528455284556,492
0.08864043907487656,0.0989390960826267,0.1514597828293217,1.031407625874011,1.031407625874011,16057.157177140765,28.928121818099783,0.37649402390438247,0.032145366036828105,0.0,0.0,obsx_noise,wind,"nmpc+mmae[filt=1,forget=0.95,gate=1,ffu=1,qyaw=1,obs=1,aci=1,obsm=0.01]",8,2.819469928741455,0,0.28825697211155377,3.102747638583688,3.364889589138329,0.052845528455284556,492
0.06961694105170685,0.07743941060374852,0.12381494154187946,0.38762473762881167,0.38762473762881167,12228.024078796694,13.640696577527466,0.14940239043824702,0.027897859716532802,0.0,0.0,obsx_noise,wind,"nmpc+mmae[filt=1,forget=0.95,gate=1,ffu=1,qyaw=1,obs=1,aci=1,obsm=0.01]",9,1.5071969032287598,0,0.19266733067729083,1.690908133857457,2.5119413831271236,0.0508130081300813,492
0.06440074550454293,0.07163326579557924,0.10563382615947449,0.5862900126208738,0.5862900126208738,13954.442330894486,15.80939083896871,0.055776892430278883,0.03384589965967366,0.0,0.0,obsx_noise,wind,"nmpc+mmae[filt=1,forget=0.95,gate=1,ffu=1,qyaw=1,obs=1,aci=1,obsm=0.01]",10,1.5919666290283203,0,0.21673306772908368,1.7818436040487364,2.629081027116627,0.0508130081300813,492
0.0787434758226805,0.08764025754168053,0.1466475100277493,1.0774519274206795,1.0774519274206795,13965.0986955383,19.73312529155231,0.26095617529880477,0.03359099250234632,0.0,0.0,obsx_noise,wind,"nmpc+mmae[filt=1,forget=0.95,gate=1,ffu=1,qyaw=1,obs=1,aci=1,obsm=0.01]",11,1.554931640625,0,0.1996533864541833,1.6592752565982272,2.316368748433889,0.0508130081300813,492
0.08630020410400463,0.0962059577741728,0.14490786192450972,1.0641714522595136,1.0641714522595136,16172.738862416105,20.832782936589417,0.32270916334661354,0.03401615749994297,0.0,0.0,obsx_noise,wind,"nmpc+mmae[filt=1,forget=0.95,gate=1,ffu=1,qyaw=1,obs=1,aci=1,obsm=0.01]",12,1.5159974098205566,0,0.1978824701195219,1.6913170600681011,2.7322958852164456,0.052845528455284556,492
0.10397795425171548,0.11596505006208001,0.16591267275408342,1.6604523230238268,1.6604523230238268,15714.587113193673,29.79376445034481,0.5338645418326693,0.03178110321437383,0.0,0.0,obsx_noise,wind,"nmpc+mmae[filt=1,forget=0.95,gate=1,ffu=1,qyaw=1,obs=1,aci=1,obsm=0.01]",13,1.4603791236877441,0,0.1954362549800797,1.6414272952342472,2.750505974981935,0.04878048780487805,492
0.08489311982123941,0.09464197707244389,0.14070836010500834,0.5374564523805486,0.5374564523805486,13375.303123570322,15.702315394304744,0.33067729083665337,0.03704598409427279,0.0,0.0,obsx_noise,wind,"nmpc+mmae[filt=1,forget=0.95,gate=1,ffu=1,qyaw=1,obs=1,aci=1,obsm=0.01]",14,1.5155584812164307,0,0.20237649402390434,1.6986145800261563,2.3574212612584255,0.0508130081300813,492
0.12845940233670125,0.14338282215247677,0.23942554778958192,0.5991907795342404,0.5991907795342404,14911.820421477054,20.166930095026032,0.5836653386454184,0.03228396737988734,0.0,0.0,obsx_noise,wind,"nmpc+mmae[filt=1,forget=0.95,gate=1,ffu=1,qyaw=1,obs=1,aci=1,obsm=0.01]",15,2.6789653301239014,0,0.28644820717131475,2.972449643066175,3.2080130418762565,0.0508130081300813,492
0.061896391516779024,0.06853673088775986,0.1360635034100209,0.7200707132264225,0.7200707132264225,16718.80436360343,34.982994083953464,0.09561752988047809,0.03269389090303959,0.0,0.0,obsx_noise,wind,"nmpc+mmae[filt=1,forget=0.95,gate=1,ffu=1,qyaw=1,obs=1,aci=1,obsm=0.01]",16,2.857851505279541,0,0.30403187250996017,3.137841203390988,3.390769544057548,0.052845528455284556,492
0.04932991558784433,0.05496756192309187,0.1001924183611839,0.866609829904084,0.866609829904084,15239.528475035515,19.955458042689013,0.00597609561752988,0.0342736991481119,0.0,0.0,obsx_noise,wind,"nmpc+mmae[filt=1,forget=0.95,gate=1,ffu=1,qyaw=1,obs=1,aci=1,obsm=0.01]",17,1.878235101699829,0,0.22237848605577692,2.094442844836123,3.1341425585560505,0.0508130081300813,492
0.08229249899221512,0.09178425074843229,0.13285103996708822,1.1084090422824422,1.1084090422824422,14328.147316379684,34.12231339245942,0.31274900398406374,0.03313070617182806,0.0,0.0,obsx_noise,wind,"nmpc+mmae[filt=1,forget=0.95,gate=1,ffu=1,qyaw=1,obs=1,aci=1,obsm=0.01]",18,1.84983229637146,0,0.23501992031872512,2.0666742109252043,2.763046179898083,0.0508130081300813,492
0.11859927019716411,0.13214238665759614,0.20771076192881238,1.1541740311649726,1.1541740311649724,14032.776018362174,21.750244813216824,0.5298804780876494,0.03247776896478893,0.0,0.0,obsx_noise,wind,"nmpc+mmae[filt=1,forget=0.95,gate=1,ffu=1,qyaw=1,obs=1,aci=1,obsm=0.01]",19,1.5675427913665771,0,0.20835856573705178,1.7688691419404579,2.9371155914850533,0.052845528455284556,492
