rmse,rmse_after1s,max_err,heading_deg,heading_wrapped_deg,cmd_rate,max_tilt_deg,tube10_viol,min_clear,collision,coll_frac,regime,experiment,controller,trial,wall_s,solve_fail,solve_ms,ctrl_ms,ctrl_p99_ms,aci_miss,aci_n
0.09594982639701766,0.10717604522457173,0.2291421024961679,0.59817534185887,0.59817534185887,1035.5634755250242,23.878403353974736,0.2729083665338645,0.010824324311923761,0.0,0.0,obsx,force,"nmpc+learned[model=gdn_mix2,filt=1,gate=1,ffu=1,qyaw=1,obs=1,aci=1,obsm=0.01]",0,3.3411669731140137,0,0.3375418326693227,4.234730674183939,10.045972163788974,0.042682926829268296,492
0.0408838216561666,0.04565931096642127,0.1106950334300089,0.3326413967262397,0.3326413967262397,1082.3243166987522,32.311660028940814,0.03386454183266932,0.011395979761907982,0.0,0.0,obsx,force,"nmpc+learned[model=gdn_mix2,filt=1,gate=1,ffu=1,qyaw=1,obs=1,aci=1,obsm=0.01]",1,11.730781078338623,0,1.25754780876494,15.361683035503138,24.700906947255145,0.042682926829268296,492
0.060806258891351564,0.06792258157047046,0.12999885595451888,0.6955223233585278,0.6955223233585278,1072.6379962004364,35.116089535397144,0.12749003984063745,0.012067463588558425,0.0,0.0,obsx,force,"nmpc+learned[model=gdn_mix2,filt=1,gate=1,ffu=1,qyaw=1,obs=1,aci=1,obsm=0.01]",2,12.697048425674438,0,1.5941414342629483,16.62928274177772,25.644618659280244,0.042682926829268296,492
0.1343226952412359,0.15009493997414028,0.3379458848111365,0.6016684822317113,0.6016684822317113,1149.9325204946306,28.66354383394421,0.350597609561753,0.012248709053970241,0.0,0.0,obsx,force,"nmpc+learned[model=gdn_mix2,filt=1,gate=1,ffu=1,qyaw=1,obs=1,aci=1,obsm=0.01]",3,4.124934673309326,0,0.4666733067729084,5.286320824124127,11.30375919630751,0.042682926829268296,492
0.062485593679538425,0.06978024435546375,0.12432433643220678,0.7461629988923701,0.7461629988923701,964.5212084165343,22.459857513273604,0.09561752988047809,0.013002189044238222,0.0,0.0,obsx,force,"nmpc+learned[model=gdn_mix2,filt=1,gate=1,ffu=1,qyaw=1,obs=1,aci=1,obsm=0.01]",4,3.1624841690063477,0,0.3147091633466136,3.9955845350340247,7.627308156806977,0.042682926829268296,492
0.0639682476232416,0.07146788220651926,0.12056046014750889,0.42553257667685374,0.4255325766768538,1022.6997730145582,14.625917850397824,0.0796812749003984,0.012254015065830431,0.0,0.0,obsx,force,"nmpc+learned[model=gdn_mix2,filt=1,gate=1,ffu=1,qyaw=1,obs=1,aci=1,obsm=0.01]",5,11.754204988479614,0,1.2263605577689243,15.232346107834484,25.564893186092384,0.042682926829268296,492
0.11447767411891288,0.12772986668811184,0.26319100034762954,1.3220678189756403,1.3220678189756403,1423.8458480944337,31.04792078551981,0.3187250996015936,0.011904873285600637,0.0,0.0,obsx,force,"nmpc+learned[model=gdn_mix2,filt=1,gate=1,ffu=1,qyaw=1,obs=1,aci=1,obsm=0.01]",6,3.066652297973633,0,0.32015537848605585,3.901776632728181,9.96313973562792,0.042682926829268296,492
0.06500700353087842,0.07260184363274479,0.14751049481921288,0.7353355278015444,0.7353355278015444,1269.399632800205,47.98167457424927,0.13745019920318724,0.012092935845544439,0.0,0.0,obsx,force,"nmpc+learned[model=gdn_mix2,filt=1,gate=1,ffu=1,qyaw=1,obs=1,aci=1,obsm=0.01]",7,4.173675775527954,0,0.40050796812749,5.299785493991794,11.100874750409279,0.042682926829268296,492
0.0678168765971635,0.07574953952073374,0.11654789663688299,0.4513662173317688,0.4513662173317688,999.6182792268633,29.483528911363738,0.11752988047808766,0.012737779921484643,0.0,0.0,obsx,force,"nmpc+learned[model=gdn_mix2,filt=1,gate=1,ffu=1,qyaw=1,obs=1,aci=1,obsm=0.01]",8,9.069055318832397,0,0.9391693227091634,11.721264242112964,22.822453980334103,0.042682926829268296,492
0.05201540302761366,0.058081956897564554,0.09945826095759829,0.3457687198130912,0.3457687198130912,810.0131003351839,14.571195086502748,0.0,0.012604401737751902,0.0,0.0,obsx,force,"nmpc+learned[model=gdn_mix2,filt=1,gate=1,ffu=1,qyaw=1,obs=1,aci=1,obsm=0.01]",9,9.349294424057007,0,0.910378486055777,12.082678740343221,22.616863674484197,0.042682926829268296,492
0.04048486927410059,0.04520377840880031,0.06703312034269038,0.4950157000757675,0.4950157000757675,854.4328444711512,15.85704861409211,0.0,0.012079139899389857,0.0,0.0,obsx,force,"nmpc+learned[model=gdn_mix2,filt=1,gate=1,ffu=1,qyaw=1,obs=1,aci=1,obsm=0.01]",10,4.375127077102661,0,0.46198007968127497,5.536801970203916,10.60418828157708,0.042682926829268296,492
0.047499360570002584,0.05300185365772123,0.10116038128869824,0.26808032930923936,0.26808032930923936,763.362088856036,15.015879351607563,0.017928286852589643,0.013096109523240529,0.0,0.0,obsx,force,"nmpc+learned[model=gdn_mix2,filt=1,gate=1,ffu=1,qyaw=1,obs=1,aci=1,obsm=0.01]",11,7.945543527603149,0,0.8544043824701195,10.352133201394393,22.747343638911843,0.042682926829268296,492
0.06549975287304617,0.07311108664970276,0.11312289744343665,0.45542593456502745,0.45542593456502745,967.5123430302305,16.74621222569721,0.10756972111553785,0.011221621160230899,0.0,0.0,obsx,force,"nmpc+learned[model=gdn_mix2,filt=1,gate=1,ffu=1,qyaw=1,obs=1,aci=1,obsm=0.01]",12,3.4564030170440674,0,0.3830617529880478,4.361612856317593,10.280653270892799,0.042682926829268296,492
0.07883015266560577,0.08807552224814101,0.12661311979924486,0.868974920468386,0.868974920468386,1689.8179685049968,22.64826239183079,0.2729083665338645,0.011964248558968715,0.0,0.0,obsx,force,"nmpc+learned[model=gdn_mix2,filt=1,gate=1,ffu=1,qyaw=1,obs=1,aci=1,obsm=0.01]",13,8.430682182312012,0,0.978617529880478,11.13246553215714,24.522552930284295,0.042682926829268296,492
0.05926168161866993,0.06620796114221937,0.10072853649476522,0.26556850754686406,0.26556850754686406,832.1088162458663,12.103023311073994,0.01593625498007968,0.012895606394236703,0.0,0.0,obsx,force,"nmpc+learned[model=gdn_mix2,filt=1,gate=1,ffu=1,qyaw=1,obs=1,aci=1,obsm=0.01]",14,3.0289254188537598,0,0.3163027888446215,3.8145064367946104,5.491688868496567,0.042682926829268296,492
0.1030003352053774,0.11499229844333357,0.1981416416108365,0.4181568281088661,0.4181568281088661,1287.6423125554886,21.24048837987696,0.3745019920318725,0.012987567322799431,0.0,0.0,obsx,force,"nmpc+learned[model=gdn_mix2,filt=1,gate=1,ffu=1,qyaw=1,obs=1,aci=1,obsm=0.01]",15,10.958866834640503,0,1.2843227091633467,14.276899190515696,22.84117759903893,0.042682926829268296,492
0.04117218509851451,0.045980176649712906,0.10852988801609104,0.6488538287107515,0.6488538287107515,1130.5667953515588,24.040321158222525,0.04183266932270916,0.010200065119518681,0.0,0.0,obsx,force,"nmpc+learned[model=gdn_mix2,filt=1,gate=1,ffu=1,qyaw=1,obs=1,aci=1,obsm=0.01]",16,11.856048107147217,0,1.5138286852589644,15.463862872860613,24.738588910549883,0.042682926829268296,492
0.028879493547543194,0.032222622020510634,0.06571891990615636,0.28981325683452713,0.2898132568345271,886.8903412210449,13.58901082598552,0.0,0.012784613925362454,0.0,0.0,obsx,force,"nmpc+learned[model=gdn_mix2,filt=1,gate=1,ffu=1,qyaw=1,obs=1,aci=1,obsm=0.01]",17,8.943333625793457,0,0.9220577689243027,11.63050237870534,23.263807501643896,0.042682926829268296,492
0.058303996730904986,0.065090993312816,0.10573772094142823,0.5233127653851094,0.5233127653851094,1439.9805034698495,34.99460595200987,0.04780876494023904,0.01019150759231563,0.0,0.0,obsx,force,"nmpc+learned[model=gdn_mix2,filt=1,gate=1,ffu=1,qyaw=1,obs=1,aci=1,obsm=0.01]",18,11.684225797653198,0,1.345918326693227,15.385061541416373,23.827820343431085,0.042682926829268296,492
0.09033020949894294,0.10086205274630641,0.1596633684696259,0.4827904086166075,0.4827904086166074,1084.5668547329478,17.242997639172714,0.398406374501992,0.011927789433665154,0.0,0.0,obsx,force,"nmpc+learned[model=gdn_mix2,filt=1,gate=1,ffu=1,qyaw=1,obs=1,aci=1,obsm=0.01]",19,11.423920631408691,0,1.2641613545816732,14.993519011135417,24.859778662212193,0.042682926829268296,492
0.09479140861904362,0.10588098009730161,0.2279099277957708,0.548186050444201,0.548186050444201,964.2167066808561,22.920205677366237,0.26693227091633465,0.011765594650731903,0.0,0.0,obsx,no,"nmpc+learned[model=gdn_mix2,filt=1,gate=1,ffu=1,qyaw=1,obs=1,aci=1,obsm=0.01]",0,3.426090955734253,0,0.3261374501992032,4.364163992811455,10.53930657217279,0.042682926829268296,492
0.041674554555871796,0.04654345831746613,0.11317711417629117,0.36220024075531193,0.36220024075531193,1021.484559639379,28.41537974840574,0.03386454183266932,0.011830527712641092,0.0,0.0,obsx,no,"nmpc+learned[model=gdn_mix2,filt=1,gate=1,ffu=1,qyaw=1,obs=1,aci=1,obsm=0.01]",1,9.360327005386353,0,1.1155119521912351,12.274385403945626,28.56908494373786,0.042682926829268296,492
0.06047184275045429,0.0675487293608123,0.12835259512714028,0.517768101880538,0.517768101880538,1034.514691104861,30.238591299122138,0.1254980079681275,0.012306995723007585,0.0,0.0,obsx,no,"nmpc+learned[model=gdn_mix2,filt=1,gate=1,ffu=1,qyaw=1,obs=1,aci=1,obsm=0.01]",2,4.091193437576294,0,0.4394382470119522,5.228831144272391,10.544768229592592,0.042682926829268296,492
0.1344625715815846,0.15025125662737493,0.33820467401047644,0.6130561722528757,0.6130561722528757,1175.9946435117702,28.656854496058138,0.3346613545816733,0.012620907628977496,0.0,0.0,obsx,no,"nmpc+learned[model=gdn_mix2,filt=1,gate=1,ffu=1,qyaw=1,obs=1,aci=1,obsm=0.01]",3,3.885481357574463,0,0.4130657370517928,4.975945132216847,13.245477478485569,0.042682926829268296,492
0.0611718778661764,0.0683391733187193,0.12163114020812793,0.5307034696067272,0.5307034696067272,913.1868584034341,15.994451145709748,0.09163346613545817,0.012663330545521934,0.0,0.0,obsx,no,"nmpc+learned[model=gdn_mix2,filt=1,gate=1,ffu=1,qyaw=1,obs=1,aci=1,obsm=0.01]",4,5.555806398391724,0,0.524996015936255,7.080054795091223,18.26456612208859,0.042682926829268296,492
0.06401673311949992,0.07152207517988991,0.12124131894485735,0.37643836757352617,0.37643836757352617,985.2166642765276,12.510559776068813,0.08565737051792828,0.012448595470076401,0.0,0.0,obsx,no,"nmpc+learned[model=gdn_mix2,filt=1,gate=1,ffu=1,qyaw=1,obs=1,aci=1,obsm=0.01]",5,4.565954685211182,0,0.4485816733067729,5.794863181793506,16.20707529364154,0.042682926829268296,492
0.11355253082847758,0.12669443738906527,0.26047035478409497,0.7937300838092017,0.7937300838092017,1360.572837531225,31.240745746841473,0.3187250996015936,0.012129590027888937,0.0,0.0,obsx,no,"nmpc+learned[model=gdn_mix2,filt=1,gate=1,ffu=1,qyaw=1,obs=1,aci=1,obsm=0.01]",6,12.348456621170044,0,1.6014840637450198,16.22005539113262,25.591944484040145,0.042682926829268296,492
0.06374033294398067,0.07118553192155119,0.14329539876487257,0.6314828390867437,0.6314828390867437,1159.5620826142483,45.985624431657065,0.1294820717131474,0.012092935845544439,0.0,0.0,obsx,no,"nmpc+learned[model=gdn_mix2,filt=1,gate=1,ffu=1,qyaw=1,obs=1,aci=1,obsm=0.01]",7,6.854273080825806,0,0.6725717131474104,8.850634939397178,22.769687455147505,0.042682926829268296,492
0.06500059336828813,0.07261173278298146,0.11304040741632027,0.4992628360493489,0.49926283604934873,805.6387800266413,25.3287212769967,0.10956175298804781,0.012321516242751934,0.0,0.0,obsx,no,"nmpc+learned[model=gdn_mix2,filt=1,gate=1,ffu=1,qyaw=1,obs=1,aci=1,obsm=0.01]",8,13.366429090499878,0,1.4772649402390439,17.34337442187199,28.534790684934705,0.042682926829268296,492
0.052401460313176294,0.058513925834687605,0.09945793278472768,0.313879282285393,0.313879282285393,778.9533481282052,9.382066805013432,0.0,0.01247747241911995,0.0,0.0,obsx,no,"nmpc+learned[model=gdn_mix2,filt=1,gate=1,ffu=1,qyaw=1,obs=1,aci=1,obsm=0.01]",9,9.810285806655884,0,1.1033565737051794,12.921517351234101,25.877106476109475,0.042682926829268296,492
0.03979359565105191,0.04443064959768444,0.06716323227828858,0.3789723014687038,0.3789723014687038,828.7169517847576,9.052160172933378,0.0,0.012080796957627593,0.0,0.0,obsx,no,"nmpc+learned[model=gdn_mix2,filt=1,gate=1,ffu=1,qyaw=1,obs=1,aci=1,obsm=0.01]",10,11.663693904876709,0,1.4415179282868524,15.362735536224042,23.768049373757094,0.042682926829268296,492
0.04667629519268875,0.052080725781781724,0.10116038128869824,0.2230143234349103,0.22301432343491032,768.4806300616178,12.75187224043736,0.017928286852589643,0.012898182460595403,0.0,0.0,obsx,no,"nmpc+learned[model=gdn_mix2,filt=1,gate=1,ffu=1,qyaw=1,obs=1,aci=1,obsm=0.01]",11,11.170692443847656,0,1.3586195219123505,14.63600789360049,25.67011730745435,0.042682926829268296,492
0.06510162934279384,0.0727315857040622,0.1130886857564295,0.3143941315188194,0.3143941315188194,911.1335767481927,13.741052850721982,0.10756972111553785,0.011265698125099671,0.0,0.0,obsx,no,"nmpc+learned[model=gdn_mix2,filt=1,gate=1,ffu=1,qyaw=1,obs=1,aci=1,obsm=0.01]",12,3.8553268909454346,0,0.4008545816733068,4.9172539372494315,17.632229151204232,0.042682926829268296,492
0.07608170611334382,0.08500363801024413,0.11920344004511942,0.7334642817548337,0.7334642817548337,1527.335120092087,21.83244572761594,0.25298804780876494,0.011872203783150459,0.0,0.0,obsx,no,"nmpc+learned[model=gdn_mix2,filt=1,gate=1,ffu=1,qyaw=1,obs=1,aci=1,obsm=0.01]",13,4.343236207962036,0,0.45737051792828687,5.556280845293842,11.555790824349971,0.042682926829268296,492
0.060080669017102205,0.0671233744919056,0.10171521962057133,0.23332670937165012,0.23332670937165012,833.3784573296894,9.188279964709846,0.02390438247011952,0.013108043243182432,0.0,0.0,obsx,no,"nmpc+learned[model=gdn_mix2,filt=1,gate=1,ffu=1,qyaw=1,obs=1,aci=1,obsm=0.01]",14,13.40810775756836,0,1.55748406374502,17.382579357029343,29.1062816628255,0.042682926829268296,492
0.09887627665545266,0.11040871626646975,0.19600529853528256,0.3234554860849663,0.3234554860849663,1143.9593602664277,11.698352839493579,0.3346613545816733,0.0124453576621599,0.0,0.0,obsx,no,"nmpc+learned[model=gdn_mix2,filt=1,gate=1,ffu=1,qyaw=1,obs=1,aci=1,obsm=0.01]",15,3.583292007446289,0,0.3615916334661355,4.541561085882919,10.433015928138047,0.042682926829268296,492
0.03945681373531677,0.04406203383754779,0.10989193189876971,0.4324090909917366,0.4324090909917366,1047.2080702116368,21.669284693482442,0.04183266932270916,0.012107193728093824,0.0,0.0,obsx,no,"nmpc+learned[model=gdn_mix2,filt=1,gate=1,ffu=1,qyaw=1,obs=1,aci=1,obsm=0.01]",16,6.176719903945923,0,0.6788645418326694,7.9041297187605695,16.67186533100903,0.042682926829268296,492
0.027829787509316094,0.031063538797026176,0.06502875500616433,0.25557942316947513,0.25557942316947513,705.7146615725001,13.649106372910174,0.0,0.011869606261033117,0.0,0.0,obsx,no,"nmpc+learned[model=gdn_mix2,filt=1,gate=1,ffu=1,qyaw=1,obs=1,aci=1,obsm=0.01]",17,3.091935634613037,0,0.3058585657370518,3.894148744639024,6.329299735371026,0.042682926829268296,492
0.05691535025046143,0.06357459186503057,0.10170770935041439,0.44341102411000144,0.44341102411000144,1135.4949135629245,30.019196075443105,0.029880478087649404,0.011456197230940324,0.0,0.0,obsx,no,"nmpc+learned[model=gdn_mix2,filt=1,gate=1,ffu=1,qyaw=1,obs=1,aci=1,obsm=0.01]",18,7.731279611587524,0,1.0045498007968128,10.128470584824385,23.633228538092233,0.042682926829268296,492
0.08989071519396191,0.10037053657154574,0.1588423349993324,0.46277619854849833,0.46277619854849833,1150.0582393826303,17.37017397797274,0.3904382470119522,0.012124074232872095,0.0,0.0,obsx,no,"nmpc+learned[model=gdn_mix2,filt=1,gate=1,ffu=1,qyaw=1,obs=1,aci=1,obsm=0.01]",19,11.301295518875122,0,1.491089641434263,14.946623882965232,25.682669936213646,0.042682926829268296,492
0.0944456725976905,0.10549445827928879,0.22890501799019503,0.5681381392472876,0.5681381392472876,973.8767743908232,23.320703662930338,0.26095617529880477,0.01173654213134212,0.0,0.0,obsx,payload,"nmpc+learned[model=gdn_mix2,filt=1,gate=1,ffu=1,qyaw=1,obs=1,aci=1,obsm=0.01]",0,10.782195806503296,0,1.0755458167330678,14.020817789371568,23.630495416000493,0.042682926829268296,492
0.042318874943206373,0.04726388207865894,0.11288545350953652,0.37106902030448075,0.37106902030448075,998.4384069186548,28.142591900534924,0.03386454183266932,0.011760123031290759,0.0,0.0,obsx,payload,"nmpc+learned[model=gdn_mix2,filt=1,gate=1,ffu=1,qyaw=1,obs=1,aci=1,obsm=0.01]",1,10.973695993423462,0,1.1409960159362549,14.296331019901421,28.603158092591915,0.042682926829268296,492
0.061091677552188035,0.06823747330229896,0.1345975632981676,0.49085981298124837,0.49085981298124837,1114.8186576618232,33.150796006195556,0.11752988047808766,0.012293303889720664,0.0,0.0,obsx,payload,"nmpc+learned[model=gdn_mix2,filt=1,gate=1,ffu=1,qyaw=1,obs=1,aci=1,obsm=0.01]",2,3.176522970199585,0,0.31425298804780877,3.980656822334485,5.272724805399776,0.042682926829268296,492
0.1348451310264622,0.15067877996776038,0.33820467401047644,0.6409385553808594,0.6409385553808594,1170.9198539399788,28.656854496058138,0.3804780876494024,0.013397976546231594,0.0,0.0,obsx,payload,"nmpc+learned[model=gdn_mix2,filt=1,gate=1,ffu=1,qyaw=1,obs=1,aci=1,obsm=0.01]",3,3.3910717964172363,0,0.35424501992031876,4.3080727146767765,10.287348055280745,0.042682926829268296,492
0.0614481513949798,0.06863512183869307,0.12127288009181489,0.666596874269581,0.666596874269581,1054.36884825088,15.91685955972808,0.10358565737051793,0.012960381809440535,0.0,0.0,obsx,payload,"nmpc+learned[model=gdn_mix2,filt=1,gate=1,ffu=1,qyaw=1,obs=1,aci=1,obsm=0.01]",4,9.140580654144287,0,1.0114521912350598,11.844718432243157,23.196468183305115,0.042682926829268296,492
0.06372297850643303,0.07117558433142974,0.12065593664595568,0.40363761347125904,0.40363761347125904,1080.3482425746565,13.576622999579133,0.08167330677290836,0.012171444781174962,0.0,0.0,obsx,payload,"nmpc+learned[model=gdn_mix2,filt=1,gate=1,ffu=1,qyaw=1,obs=1,aci=1,obsm=0.01]",5,3.1763594150543213,0,0.35933665338645426,4.001244511622267,11.10975787276403,0.042682926829268296,492
0.11326044096521017,0.1263675221453084,0.25963852663877995,0.8615317939080105,0.8615317939080105,1431.6622608844157,30.802576672650435,0.31673306772908366,0.012273781981988252,0.0,0.0,obsx,payload,"nmpc+learned[model=gdn_mix2,filt=1,gate=1,ffu=1,qyaw=1,obs=1,aci=1,obsm=0.01]",6,9.196394681930542,0,1.1065996015936257,11.974346114830874,28.380217959638724,0.042682926829268296,492
0.06367967947037353,0.07111770662766376,0.14288867298531233,0.6313883320527593,0.6313883320527593,1157.4239029081411,45.98649425162557,0.1294820717131474,0.012092394653987565,0.0,0.0,obsx,payload,"nmpc+learned[model=gdn_mix2,filt=1,gate=1,ffu=1,qyaw=1,obs=1,aci=1,obsm=0.01]",7,8.310307502746582,0,0.9035059760956176,10.74255338408038,22.785075027495623,0.042682926829268296,492
0.06296300025510926,0.0703339595574878,0.1136668288156193,0.6930439514637394,0.6930439514637394,655.0561125914033,26.37329377824255,0.10159362549800798,0.014144959280977809,0.0,0.0,obsx,payload,"nmpc+learned[model=gdn_mix2,filt=1,gate=1,ffu=1,qyaw=1,obs=1,aci=1,obsm=0.01]",8,9.271240234375,0,0.9903167330677292,12.135150393404334,28.67372621083632,0.042682926829268296,492
0.052489563206669594,0.058612451969663505,0.10036891404086921,0.30666692223388087,0.30666692223388087,827.8317010802219,9.441356789315115,0.00796812749003984,0.012576858837833438,0.0,0.0,obsx,payload,"nmpc+learned[model=gdn_mix2,filt=1,gate=1,ffu=1,qyaw=1,obs=1,aci=1,obsm=0.01]",9,3.411677837371826,0,0.3439721115537848,4.337860145179398,10.568977606017143,0.042682926829268296,492
0.039911828586290735,0.04456288433604466,0.06716323227828858,0.38518213788575123,0.38518213788575123,847.8274495748915,9.052160172933378,0.0,0.012080796957627593,0.0,0.0,obsx,payload,"nmpc+learned[model=gdn_mix2,filt=1,gate=1,ffu=1,qyaw=1,obs=1,aci=1,obsm=0.01]",10,12.498892784118652,0,1.4731274900398406,16.140889682050094,28.979760576039553,0.042682926829268296,492
0.046531028559864636,0.05191814659684216,0.10116038128869824,0.250388695751843,0.250388695751843,748.4480968103551,12.503684644315893,0.017928286852589643,0.013096109523240529,0.0,0.0,obsx,payload,"nmpc+learned[model=gdn_mix2,filt=1,gate=1,ffu=1,qyaw=1,obs=1,aci=1,obsm=0.01]",11,3.9191832542419434,0,0.39077091633466143,4.947039467074808,11.644673210103068,0.042682926829268296,492
0.0638320717163404,0.07131252483020525,0.11569346240125467,0.36130050570963723,0.36130050570963723,962.7320052832962,13.71988273716377,0.099601593625498,0.011608041108655598,0.0,0.0,obsx,payload,"nmpc+learned[model=gdn_mix2,filt=1,gate=1,ffu=1,qyaw=1,obs=1,aci=1,obsm=0.01]",12,11.011435747146606,0,1.2887350597609561,14.373648267487932,26.691156588494778,0.042682926829268296,492
0.07592989648763518,0.08483396222549591,0.11920344004511942,0.7407611548130276,0.7407611548130276,1499.1427220018597,21.83244572761594,0.24900398406374502,0.011872203783150459,0.0,0.0,obsx,payload,"nmpc+learned[model=gdn_mix2,filt=1,gate=1,ffu=1,qyaw=1,obs=1,aci=1,obsm=0.01]",13,8.790202379226685,0,1.2162211155378486,11.554258565262582,23.210489184129983,0.042682926829268296,492
0.059598055047970694,0.06658393922120547,0.10171521962057133,0.23419213581745532,0.23419213581745538,794.758582149442,9.247815790575897,0.02390438247011952,0.013108043243182432,0.0,0.0,obsx,payload,"nmpc+learned[model=gdn_mix2,filt=1,gate=1,ffu=1,qyaw=1,obs=1,aci=1,obsm=0.01]",14,11.420328378677368,0,1.5172629482071713,14.983032788316983,28.752150991931558,0.042682926829268296,492
0.0984595338486717,0.1099426626228068,0.19618481189287265,0.4652249318673512,0.4652249318673512,831.267084570601,13.13451971331567,0.3386454183266932,0.01080691151081592,0.0,0.0,obsx,payload,"nmpc+learned[model=gdn_mix2,filt=1,gate=1,ffu=1,qyaw=1,obs=1,aci=1,obsm=0.01]",15,7.686274290084839,0,0.88402390438247,9.885968805097814,22.822573520243168,0.042682926829268296,492
0.039437656852737216,0.04404061183249756,0.10977903993686576,0.43736048019955015,0.4373604801995502,1040.3175870221817,21.673001183822166,0.04183266932270916,0.012130007264837317,0.0,0.0,obsx,payload,"nmpc+learned[model=gdn_mix2,filt=1,gate=1,ffu=1,qyaw=1,obs=1,aci=1,obsm=0.01]",16,11.288771629333496,0,1.3381912350597611,14.613633458242859,23.65981913171709,0.042682926829268296,492
0.029186887121758813,0.03258172549096285,0.06593962773675073,0.26667435719960764,0.26667435719960764,1010.442857776766,12.95166639671812,0.0,0.013852772611290642,0.0,0.0,obsx,payload,"nmpc+learned[model=gdn_mix2,filt=1,gate=1,ffu=1,qyaw=1,obs=1,aci=1,obsm=0.01]",17,3.277240753173828,0,0.3299860557768925,4.139802616694386,10.104990024119617,0.042682926829268296,492
0.05747519852857732,0.06417445932081255,0.10432648361313326,0.5385797452106216,0.5385797452106216,940.3446256202409,29.48809016819032,0.037848605577689244,0.013498449703129412,0.0,0.0,obsx,payload,"nmpc+learned[model=gdn_mix2,filt=1,gate=1,ffu=1,qyaw=1,obs=1,aci=1,obsm=0.01]",18,3.921431303024292,0,0.42936852589641433,5.033407833861314,10.6293192692101,0.044715447154471545,492
0.08862300480577441,0.09895274863450343,0.1557761483213265,0.4921236313316314,0.4921236313316314,1111.0317077939712,18.816437922732003,0.3844621513944223,0.011893402706823097,0.0,0.0,obsx,payload,"nmpc+learned[model=gdn_mix2,filt=1,gate=1,ffu=1,qyaw=1,obs=1,aci=1,obsm=0.01]",19,4.6602091789245605,0,0.4701553784860558,5.943574163454225,13.019689407665282,0.042682926829268296,492
0.09473078218268545,0.10581471421375187,0.22882138901521837,0.55877438863536,0.55877438863536,1096.7120384441346,22.890710020423462,0.2649402390438247,0.011673420051656613,0.0,0.0,obsx,rotoreff,"nmpc+learned[model=gdn_mix2,filt=1,gate=1,ffu=1,qyaw=1,obs=1,aci=1,obsm=0.01]",0,6.163343667984009,0,0.644820717131474,8.005707208864925,22.583430020604283,0.042682926829268296,492
0.041866514511012705,0.046758069001913295,0.11325716012111013,0.3517038508224443,0.3517038508224444,1150.683908646609,28.380686906897377,0.03386454183266932,0.011486046602010469,0.0,0.0,obsx,rotoreff,"nmpc+learned[model=gdn_mix2,filt=1,gate=1,ffu=1,qyaw=1,obs=1,aci=1,obsm=0.01]",1,10.51979660987854,0,1.0486394422310756,13.621383689369901,28.36315574124457,0.042682926829268296,492
0.060436457098916506,0.06749064996290985,0.13047380522778532,0.5836274560682266,0.5836274560682266,1016.5553679259782,31.376399068837003,0.1254980079681275,0.012742272330011462,0.0,0.0,obsx,rotoreff,"nmpc+learned[model=gdn_mix2,filt=1,gate=1,ffu=1,qyaw=1,obs=1,aci=1,obsm=0.01]",2,8.732971906661987,0,0.8556593625498008,11.300350223070536,22.821479234844446,0.042682926829268296,492
0.1342417087359906,0.15000282507461218,0.3372735196041053,0.6275987473458885,0.6275987473458886,1209.8145927991334,28.375859322648076,0.33266932270916333,0.012528626613313942,0.0,0.0,obsx,rotoreff,"nmpc+learned[model=gdn_mix2,filt=1,gate=1,ffu=1,qyaw=1,obs=1,aci=1,obsm=0.01]",3,10.201119661331177,0,1.151637450199203,13.37734886270714,25.665906248614213,0.042682926829268296,492
0.06242044808033121,0.06972914393662803,0.1227893040795858,0.45350970293917414,0.45350970293917414,1370.6075474268648,15.417700946474497,0.09760956175298804,0.012120709849109457,0.0,0.0,obsx,rotoreff,"nmpc+learned[model=gdn_mix2,filt=1,gate=1,ffu=1,qyaw=1,obs=1,aci=1,obsm=0.01]",4,10.629340887069702,0,1.2974342629482072,13.814530205501027,25.766868127975613,0.042682926829268296,492
0.06386797082655554,0.07133693787715353,0.12182517371319,0.3755886229544024,0.3755886229544024,983.8087016221351,13.179199409284656,0.08366533864541832,0.012546105572526223,0.0,0.0,obsx,rotoreff,"nmpc+learned[model=gdn_mix2,filt=1,gate=1,ffu=1,qyaw=1,obs=1,aci=1,obsm=0.01]",5,3.1052041053771973,0,0.3525816733067729,3.8965625291415655,7.208809177391231,0.042682926829268296,492
0.1126948189822345,0.12570678114322698,0.26009999845166937,0.8198513087681591,0.8198513087681591,1160.0426234921456,30.019539007366006,0.3187250996015936,0.013138078557339894,0.0,0.0,obsx,rotoreff,"nmpc+learned[model=gdn_mix2,filt=1,gate=1,ffu=1,qyaw=1,obs=1,aci=1,obsm=0.01]",6,12.181525945663452,0,1.51301593625498,16.02218093988727,31.863210413139324,0.044715447154471545,492
0.062395016016599435,0.06963826851099317,0.14209143430891139,0.6034899910744355,0.6034899910744355,1119.9473090539313,47.57288827602043,0.10956175298804781,0.012705627777314127,0.0,0.0,obsx,rotoreff,"nmpc+learned[model=gdn_mix2,filt=1,gate=1,ffu=1,qyaw=1,obs=1,aci=1,obsm=0.01]",7,6.459619760513306,0,0.7057888446215139,8.42330824867618,22.82785617513582,0.042682926829268296,492
0.06458534373555758,0.07214984303231067,0.11314946402171767,0.485862094117781,0.485862094117781,807.2047417167164,25.2679272421248,0.10358565737051793,0.012614965965075914,0.0,0.0,obsx,rotoreff,"nmpc+learned[model=gdn_mix2,filt=1,gate=1,ffu=1,qyaw=1,obs=1,aci=1,obsm=0.01]",8,9.83247709274292,0,1.3241812749003985,12.86261264407317,26.821332259569328,0.042682926829268296,492
0.05233305657227971,0.05843400465970499,0.09891430066019598,0.3794835566855421,0.3794835566855421,947.9991229852866,9.624214880422299,0.0,0.012745359970976977,0.0,0.0,obsx,rotoreff,"nmpc+learned[model=gdn_mix2,filt=1,gate=1,ffu=1,qyaw=1,obs=1,aci=1,obsm=0.01]",9,8.761894464492798,0,0.9495338645418328,11.278586469097174,22.89944292511791,0.042682926829268296,492
0.03930176227009732,0.04384958384879303,0.06697668005759998,0.46270908331270805,0.46270908331270805,767.3689419630623,9.010202085604439,0.0,0.012287056999321921,0.0,0.0,obsx,rotoreff,"nmpc+learned[model=gdn_mix2,filt=1,gate=1,ffu=1,qyaw=1,obs=1,aci=1,obsm=0.01]",10,11.709630966186523,0,1.518239043824701,15.415024735864653,24.7167111444287,0.042682926829268296,492
0.046529152711582276,0.05191795341849434,0.10207165442339484,0.24277472576806472,0.24277472576806472,819.819515458878,12.757357926838447,0.0199203187250996,0.013550780935612433,0.0,0.0,obsx,rotoreff,"nmpc+learned[model=gdn_mix2,filt=1,gate=1,ffu=1,qyaw=1,obs=1,aci=1,obsm=0.01]",11,7.727982997894287,0,0.9251334661354581,10.053912416542046,25.859412830322984,0.042682926829268296,492
0.06626763439435192,0.0740461764532618,0.11343704743384131,0.38145851238541556,0.38145851238541556,1133.6671607529174,13.388003924958458,0.11752988047808766,0.010799036892695735,0.0,0.0,obsx,rotoreff,"nmpc+learned[model=gdn_mix2,filt=1,gate=1,ffu=1,qyaw=1,obs=1,aci=1,obsm=0.01]",12,13.41929817199707,0,1.7438545816733069,17.419336346512384,28.319394171703607,0.042682926829268296,492
0.07553891334628102,0.08438519967739816,0.11849649693516698,0.7668212027772081,0.7668212027772081,1607.516872722501,21.549273714986533,0.2450199203187251,0.011870475059758134,0.0,0.0,obsx,rotoreff,"nmpc+learned[model=gdn_mix2,filt=1,gate=1,ffu=1,qyaw=1,obs=1,aci=1,obsm=0.01]",13,8.39656138420105,0,0.9964920318725101,10.966576462837894,19.694310387130834,0.042682926829268296,492
0.0594687919011291,0.06641968480100767,0.10173832184057294,0.2501468953400783,0.2501468953400783,685.4202382224462,9.352110855074343,0.02390438247011952,0.013463189908590245,0.0,0.0,obsx,rotoreff,"nmpc+learned[model=gdn_mix2,filt=1,gate=1,ffu=1,qyaw=1,obs=1,aci=1,obsm=0.01]",14,10.156411409378052,0,1.1150796812749004,13.319387895136744,23.109128254000098,0.042682926829268296,492
0.10121280151405167,0.11302211925196436,0.19848145349808738,0.3037568976478819,0.3037568976478819,1514.7845058148105,11.299038186511172,0.35258964143426297,0.011799916118129361,0.0,0.0,obsx,rotoreff,"nmpc+learned[model=gdn_mix2,filt=1,gate=1,ffu=1,qyaw=1,obs=1,aci=1,obsm=0.01]",15,12.90024733543396,0,1.6503446215139443,17.024455296127982,23.149343424011022,0.042682926829268296,492
0.04043709567738545,0.04516142905912344,0.11104671030988847,0.5162965138858179,0.5162965138858179,1284.226058805887,21.27767861547014,0.04780876494023904,0.012093737499273838,0.0,0.0,obsx,rotoreff,"nmpc+learned[model=gdn_mix2,filt=1,gate=1,ffu=1,qyaw=1,obs=1,aci=1,obsm=0.01]",16,10.060712099075317,0,1.219268924302789,13.237887270845086,25.837592405732742,0.042682926829268296,492
0.02783829272543592,0.031075595694984103,0.06522958747419971,0.24678444573034283,0.24678444573034283,854.8779544792899,13.469395694660301,0.0,0.011833645676037952,0.0,0.0,obsx,rotoreff,"nmpc+learned[model=gdn_mix2,filt=1,gate=1,ffu=1,qyaw=1,obs=1,aci=1,obsm=0.01]",17,10.717827081680298,0,1.0391195219123506,13.70510734632552,25.806562816724185,0.042682926829268296,492
0.056762750365388984,0.06338402593769013,0.10167332125375546,0.4747286110459723,0.4747286110459723,1077.4395244834086,30.346904206025904,0.029880478087649404,0.011659429769778018,0.0,0.0,obsx,rotoreff,"nmpc+learned[model=gdn_mix2,filt=1,gate=1,ffu=1,qyaw=1,obs=1,aci=1,obsm=0.01]",18,3.249469041824341,0,0.3355657370517928,4.133968073707742,6.369437440298501,0.042682926829268296,492
0.08994133541621735,0.10043440362716875,0.1584021847292278,0.5103039353979467,0.5103039353979467,1268.645644673598,16.44438671159048,0.39243027888446214,0.011941042635388588,0.0,0.0,obsx,rotoreff,"nmpc+learned[model=gdn_mix2,filt=1,gate=1,ffu=1,qyaw=1,obs=1,aci=1,obsm=0.01]",19,5.099917888641357,0,0.5008864541832669,6.662569362187825,22.772924187593162,0.042682926829268296,492
0.0947903279741428,0.10587977197278103,0.23046504666098092,1.4115030667996458,1.4115030667996458,1427.6090625137965,23.585711391473353,0.26294820717131473,0.012358312213496536,0.0,0.0,obsx,torque,"nmpc+learned[model=gdn_mix2,filt=1,gate=1,ffu=1,qyaw=1,obs=1,aci=1,obsm=0.01]",0,11.45458698272705,0,1.29853984063745,15.018908597762692,23.200956902001053,0.042682926829268296,492
0.041605584797160394,0.046466341498955954,0.11272249385710104,0.3265448746764709,0.3265448746764709,1109.4376522982486,29.921037133363786,0.03386454183266932,0.011621640078472384,0.0,0.0,obsx,torque,"nmpc+learned[model=gdn_mix2,filt=1,gate=1,ffu=1,qyaw=1,obs=1,aci=1,obsm=0.01]",1,3.3161466121673584,0,0.33712948207171317,4.166946458385374,7.434866325929762,0.042682926829268296,492
0.06027785450880693,0.06733186426798113,0.12762325567501628,0.5162895980370672,0.5162895980370672,1200.9245967036093,30.60351245966406,0.1254980079681275,0.011613867509936981,0.0,0.0,obsx,torque,"nmpc+learned[model=gdn_mix2,filt=1,gate=1,ffu=1,qyaw=1,obs=1,aci=1,obsm=0.01]",2,3.715684413909912,0,0.4085896414342629,4.766765786650261,15.543277577962744,0.042682926829268296,492
0.13378483732391677,0.149493864974106,0.33798010500163844,0.6428946228192195,0.6428946228192195,1457.7629285824557,28.777557708057152,0.3426294820717131,0.012547164588254667,0.0,0.0,obsx,torque,"nmpc+learned[model=gdn_mix2,filt=1,gate=1,ffu=1,qyaw=1,obs=1,aci=1,obsm=0.01]",3,9.317662477493286,0,1.101426294820717,12.159112019490346,22.847134058829397,0.042682926829268296,492
0.061253500637357704,0.06843002886943482,0.12205850654161793,0.5382691087615301,0.5382691087615301,1067.6466317850045,15.844783737683471,0.09163346613545817,0.012729293291555588,0.0,0.0,obsx,torque,"nmpc+learned[model=gdn_mix2,filt=1,gate=1,ffu=1,qyaw=1,obs=1,aci=1,obsm=0.01]",4,11.266796827316284,0,1.111655378486056,14.630868909899071,23.463920347858224,0.042682926829268296,492
0.06367925219631179,0.07114486727774794,0.12087646215220926,0.6281497260539252,0.6281497260539252,1410.1252078323182,12.45269237194246,0.08366533864541832,0.012443302314384758,0.0,0.0,obsx,torque,"nmpc+learned[model=gdn_mix2,filt=1,gate=1,ffu=1,qyaw=1,obs=1,aci=1,obsm=0.01]",5,3.550994873046875,0,0.37863147410358566,4.457619349635484,12.280600825324656,0.042682926829268296,492
0.11380266073942426,0.12697438777504888,0.2609740657801186,0.7858426993187059,0.7858426993187059,1585.9196273939424,31.215669311771496,0.3207171314741036,0.012549910681562026,0.0,0.0,obsx,torque,"nmpc+learned[model=gdn_mix2,filt=1,gate=1,ffu=1,qyaw=1,obs=1,aci=1,obsm=0.01]",6,10.681552410125732,0,1.2208067729083667,13.937945798618266,25.66563322907314,0.042682926829268296,492
0.06325785350350437,0.07064604482199231,0.14198716076737566,2.6712818115358594,2.671281811535859,1855.0212771904335,42.85663167982138,0.11354581673306773,0.012092935845544439,0.0,0.0,obsx,torque,"nmpc+learned[model=gdn_mix2,filt=1,gate=1,ffu=1,qyaw=1,obs=1,aci=1,obsm=0.01]",7,10.578702688217163,0,1.1567450199203186,13.73766300563452,22.806214599404484,0.042682926829268296,492
0.06541539047332168,0.07307569547146325,0.11460793848878735,0.5756184373414036,0.5756184373414036,848.2074215013467,25.408167944149977,0.11155378486055777,0.012054524448940312,0.0,0.0,obsx,torque,"nmpc+learned[model=gdn_mix2,filt=1,gate=1,ffu=1,qyaw=1,obs=1,aci=1,obsm=0.01]",8,6.008890151977539,0,0.6157410358565737,7.7253268721821415,16.311105340719223,0.042682926829268296,492
0.05234898157570051,0.058455223121865546,0.09925773655957194,0.35276876738051216,0.35276876738051216,795.1829821000523,9.245720601321699,0.0,0.012557549850606697,0.0,0.0,obsx,torque,"nmpc+learned[model=gdn_mix2,filt=1,gate=1,ffu=1,qyaw=1,obs=1,aci=1,obsm=0.01]",9,9.755788803100586,0,1.1642988047808764,12.712521164537039,22.888607799541205,0.042682926829268296,492
0.04004700487613932,0.044714068143616774,0.06717763806617046,0.4061918424568796,0.4061918424568796,1044.9126723831876,9.088632887356214,0.0,0.01206687438479137,0.0,0.0,obsx,torque,"nmpc+learned[model=gdn_mix2,filt=1,gate=1,ffu=1,qyaw=1,obs=1,aci=1,obsm=0.01]",10,3.649815559387207,0,0.3822490039840637,4.588771988062626,11.132807510439312,0.042682926829268296,492
0.04703199680268508,0.052478812657346954,0.10116038128869824,0.2111357752327695,0.2111357752327695,814.7698738250026,12.582453485324216,0.017928286852589643,0.013096109523240529,0.0,0.0,obsx,torque,"nmpc+learned[model=gdn_mix2,filt=1,gate=1,ffu=1,qyaw=1,obs=1,aci=1,obsm=0.01]",11,3.18349289894104,0,0.3212211155378486,3.9856686123249774,8.183759646490218,0.042682926829268296,492
0.06521143856486623,0.07285406207360462,0.11310867728919544,0.4001832661622617,0.4001832661622617,1050.3658469232457,13.73400618587911,0.10756972111553785,0.01125752977475844,0.0,0.0,obsx,torque,"nmpc+learned[model=gdn_mix2,filt=1,gate=1,ffu=1,qyaw=1,obs=1,aci=1,obsm=0.01]",12,9.364627361297607,0,1.0427988047808765,12.09458914414731,22.840950968675315,0.042682926829268296,492
0.07745167477560172,0.08653482977200996,0.12011825625853109,0.7813052856239474,0.7813052856239474,1894.2989479213486,21.798918585976732,0.2749003984063745,0.011720236752703672,0.0,0.0,obsx,torque,"nmpc+learned[model=gdn_mix2,filt=1,gate=1,ffu=1,qyaw=1,obs=1,aci=1,obsm=0.01]",13,3.1040618419647217,0,0.3287310756972111,3.927384064425213,10.005604401230823,0.042682926829268296,492
0.06026899840322961,0.06733387658632989,0.10167490459941911,0.23376715734840334,0.23376715734840328,833.225413477329,9.170404780771273,0.02390438247011952,0.013341904977809016,0.0,0.0,obsx,torque,"nmpc+learned[model=gdn_mix2,filt=1,gate=1,ffu=1,qyaw=1,obs=1,aci=1,obsm=0.01]",14,3.2475039958953857,0,0.32701792828685255,4.0683071203233006,9.598386297002454,0.042682926829268296,492
0.09981223061979394,0.11145551562598377,0.19658990962752002,0.4543765682135047,0.4543765682135047,1368.843346855512,11.788516848882034,0.34063745019920316,0.012750580087029895,0.0,0.0,obsx,torque,"nmpc+learned[model=gdn_mix2,filt=1,gate=1,ffu=1,qyaw=1,obs=1,aci=1,obsm=0.01]",15,2.882827043533325,0,0.31822908366533864,3.644204026448032,4.435296084266157,0.042682926829268296,492
0.03940262223385895,0.04400143466029926,0.10870741562314383,0.4322100792571945,0.4322100792571945,1046.2459755741113,21.80699559489105,0.04183266932270916,0.012240831818537523,0.0,0.0,obsx,torque,"nmpc+learned[model=gdn_mix2,filt=1,gate=1,ffu=1,qyaw=1,obs=1,aci=1,obsm=0.01]",16,3.932542085647583,0,0.41993824701195215,4.962648228423084,10.456842242274433,0.042682926829268296,492
0.028153179095797454,0.031425066935654146,0.06469965830453397,0.31357655686207386,0.31357655686207386,987.0342798262262,13.681375172914716,0.0,0.012528366164052507,0.0,0.0,obsx,torque,"nmpc+learned[model=gdn_mix2,filt=1,gate=1,ffu=1,qyaw=1,obs=1,aci=1,obsm=0.01]",17,8.167296886444092,0,0.8713027888446213,10.597212669120516,22.774392848368734,0.042682926829268296,492
0.056706875479224386,0.06334141797521427,0.10154841823730873,0.5078292583896777,0.5078292583896779,1275.435403339766,29.80817882370429,0.027888446215139442,0.011343909231541771,0.0,0.0,obsx,torque,"nmpc+learned[model=gdn_mix2,filt=1,gate=1,ffu=1,qyaw=1,obs=1,aci=1,obsm=0.01]",18,8.584749221801758,0,1.006581673306773,11.158632747161079,17.690008343197405,0.042682926829268296,492
0.08973511819822437,0.1001965210192226,0.15850215510417423,0.48302306069802536,0.48302306069802536,1167.1204156408037,17.37004620935427,0.39243027888446214,0.012082466725284763,0.0,0.0,obsx,torque,"nmpc+learned[model=gdn_mix2,filt=1,gate=1,ffu=1,qyaw=1,obs=1,aci=1,obsm=0.01]",19,8.134922504425049,0,1.0461593625498007,10.547039312388435,19.43832206306979,0.042682926829268296,492
0.09476845862117644,0.10585919586192657,0.22763412954188678,0.538330417432145,0.538330417432145,1088.4842099835316,22.595812716276434,0.2649402390438247,0.011661198161003639,0.0,0.0,obsx,uncertainty,"nmpc+learned[model=gdn_mix2,filt=1,gate=1,ffu=1,qyaw=1,obs=1,aci=1,obsm=0.01]",0,3.2608022689819336,0,0.3442828685258964,4.107834716546405,10.046954292338341,0.042682926829268296,492
0.04323456601556521,0.04830770131786533,0.11434303766274556,0.318640053221701,0.318640053221701,1494.7966455353817,28.305310910869963,0.03386454183266932,0.011093580966567207,0.0,0.0,obsx,uncertainty,"nmpc+learned[model=gdn_mix2,filt=1,gate=1,ffu=1,qyaw=1,obs=1,aci=1,obsm=0.01]",1,10.469988584518433,0,1.1915318725099604,13.534255798412598,22.865872965194285,0.042682926829268296,492
0.06062733854955075,0.0677253291831747,0.12868915185119822,0.5864156903483047,0.5864156903483047,1066.930707470679,29.472999652139055,0.1294820717131474,0.012187987072499018,0.0,0.0,obsx,uncertainty,"nmpc+learned[model=gdn_mix2,filt=1,gate=1,ffu=1,qyaw=1,obs=1,aci=1,obsm=0.01]",2,3.382916212081909,0,0.32609163346613546,4.2978709779746564,10.001963644754142,0.042682926829268296,492
0.1361305744049425,0.15211689351641303,0.3407283814458892,0.546497727375731,0.546497727375731,1589.9089347775696,27.543702073091524,0.3565737051792829,0.012223115404603802,0.0,0.0,obsx,uncertainty,"nmpc+learned[model=gdn_mix2,filt=1,gate=1,ffu=1,qyaw=1,obs=1,aci=1,obsm=0.01]",3,3.3883891105651855,0,0.34629083665338645,4.295689674405997,10.422970980871469,0.042682926829268296,492
0.06087506560253524,0.06800519251547064,0.12123015724792967,0.521003706072004,0.521003706072004,872.4636329988456,16.2522852086279,0.09163346613545817,0.012949138022890105,0.0,0.0,obsx,uncertainty,"nmpc+learned[model=gdn_mix2,filt=1,gate=1,ffu=1,qyaw=1,obs=1,aci=1,obsm=0.01]",4,3.1194710731506348,0,0.31881872509960163,3.9140615274617634,6.3139002048410475,0.042682926829268296,492
0.06416591391763908,0.0716945935328953,0.12105908058886442,0.3550819120803169,0.3550819120803169,1071.1462289818637,12.862933955361179,0.08764940239043825,0.012184107046209286,0.0,0.0,obsx,uncertainty,"nmpc+learned[model=gdn_mix2,filt=1,gate=1,ffu=1,qyaw=1,obs=1,aci=1,obsm=0.01]",5,3.096517562866211,0,0.3237171314741035,3.885899873569133,4.91409835871309,0.042682926829268296,492
0.11692920672735231,0.13047474597732073,0.2643782474107731,0.7063783221269418,0.7063783221269417,1872.592636769128,32.6840217350643,0.3187250996015936,0.012147284987073875,0.0,0.0,obsx,uncertainty,"nmpc+learned[model=gdn_mix2,filt=1,gate=1,ffu=1,qyaw=1,obs=1,aci=1,obsm=0.01]",6,9.190930366516113,0,1.1176613545816734,12.002494335972306,22.77473053429276,0.042682926829268296,492
0.06419985769927,0.07170349274582652,0.1452090797730299,0.8871713413121392,0.8871713413121392,1162.0800000902982,45.97622069522933,0.13346613545816732,0.011872809823092079,0.0,0.0,obsx,uncertainty,"nmpc+learned[model=gdn_mix2,filt=1,gate=1,ffu=1,qyaw=1,obs=1,aci=1,obsm=0.01]",7,3.200623035430908,0,0.3055258964143427,4.02071498625678,6.421578021254391,0.042682926829268296,492
0.06618366779965218,0.07392621110188448,0.11412170874266571,0.4193563976571956,0.4193563976571956,1014.0486953704245,25.176178352979537,0.11553784860557768,0.011831019970711038,0.0,0.0,obsx,uncertainty,"nmpc+learned[model=gdn_mix2,filt=1,gate=1,ffu=1,qyaw=1,obs=1,aci=1,obsm=0.01]",8,3.051485061645508,0,0.3085916334661355,3.8604003458888645,6.718499695416545,0.042682926829268296,492
0.052903251203013986,0.059101639069786514,0.09899229187819795,0.31628740637304525,0.31628740637304525,1024.7069458195592,9.664139956943963,0.0,0.012570634081966542,0.0,0.0,obsx,uncertainty,"nmpc+learned[model=gdn_mix2,filt=1,gate=1,ffu=1,qyaw=1,obs=1,aci=1,obsm=0.01]",9,9.367641925811768,0,1.01446015936255,12.178876831481952,22.748755775392056,0.042682926829268296,492
0.03962255496763403,0.04423155298184716,0.06699380284299015,0.3871814037286116,0.3871814037286116,762.8855634306399,8.970527777139152,0.0,0.012162817547090088,0.0,0.0,obsx,uncertainty,"nmpc+learned[model=gdn_mix2,filt=1,gate=1,ffu=1,qyaw=1,obs=1,aci=1,obsm=0.01]",10,9.68419599533081,0,1.205633466135458,12.473264798165792,22.812516593839977,0.042682926829268296,492
0.04604955522923254,0.051370346998800595,0.10112617708256023,0.22606416181817085,0.22606416181817085,805.7552629143098,12.046650492143504,0.017928286852589643,0.013205697298616842,0.0,0.0,obsx,uncertainty,"nmpc+learned[model=gdn_mix2,filt=1,gate=1,ffu=1,qyaw=1,obs=1,aci=1,obsm=0.01]",11,9.0425124168396,0,1.0147171314741035,11.720266548890725,22.863442327361557,0.042682926829268296,492
0.0639943287225559,0.07147145761826472,0.11322161298976371,0.3287351841073972,0.3287351841073972,726.2284525881163,13.810642073322736,0.09561752988047809,0.011496777895184884,0.0,0.0,obsx,uncertainty,"nmpc+learned[model=gdn_mix2,filt=1,gate=1,ffu=1,qyaw=1,obs=1,aci=1,obsm=0.01]",12,3.4593682289123535,0,0.37139243027888447,4.368718307227846,10.31471956288442,0.042682926829268296,492
0.07954225424325355,0.08887844445873312,0.12470635753276763,0.728607511646969,0.728607511646969,1975.5096140767953,22.217193380025883,0.30278884462151395,0.011873401654248772,0.0,0.0,obsx,uncertainty,"nmpc+learned[model=gdn_mix2,filt=1,gate=1,ffu=1,qyaw=1,obs=1,aci=1,obsm=0.01]",13,3.7445685863494873,0,0.3973346613545817,4.758186731580274,12.639429720584312,0.042682926829268296,492
0.05970523363084571,0.06669929833322051,0.10128810785657398,0.26601359166822913,0.26601359166822913,772.6075769147096,9.288210838614422,0.021912350597609563,0.013225528620921523,0.0,0.0,obsx,uncertainty,"nmpc+learned[model=gdn_mix2,filt=1,gate=1,ffu=1,qyaw=1,obs=1,aci=1,obsm=0.01]",14,3.6333513259887695,0,0.39309561752988054,4.566406803316923,10.34126600716263,0.042682926829268296,492
0.10094152310704085,0.11272745402283582,0.19821672751951977,0.31786039540283717,0.31786039540283717,1532.3971934090723,11.742488752279039,0.3545816733067729,0.01190552745686635,0.0,0.0,obsx,uncertainty,"nmpc+learned[model=gdn_mix2,filt=1,gate=1,ffu=1,qyaw=1,obs=1,aci=1,obsm=0.01]",15,9.946834802627563,0,1.1975,13.011131663825289,22.770386170595884,0.042682926829268296,492
0.038692359601851065,0.04319571742651279,0.10819332642685035,0.43232088987520056,0.43232088987520056,796.8120792303698,23.44907870041934,0.037848605577689244,0.01285727146321658,0.0,0.0,obsx,uncertainty,"nmpc+learned[model=gdn_mix2,filt=1,gate=1,ffu=1,qyaw=1,obs=1,aci=1,obsm=0.01]",16,3.3665733337402344,0,0.3512490039840638,4.236379238049615,8.374845371581616,0.042682926829268296,492
0.027708665675945023,0.030921205608120977,0.06504511706469897,0.2680131300370067,0.2680131300370067,749.0068366084416,13.6684024447301,0.0,0.011982030290964008,0.0,0.0,obsx,uncertainty,"nmpc+learned[model=gdn_mix2,filt=1,gate=1,ffu=1,qyaw=1,obs=1,aci=1,obsm=0.01]",17,3.397287607192993,0,0.33710956175298806,4.258286776540586,9.119729681406172,0.042682926829268296,492
0.05617077250162175,0.06273129140371171,0.10197914518476948,0.45513478519640693,0.45513478519640693,1189.5951575730858,29.00863407586857,0.027888446215139442,0.013072049555875764,0.0,0.0,obsx,uncertainty,"nmpc+learned[model=gdn_mix2,filt=1,gate=1,ffu=1,qyaw=1,obs=1,aci=1,obsm=0.01]",18,10.797401428222656,0,1.4312410358565737,14.197821541043718,22.905701694544405,0.042682926829268296,492
0.09116862536885373,0.10180986635752862,0.15978592096777805,0.4883825048399973,0.4883825048399973,1283.449696431663,17.526079729694082,0.40039840637450197,0.011760413185795765,0.0,0.0,obsx,uncertainty,"nmpc+learned[model=gdn_mix2,filt=1,gate=1,ffu=1,qyaw=1,obs=1,aci=1,obsm=0.01]",19,8.705666065216064,0,0.9914123505976097,11.356711175674906,22.595231996383543,0.042682926829268296,492
0.09459007228385186,0.10566666653517885,0.22787055859368108,0.6156856186845758,0.6156856186845758,985.9482516269446,24.3554920922454,0.26693227091633465,0.011749885884362543,0.0,0.0,obsx,wind,"nmpc+learned[model=gdn_mix2,filt=1,gate=1,ffu=1,qyaw=1,obs=1,aci=1,obsm=0.01]",0,3.354729175567627,0,0.34591434262948206,4.242640601348621,12.907857249956601,0.042682926829268296,492
0.04147069312967054,0.046302828622733994,0.11294571528415397,0.3816336508970465,0.3816336508970465,1002.0744160365541,31.869734610705873,0.03187250996015936,0.011899397467602046,0.0,0.0,obsx,wind,"nmpc+learned[model=gdn_mix2,filt=1,gate=1,ffu=1,qyaw=1,obs=1,aci=1,obsm=0.01]",1,3.318176746368408,0,0.33565737051792827,4.180470961554207,10.38199288537726,0.042682926829268296,492
0.06114511970877965,0.06826592238014594,0.12879650055862837,0.5590856790138362,0.5590856790138362,1109.8774882775847,31.030515445045243,0.14143426294820718,0.012265802742826348,0.0,0.0,obsx,wind,"nmpc+learned[model=gdn_mix2,filt=1,gate=1,ffu=1,qyaw=1,obs=1,aci=1,obsm=0.01]",2,11.25833511352539,0,1.3205577689243027,14.65569795072227,22.773406466003507,0.042682926829268296,492
0.134425132675455,0.15020419383117037,0.3379524741107212,0.6354714154363972,0.6354714154363972,1338.3514627569666,28.75392370591564,0.34462151394422313,0.012502754685015882,0.0,0.0,obsx,wind,"nmpc+learned[model=gdn_mix2,filt=1,gate=1,ffu=1,qyaw=1,obs=1,aci=1,obsm=0.01]",3,7.419176340103149,0,0.8545498007968126,9.68201942203856,19.6698086312972,0.042682926829268296,492
0.06079971079183889,0.06789364748175551,0.12119629223933433,0.5657008164770163,0.5657008164770163,853.6375201743183,13.36575615565413,0.08764940239043825,0.012061818642699396,0.0,0.0,obsx,wind,"nmpc+learned[model=gdn_mix2,filt=1,gate=1,ffu=1,qyaw=1,obs=1,aci=1,obsm=0.01]",4,10.651215314865112,0,1.19050796812749,13.910900062577154,23.75991844804958,0.042682926829268296,492
0.0639243197945198,0.07139740046258836,0.12160586411777331,0.4003633892395273,0.40036338923952736,973.2268491660625,11.970032077918168,0.08565737051792828,0.012303548286058452,0.0,0.0,obsx,wind,"nmpc+learned[model=gdn_mix2,filt=1,gate=1,ffu=1,qyaw=1,obs=1,aci=1,obsm=0.01]",5,3.448225259780884,0,0.35291035856573705,4.386077476368541,13.581109980586923,0.042682926829268296,492
0.11300616094745561,0.12604472700910546,0.2590313610890813,0.7529505966524317,0.7529505966524317,1330.632305420099,28.72504293212845,0.3207171314741036,0.012206504062336532,0.0,0.0,obsx,wind,"nmpc+learned[model=gdn_mix2,filt=1,gate=1,ffu=1,qyaw=1,obs=1,aci=1,obsm=0.01]",6,3.888357639312744,0,0.36925498007968127,4.979640860444462,10.460796479601413,0.042682926829268296,492
0.06348815617073497,0.07081987735598176,0.13902820278646832,0.7065096423877878,0.7065096423877878,1254.5901302753011,45.03248798411844,0.11952191235059761,0.012041700038689734,0.0,0.0,obsx,wind,"nmpc+learned[model=gdn_mix2,filt=1,gate=1,ffu=1,qyaw=1,obs=1,aci=1,obsm=0.01]",7,9.429913759231567,0,1.113440239043825,12.460066563082465,22.921557459048927,0.042682926829268296,492
0.06570680353707505,0.07336318736594626,0.11331212696016602,0.39038588680988545,0.39038588680988545,876.5032217495714,24.105755193837915,0.10557768924302789,0.01250915250068993,0.0,0.0,obsx,wind,"nmpc+learned[model=gdn_mix2,filt=1,gate=1,ffu=1,qyaw=1,obs=1,aci=1,obsm=0.01]",8,3.251547336578369,0,0.3181932270916335,4.097805851031525,6.268984084017578,0.042682926829268296,492
0.05152903352583134,0.057482361622942874,0.09935605666367585,0.2924984663018894,0.2924984663018894,719.7333200063902,11.949952743596658,0.0,0.013183498576097935,0.0,0.0,obsx,wind,"nmpc+learned[model=gdn_mix2,filt=1,gate=1,ffu=1,qyaw=1,obs=1,aci=1,obsm=0.01]",9,9.745612859725952,0,1.231577689243028,12.688443848521883,22.799872083123773,0.042682926829268296,492
0.039965201283211196,0.04457056878639021,0.06755737999465147,0.3975830241668328,0.39758302416683283,802.6908091720129,9.56110903584174,0.0,0.01238043090655222,0.0,0.0,obsx,wind,"nmpc+learned[model=gdn_mix2,filt=1,gate=1,ffu=1,qyaw=1,obs=1,aci=1,obsm=0.01]",10,3.579434871673584,0,0.3550418326693227,4.5273842617490905,10.713942509610208,0.042682926829268296,492
0.046252466713058014,0.05147635659513384,0.0994554765032004,0.2447255018026046,0.2447255018026046,827.0390847071696,13.345953887225553,0.0,0.01239139863717012,0.0,0.0,obsx,wind,"nmpc+learned[model=gdn_mix2,filt=1,gate=1,ffu=1,qyaw=1,obs=1,aci=1,obsm=0.01]",11,10.851257562637329,0,1.2012669322709164,14.06542198274255,22.956311509478837,0.042682926829268296,492
0.06483690676462212,0.07239719345631065,0.1126665353091678,0.4539167942908588,0.4539167942908587,1093.687629192654,16.750663407369938,0.10557768924302789,0.01109774726298568,0.0,0.0,obsx,wind,"nmpc+learned[model=gdn_mix2,filt=1,gate=1,ffu=1,qyaw=1,obs=1,aci=1,obsm=0.01]",12,9.929537773132324,0,0.9902908366533864,12.812156717671431,22.90653046453372,0.042682926829268296,492
0.07794321656360616,0.08699861160964383,0.12185190466035145,0.7907780162401654,0.7907780162401654,1684.3827199961759,26.18901281694068,0.27689243027888444,0.011673526547444524,0.0,0.0,obsx,wind,"nmpc+learned[model=gdn_mix2,filt=1,gate=1,ffu=1,qyaw=1,obs=1,aci=1,obsm=0.01]",13,3.318516492843628,0,0.3298665338645419,4.195403126328144,11.364074440207336,0.042682926829268296,492
0.0598666097258049,0.06680002398973951,0.10149834200752408,0.2742024831681248,0.27420248316812484,719.4769928319249,11.200870605587603,0.025896414342629483,0.012967364504781975,0.0,0.0,obsx,wind,"nmpc+learned[model=gdn_mix2,filt=1,gate=1,ffu=1,qyaw=1,obs=1,aci=1,obsm=0.01]",14,3.4249918460845947,0,0.3487430278884462,4.322494196972672,10.511066387407482,0.042682926829268296,492
0.09927852232959743,0.11086158115495376,0.19552375105766606,0.33945159866066543,0.33945159866066543,1122.938918786024,11.60927464897091,0.3386454183266932,0.01299192197416188,0.0,0.0,obsx,wind,"nmpc+learned[model=gdn_mix2,filt=1,gate=1,ffu=1,qyaw=1,obs=1,aci=1,obsm=0.01]",15,10.778613090515137,0,1.3183486055776892,14.058585977645599,22.923774274531752,0.042682926829268296,492
0.03998020350012509,0.04442548261345907,0.10804212583247505,0.4484855693154353,0.4484855693154353,1032.67890987908,23.636411116455648,0.04183266932270916,0.0121640660515282,0.0,0.0,obsx,wind,"nmpc+learned[model=gdn_mix2,filt=1,gate=1,ffu=1,qyaw=1,obs=1,aci=1,obsm=0.01]",16,3.5449976921081543,0,0.3569661354581673,4.475591847101649,10.524807653855532,0.042682926829268296,492
0.029128828298805497,0.03243248650174522,0.06689612433035089,0.32122674672922147,0.32122674672922147,834.1458295491623,14.124659858515422,0.0,0.011871832302853713,0.0,0.0,obsx,wind,"nmpc+learned[model=gdn_mix2,filt=1,gate=1,ffu=1,qyaw=1,obs=1,aci=1,obsm=0.01]",17,8.39744758605957,0,0.9800378486055777,10.83432165284333,17.026039885822684,0.042682926829268296,492
0.056431801054252044,0.06296713661045861,0.10246218999958716,0.4757680013520394,0.4757680013520394,1034.3578760532623,30.86896128424973,0.03187250996015936,0.011809430695349843,0.0,0.0,obsx,wind,"nmpc+learned[model=gdn_mix2,filt=1,gate=1,ffu=1,qyaw=1,obs=1,aci=1,obsm=0.01]",18,9.565835237503052,0,1.0719203187250996,12.557886266316551,22.842260107863694,0.042682926829268296,492
0.08951890716799388,0.09989753057188568,0.15799939251339493,0.5100973960360048,0.5100973960360048,1101.5762348077503,18.44396761539163,0.39243027888446214,0.012054305585986552,0.0,0.0,obsx,wind,"nmpc+learned[model=gdn_mix2,filt=1,gate=1,ffu=1,qyaw=1,obs=1,aci=1,obsm=0.01]",19,3.3940887451171875,0,0.34033665338645414,4.232846693492001,10.187415587715805,0.042682926829268296,492
0.09565513348261659,0.10684659152055599,0.22936386606452938,0.7228198372313699,0.7228198372313699,1246.3981546266987,25.238057936207245,0.2729083665338645,0.010824324311923761,0.0,0.0,obsx_flicker,force,"nmpc+learned[model=gdn_mix2,filt=1,gate=1,ffu=1,qyaw=1,obs=1,aci=1,obsm=0.01]",0,6.706704139709473,0,0.600312749003984,8.48050043311534,16.42510776873678,0.042682926829268296,492
0.0411337872560496,0.045938808805471035,0.11213793229807378,0.5478199317724486,0.5478199317724487,1974.6917593108271,35.282034254885914,0.03187250996015936,0.012520172445021294,0.0,0.0,obsx_flicker,force,"nmpc+learned[model=gdn_mix2,filt=1,gate=1,ffu=1,qyaw=1,obs=1,aci=1,obsm=0.01]",1,7.494275808334351,0,0.7230338645418327,9.644403307424094,18.646670384332538,0.042682926829268296,492
0.06098741806257943,0.06812510327575028,0.13090873353783478,0.7590623759108212,0.7590623759108212,1246.4020596915855,35.206872665635274,0.13346613545816732,0.011853821475054815,0.0,0.0,obsx_flicker,force,"nmpc+learned[model=gdn_mix2,filt=1,gate=1,ffu=1,qyaw=1,obs=1,aci=1,obsm=0.01]",2,6.848041772842407,0,0.6637828685258964,8.78306366299164,16.414152595680207,0.042682926829268296,492
0.13444776788888077,0.15023471298901991,0.3379458848111365,0.6114298549780818,0.6114298549780818,1268.2272263671007,28.66354383394421,0.34860557768924305,0.012248709053970241,0.0,0.0,obsx_flicker,force,"nmpc+learned[model=gdn_mix2,filt=1,gate=1,ffu=1,qyaw=1,obs=1,aci=1,obsm=0.01]",3,5.635660886764526,0,0.5439760956175299,7.27692048252742,16.707697501406074,0.042682926829268296,492
0.0648957171369504,0.07247521308853247,0.1310830959936149,2.0026875979519785,2.0026875979519785,2014.099878261061,25.464092361092273,0.10358565737051793,0.013126407916183469,0.0,0.0,obsx_flicker,force,"nmpc+learned[model=gdn_mix2,filt=1,gate=1,ffu=1,qyaw=1,obs=1,aci=1,obsm=0.01]",4,4.408711671829224,0,0.5049701195219124,5.64026514780652,16.37253696797416,0.046747967479674794,492
0.0659965375917518,0.07373491816113102,0.12056046014750889,0.6265297102613641,0.6265297102613641,1178.2161793429802,15.339750637161417,0.1254980079681275,0.012254015065830431,0.0,0.0,obsx_flicker,force,"nmpc+learned[model=gdn_mix2,filt=1,gate=1,ffu=1,qyaw=1,obs=1,aci=1,obsm=0.01]",5,5.613377809524536,0,0.6766932270916335,7.223120899833887,16.84093191055581,0.042682926829268296,492
0.11372784283691577,0.12689065028749272,0.263122744251992,1.3939336882324087,1.3939336882324087,1732.7301560361761,30.039173378102237,0.32669322709163345,0.011916642279794998,0.0,0.0,obsx_flicker,force,"nmpc+learned[model=gdn_mix2,filt=1,gate=1,ffu=1,qyaw=1,obs=1,aci=1,obsm=0.01]",6,6.213688850402832,0,0.7342828685258964,8.039706700158666,11.392996965441855,0.044715447154471545,492
0.0621885487793666,0.0694503776238011,0.13863820138317662,0.7250550641376399,0.7250550641376401,1770.6718878898928,46.47600643573966,0.11752988047808766,0.011908121231376134,0.0,0.0,obsx_flicker,force,"nmpc+learned[model=gdn_mix2,filt=1,gate=1,ffu=1,qyaw=1,obs=1,aci=1,obsm=0.01]",7,4.962618589401245,0,0.6041733067729084,6.364201722885538,16.038512350060046,0.042682926829268296,492
0.06970717207122139,0.07786283299099203,0.11886383372742086,0.4863392684872661,0.4863392684872661,1413.2137094469786,31.4229259158121,0.13745019920318724,0.013597891678300611,0.0,0.0,obsx_flicker,force,"nmpc+learned[model=gdn_mix2,filt=1,gate=1,ffu=1,qyaw=1,obs=1,aci=1,obsm=0.01]",8,8.239068269729614,0,0.6762709163346613,10.458299457429503,16.995366637129337,0.042682926829268296,492
0.0535237891068268,0.05976878805058284,0.10518800889146575,0.3294374851009162,0.3294374851009162,1258.7360530334436,15.52529647453257,0.03187250996015936,0.012812565931145103,0.0,0.0,obsx_flicker,force,"nmpc+learned[model=gdn_mix2,filt=1,gate=1,ffu=1,qyaw=1,obs=1,aci=1,obsm=0.01]",9,8.19405198097229,0,0.6796673306772908,10.650462496458031,17.074527898803353,0.042682926829268296,492
0.040570701455989414,0.04529977262459318,0.06972603112785795,0.4743711698265842,0.4743711698265842,1030.7938487403405,15.85704861409211,0.0,0.012092613745996572,0.0,0.0,obsx_flicker,force,"nmpc+learned[model=gdn_mix2,filt=1,gate=1,ffu=1,qyaw=1,obs=1,aci=1,obsm=0.01]",10,8.314325094223022,0,0.8801533864541833,10.729758579105852,16.936924839392304,0.042682926829268296,492
0.04955505515834848,0.055302270618872426,0.10116038128869824,0.38453304083989864,0.38453304083989864,1056.3220376793686,15.015879351607563,0.017928286852589643,0.013096109523240529,0.0,0.0,obsx_flicker,force,"nmpc+learned[model=gdn_mix2,filt=1,gate=1,ffu=1,qyaw=1,obs=1,aci=1,obsm=0.01]",11,7.963209629058838,0,0.8618326693227091,10.26269406510658,16.907437052577734,0.042682926829268296,492
0.06949561363124997,0.07758117314659481,0.11794087627611104,0.7521934291253461,0.7521934291253461,1425.0958365739068,19.365172191814995,0.17729083665338646,0.013550791271097817,0.0,0.0,obsx_flicker,force,"nmpc+learned[model=gdn_mix2,filt=1,gate=1,ffu=1,qyaw=1,obs=1,aci=1,obsm=0.01]",12,4.513245344161987,0,0.42687250996015935,5.652727881554084,11.36273594107479,0.042682926829268296,492
0.07632814190938308,0.08527907605197392,0.13337436560982963,0.9914100753334567,0.9914100753334567,1736.8834842091808,30.199313791647423,0.2290836653386454,0.011308678277064499,0.0,0.0,obsx_flicker,force,"nmpc+learned[model=gdn_mix2,filt=1,gate=1,ffu=1,qyaw=1,obs=1,aci=1,obsm=0.01]",13,4.863181114196777,0,0.5508386454183267,6.231321657792594,10.926861984189602,0.044715447154471545,492
0.05811379477754093,0.06492491426167649,0.100827185849506,0.2636619717191475,0.2636619717191475,1159.9568926202128,12.236833391514764,0.01593625498007968,0.012895606394236703,0.0,0.0,obsx_flicker,force,"nmpc+learned[model=gdn_mix2,filt=1,gate=1,ffu=1,qyaw=1,obs=1,aci=1,obsm=0.01]",14,3.6314191818237305,0,0.35396414342629484,4.678259548486259,16.525813948828727,0.042682926829268296,492
0.1104460503182815,0.12332002364430406,0.2081202505930083,0.6130741957761195,0.6130741957761195,2058.6350665571317,21.24048837987696,0.4641434262948207,0.013159297373344425,0.0,0.0,obsx_flicker,force,"nmpc+learned[model=gdn_mix2,filt=1,gate=1,ffu=1,qyaw=1,obs=1,aci=1,obsm=0.01]",15,6.094759225845337,0,0.6161175298804781,7.76946095172761,16.559059165883813,0.042682926829268296,492
0.04326543953223167,0.04832073672141415,0.10856354449483481,0.6436451735170469,0.6436451735170469,1281.8069385322005,26.018372622836505,0.043824701195219126,0.00945367200241845,0.0,0.0,obsx_flicker,force,"nmpc+learned[model=gdn_mix2,filt=1,gate=1,ffu=1,qyaw=1,obs=1,aci=1,obsm=0.01]",16,5.542773008346558,0,0.6380358565737052,7.206939130212622,16.345809637568895,0.044715447154471545,492
0.030111115639216337,0.03360096242488676,0.07493690892900447,0.5422986391111941,0.5422986391111941,1288.1240135262365,19.075683763440832,0.0,0.01420052449577025,0.0,0.0,obsx_flicker,force,"nmpc+learned[model=gdn_mix2,filt=1,gate=1,ffu=1,qyaw=1,obs=1,aci=1,obsm=0.01]",17,6.269575119018555,0,0.6346254980079682,7.984450891190969,17.22238932736218,0.042682926829268296,492
0.057095853209376504,0.06373959790840256,0.10121919290713409,0.8633286177361609,0.8633286177361609,2327.8712337573356,33.50727834072804,0.017928286852589643,0.011761876096610002,0.0,0.0,obsx_flicker,force,"nmpc+learned[model=gdn_mix2,filt=1,gate=1,ffu=1,qyaw=1,obs=1,aci=1,obsm=0.01]",18,8.771426916122437,0,0.8433844621513943,11.318102696042255,19.35368328355253,0.042682926829268296,492
0.0921575695399517,0.10290567289349724,0.16695393618351342,0.5329936803867832,0.5329936803867832,1459.8142445437616,20.14696006775537,0.41434262948207173,0.011927789433665154,0.0,0.0,obsx_flicker,force,"nmpc+learned[model=gdn_mix2,filt=1,gate=1,ffu=1,qyaw=1,obs=1,aci=1,obsm=0.01]",19,4.3178064823150635,0,0.41640836653386454,5.438788240660442,10.444704990368336,0.042682926829268296,492
0.09394391524789546,0.10493350738305969,0.22738366488601094,0.6829843992235735,0.6829843992235735,1222.994005688658,22.938030370433584,0.26294820717131473,0.011765594650731903,0.0,0.0,obsx_flicker,no,"nmpc+learned[model=gdn_mix2,filt=1,gate=1,ffu=1,qyaw=1,obs=1,aci=1,obsm=0.01]",0,8.093815326690674,0,0.8472529880478087,10.483408319871442,17.555683222599328,0.042682926829268296,492
0.04213586779024164,0.04705926046249653,0.11444854146733671,0.6502394940315174,0.6502394940315174,1863.1627040790243,32.14307653244029,0.03386454183266932,0.012520172445021294,0.0,0.0,obsx_flicker,no,"nmpc+learned[model=gdn_mix2,filt=1,gate=1,ffu=1,qyaw=1,obs=1,aci=1,obsm=0.01]",1,8.318315029144287,0,0.8131772908366534,10.798272439297214,18.882714973296974,0.042682926829268296,492
0.06073665622138777,0.06784477113210376,0.12982442241464576,0.606376380836291,0.606376380836291,1181.8609901927787,30.34326302403459,0.1294820717131474,0.012167151022026035,0.0,0.0,obsx_flicker,no,"nmpc+learned[model=gdn_mix2,filt=1,gate=1,ffu=1,qyaw=1,obs=1,aci=1,obsm=0.01]",2,8.144904136657715,0,0.8065199203187251,10.782343095198154,17.890782486647367,0.042682926829268296,492
0.1345939960858678,0.15039812804607786,0.33820467401047644,0.6080314904640367,0.6080314904640367,1286.835741729683,28.656854496058138,0.3346613545816733,0.01261983174254483,0.0,0.0,obsx_flicker,no,"nmpc+learned[model=gdn_mix2,filt=1,gate=1,ffu=1,qyaw=1,obs=1,aci=1,obsm=0.01]",3,6.4884727001190186,0,0.6131434262948208,8.396442964732408,17.43424898013473,0.042682926829268296,492
0.061085914894508285,0.06824308483364692,0.126372038063761,1.9320293748160375,1.9320293748160375,1945.7736104348387,26.830499361192302,0.07768924302788845,0.011645525868454187,0.0,0.0,obsx_flicker,no,"nmpc+learned[model=gdn_mix2,filt=1,gate=1,ffu=1,qyaw=1,obs=1,aci=1,obsm=0.01]",4,4.877981185913086,0,0.48857171314741044,6.296623563598025,17.945518465712677,0.046747967479674794,492
0.06523233846272727,0.07288077008256125,0.12124131894485735,0.5419578492025378,0.5419578492025378,1182.1805054271854,13.494595901735499,0.08565737051792828,0.012448595470076401,0.0,0.0,obsx_flicker,no,"nmpc+learned[model=gdn_mix2,filt=1,gate=1,ffu=1,qyaw=1,obs=1,aci=1,obsm=0.01]",5,5.704709053039551,0,0.5928525896414343,7.32260933322127,16.834008763544265,0.042682926829268296,492
0.11331439356072813,0.12642790761652836,0.2607251970226447,0.9172064177537047,0.9172064177537047,1627.2246596535697,29.977793879946297,0.32270916334661354,0.012129590027888937,0.0,0.0,obsx_flicker,no,"nmpc+learned[model=gdn_mix2,filt=1,gate=1,ffu=1,qyaw=1,obs=1,aci=1,obsm=0.01]",6,10.711081266403198,0,1.1396195219123506,14.008038705567351,27.343206298537556,0.044715447154471545,492
0.06153199807305118,0.06871622783173335,0.13623336713244671,0.6297917952154727,0.6297917952154727,1659.8498285462194,44.47898399810044,0.10358565737051793,0.011908121231376134,0.0,0.0,obsx_flicker,no,"nmpc+learned[model=gdn_mix2,filt=1,gate=1,ffu=1,qyaw=1,obs=1,aci=1,obsm=0.01]",7,11.148625612258911,0,1.2032490039840638,14.5501810278135,28.79716219380498,0.042682926829268296,492
0.06457099604637966,0.07213150117202743,0.11389586127494247,0.5945449086481434,0.5945449086481434,1099.9922077948524,27.41219875135517,0.10557768924302789,0.01277093183215261,0.0,0.0,obsx_flicker,no,"nmpc+learned[model=gdn_mix2,filt=1,gate=1,ffu=1,qyaw=1,obs=1,aci=1,obsm=0.01]",8,6.030575513839722,0,0.5933884462151394,7.719548701575819,16.48799237795174,0.042682926829268296,492
0.05383175742067695,0.060113408323316506,0.10424969732251178,0.29841000677733154,0.29841000677733154,1171.8576583506033,11.5465281093528,0.029880478087649404,0.013032116492845192,0.0,0.0,obsx_flicker,no,"nmpc+learned[model=gdn_mix2,filt=1,gate=1,ffu=1,qyaw=1,obs=1,aci=1,obsm=0.01]",9,8.193333387374878,0,0.7937051792828685,10.538283030064665,24.11303111817688,0.042682926829268296,492
0.04017336844763171,0.04485539485865762,0.07023169101774761,0.37536042249574236,0.37536042249574236,1031.9999714081555,8.831966007587148,0.0,0.012157672209644421,0.0,0.0,obsx_flicker,no,"nmpc+learned[model=gdn_mix2,filt=1,gate=1,ffu=1,qyaw=1,obs=1,aci=1,obsm=0.01]",10,12.021305799484253,0,1.3375059760956174,15.47399530302273,28.669786148238927,0.042682926829268296,492
0.04837418085127504,0.053980851426131835,0.10116038128869824,0.29751740022138135,0.29751740022138135,1126.2532273587576,12.75187224043736,0.017928286852589643,0.012898182460595403,0.0,0.0,obsx_flicker,no,"nmpc+learned[model=gdn_mix2,filt=1,gate=1,ffu=1,qyaw=1,obs=1,aci=1,obsm=0.01]",11,7.102405309677124,0,0.7025338645418326,9.178056462345074,22.1114336932078,0.042682926829268296,492
0.06861211331716534,0.07665539554848107,0.11800513819914535,0.6200464539222256,0.6200464539222255,1368.381653264225,19.31997477375561,0.17131474103585656,0.01309403165493822,0.0,0.0,obsx_flicker,no,"nmpc+learned[model=gdn_mix2,filt=1,gate=1,ffu=1,qyaw=1,obs=1,aci=1,obsm=0.01]",12,4.910737752914429,0,0.5329661354581674,6.32654427665757,14.251217709388593,0.042682926829268296,492
0.07346807113175718,0.08208239134091702,0.11473000826698856,1.0203079613856787,1.0203079613856787,1698.1494373599196,28.931382800622213,0.21115537848605578,0.011872203783150459,0.0,0.0,obsx_flicker,no,"nmpc+learned[model=gdn_mix2,filt=1,gate=1,ffu=1,qyaw=1,obs=1,aci=1,obsm=0.01]",13,4.995746612548828,0,0.5543326693227093,6.425949300553991,16.41458995640278,0.042682926829268296,492
0.058943795205619175,0.06585264581650513,0.1018533438951415,0.2392012970456475,0.23920129704564744,1183.6725542414406,9.691085209529588,0.02390438247011952,0.013108043243182432,0.0,0.0,obsx_flicker,no,"nmpc+learned[model=gdn_mix2,filt=1,gate=1,ffu=1,qyaw=1,obs=1,aci=1,obsm=0.01]",14,5.824776887893677,0,0.5670219123505976,7.260875992079923,13.329573974478992,0.042682926829268296,492
0.1028450298930167,0.11484692633808688,0.20523847409146181,0.5205366744711645,0.5205366744711645,1809.1388797489383,16.04488812681842,0.3944223107569721,0.0124453576621599,0.0,0.0,obsx_flicker,no,"nmpc+learned[model=gdn_mix2,filt=1,gate=1,ffu=1,qyaw=1,obs=1,aci=1,obsm=0.01]",15,3.524599313735962,0,0.35350000000000004,4.43307526012608,13.371852675918495,0.042682926829268296,492
0.03924899104217417,0.04382963728861289,0.10839588559206988,0.4735491015352211,0.4735491015352211,1164.479855364785,21.617803859972096,0.0398406374501992,0.012663357406260622,0.0,0.0,obsx_flicker,no,"nmpc+learned[model=gdn_mix2,filt=1,gate=1,ffu=1,qyaw=1,obs=1,aci=1,obsm=0.01]",16,5.695718765258789,0,0.6158525896414343,7.327297330459216,16.51110406499356,0.042682926829268296,492
0.03060004232013945,0.03416246498424878,0.0750317124918893,0.4502741410284698,0.4502741410284698,1333.4976014641868,18.89849032733757,0.0,0.012444549434517782,0.0,0.0,obsx_flicker,no,"nmpc+learned[model=gdn_mix2,filt=1,gate=1,ffu=1,qyaw=1,obs=1,aci=1,obsm=0.01]",17,4.700687408447266,0,0.4612171314741036,5.950262993611247,16.66342106414959,0.042682926829268296,492
0.05832039285594231,0.06514534718402938,0.1099855729690535,0.7100167625045144,0.7100167625045145,2077.2669808911073,28.578141772540622,0.04780876494023904,0.012899946906057613,0.0,0.0,obsx_flicker,no,"nmpc+learned[model=gdn_mix2,filt=1,gate=1,ffu=1,qyaw=1,obs=1,aci=1,obsm=0.01]",18,10.415894031524658,0,1.207069721115538,13.91946767601537,23.709377786144614,0.042682926829268296,492
0.09135598657911981,0.10200923390039411,0.16417627823011408,0.47791838942408127,0.47791838942408127,1484.1346281407996,19.644459847206342,0.40239043824701193,0.012134153359739275,0.0,0.0,obsx_flicker,no,"nmpc+learned[model=gdn_mix2,filt=1,gate=1,ffu=1,qyaw=1,obs=1,aci=1,obsm=0.01]",19,5.694416761398315,0,0.5893446215139442,7.281245505140419,19.81112783076242,0.042682926829268296,492
0.09397287865187733,0.10496588774307437,0.22897453056970146,0.6216037970318584,0.6216037970318584,1170.7891759502058,23.092930756715123,0.26294820717131473,0.01173654213134212,0.0,0.0,obsx_flicker,payload,"nmpc+learned[model=gdn_mix2,filt=1,gate=1,ffu=1,qyaw=1,obs=1,aci=1,obsm=0.01]",0,4.2703540325164795,0,0.4439422310756972,5.445771201317053,16.36727025965229,0.042682926829268296,492
0.041890274254224084,0.04678465897717371,0.11494355721450547,0.7592683295861867,0.7592683295861867,1410.9690643928514,32.33273013627417,0.03386454183266932,0.013407430886072325,0.0,0.0,obsx_flicker,payload,"nmpc+learned[model=gdn_mix2,filt=1,gate=1,ffu=1,qyaw=1,obs=1,aci=1,obsm=0.01]",1,9.589154958724976,0,0.9677111553784862,12.396848430779144,22.718834730330855,0.042682926829268296,492
0.061392815905656095,0.06857414133219707,0.13655799677183944,0.6439728253530312,0.6439728253530312,1326.740642058214,33.06315508570866,0.11952191235059761,0.012539444990116055,0.0,0.0,obsx_flicker,payload,"nmpc+learned[model=gdn_mix2,filt=1,gate=1,ffu=1,qyaw=1,obs=1,aci=1,obsm=0.01]",2,4.0942652225494385,0,0.36264741035856574,5.178386693824068,19.64795825770127,0.044715447154471545,492
0.1353892280378692,0.15128682688443343,0.33820467401047644,0.7580357768740166,0.7580357768740166,1265.0704651692563,28.656854496058138,0.3944223107569721,0.013397976546231594,0.0,0.0,obsx_flicker,payload,"nmpc+learned[model=gdn_mix2,filt=1,gate=1,ffu=1,qyaw=1,obs=1,aci=1,obsm=0.01]",3,5.565687417984009,0,0.5025498007968128,7.0359185467886025,16.157746620010585,0.044715447154471545,492
0.06630808844210252,0.07406832525229322,0.1258230314344929,6.783844127481441,6.783844127481441,2043.411562383584,19.432351707669113,0.19721115537848605,0.013463780177724094,0.0,0.0,obsx_flicker,payload,"nmpc+learned[model=gdn_mix2,filt=1,gate=1,ffu=1,qyaw=1,obs=1,aci=1,obsm=0.01]",4,10.849411964416504,0,1.13551593625498,14.073972052252625,22.90295920567587,0.046747967479674794,492
0.06442693876292814,0.07196260946610279,0.12065593664595568,0.6922629972961686,0.6922629972961686,1288.5988248227593,15.62616867660895,0.08167330677290836,0.012171444781174962,0.0,0.0,obsx_flicker,payload,"nmpc+learned[model=gdn_mix2,filt=1,gate=1,ffu=1,qyaw=1,obs=1,aci=1,obsm=0.01]",5,4.684555292129517,0,0.46318924302788855,5.966641635455903,16.60210099304095,0.042682926829268296,492
0.1120559757106733,0.12501942230594726,0.2594367139455622,1.0056525334116646,1.0056525334116648,1672.2897339546946,29.398760945263724,0.3187250996015936,0.012004811179773256,0.0,0.0,obsx_flicker,payload,"nmpc+learned[model=gdn_mix2,filt=1,gate=1,ffu=1,qyaw=1,obs=1,aci=1,obsm=0.01]",6,4.742326498031616,0,0.47594223107569716,5.955816151952719,16.509860279038552,0.044715447154471545,492
0.06154145352344162,0.068726795175644,0.1362699513428393,0.6311083187439509,0.6311083187439509,1659.2200622395228,44.47430525481403,0.10358565737051793,0.011913725095514666,0.0,0.0,obsx_flicker,payload,"nmpc+learned[model=gdn_mix2,filt=1,gate=1,ffu=1,qyaw=1,obs=1,aci=1,obsm=0.01]",7,3.824782133102417,0,0.41551593625498007,4.843835903988387,10.876561119221153,0.042682926829268296,492
0.06412096572865854,0.07162842584972011,0.11734395504950974,0.8017941896771803,0.8017941896771803,1029.887265923302,27.06371194220299,0.11155378486055777,0.015578843568962775,0.0,0.0,obsx_flicker,payload,"nmpc+learned[model=gdn_mix2,filt=1,gate=1,ffu=1,qyaw=1,obs=1,aci=1,obsm=0.01]",8,9.826392412185669,0,1.049874501992032,12.707817842219159,22.86852152319625,0.044715447154471545,492
0.05348635272459894,0.059727152459524674,0.10180205352936027,0.3513746022104587,0.3513746022104587,1105.6721270340336,10.931026670155008,0.0199203187250996,0.013590259809451888,0.0,0.0,obsx_flicker,payload,"nmpc+learned[model=gdn_mix2,filt=1,gate=1,ffu=1,qyaw=1,obs=1,aci=1,obsm=0.01]",9,3.0129265785217285,0,0.3042330677290837,3.8053842666800097,4.714029240421951,0.042682926829268296,492
0.040342087375269765,0.045044091216394834,0.07023169101774761,0.3656149715898676,0.3656149715898676,1048.3993582832127,8.831966007587148,0.0,0.012157672209644421,0.0,0.0,obsx_flicker,payload,"nmpc+learned[model=gdn_mix2,filt=1,gate=1,ffu=1,qyaw=1,obs=1,aci=1,obsm=0.01]",10,6.409384727478027,0,0.7144322709163345,8.215276611620094,16.53897767420858,0.042682926829268296,492
0.048102120488430794,0.053676398395818774,0.10116038128869824,0.42578097551386396,0.42578097551386396,1055.44930890575,12.503684644315893,0.017928286852589643,0.013096109523240529,0.0,0.0,obsx_flicker,payload,"nmpc+learned[model=gdn_mix2,filt=1,gate=1,ffu=1,qyaw=1,obs=1,aci=1,obsm=0.01]",11,8.920300006866455,0,1.0750059760956174,11.424377462288655,22.63678571442142,0.042682926829268296,492
0.06814255401583541,0.07613055564505682,0.12242005893709444,4.916861689730693,4.916861689730693,1440.0074532850722,18.90760418866007,0.1593625498007968,0.012076405418638969,0.0,0.0,obsx_flicker,payload,"nmpc+learned[model=gdn_mix2,filt=1,gate=1,ffu=1,qyaw=1,obs=1,aci=1,obsm=0.01]",12,3.5236926078796387,0,0.3279123505976096,4.41243212282346,10.129084412474185,0.042682926829268296,492
0.07626717225773653,0.08521093110680682,0.11940850399414876,1.1934477969602575,1.1934477969602575,1703.3866122882962,28.931382800622213,0.25298804780876494,0.011872203783150459,0.0,0.0,obsx_flicker,payload,"nmpc+learned[model=gdn_mix2,filt=1,gate=1,ffu=1,qyaw=1,obs=1,aci=1,obsm=0.01]",13,8.721499919891357,0,1.021394422310757,11.331561322053116,22.570722203236077,0.042682926829268296,492
0.058674504321961404,0.06555164708999675,0.1018533438951415,0.274888102993044,0.274888102993044,1144.1418883297872,10.461586234424695,0.02390438247011952,0.013108043243182432,0.0,0.0,obsx_flicker,payload,"nmpc+learned[model=gdn_mix2,filt=1,gate=1,ffu=1,qyaw=1,obs=1,aci=1,obsm=0.01]",14,9.798430919647217,0,1.1095796812749006,12.913124702139887,22.830773673485965,0.042682926829268296,492
0.10028363295364581,0.11198257543443463,0.20470602047419278,2.1275293348574777,2.1275293348574777,1531.9014562583864,18.551962252873295,0.3665338645418327,0.010095844409242383,0.0,0.0,obsx_flicker,payload,"nmpc+learned[model=gdn_mix2,filt=1,gate=1,ffu=1,qyaw=1,obs=1,aci=1,obsm=0.01]",15,3.1156558990478516,0,0.3326573705179283,3.9609183999802546,9.204100170172753,0.044715447154471545,492
0.03920770042371176,0.04378346408714457,0.10835498945227588,0.4762074187827394,0.4762074187827394,1160.3209904338555,21.57873794154518,0.04183266932270916,0.012713990835204303,0.0,0.0,obsx_flicker,payload,"nmpc+learned[model=gdn_mix2,filt=1,gate=1,ffu=1,qyaw=1,obs=1,aci=1,obsm=0.01]",16,4.091372966766357,0,0.43626693227091634,5.228097234719036,10.43340356554836,0.042682926829268296,492
0.03416108240335597,0.0381452274603531,0.07637115410767288,6.01685592246822,6.01685592246822,1535.56812700599,15.323497660558957,0.0,0.012877746809181079,0.0,0.0,obsx_flicker,payload,"nmpc+learned[model=gdn_mix2,filt=1,gate=1,ffu=1,qyaw=1,obs=1,aci=1,obsm=0.01]",17,10.823363304138184,0,1.2144641434262946,14.030895926859749,23.446188787929714,0.042682926829268296,492
0.06366353079411514,0.07109491695479278,0.11549160466841626,10.082148164817664,10.082148164817664,1989.6565886899655,27.789007624554607,0.10159362549800798,0.012135994126590333,0.0,0.0,obsx_flicker,payload,"nmpc+learned[model=gdn_mix2,filt=1,gate=1,ffu=1,qyaw=1,obs=1,aci=1,obsm=0.01]",18,5.72235369682312,0,0.6484083665338646,7.449004356656594,17.182532493025068,0.044715447154471545,492
0.08915107592104846,0.09954333928388467,0.15403195843815018,0.5586302742009466,0.5586302742009466,1272.3777973330896,16.61699788816913,0.39641434262948205,0.012258483945342541,0.0,0.0,obsx_flicker,payload,"nmpc+learned[model=gdn_mix2,filt=1,gate=1,ffu=1,qyaw=1,obs=1,aci=1,obsm=0.01]",19,5.381099700927734,0,0.49838247011952186,6.785892846667583,15.987435870338237,0.042682926829268296,492
0.09375559403161743,0.10472449695387145,0.22718908903573204,0.7705761107971034,0.7705761107971034,1358.9052796911628,22.623864070515975,0.26095617529880477,0.011673420051656613,0.0,0.0,obsx_flicker,rotoreff,"nmpc+learned[model=gdn_mix2,filt=1,gate=1,ffu=1,qyaw=1,obs=1,aci=1,obsm=0.01]",0,10.145602941513062,0,1.3050956175298807,13.398938331348576,22.782905113417655,0.042682926829268296,492
0.0430042973629246,0.048030225947761844,0.1145127102530444,0.855733737376344,0.8557337373763441,1689.9039847782894,33.443565066039234,0.03386454183266932,0.011816413095393552,0.0,0.0,obsx_flicker,rotoreff,"nmpc+learned[model=gdn_mix2,filt=1,gate=1,ffu=1,qyaw=1,obs=1,aci=1,obsm=0.01]",1,3.656514883041382,0,0.40722709163346615,4.616850397115447,11.18115688441322,0.042682926829268296,492
0.06050746693261865,0.06757005557553818,0.13195234740577874,0.7536768804518748,0.7536768804518748,1218.015628532238,31.138182480651412,0.13346613545816732,0.012742272330011462,0.0,0.0,obsx_flicker,rotoreff,"nmpc+learned[model=gdn_mix2,filt=1,gate=1,ffu=1,qyaw=1,obs=1,aci=1,obsm=0.01]",2,10.26072096824646,0,1.2862051792828686,13.461880308420088,23.429447484668348,0.042682926829268296,492
0.13435943019930352,0.15013438430540174,0.3372735196041053,0.6893134408156149,0.6893134408156149,1347.7442520933646,28.375859322648076,0.3346613545816733,0.012598072054841314,0.0,0.0,obsx_flicker,rotoreff,"nmpc+learned[model=gdn_mix2,filt=1,gate=1,ffu=1,qyaw=1,obs=1,aci=1,obsm=0.01]",3,10.304781436920166,0,1.238715139442231,13.471742405507907,22.828306823503226,0.042682926829268296,492
0.06134147957213547,0.06852299303632951,0.12261166035941358,1.2217409768207113,1.2217409768207113,2208.7230288233877,21.279704821191974,0.07768924302788845,0.011704852939304289,0.0,0.0,obsx_flicker,rotoreff,"nmpc+learned[model=gdn_mix2,filt=1,gate=1,ffu=1,qyaw=1,obs=1,aci=1,obsm=0.01]",4,5.002374887466431,0,0.47787250996015934,6.209788965970367,11.25477955676616,0.044715447154471545,492
0.06531925387168934,0.0729594719600116,0.12182517371319,0.5534761884107283,0.5534761884107283,1123.2883595304,12.92809404670539,0.08366533864541832,0.013219211288048566,0.0,0.0,obsx_flicker,rotoreff,"nmpc+learned[model=gdn_mix2,filt=1,gate=1,ffu=1,qyaw=1,obs=1,aci=1,obsm=0.01]",5,6.1846911907196045,0,0.6084402390438247,7.94267846712939,16.55875351978466,0.042682926829268296,492
0.11161298504044444,0.12449565012996458,0.2610292922169359,0.9877222823206863,0.9877222823206863,1491.9860388416278,28.744546159017865,0.3147410358565737,0.012965505919194265,0.0,0.0,obsx_flicker,rotoreff,"nmpc+learned[model=gdn_mix2,filt=1,gate=1,ffu=1,qyaw=1,obs=1,aci=1,obsm=0.01]",6,4.290590047836304,0,0.46125498007968135,5.45636049946733,11.007950289640577,0.044715447154471545,492
0.06165205378005477,0.06880697791943031,0.1395358408115957,0.5640903258236187,0.5640903258236187,1536.9744424255407,45.00987593997388,0.10557768924302789,0.01278331772421551,0.0,0.0,obsx_flicker,rotoreff,"nmpc+learned[model=gdn_mix2,filt=1,gate=1,ffu=1,qyaw=1,obs=1,aci=1,obsm=0.01]",7,10.063710451126099,0,1.0419482071713149,13.13846955628717,22.924597661476582,0.042682926829268296,492
0.06461967223580481,0.07218821649639823,0.11577986069615007,0.6818291827075534,0.6818291827075534,1181.855062508546,28.81981548131684,0.10956175298804781,0.01306897952674696,0.0,0.0,obsx_flicker,rotoreff,"nmpc+learned[model=gdn_mix2,filt=1,gate=1,ffu=1,qyaw=1,obs=1,aci=1,obsm=0.01]",8,5.590120315551758,0,0.5319661354581674,7.0264105048713335,16.36114323977381,0.042682926829268296,492
0.05304581509287241,0.05923112856764479,0.10222721113035863,0.3791663675776112,0.3791663675776112,1296.2882834596692,11.65679509973408,0.0199203187250996,0.013494891098339346,0.0,0.0,obsx_flicker,rotoreff,"nmpc+learned[model=gdn_mix2,filt=1,gate=1,ffu=1,qyaw=1,obs=1,aci=1,obsm=0.01]",9,14.128841161727905,0,1.6753725099601595,18.567600595928074,24.01341462042183,0.042682926829268296,492
0.03926728863444454,0.043810999435370174,0.07140861656297935,0.4782206171800542,0.4782206171800542,946.2943169976567,9.249032191116509,0.0,0.012418996900820378,0.0,0.0,obsx_flicker,rotoreff,"nmpc+learned[model=gdn_mix2,filt=1,gate=1,ffu=1,qyaw=1,obs=1,aci=1,obsm=0.01]",10,6.326558589935303,0,0.6294701195219123,7.976468504068862,16.575416540727023,0.042682926829268296,492
0.04921377008600282,0.0549221775493499,0.10207165442339484,0.4071524262445596,0.4071524262445596,1177.4030350943995,12.757357926838447,0.0199203187250996,0.013550780935612433,0.0,0.0,obsx_flicker,rotoreff,"nmpc+learned[model=gdn_mix2,filt=1,gate=1,ffu=1,qyaw=1,obs=1,aci=1,obsm=0.01]",11,10.532359600067139,0,1.1331394422310759,13.762897907374093,23.214979921467602,0.042682926829268296,492
0.06790160700813547,0.07587225881182343,0.11587047587624685,0.5851208448448053,0.5851208448448053,1516.6291402847853,19.43086008931062,0.15737051792828685,0.012491169104270006,0.0,0.0,obsx_flicker,rotoreff,"nmpc+learned[model=gdn_mix2,filt=1,gate=1,ffu=1,qyaw=1,obs=1,aci=1,obsm=0.01]",12,4.532607793807983,0,0.3913964143426295,5.677105331574511,16.457687586080283,0.042682926829268296,492
0.07563357923113273,0.08449102154793717,0.11913410096172602,1.1356280070640428,1.1356280070640428,1626.826622984012,28.997595403682173,0.2649402390438247,0.011870475059758134,0.0,0.0,obsx_flicker,rotoreff,"nmpc+learned[model=gdn_mix2,filt=1,gate=1,ffu=1,qyaw=1,obs=1,aci=1,obsm=0.01]",13,11.281474113464355,0,1.3626434262948208,14.92599447524969,27.183417931664735,0.042682926829268296,492
0.05842178202476576,0.06524904066846815,0.10190295541180706,0.2849865739224352,0.2849865739224352,1051.9259898804928,10.162406959348576,0.02390438247011952,0.013463189908590245,0.0,0.0,obsx_flicker,rotoreff,"nmpc+learned[model=gdn_mix2,filt=1,gate=1,ffu=1,qyaw=1,obs=1,aci=1,obsm=0.01]",14,11.952492237091064,0,1.4288326693227091,15.780838862695987,25.97584874369204,0.042682926829268296,492
0.1036502171491367,0.11574778089039198,0.20374664790898347,0.6590899780870126,0.6590899780870126,2294.316386246037,14.639419844543761,0.3904382470119522,0.011799916118129361,0.0,0.0,obsx_flicker,rotoreff,"nmpc+learned[model=gdn_mix2,filt=1,gate=1,ffu=1,qyaw=1,obs=1,aci=1,obsm=0.01]",15,5.253536701202393,0,0.5170756972111554,6.565042118360084,16.013845996931195,0.042682926829268296,492
0.03912126211665639,0.04369013543183195,0.10712913356841006,0.5585681241073797,0.5585681241073797,1254.1593377127515,20.368429932030207,0.0398406374501992,0.013143562944242071,0.0,0.0,obsx_flicker,rotoreff,"nmpc+learned[model=gdn_mix2,filt=1,gate=1,ffu=1,qyaw=1,obs=1,aci=1,obsm=0.01]",16,3.630164861679077,0,0.3860776892430279,4.60098342055388,11.092299374286087,0.042682926829268296,492
0.0293109582872272,0.032722929825052545,0.06678451399272642,0.6793070055501709,0.6793070055501708,1588.181596032504,15.188706457107761,0.0,0.01105703731289881,0.0,0.0,obsx_flicker,rotoreff,"nmpc+learned[model=gdn_mix2,filt=1,gate=1,ffu=1,qyaw=1,obs=1,aci=1,obsm=0.01]",17,8.49650263786316,0,0.8696533864541833,10.994921707403494,23.7549062515609,0.042682926829268296,492
0.05842215926038098,0.065239716344165,0.10874776325958606,1.5436094548417114,1.5436094548417112,2140.6486310904093,34.426324486289495,0.045816733067729085,0.013063897865616292,0.0,0.0,obsx_flicker,rotoreff,"nmpc+learned[model=gdn_mix2,filt=1,gate=1,ffu=1,qyaw=1,obs=1,aci=1,obsm=0.01]",18,4.57482385635376,0,0.5537609561752987,5.813177314167657,16.373720874544233,0.042682926829268296,492
0.09057984198927135,0.10114843556253769,0.16121640565271758,0.5549595113304174,0.5549595113304175,1464.164783211536,18.99456802094392,0.4043824701195219,0.01196474739089834,0.0,0.0,obsx_flicker,rotoreff,"nmpc+learned[model=gdn_mix2,filt=1,gate=1,ffu=1,qyaw=1,obs=1,aci=1,obsm=0.01]",19,5.47364068031311,0,0.525374501992032,6.961715950786444,16.211388187948614,0.042682926829268296,492
0.0945070316713024,0.1055630558524229,0.22950417696783149,1.7228238820190669,1.7228238820190669,1645.626135590352,23.560695943653492,0.2689243027888446,0.012358312213496536,0.0,0.0,obsx_flicker,torque,"nmpc+learned[model=gdn_mix2,filt=1,gate=1,ffu=1,qyaw=1,obs=1,aci=1,obsm=0.01]",0,4.092065095901489,0,0.45886852589641436,5.241706367652582,10.551437826361507,0.042682926829268296,492
0.04191791072316295,0.0468155597818476,0.11433985695406823,0.875887534830836,0.875887534830836,2038.7200955602555,32.70748317283854,0.03386454183266932,0.012377305631805169,0.0,0.0,obsx_flicker,torque,"nmpc+learned[model=gdn_mix2,filt=1,gate=1,ffu=1,qyaw=1,obs=1,aci=1,obsm=0.01]",1,4.516598463058472,0,0.4725916334661355,5.804789505353516,16.552523826248944,0.042682926829268296,492
0.05996402955087671,0.06698102902691322,0.12606930799739305,0.5797513984800408,0.5797513984800408,1286.9713717973416,30.42169046473613,0.12350597609561753,0.011663746510672979,0.0,0.0,obsx_flicker,torque,"nmpc+learned[model=gdn_mix2,filt=1,gate=1,ffu=1,qyaw=1,obs=1,aci=1,obsm=0.01]",2,9.712706089019775,0,0.9369760956175299,12.441301230894052,22.947518958244473,0.042682926829268296,492
0.13386609185011644,0.1495846697597332,0.33798010500163844,0.7723825566681195,0.7723825566681195,1571.1218535423534,28.777557708057152,0.3346613545816733,0.012822102139297131,0.0,0.0,obsx_flicker,torque,"nmpc+learned[model=gdn_mix2,filt=1,gate=1,ffu=1,qyaw=1,obs=1,aci=1,obsm=0.01]",3,12.13517427444458,0,1.4667788844621514,16.02144222298407,25.887696356512606,0.042682926829268296,492
0.06808932578269042,0.0760708572644058,0.1611181386492597,5.396560742482702,5.396560742482702,2493.1963711879657,16.082523640421694,0.11553784860557768,0.01208683674772193,0.0,0.0,obsx_flicker,torque,"nmpc+learned[model=gdn_mix2,filt=1,gate=1,ffu=1,qyaw=1,obs=1,aci=1,obsm=0.01]",4,7.189817190170288,0,0.7987888446215138,9.212004321356456,22.940463130362332,0.044715447154471545,492
0.06615817206308623,0.07391557707215847,0.12087646215220926,1.5952806348039494,1.5952806348039494,1689.1480641930016,12.704287992040816,0.12350597609561753,0.012620707021220506,0.0,0.0,obsx_flicker,torque,"nmpc+learned[model=gdn_mix2,filt=1,gate=1,ffu=1,qyaw=1,obs=1,aci=1,obsm=0.01]",5,3.492584705352783,0,0.3652111553784861,4.452427666897763,10.13030300848186,0.042682926829268296,492
0.11296927035316409,0.1260416331154775,0.26139511740018123,0.8632478441518501,0.8632478441518501,1970.4112677390342,30.33698431179726,0.31673306772908366,0.012564423479506093,0.0,0.0,obsx_flicker,torque,"nmpc+learned[model=gdn_mix2,filt=1,gate=1,ffu=1,qyaw=1,obs=1,aci=1,obsm=0.01]",6,6.763045787811279,0,0.8452788844621513,8.755738588617705,23.55452552204952,0.044715447154471545,492
0.06302320714725937,0.07038367186730164,0.14925490771166347,3.5854306828301357,3.5854306828301357,2526.9895371945468,44.67578299984758,0.10956175298804781,0.011908121231376134,0.0,0.0,obsx_flicker,torque,"nmpc+learned[model=gdn_mix2,filt=1,gate=1,ffu=1,qyaw=1,obs=1,aci=1,obsm=0.01]",7,3.4142017364501953,0,0.34374302788844624,4.347603027411992,11.120430300943555,0.046747967479674794,492
0.06443121634121117,0.071975527952504,0.1148482085917858,0.6654237640079866,0.6654237640079866,1190.360073341289,28.767209579012167,0.10557768924302789,0.01227788893803361,0.0,0.0,obsx_flicker,torque,"nmpc+learned[model=gdn_mix2,filt=1,gate=1,ffu=1,qyaw=1,obs=1,aci=1,obsm=0.01]",8,9.009117364883423,0,1.0030219123505977,11.777854003698613,23.63581801066175,0.042682926829268296,492
0.05353702282063582,0.05978380066519752,0.10460687312387829,0.38112674678160907,0.3811267467816091,1210.8125355982966,11.970432287695372,0.03187250996015936,0.012293875494442441,0.0,0.0,obsx_flicker,torque,"nmpc+learned[model=gdn_mix2,filt=1,gate=1,ffu=1,qyaw=1,obs=1,aci=1,obsm=0.01]",9,10.935657978057861,0,1.197796812749004,14.320242619865473,23.72194395866245,0.042682926829268296,492
0.04074679467222761,0.0454967132203414,0.07029981810570725,0.39970731490268285,0.39970731490268285,1252.3709978249562,8.742436129226842,0.0,0.012177753328739216,0.0,0.0,obsx_flicker,torque,"nmpc+learned[model=gdn_mix2,filt=1,gate=1,ffu=1,qyaw=1,obs=1,aci=1,obsm=0.01]",10,11.287018060684204,0,1.2488505976095619,14.649342298897288,25.774805841501806,0.042682926829268296,492
0.04884434655681882,0.05450698570679234,0.10116038128869824,0.3214137220631516,0.3214137220631516,1150.8280514956948,12.582453485324216,0.017928286852589643,0.012167139245486625,0.0,0.0,obsx_flicker,torque,"nmpc+learned[model=gdn_mix2,filt=1,gate=1,ffu=1,qyaw=1,obs=1,aci=1,obsm=0.01]",11,3.829751968383789,0,0.3953207171314741,4.848634830650046,10.470541336107999,0.042682926829268296,492
0.06839058790082983,0.07640753934139999,0.1178626008221543,0.7181450239590185,0.7181450239590185,1511.1861595423675,19.381624475556766,0.1693227091633466,0.013452471883878214,0.0,0.0,obsx_flicker,torque,"nmpc+learned[model=gdn_mix2,filt=1,gate=1,ffu=1,qyaw=1,obs=1,aci=1,obsm=0.01]",12,8.731879472732544,0,0.9645199203187251,11.251028360468725,22.997725829482082,0.042682926829268296,492
0.07361962868446294,0.08225178755707176,0.1142347899133717,0.811640180838204,0.8116401808382039,1872.9224655310109,29.273520401617958,0.23107569721115537,0.011720236752703672,0.0,0.0,obsx_flicker,torque,"nmpc+learned[model=gdn_mix2,filt=1,gate=1,ffu=1,qyaw=1,obs=1,aci=1,obsm=0.01]",13,8.716079950332642,0,1.0646972111553785,11.378054671264087,22.497966100927446,0.042682926829268296,492
0.05889985197192867,0.06580352850121318,0.1017941182230817,0.26703569837950364,0.26703569837950364,1257.0617027257792,9.504080968127225,0.02390438247011952,0.013038307169293772,0.0,0.0,obsx_flicker,torque,"nmpc+learned[model=gdn_mix2,filt=1,gate=1,ffu=1,qyaw=1,obs=1,aci=1,obsm=0.01]",14,3.547077178955078,0,0.39959960159362545,4.529282342145346,10.43343671830371,0.042682926829268296,492
0.10106832822812738,0.11286020163267446,0.20563029115006848,2.2574863821581608,2.2574863821581608,2105.583079435775,18.734721149153216,0.32270916334661354,0.012776109310133454,0.0,0.0,obsx_flicker,torque,"nmpc+learned[model=gdn_mix2,filt=1,gate=1,ffu=1,qyaw=1,obs=1,aci=1,obsm=0.01]",15,3.811708450317383,0,0.38515737051792825,4.833011633338058,10.51698661176488,0.042682926829268296,492
0.04012204674385232,0.04480591576990877,0.10766473089249241,0.6462780193332892,0.6462780193332892,1061.0866867699601,21.646887194945876,0.0398406374501992,0.012558770390998952,0.0,0.0,obsx_flicker,torque,"nmpc+learned[model=gdn_mix2,filt=1,gate=1,ffu=1,qyaw=1,obs=1,aci=1,obsm=0.01]",16,12.504660606384277,0,1.564808764940239,16.501922697938266,28.552197758108388,0.042682926829268296,492
0.03079769168801249,0.03438330017831284,0.07371036860964499,0.7584952893636073,0.7584952893636073,1562.9166141481885,18.5030119494432,0.0,0.011569742395373173,0.0,0.0,obsx_flicker,torque,"nmpc+learned[model=gdn_mix2,filt=1,gate=1,ffu=1,qyaw=1,obs=1,aci=1,obsm=0.01]",17,5.821411848068237,0,0.5206872509960159,7.26396759018391,22.03199595911431,0.042682926829268296,492
0.06056528841353658,0.06765484448304115,0.10675850427181047,7.010260950814785,7.010260950814785,2106.048016180561,28.95247338320193,0.053784860557768925,0.012825990319267205,0.0,0.0,obsx_flicker,torque,"nmpc+learned[model=gdn_mix2,filt=1,gate=1,ffu=1,qyaw=1,obs=1,aci=1,obsm=0.01]",18,9.93954849243164,0,1.139003984063745,12.976361012858044,23.27557320473716,0.042682926829268296,492
0.09089128592536529,0.10148953691858902,0.16327460346433173,0.4989556105500838,0.4989556105500838,1497.3937279236625,19.389744067529804,0.4043824701195219,0.012082466725284763,0.0,0.0,obsx_flicker,torque,"nmpc+learned[model=gdn_mix2,filt=1,gate=1,ffu=1,qyaw=1,obs=1,aci=1,obsm=0.01]",19,3.4196808338165283,0,0.3688406374501992,4.27981772398821,10.259137528482825,0.042682926829268296,492
0.09395154258519739,0.10494594135148742,0.22712701646284938,0.7111814563569305,0.7111814563569305,1349.3937477596896,22.757005685498356,0.26294820717131473,0.011661198161003639,0.0,0.0,obsx_flicker,uncertainty,"nmpc+learned[model=gdn_mix2,filt=1,gate=1,ffu=1,qyaw=1,obs=1,aci=1,obsm=0.01]",0,11.06377363204956,0,1.1434820717131473,14.335777500618354,22.913439029362056,0.042682926829268296,492
0.04153364204643137,0.04640671281347531,0.11457699848318934,0.6359290711532049,0.6359290711532049,1730.1117430542145,31.34528995186931,0.03386454183266932,0.012528309513540226,0.0,0.0,obsx_flicker,uncertainty,"nmpc+learned[model=gdn_mix2,filt=1,gate=1,ffu=1,qyaw=1,obs=1,aci=1,obsm=0.01]",1,3.1725549697875977,0,0.33025498007968124,4.019840650141714,10.035516256466508,0.042682926829268296,492
0.06089006034472572,0.06801902007086877,0.130370853048373,0.6512517155456149,0.6512517155456149,1222.8045745339282,29.959717482564947,0.1294820717131474,0.01220966848578603,0.0,0.0,obsx_flicker,uncertainty,"nmpc+learned[model=gdn_mix2,filt=1,gate=1,ffu=1,qyaw=1,obs=1,aci=1,obsm=0.01]",2,11.523898124694824,0,1.3840597609561753,15.109662001347726,26.841646954417236,0.042682926829268296,492
0.13612382689540237,0.1521093530293114,0.3407283814458892,0.5593293093996441,0.5593293093996441,1732.1376346776913,27.543702073091524,0.34860557768924305,0.012177427618171976,0.0,0.0,obsx_flicker,uncertainty,"nmpc+learned[model=gdn_mix2,filt=1,gate=1,ffu=1,qyaw=1,obs=1,aci=1,obsm=0.01]",3,11.459280014038086,0,1.3636533864541829,15.016856561118063,28.608072085771713,0.042682926829268296,492
0.06615144657160903,0.07390313197789528,0.14223146244118273,2.347315701546408,2.347315701546408,1760.8777686726044,18.27424737214671,0.12151394422310757,0.01138916741638235,0.0,0.0,obsx_flicker,uncertainty,"nmpc+learned[model=gdn_mix2,filt=1,gate=1,ffu=1,qyaw=1,obs=1,aci=1,obsm=0.01]",4,11.21047043800354,0,1.415808764940239,14.754651287808064,25.81843783380466,0.044715447154471545,492
0.06547771658120442,0.07316069156764014,0.12105908058886442,0.5257128668946436,0.5257128668946436,1258.7022830212288,14.346375457146285,0.08764940239043825,0.012184107046209286,0.0,0.0,obsx_flicker,uncertainty,"nmpc+learned[model=gdn_mix2,filt=1,gate=1,ffu=1,qyaw=1,obs=1,aci=1,obsm=0.01]",5,4.272322654724121,0,0.47386254980079684,5.454144120565152,15.842665606178349,0.042682926829268296,492
0.11678139546871755,0.13030932806788295,0.2650300675636221,0.8490162390183758,0.8490162390183758,2234.395994721945,31.391090170586033,0.32270916334661354,0.012147284987073875,0.0,0.0,obsx_flicker,uncertainty,"nmpc+learned[model=gdn_mix2,filt=1,gate=1,ffu=1,qyaw=1,obs=1,aci=1,obsm=0.01]",6,3.2766382694244385,0,0.34033864541832665,4.168318325293759,10.262623331509534,0.042682926829268296,492
0.06262518513682576,0.06994286504640135,0.13906069750586883,0.6831379839662294,0.6831379839662294,1756.3635296446523,43.61772990405295,0.11155378486055777,0.011853830145031746,0.0,0.0,obsx_flicker,uncertainty,"nmpc+learned[model=gdn_mix2,filt=1,gate=1,ffu=1,qyaw=1,obs=1,aci=1,obsm=0.01]",7,3.3086509704589844,0,0.3193645418326693,4.1885051168538485,9.84947008080782,0.042682926829268296,492
0.06512183952945295,0.07273911070426528,0.1132473419238437,0.5658034314996307,0.5658034314996307,1318.8524505238543,27.48499178778669,0.10557768924302789,0.012248571472100678,0.0,0.0,obsx_flicker,uncertainty,"nmpc+learned[model=gdn_mix2,filt=1,gate=1,ffu=1,qyaw=1,obs=1,aci=1,obsm=0.01]",8,6.408700704574585,0,0.6058605577689243,8.308773082068775,22.788841724395752,0.042682926829268296,492
0.05431479702660959,0.06067944040760267,0.10691477690335881,0.4610035291917305,0.4610035291917305,1553.3734805435029,13.029963831231418,0.037848605577689244,0.012123291752907439,0.0,0.0,obsx_flicker,uncertainty,"nmpc+learned[model=gdn_mix2,filt=1,gate=1,ffu=1,qyaw=1,obs=1,aci=1,obsm=0.01]",9,3.3189446926116943,0,0.322296812749004,4.154809212137712,9.877867524046454,0.042682926829268296,492
0.03998883269792658,0.04464127976049726,0.06991013732122324,0.38666008539616253,0.38666008539616253,980.0166429593705,8.703770914384137,0.0,0.012258409039713036,0.0,0.0,obsx_flicker,uncertainty,"nmpc+learned[model=gdn_mix2,filt=1,gate=1,ffu=1,qyaw=1,obs=1,aci=1,obsm=0.01]",10,13.116355419158936,0,1.470804780876494,17.185973229380213,28.583755923900778,0.042682926829268296,492
0.04735526468059849,0.05283190612675434,0.10112617708256023,0.3256154209402568,0.3256154209402568,1124.929603382202,12.046650492143504,0.017928286852589643,0.013205697298616842,0.0,0.0,obsx_flicker,uncertainty,"nmpc+learned[model=gdn_mix2,filt=1,gate=1,ffu=1,qyaw=1,obs=1,aci=1,obsm=0.01]",11,9.918261289596558,0,1.1852211155378485,12.92267355017839,23.087739523034546,0.042682926829268296,492
0.06842243038784028,0.07642240212389233,0.11914043191112196,0.675093669562612,0.675093669562612,1373.7973894676797,19.821939265655434,0.1693227091633466,0.013206548772883187,0.0,0.0,obsx_flicker,uncertainty,"nmpc+learned[model=gdn_mix2,filt=1,gate=1,ffu=1,qyaw=1,obs=1,aci=1,obsm=0.01]",12,3.267868757247925,0,0.3315358565737052,4.13940283952214,8.460945868864655,0.042682926829268296,492
0.07557441429639508,0.08444403926345062,0.12085719603828714,0.9762896921905136,0.9762896921905136,2027.0130979150463,28.30374237459674,0.2689243027888446,0.011873401654248772,0.0,0.0,obsx_flicker,uncertainty,"nmpc+learned[model=gdn_mix2,filt=1,gate=1,ffu=1,qyaw=1,obs=1,aci=1,obsm=0.01]",13,3.306673526763916,0,0.3230258964143426,4.134169267212223,10.261095091700554,0.042682926829268296,492
0.05882830219405546,0.06571904940043143,0.10142494016157048,0.2309627334565372,0.2309627334565372,1114.049651564586,9.688728991596491,0.021912350597609563,0.013294902875415071,0.0,0.0,obsx_flicker,uncertainty,"nmpc+learned[model=gdn_mix2,filt=1,gate=1,ffu=1,qyaw=1,obs=1,aci=1,obsm=0.01]",14,8.213096618652344,0,0.9968027888446216,10.775689597787016,22.793425878044218,0.042682926829268296,492
0.10291692500244728,0.11493631268172014,0.20310711788948774,0.4677580169529356,0.4677580169529356,2056.2810342284533,15.17171032753017,0.3804780876494024,0.01190552745686635,0.0,0.0,obsx_flicker,uncertainty,"nmpc+learned[model=gdn_mix2,filt=1,gate=1,ffu=1,qyaw=1,obs=1,aci=1,obsm=0.01]",15,10.355656147003174,0,1.2712410358565738,13.541752139507121,23.74212979571894,0.042682926829268296,492
0.03930170514490281,0.04387730122226574,0.10906410051776828,0.607461522741143,0.607461522741143,1037.752902097425,23.12923940753546,0.04183266932270916,0.012423073566898313,0.0,0.0,obsx_flicker,uncertainty,"nmpc+learned[model=gdn_mix2,filt=1,gate=1,ffu=1,qyaw=1,obs=1,aci=1,obsm=0.01]",16,11.544598579406738,0,1.0917171314741034,14.976285214803044,23.571477900259197,0.044715447154471545,492
0.030282756240634326,0.03380132032344845,0.07614385066571792,0.49090116008656554,0.49090116008656554,1399.8004098073504,18.659182942762666,0.0,0.014007397011799871,0.0,0.0,obsx_flicker,uncertainty,"nmpc+learned[model=gdn_mix2,filt=1,gate=1,ffu=1,qyaw=1,obs=1,aci=1,obsm=0.01]",17,3.200906753540039,0,0.3070756972111554,4.030570887823207,5.520479446277022,0.042682926829268296,492
0.058218004409849006,0.0650203744577471,0.1094260187315184,0.7224934480882322,0.7224934480882323,2150.2352057916246,27.025613292235015,0.049800796812749,0.012619191501840155,0.0,0.0,obsx_flicker,uncertainty,"nmpc+learned[model=gdn_mix2,filt=1,gate=1,ffu=1,qyaw=1,obs=1,aci=1,obsm=0.01]",18,10.120343685150146,0,1.2324741035856575,13.375489653433224,22.818126659840345,0.042682926829268296,492
0.09240716161750924,0.10319482873824312,0.16508336589685202,0.5536707212784142,0.5536707212784142,1578.236940774034,20.012420997943757,0.4163346613545817,0.011760413185795765,0.0,0.0,obsx_flicker,uncertainty,"nmpc+learned[model=gdn_mix2,filt=1,gate=1,ffu=1,qyaw=1,obs=1,aci=1,obsm=0.01]",19,5.130833148956299,0,0.4563665338645418,6.5623419549486846,16.4202087582089,0.042682926829268296,492
0.09367908005358251,0.10464830658441944,0.22739357514253494,0.7244211815714713,0.7244211815714713,1282.729110953047,24.445725511147902,0.26095617529880477,0.011749885884362543,0.0,0.0,obsx_flicker,wind,"nmpc+learned[model=gdn_mix2,filt=1,gate=1,ffu=1,qyaw=1,obs=1,aci=1,obsm=0.01]",0,4.84030294418335,0,0.48908366533864545,6.170744069877908,13.408910750877112,0.042682926829268296,492
0.043287021315502695,0.04833420365758559,0.11598310775943262,0.7616600481742204,0.7616600481742204,1748.4581168966417,34.51013509669959,0.037848605577689244,0.011929732682311123,0.0,0.0,obsx_flicker,wind,"nmpc+learned[model=gdn_mix2,filt=1,gate=1,ffu=1,qyaw=1,obs=1,aci=1,obsm=0.01]",1,3.3288979530334473,0,0.3184223107569721,4.14839961549334,6.983424425125122,0.042682926829268296,492
0.060791380462709786,0.06787026337267134,0.12947504504395546,0.5662842827169979,0.5662842827169979,1244.686607112494,31.207754650504075,0.1394422310756972,0.01232218900572185,0.0,0.0,obsx_flicker,wind,"nmpc+learned[model=gdn_mix2,filt=1,gate=1,ffu=1,qyaw=1,obs=1,aci=1,obsm=0.01]",2,11.513503313064575,0,1.363350597609562,15.058260593299877,25.790377475786954,0.042682926829268296,492
0.13443931633127532,0.15022004510831857,0.3379524741107212,0.6532589045729594,0.6532589045729594,1373.6978190808234,28.75392370591564,0.33665338645418325,0.01248098540432141,0.0,0.0,obsx_flicker,wind,"nmpc+learned[model=gdn_mix2,filt=1,gate=1,ffu=1,qyaw=1,obs=1,aci=1,obsm=0.01]",3,8.688915491104126,0,0.9961494023904383,11.226223964444491,19.827470644377176,0.042682926829268296,492
0.0642287283530871,0.0717280978455288,0.1364349650687076,1.7342012142128105,1.7342012142128105,1681.6934264692022,17.663329683741306,0.11354581673306773,0.011839844466164762,0.0,0.0,obsx_flicker,wind,"nmpc+learned[model=gdn_mix2,filt=1,gate=1,ffu=1,qyaw=1,obs=1,aci=1,obsm=0.01]",4,4.704684495925903,0,0.41298406374501995,5.980620771067669,16.225816868245605,0.044715447154471545,492
0.06514672584596218,0.07276409888505425,0.12160586411777331,0.5196451907007714,0.5196451907007715,1216.2474985426309,13.973875076431726,0.08565737051792828,0.012303548286058452,0.0,0.0,obsx_flicker,wind,"nmpc+learned[model=gdn_mix2,filt=1,gate=1,ffu=1,qyaw=1,obs=1,aci=1,obsm=0.01]",5,10.849536418914795,0,1.3054541832669322,14.271825106269068,25.88596566813067,0.042682926829268296,492
0.11318126738125546,0.1262407720863198,0.25891459721489785,0.9391079544448007,0.9391079544448007,1591.7242720783263,28.559128928652783,0.34462151394422313,0.012206504062336532,0.0,0.0,obsx_flicker,wind,"nmpc+learned[model=gdn_mix2,filt=1,gate=1,ffu=1,qyaw=1,obs=1,aci=1,obsm=0.01]",6,4.96015739440918,0,0.537195219123506,6.412031233822741,16.671359834726903,0.044715447154471545,492
0.06217488534649542,0.06934964514532996,0.1367803109819603,0.638029830999125,0.638029830999125,1702.691972825069,43.62403530320076,0.10756972111553785,0.011863321179211128,0.0,0.0,obsx_flicker,wind,"nmpc+learned[model=gdn_mix2,filt=1,gate=1,ffu=1,qyaw=1,obs=1,aci=1,obsm=0.01]",7,11.45938754081726,0,1.1885498007968127,14.944131199021887,23.87040955014527,0.042682926829268296,492
0.06517168807341453,0.07276469259145173,0.1141329864693292,0.5220243536763954,0.5220243536763954,1267.3572931148929,26.629971115156614,0.10358565737051793,0.012349079981745309,0.0,0.0,obsx_flicker,wind,"nmpc+learned[model=gdn_mix2,filt=1,gate=1,ffu=1,qyaw=1,obs=1,aci=1,obsm=0.01]",8,10.694286823272705,0,1.3187629482071714,13.934670600565187,25.602247100323456,0.042682926829268296,492
0.056747073395945334,0.06332263006764485,0.11641488183205528,0.5635522754018065,0.5635522754018065,1260.1455520183913,16.268880766566003,0.053784860557768925,0.012186003183087657,0.0,0.0,obsx_flicker,wind,"nmpc+learned[model=gdn_mix2,filt=1,gate=1,ffu=1,qyaw=1,obs=1,aci=1,obsm=0.01]",9,13.704487323760986,0,1.391808764940239,18.02445121343244,28.82103801937774,0.042682926829268296,492
0.04104091125301435,0.04577500489990405,0.07463113134388422,0.4583566149111685,0.4583566149111685,1121.7834275672049,10.82953885023028,0.0,0.012456559936847023,0.0,0.0,obsx_flicker,wind,"nmpc+learned[model=gdn_mix2,filt=1,gate=1,ffu=1,qyaw=1,obs=1,aci=1,obsm=0.01]",10,3.976210832595825,0,0.4289900398406375,5.052937117713204,13.293515583500268,0.042682926829268296,492
0.04760774356424478,0.05299684220760381,0.0994554765032004,0.2914427563826306,0.29144275638263056,1175.307117643619,13.345953887225553,0.0,0.01239139863717012,0.0,0.0,obsx_flicker,wind,"nmpc+learned[model=gdn_mix2,filt=1,gate=1,ffu=1,qyaw=1,obs=1,aci=1,obsm=0.01]",11,4.21036434173584,0,0.4218844621513944,5.417050878643485,16.491156669799242,0.042682926829268296,492
0.06915346138764343,0.0772243819991581,0.11755543533086284,0.7382452231396078,0.7382452231396078,1539.717293466526,21.302247660895393,0.16733067729083664,0.013233391552741336,0.0,0.0,obsx_flicker,wind,"nmpc+learned[model=gdn_mix2,filt=1,gate=1,ffu=1,qyaw=1,obs=1,aci=1,obsm=0.01]",12,7.618480920791626,0,0.8352350597609562,9.823898685097962,22.591479923576145,0.042682926829268296,492
0.07379269416849053,0.08235479715849207,0.1165497724370736,1.0228780199942724,1.0228780199942724,1852.9669799390808,31.993864575739607,0.20318725099601595,0.011673526547444524,0.0,0.0,obsx_flicker,wind,"nmpc+learned[model=gdn_mix2,filt=1,gate=1,ffu=1,qyaw=1,obs=1,aci=1,obsm=0.01]",13,3.9681196212768555,0,0.39259960159362556,5.0558889812541254,15.334734865464279,0.044715447154471545,492
0.05972340452590068,0.06663975627238884,0.10165067801533953,0.3580938888140307,0.35809388881403076,1239.0155631357188,11.680363562348958,0.02390438247011952,0.012967364504781975,0.0,0.0,obsx_flicker,wind,"nmpc+learned[model=gdn_mix2,filt=1,gate=1,ffu=1,qyaw=1,obs=1,aci=1,obsm=0.01]",14,11.737441778182983,0,1.5012709163346614,15.333991561760287,25.795783253852296,0.044715447154471545,492
0.10243366484686943,0.11438984643849177,0.2060298322249429,0.6233741731026052,0.6233741731026052,1938.7870349376747,19.939950948428223,0.3844621513944223,0.011606903121348155,0.0,0.0,obsx_flicker,wind,"nmpc+learned[model=gdn_mix2,filt=1,gate=1,ffu=1,qyaw=1,obs=1,aci=1,obsm=0.01]",15,3.391000747680664,0,0.3398645418326693,4.298241168494332,10.463589837308973,0.042682926829268296,492
0.04041230748594275,0.0449110532563956,0.10621857204604085,0.5755661258624493,0.5755661258624493,1269.8329487882697,22.622875234223603,0.037848605577689244,0.0120704963724248,0.0,0.0,obsx_flicker,wind,"nmpc+learned[model=gdn_mix2,filt=1,gate=1,ffu=1,qyaw=1,obs=1,aci=1,obsm=0.01]",16,9.111345291137695,0,1.0232051792828687,11.800733706134695,22.7056772611104,0.042682926829268296,492
0.03259453709181574,0.036317958776646876,0.07800215893251562,0.6709140973208026,0.6709140973208026,1503.181964088587,19.962743348620315,0.0,0.01300160341946216,0.0,0.0,obsx_flicker,wind,"nmpc+learned[model=gdn_mix2,filt=1,gate=1,ffu=1,qyaw=1,obs=1,aci=1,obsm=0.01]",17,5.579379320144653,0,0.5785239043824703,7.1933222359484175,16.483078212477267,0.042682926829268296,492
0.05936372529429893,0.06624815214676771,0.10818192098421252,1.5919982684649248,1.5919982684649248,1953.3492101814084,30.284332826445404,0.045816733067729085,0.01265046047693602,0.0,0.0,obsx_flicker,wind,"nmpc+learned[model=gdn_mix2,filt=1,gate=1,ffu=1,qyaw=1,obs=1,aci=1,obsm=0.01]",18,8.900019645690918,0,1.2410697211155377,11.737007279490747,19.798809534404427,0.042682926829268296,492
0.0910962551383239,0.10166257162533808,0.16446870369026576,0.6151543548079114,0.6151543548079114,1316.1825653726348,18.44396761539163,0.4063745019920319,0.011226780256218927,0.0,0.0,obsx_flicker,wind,"nmpc+learned[model=gdn_mix2,filt=1,gate=1,ffu=1,qyaw=1,obs=1,aci=1,obsm=0.01]",19,11.90368103981018,0,1.4103665338645417,15.551902513312866,23.024939079768956,0.042682926829268296,492
0.11319694009537168,0.12644435802537635,0.2512082630664051,0.9617708532427034,0.9617708532427034,5937.052892928812,22.473311958529226,0.34063745019920316,0.027196917868531012,0.0,0.0,obsx_noise,force,"nmpc+learned[model=gdn_mix2,filt=1,gate=1,ffu=1,qyaw=1,obs=1,aci=1,obsm=0.01]",0,4.110299587249756,0,0.4117848605577689,5.125306442795522,10.587231297977269,0.052845528455284556,492
0.055964843514916415,0.062389411425852526,0.1300826821036942,0.5479215064378609,0.5479215064378609,5634.4589523754385,38.81581461437562,0.07768924302788845,0.02823722818035046,0.0,0.0,obsx_noise,force,"nmpc+learned[model=gdn_mix2,filt=1,gate=1,ffu=1,qyaw=1,obs=1,aci=1,obsm=0.01]",1,5.7822511196136475,0,0.5732549800796812,7.3846501861309335,16.772770672105253,0.0508130081300813,492
0.07997106943291292,0.08924580333613644,0.1615570606934511,1.357924976630668,1.357924976630668,6276.798116912438,44.15936722752174,0.21713147410358566,0.025513432874728015,0.0,0.0,obsx_noise,force,"nmpc+learned[model=gdn_mix2,filt=1,gate=1,ffu=1,qyaw=1,obs=1,aci=1,obsm=0.01]",2,5.9481041431427,0,0.6144203187250996,7.66278199380286,16.973206673283133,0.0508130081300813,492
0.14351735828115394,0.1603180729321932,0.36096979619688924,0.98424885900797,0.98424885900797,7231.545361455902,32.18803207771617,0.4681274900398406,0.026172617770671924,0.0,0.0,obsx_noise,force,"nmpc+learned[model=gdn_mix2,filt=1,gate=1,ffu=1,qyaw=1,obs=1,aci=1,obsm=0.01]",3,8.232785701751709,0,0.9091613545816732,10.693674880651333,19.663235510233797,0.04878048780487805,492
0.08151876427405134,0.09096091906254224,0.16432254792060974,0.8723196500752941,0.8723196500752941,5297.67994906171,26.867420279811675,0.30876494023904383,0.03149802676724939,0.0,0.0,obsx_noise,force,"nmpc+learned[model=gdn_mix2,filt=1,gate=1,ffu=1,qyaw=1,obs=1,aci=1,obsm=0.01]",4,5.605686902999878,0,0.5428346613545816,7.153967798472311,16.42200870672241,0.0508130081300813,492
0.08252016520871598,0.09218091108856678,0.1420877545399241,0.6771294580752328,0.6771294580752328,5528.545062876407,17.43208763266354,0.3107569721115538,0.03406542448133967,0.0,0.0,obsx_noise,force,"nmpc+learned[model=gdn_mix2,filt=1,gate=1,ffu=1,qyaw=1,obs=1,aci=1,obsm=0.01]",5,7.665631532669067,0,0.9066374501992032,9.989315367941986,17.862875889986753,0.0508130081300813,492
0.13000924932380015,0.144986116227278,0.2850705792488937,1.8015955294847892,1.8015955294847892,6280.197133485468,33.74594036617923,0.4681274900398406,0.02911061359683148,0.0,0.0,obsx_noise,force,"nmpc+learned[model=gdn_mix2,filt=1,gate=1,ffu=1,qyaw=1,obs=1,aci=1,obsm=0.01]",6,5.105289459228516,0,0.516027888446215,6.512413032360345,16.476107600610703,0.04878048780487805,492
0.08451163417053294,0.09442196883456033,0.18487142641770568,1.1154406245968993,1.1154406245968993,6267.214517804515,54.326197298307655,0.2250996015936255,0.02568349706152634,0.0,0.0,obsx_noise,force,"nmpc+learned[model=gdn_mix2,filt=1,gate=1,ffu=1,qyaw=1,obs=1,aci=1,obsm=0.01]",7,7.80867338180542,0,0.8211334661354583,10.116445335218186,17.699013936799023,0.0508130081300813,492
0.0859491690796147,0.09599565072915352,0.15060026244348326,0.552976424687222,0.552976424687222,5362.692808300801,33.495624136059355,0.3386454183266932,0.030202697550958113,0.0,0.0,obsx_noise,force,"nmpc+learned[model=gdn_mix2,filt=1,gate=1,ffu=1,qyaw=1,obs=1,aci=1,obsm=0.01]",8,5.655681848526001,0,0.49347011952191233,7.127998515952423,16.60615066299215,0.0508130081300813,492
0.06360621515193843,0.07095493016267675,0.11481183909156237,0.4667576890393803,0.4667576890393803,4678.589526969025,15.401675434191935,0.11752988047808766,0.026691479283077024,0.0,0.0,obsx_noise,force,"nmpc+learned[model=gdn_mix2,filt=1,gate=1,ffu=1,qyaw=1,obs=1,aci=1,obsm=0.01]",9,5.997857093811035,0,0.6018784860557769,7.611001913150053,16.740772249177102,0.0508130081300813,492
0.06022755390482669,0.06707843567897556,0.09961773428212861,0.685828787158928,0.685828787158928,5768.57996954091,14.00721984097369,0.0,0.028964899640317454,0.0,0.0,obsx_noise,force,"nmpc+learned[model=gdn_mix2,filt=1,gate=1,ffu=1,qyaw=1,obs=1,aci=1,obsm=0.01]",10,6.930274724960327,0,0.6637290836653386,8.88236453227951,16.94081738591194,0.0508130081300813,492
0.07703509250602253,0.0859568245234803,0.14368202565626842,0.4270922477958083,0.4270922477958083,5590.4394367527275,20.279238080946516,0.26693227091633465,0.03401259253812394,0.0,0.0,obsx_noise,force,"nmpc+learned[model=gdn_mix2,filt=1,gate=1,ffu=1,qyaw=1,obs=1,aci=1,obsm=0.01]",11,6.7951531410217285,0,0.7395099601593625,8.583593252300474,16.521128027234226,0.0508130081300813,492
0.08174901855719822,0.09099061996898815,0.13819129440652994,0.7092250851064841,0.7092250851064841,5180.053477311057,20.452417757513494,0.28286852589641437,0.028161239549052697,0.0,0.0,obsx_noise,force,"nmpc+learned[model=gdn_mix2,filt=1,gate=1,ffu=1,qyaw=1,obs=1,aci=1,obsm=0.01]",12,8.923256158828735,0,0.957011952191235,11.505957128873385,19.869873744901273,0.04878048780487805,492
0.10286278649419608,0.11492735805696402,0.16975441599138172,1.1535404417983908,1.1535404417983908,7069.841821908239,26.005440170976456,0.5119521912350598,0.02831388253804612,0.0,0.0,obsx_noise,force,"nmpc+learned[model=gdn_mix2,filt=1,gate=1,ffu=1,qyaw=1,obs=1,aci=1,obsm=0.01]",13,4.977292776107788,0,0.49682071713147413,6.305017125926377,16.53417519759387,0.04878048780487805,492
0.07770272058950284,0.08677453949655345,0.1272348702517735,0.3702359395483991,0.3702359395483992,5260.43794019248,15.902782539473309,0.26095617529880477,0.031740636336165085,0.0,0.0,obsx_noise,force,"nmpc+learned[model=gdn_mix2,filt=1,gate=1,ffu=1,qyaw=1,obs=1,aci=1,obsm=0.01]",14,7.432303190231323,0,0.7618545816733067,9.517015354054799,18.767977855168287,0.0508130081300813,492
0.1302083817477845,0.1453853636785134,0.23349549825087285,0.6644027100350309,0.6644027100350309,6553.742145863648,21.803560992925746,0.5956175298804781,0.026431134834861703,0.0,0.0,obsx_noise,force,"nmpc+learned[model=gdn_mix2,filt=1,gate=1,ffu=1,qyaw=1,obs=1,aci=1,obsm=0.01]",15,5.6145007610321045,0,0.7438286852589642,7.25647647711133,21.66672958526762,0.0508130081300813,492
0.05594782102607548,0.06238337430310449,0.13101368027830224,0.9965917351638792,0.9965917351638792,5968.705166494194,32.81247658068591,0.07171314741035857,0.024457712513798413,0.0,0.0,obsx_noise,force,"nmpc+learned[model=gdn_mix2,filt=1,gate=1,ffu=1,qyaw=1,obs=1,aci=1,obsm=0.01]",16,8.568335056304932,0,1.0733147410358568,11.093583532638728,22.816321647260338,0.0508130081300813,492
0.04287704583509266,0.047804823275734175,0.09191595589826518,0.39631957866745643,0.3963195786674564,5268.505806120566,17.621160276323838,0.0,0.03199442737457764,0.0,0.0,obsx_noise,force,"nmpc+learned[model=gdn_mix2,filt=1,gate=1,ffu=1,qyaw=1,obs=1,aci=1,obsm=0.01]",17,11.072383403778076,0,1.4846354581673307,14.452649737277858,22.881180772092193,0.0508130081300813,492
0.07474273122804133,0.08338981449691363,0.12448588302577614,0.6563561469590445,0.6563561469590445,6648.204973979139,36.90373081258652,0.199203187250996,0.029006680008829222,0.0,0.0,obsx_noise,force,"nmpc+learned[model=gdn_mix2,filt=1,gate=1,ffu=1,qyaw=1,obs=1,aci=1,obsm=0.01]",18,8.369142770767212,0,0.870605577689243,10.74416405684593,18.991745267994705,0.04878048780487805,492
0.110942803503123,0.1238340316071241,0.19123063833263942,0.7631872854716925,0.7631872854716925,6465.172568802175,21.502914876735225,0.5079681274900398,0.02570091765325655,0.0,0.0,obsx_noise,force,"nmpc+learned[model=gdn_mix2,filt=1,gate=1,ffu=1,qyaw=1,obs=1,aci=1,obsm=0.01]",19,5.507400274276733,0,0.6094780876494024,7.146381494770963,16.59190561389551,0.0508130081300813,492
0.10957671139783756,0.12239715812744492,0.2481190939843235,0.7905183317204576,0.7905183317204576,5502.148602952996,21.455408433343802,0.32669322709163345,0.030584562896147027,0.0,0.0,obsx_noise,no,"nmpc+learned[model=gdn_mix2,filt=1,gate=1,ffu=1,qyaw=1,obs=1,aci=1,obsm=0.01]",0,5.9944446086883545,0,0.6506294820717132,7.752563241327485,16.942403963766992,0.052845528455284556,492
0.05842038823479413,0.06513974878729785,0.13733994242022396,0.4575828557298067,0.4575828557298067,5689.526477832113,35.31678076529089,0.10358565737051793,0.029205888754170517,0.0,0.0,obsx_noise,no,"nmpc+learned[model=gdn_mix2,filt=1,gate=1,ffu=1,qyaw=1,obs=1,aci=1,obsm=0.01]",1,10.461421966552734,0,1.0563605577689243,13.550850789088651,22.695615580305457,0.0508130081300813,492
0.07680403757017751,0.08570175766049622,0.15434647687545042,0.9702718806119216,0.9702718806119218,5713.362170037527,37.2455523202832,0.21713147410358566,0.029602833682943974,0.0,0.0,obsx_noise,no,"nmpc+learned[model=gdn_mix2,filt=1,gate=1,ffu=1,qyaw=1,obs=1,aci=1,obsm=0.01]",2,5.590791702270508,0,0.5647669322709163,7.131814410765303,16.645455395337194,0.0508130081300813,492
0.1439100395363639,0.1607570474834932,0.3614038048258676,0.9739000293821132,0.9739000293821134,6878.56348835994,31.08326468298989,0.46215139442231074,0.026209254781154878,0.0,0.0,obsx_noise,no,"nmpc+learned[model=gdn_mix2,filt=1,gate=1,ffu=1,qyaw=1,obs=1,aci=1,obsm=0.01]",3,7.776139974594116,0,1.0235219123505976,10.11557553466261,21.78285606438295,0.04878048780487805,492
0.0760870612349503,0.08493250029365829,0.15648631307554328,0.6084071278433782,0.6084071278433782,5262.304238574347,18.808118598318977,0.26095617529880477,0.031187568633934848,0.0,0.0,obsx_noise,no,"nmpc+learned[model=gdn_mix2,filt=1,gate=1,ffu=1,qyaw=1,obs=1,aci=1,obsm=0.01]",4,5.755369186401367,0,0.6531314741035856,7.411188945968253,16.840836089104414,0.0508130081300813,492
0.08153886412962037,0.09108392546931846,0.14314276591931124,0.5784047312230195,0.5784047312230195,5388.897142365952,14.9269267481478,0.28884462151394424,0.03293883576885634,0.0,0.0,obsx_noise,no,"nmpc+learned[model=gdn_mix2,filt=1,gate=1,ffu=1,qyaw=1,obs=1,aci=1,obsm=0.01]",5,10.376040935516357,0,1.238276892430279,13.624258248035266,22.8663693764247,0.0508130081300813,492
0.1296430138561691,0.1445760175118649,0.2864460946112886,1.1480449779420323,1.148044977942032,6194.668208150425,33.51607161004816,0.4760956175298805,0.026550060500287354,0.0,0.0,obsx_noise,no,"nmpc+learned[model=gdn_mix2,filt=1,gate=1,ffu=1,qyaw=1,obs=1,aci=1,obsm=0.01]",6,8.75251054763794,0,1.0111573705179282,11.392481526753224,22.800916435662657,0.04878048780487805,492
0.08306636668337182,0.09280660343399537,0.18007455249385554,0.94278608858029,0.9427860885802898,5677.831007579761,50.88649060824001,0.2250996015936255,0.02270354968539523,0.0,0.0,obsx_noise,no,"nmpc+learned[model=gdn_mix2,filt=1,gate=1,ffu=1,qyaw=1,obs=1,aci=1,obsm=0.01]",7,4.038875341415405,0,0.4225059760956175,5.1588626913318185,10.813064365647733,0.0508130081300813,492
0.08237166488636331,0.09199002485148321,0.14627141534011576,0.775341067353978,0.775341067353978,5384.615866219722,32.10267102335601,0.2948207171314741,0.03281435301840527,0.0,0.0,obsx_noise,no,"nmpc+learned[model=gdn_mix2,filt=1,gate=1,ffu=1,qyaw=1,obs=1,aci=1,obsm=0.01]",8,5.185347557067871,0,0.5385796812749004,6.785057592706614,16.616158096585423,0.0508130081300813,492
0.06437316550848873,0.0718124398414222,0.11525905920161483,0.4657242706594796,0.4657242706594796,4532.948217225379,11.537684221021776,0.11952191235059761,0.027681385543820825,0.0,0.0,obsx_noise,no,"nmpc+learned[model=gdn_mix2,filt=1,gate=1,ffu=1,qyaw=1,obs=1,aci=1,obsm=0.01]",9,6.9209511280059814,0,0.7513725099601594,8.889332098749083,17.329252925701443,0.0508130081300813,492
0.05868350426167772,0.06534706707939951,0.09971556815158113,0.47374395967116933,0.47374395967116933,5328.329984455378,12.121882684348266,0.0,0.028367765721461713,0.0,0.0,obsx_noise,no,"nmpc+learned[model=gdn_mix2,filt=1,gate=1,ffu=1,qyaw=1,obs=1,aci=1,obsm=0.01]",10,4.075632572174072,0,0.46834262948207167,5.192929997565262,15.424925747793175,0.0508130081300813,492
0.07509474171638697,0.08378520915433392,0.14368202565626842,0.4244980194803751,0.4244980194803751,5656.635077369226,16.90038097096264,0.23107569721115537,0.034103604160387324,0.0,0.0,obsx_noise,no,"nmpc+learned[model=gdn_mix2,filt=1,gate=1,ffu=1,qyaw=1,obs=1,aci=1,obsm=0.01]",11,9.58326005935669,0,0.9338266932270917,12.367101840255597,23.691450662445284,0.0508130081300813,492
0.07996852698013728,0.0891954753335946,0.13841057543320934,0.5214486514981428,0.5214486514981428,5029.2228728732225,14.927463939950524,0.2689243027888446,0.028306281481152662,0.0,0.0,obsx_noise,no,"nmpc+learned[model=gdn_mix2,filt=1,gate=1,ffu=1,qyaw=1,obs=1,aci=1,obsm=0.01]",12,6.235746622085571,0,0.6540597609561754,8.026635507585489,17.039588973857462,0.04878048780487805,492
0.09718992213968831,0.10858692053996462,0.15661778432640344,0.8268701139934185,0.8268701139934185,6614.170525507264,25.46712103160102,0.5099601593625498,0.029138780640656003,0.0,0.0,obsx_noise,no,"nmpc+learned[model=gdn_mix2,filt=1,gate=1,ffu=1,qyaw=1,obs=1,aci=1,obsm=0.01]",13,4.779257774353027,0,0.5113585657370517,6.177679309992498,16.405666151549667,0.04878048780487805,492
0.08002523722339881,0.08937154095567024,0.13055524269352292,0.3906905075981841,0.3906905075981841,5145.502918222747,12.65551748266883,0.2868525896414343,0.03197921514927804,0.0,0.0,obsx_noise,no,"nmpc+learned[model=gdn_mix2,filt=1,gate=1,ffu=1,qyaw=1,obs=1,aci=1,obsm=0.01]",14,4.647825241088867,0,0.6073585657370518,6.18500983439,16.72443706542254,0.0508130081300813,492
0.1233353667046772,0.1377225066941976,0.23503667900484035,0.5088966292437753,0.5088966292437753,6219.086595666165,14.94524370540838,0.5537848605577689,0.027367374271128037,0.0,0.0,obsx_noise,no,"nmpc+learned[model=gdn_mix2,filt=1,gate=1,ffu=1,qyaw=1,obs=1,aci=1,obsm=0.01]",15,4.202172517776489,0,0.4594143426294821,5.382304185114623,12.807746576145297,0.0508130081300813,492
0.05267811783117951,0.058721026257258044,0.13103516619339647,0.48441221409495017,0.48441221409495017,5296.921899694689,31.469917202679415,0.07370517928286853,0.029032917626686194,0.0,0.0,obsx_noise,no,"nmpc+learned[model=gdn_mix2,filt=1,gate=1,ffu=1,qyaw=1,obs=1,aci=1,obsm=0.01]",16,4.136364936828613,0,0.38345617529880477,5.219979050283532,16.325574293732668,0.0508130081300813,492
0.040886647624448595,0.045604227370683176,0.08954904885093373,0.40591499619390375,0.40591499619390375,5075.766647350278,17.57042648094898,0.0,0.029304863455947794,0.0,0.0,obsx_noise,no,"nmpc+learned[model=gdn_mix2,filt=1,gate=1,ffu=1,qyaw=1,obs=1,aci=1,obsm=0.01]",17,7.07334303855896,0,0.7191115537848606,8.969781853061956,16.93398459814489,0.0508130081300813,492
0.07712526849227336,0.08611931504209247,0.1293682226496727,0.4771680447004903,0.4771680447004903,6233.726679914205,33.87917561288377,0.23107569721115537,0.0303136872137722,0.0,0.0,obsx_noise,no,"nmpc+learned[model=gdn_mix2,filt=1,gate=1,ffu=1,qyaw=1,obs=1,aci=1,obsm=0.01]",18,7.716815948486328,0,0.8734701195219123,9.943708789486632,19.509361370001006,0.04878048780487805,492
0.11079146843659633,0.1236647237780888,0.18916059725763487,0.6822808500215838,0.6822808500215838,6534.849906178144,21.42313208768004,0.5079681274900398,0.026026970125201165,0.0,0.0,obsx_noise,no,"nmpc+learned[model=gdn_mix2,filt=1,gate=1,ffu=1,qyaw=1,obs=1,aci=1,obsm=0.01]",19,6.363252401351929,0,0.669894422310757,8.285487507121172,16.651385517325252,0.0508130081300813,492
0.10948246173074531,0.12229179113668766,0.2498641015750768,0.761628471483256,0.761628471483256,5190.18841348179,21.45468127258358,0.31673306772908366,0.030691056456592203,0.0,0.0,obsx_noise,payload,"nmpc+learned[model=gdn_mix2,filt=1,gate=1,ffu=1,qyaw=1,obs=1,aci=1,obsm=0.01]",0,5.959920644760132,0,0.6666513944223108,7.726052686000665,16.836688600014895,0.052845528455284556,492
0.058599529292942265,0.06534037525460601,0.136113674179362,0.47129858680942144,0.47129858680942144,5524.017676875555,35.48325396414149,0.10159362549800798,0.029388050187734716,0.0,0.0,obsx_noise,payload,"nmpc+learned[model=gdn_mix2,filt=1,gate=1,ffu=1,qyaw=1,obs=1,aci=1,obsm=0.01]",1,5.610825777053833,0,0.5692290836653388,7.128502759874698,16.792014718521386,0.0508130081300813,492
0.07842583467201043,0.08748034471303867,0.16911822366327464,0.8413300074153075,0.8413300074153075,5495.876381937408,36.65547202065615,0.21314741035856574,0.0313673710934283,0.0,0.0,obsx_noise,payload,"nmpc+learned[model=gdn_mix2,filt=1,gate=1,ffu=1,qyaw=1,obs=1,aci=1,obsm=0.01]",2,5.826495885848999,0,0.6403247011952191,7.506375330912165,17.481786457356066,0.0508130081300813,492
0.14588298403935332,0.16296256972196424,0.3614038048258676,0.9791403528065438,0.9791403528065438,6177.808284688085,33.347148686819935,0.48406374501992033,0.0274606159840306,0.0,0.0,obsx_noise,payload,"nmpc+learned[model=gdn_mix2,filt=1,gate=1,ffu=1,qyaw=1,obs=1,aci=1,obsm=0.01]",3,4.436974763870239,0,0.46188247011952194,5.635776583465239,16.702000610530376,0.0508130081300813,492
0.07627431632559444,0.085127406455312,0.15570384714672078,0.7509192701068531,0.7509192701068531,5181.836864221956,19.013573214082943,0.26095617529880477,0.033395545075708355,0.0,0.0,obsx_noise,payload,"nmpc+learned[model=gdn_mix2,filt=1,gate=1,ffu=1,qyaw=1,obs=1,aci=1,obsm=0.01]",4,9.945229053497314,0,1.234816733067729,12.92509212023189,23.035955145023763,0.0508130081300813,492
0.08160178318856412,0.09112884015850126,0.14189236211606776,0.6605688189706983,0.6605688189706983,5580.200329956254,14.881172571233352,0.28087649402390436,0.03300554757946436,0.0,0.0,obsx_noise,payload,"nmpc+learned[model=gdn_mix2,filt=1,gate=1,ffu=1,qyaw=1,obs=1,aci=1,obsm=0.01]",5,7.374921083450317,0,0.8050737051792829,9.548682738021313,22.884811896365136,0.0508130081300813,492
0.12721179471221336,0.1418534935566206,0.28106165074008843,1.0553520294971332,1.0553520294971332,6260.807847178229,33.19859720721739,0.4721115537848606,0.027139287142676605,0.0,0.0,obsx_noise,payload,"nmpc+learned[model=gdn_mix2,filt=1,gate=1,ffu=1,qyaw=1,obs=1,aci=1,obsm=0.01]",6,5.60606837272644,0,0.6091593625498007,7.178239871291407,19.709984774235636,0.04878048780487805,492
0.08307275268283351,0.09281372589627235,0.1801000776333716,0.9421023147245222,0.9421023147245222,5676.924034521986,50.88962857167565,0.2250996015936255,0.02270571161473245,0.0,0.0,obsx_noise,payload,"nmpc+learned[model=gdn_mix2,filt=1,gate=1,ffu=1,qyaw=1,obs=1,aci=1,obsm=0.01]",7,9.32773208618164,0,1.0700697211155379,12.173958761391203,23.324318241793666,0.0508130081300813,492
0.08445980154372372,0.09432491720552331,0.15309365694954152,0.9884049436699507,0.9884049436699507,4622.533060637295,32.7470963733458,0.350597609561753,0.03555942046594199,0.0,0.0,obsx_noise,payload,"nmpc+learned[model=gdn_mix2,filt=1,gate=1,ffu=1,qyaw=1,obs=1,aci=1,obsm=0.01]",8,6.988253355026245,0,0.7088804780876494,9.042606199720495,22.440857375040654,0.0508130081300813,492
0.06442364638501477,0.07186894773919779,0.11589746357778716,0.47718012811708643,0.47718012811708643,4484.325576411952,11.821631264533352,0.11952191235059761,0.027883740860039363,0.0,0.0,obsx_noise,payload,"nmpc+learned[model=gdn_mix2,filt=1,gate=1,ffu=1,qyaw=1,obs=1,aci=1,obsm=0.01]",9,4.8382744789123535,0,0.45685458167330684,6.111907679494841,16.535391754005104,0.0508130081300813,492
0.05926840627576732,0.06600296398333218,0.09971556815158113,0.46608457516000984,0.46608457516000984,5399.46026710959,12.121882684348266,0.0,0.028367765721461713,0.0,0.0,obsx_noise,payload,"nmpc+learned[model=gdn_mix2,filt=1,gate=1,ffu=1,qyaw=1,obs=1,aci=1,obsm=0.01]",10,9.845553874969482,0,1.2273446215139443,12.804907494302526,22.976125474087894,0.052845528455284556,492
0.07548247133898148,0.08421916476992929,0.14368202565626842,0.340615042474618,0.340615042474618,5468.218696857499,16.90038097096264,0.2350597609561753,0.034188898742045226,0.0,0.0,obsx_noise,payload,"nmpc+learned[model=gdn_mix2,filt=1,gate=1,ffu=1,qyaw=1,obs=1,aci=1,obsm=0.01]",11,7.544907093048096,0,0.8170338645418328,9.667621482538424,23.026738336775452,0.0508130081300813,492
0.08138046790078429,0.09077620022979016,0.14501344935151897,0.5914596371125889,0.5914596371125889,5039.720597593115,15.772027289856048,0.2749003984063745,0.028024027724321443,0.0,0.0,obsx_noise,payload,"nmpc+learned[model=gdn_mix2,filt=1,gate=1,ffu=1,qyaw=1,obs=1,aci=1,obsm=0.01]",12,8.181611061096191,0,0.8989382470119521,10.43843933561097,21.88129515619949,0.0508130081300813,492
0.09804588310223668,0.10954361799556803,0.15661778432640344,0.8371041004799524,0.8371041004799524,6542.3549835296,25.46712103160102,0.5139442231075697,0.029138780640656003,0.0,0.0,obsx_noise,payload,"nmpc+learned[model=gdn_mix2,filt=1,gate=1,ffu=1,qyaw=1,obs=1,aci=1,obsm=0.01]",13,11.000354051589966,0,1.601199203187251,14.459694676338676,22.986767804250125,0.04878048780487805,492
0.08058003688114884,0.08999189516902359,0.13170977313201515,0.3251818396899404,0.3251818396899404,4916.800817475106,12.060484323222731,0.2968127490039841,0.03197921514927804,0.0,0.0,obsx_noise,payload,"nmpc+learned[model=gdn_mix2,filt=1,gate=1,ffu=1,qyaw=1,obs=1,aci=1,obsm=0.01]",14,7.058146715164185,0,0.7351354581673306,8.961872710657131,22.28834090754391,0.0508130081300813,492
0.12033568138873477,0.134367880812276,0.2308203145228306,0.5783784502240893,0.5783784502240892,4978.79407852186,16.14383514883215,0.549800796812749,0.028933787857799542,0.0,0.0,obsx_noise,payload,"nmpc+learned[model=gdn_mix2,filt=1,gate=1,ffu=1,qyaw=1,obs=1,aci=1,obsm=0.01]",15,4.1208884716033936,0,0.4101115537848606,5.253822711088595,13.4060561284423,0.0508130081300813,492
0.052717359115519564,0.0587649861563627,0.13145705957548265,0.48524250227322635,0.48524250227322635,5279.481715965477,31.50173260194894,0.07370517928286853,0.029104971650072586,0.0,0.0,obsx_noise,payload,"nmpc+learned[model=gdn_mix2,filt=1,gate=1,ffu=1,qyaw=1,obs=1,aci=1,obsm=0.01]",16,11.242486953735352,0,1.2931195219123508,14.47876425510072,23.010299438610673,0.0508130081300813,492
0.040100965379372674,0.044724562988546934,0.09401844205648799,0.41307800902695213,0.41307800902695213,4913.583133137652,16.80903728016512,0.0,0.030689387404530977,0.0,0.0,obsx_noise,payload,"nmpc+learned[model=gdn_mix2,filt=1,gate=1,ffu=1,qyaw=1,obs=1,aci=1,obsm=0.01]",17,9.17105484008789,0,1.0788306772908367,11.783313404572052,22.969266679137945,0.0508130081300813,492
0.0788417392660853,0.08802108359690805,0.13706377297678962,0.6973662024604697,0.6973662024604695,5000.285401785184,34.348084804822854,0.2689243027888446,0.03524079629213922,0.0,0.0,obsx_noise,payload,"nmpc+learned[model=gdn_mix2,filt=1,gate=1,ffu=1,qyaw=1,obs=1,aci=1,obsm=0.01]",18,6.221792936325073,0,0.6610537848605579,7.96502558152707,22.612475447822362,0.04878048780487805,492
0.10743215833651874,0.11990631616943435,0.18175717721460635,0.7241430745979193,0.7241430745979192,5860.2444750392015,21.324869600876884,0.5039840637450199,0.027057827859950895,0.0,0.0,obsx_noise,payload,"nmpc+learned[model=gdn_mix2,filt=1,gate=1,ffu=1,qyaw=1,obs=1,aci=1,obsm=0.01]",19,9.627225399017334,0,1.1273306772908367,12.630690436483736,22.818192716222256,0.0508130081300813,492
0.10897375371779758,0.12172474219606665,0.24852452927446822,0.8840283414126437,0.8840283414126437,5731.4000076799375,21.31035182238521,0.32669322709163345,0.030714807848771453,0.0,0.0,obsx_noise,rotoreff,"nmpc+learned[model=gdn_mix2,filt=1,gate=1,ffu=1,qyaw=1,obs=1,aci=1,obsm=0.01]",0,3.8269169330596924,0,0.48456972111553787,4.932354350919386,11.25415949849412,0.052845528455284556,492
0.05791673243382603,0.06456092969128116,0.13694147871735787,0.5184881525118803,0.5184881525118804,5984.653305582423,35.89114232282676,0.10159362549800798,0.029140078167907535,0.0,0.0,obsx_noise,rotoreff,"nmpc+learned[model=gdn_mix2,filt=1,gate=1,ffu=1,qyaw=1,obs=1,aci=1,obsm=0.01]",1,9.400018692016602,0,1.1094322709163345,12.18599000198032,22.7788298134692,0.0508130081300813,492
0.0787802906900347,0.08782556619375986,0.16524061496967804,1.107549364114871,1.107549364114871,5628.544257605814,37.1906851070491,0.21912350597609562,0.030728096215354883,0.0,0.0,obsx_noise,rotoreff,"nmpc+learned[model=gdn_mix2,filt=1,gate=1,ffu=1,qyaw=1,obs=1,aci=1,obsm=0.01]",2,8.61095666885376,0,0.9280019920318725,11.141586497767394,22.908447203226388,0.0508130081300813,492
0.1436970936490146,0.1605133039229226,0.3600415745495471,0.9010932809845701,0.9010932809845701,7015.778252841362,31.13958539855376,0.46613545816733065,0.02632490950613464,0.0,0.0,obsx_noise,rotoreff,"nmpc+learned[model=gdn_mix2,filt=1,gate=1,ffu=1,qyaw=1,obs=1,aci=1,obsm=0.01]",3,10.369992971420288,0,1.059450199203187,13.569517410824083,22.91884174803272,0.04878048780487805,492
0.07604986786014865,0.08489663610244103,0.1466414797946633,0.7069629258863369,0.7069629258863369,6411.874144444366,19.420049961681165,0.2649402390438247,0.029127584701045595,0.0,0.0,obsx_noise,rotoreff,"nmpc+learned[model=gdn_mix2,filt=1,gate=1,ffu=1,qyaw=1,obs=1,aci=1,obsm=0.01]",4,7.508520603179932,0,0.7429521912350596,9.593867208433904,22.733939371537417,0.04878048780487805,492
0.08145936950815713,0.09095204181274384,0.14358183887840711,0.6019319948021287,0.6019319948021287,5434.61097612208,14.640507681524772,0.2788844621513944,0.03343006058845757,0.0,0.0,obsx_noise,rotoreff,"nmpc+learned[model=gdn_mix2,filt=1,gate=1,ffu=1,qyaw=1,obs=1,aci=1,obsm=0.01]",5,7.196351528167725,0,0.771788844621514,9.170932899344251,16.884475061669946,0.0508130081300813,492
0.12675077850524447,0.14125876050999364,0.27946642503060415,1.1438449714367476,1.1438449714367476,5861.4370297654505,32.58645149553472,0.4800796812749004,0.024680673764831573,0.0,0.0,obsx_noise,rotoreff,"nmpc+learned[model=gdn_mix2,filt=1,gate=1,ffu=1,qyaw=1,obs=1,aci=1,obsm=0.01]",6,8.54818606376648,0,0.8783426294820716,11.140392585824507,18.84173151338473,0.0508130081300813,492
0.08420315018967443,0.09400095568452622,0.1930370361211688,0.7904727250071172,0.7904727250071171,5630.985207553633,50.47273323118601,0.2250996015936255,0.025394330260718634,0.0,0.0,obsx_noise,rotoreff,"nmpc+learned[model=gdn_mix2,filt=1,gate=1,ffu=1,qyaw=1,obs=1,aci=1,obsm=0.01]",7,8.10299038887024,0,0.8862310756972113,10.495240043614995,19.75417328299955,0.0508130081300813,492
0.08312355359815593,0.09281339787424417,0.14856098098947224,0.9588844392777569,0.9588844392777569,5237.867612902723,32.5509085615423,0.33266932270916333,0.03306195918402263,0.0,0.0,obsx_noise,rotoreff,"nmpc+learned[model=gdn_mix2,filt=1,gate=1,ffu=1,qyaw=1,obs=1,aci=1,obsm=0.01]",8,8.827260255813599,0,0.8767709163346614,11.415529582441684,22.46084277285263,0.0508130081300813,492
0.06450910413147737,0.07202824430848981,0.11465227797564759,0.7472183047846193,0.7472183047846193,4912.974230917921,10.89114390442246,0.11952191235059761,0.02774192340664533,0.0,0.0,obsx_noise,rotoreff,"nmpc+learned[model=gdn_mix2,filt=1,gate=1,ffu=1,qyaw=1,obs=1,aci=1,obsm=0.01]",9,8.328722476959229,0,0.8219203187250996,10.77580795135438,17.904199848417193,0.0508130081300813,492
0.058427428430583975,0.06495612695627213,0.09940103809396642,0.6160796199425992,0.6160796199425992,5163.213571377002,11.371836070251312,0.0,0.028961808326250282,0.0,0.0,obsx_noise,rotoreff,"nmpc+learned[model=gdn_mix2,filt=1,gate=1,ffu=1,qyaw=1,obs=1,aci=1,obsm=0.01]",10,7.001506090164185,0,0.7850836653386454,9.006345675668245,18.753028858918704,0.0508130081300813,492
0.07534804623159219,0.08402471618250566,0.14432122228690691,0.396598613274158,0.396598613274158,5577.900116992701,16.494568325637825,0.22709163346613545,0.034833167402677,0.0,0.0,obsx_noise,rotoreff,"nmpc+learned[model=gdn_mix2,filt=1,gate=1,ffu=1,qyaw=1,obs=1,aci=1,obsm=0.01]",11,8.109955787658691,0,0.9706254980079683,10.451933993323449,17.7426908002235,0.0508130081300813,492
0.07981735377029728,0.08908005730748296,0.13762589036765935,0.5403193178956086,0.5403193178956087,5790.127281318377,15.39302115098182,0.27091633466135456,0.028231313695497695,0.0,0.0,obsx_noise,rotoreff,"nmpc+learned[model=gdn_mix2,filt=1,gate=1,ffu=1,qyaw=1,obs=1,aci=1,obsm=0.01]",12,9.031872510910034,0,0.9043864541832669,11.63894822960163,17.697288577910513,0.04878048780487805,492
0.09697610127375669,0.10835075121634066,0.15636792711813927,0.9580319101297321,0.9580319101297321,6535.855496271211,25.46466842890305,0.5059760956175299,0.029550672798945243,0.0,0.0,obsx_noise,rotoreff,"nmpc+learned[model=gdn_mix2,filt=1,gate=1,ffu=1,qyaw=1,obs=1,aci=1,obsm=0.01]",13,7.089964151382446,0,0.7726872509960161,9.142946538634124,17.22221107454971,0.04878048780487805,492
0.07982346412571696,0.08908666700017523,0.130569697429847,0.31896446786181876,0.31896446786181876,4740.556380899191,14.24447698455166,0.28286852589641437,0.033482105449197164,0.0,0.0,obsx_noise,rotoreff,"nmpc+learned[model=gdn_mix2,filt=1,gate=1,ffu=1,qyaw=1,obs=1,aci=1,obsm=0.01]",14,6.908935070037842,0,0.7939621513944224,8.958604185381882,20.87911366717891,0.0508130081300813,492
0.1245573167800298,0.13907904572514976,0.23538773258090384,0.4725628256482772,0.4725628256482772,7415.449532261094,15.429904174600903,0.5577689243027888,0.02436257286936641,0.0,0.0,obsx_noise,rotoreff,"nmpc+learned[model=gdn_mix2,filt=1,gate=1,ffu=1,qyaw=1,obs=1,aci=1,obsm=0.01]",15,8.489540815353394,0,0.9145617529880479,10.849534337264133,19.935043619479988,0.0508130081300813,492
0.05238192055354103,0.05830915813051046,0.13114042865964412,1.1240643307163174,1.1240643307163174,5670.747581588854,30.692205493483037,0.07370517928286853,0.028840018521928634,0.0,0.0,obsx_noise,rotoreff,"nmpc+learned[model=gdn_mix2,filt=1,gate=1,ffu=1,qyaw=1,obs=1,aci=1,obsm=0.01]",16,9.252251625061035,0,1.08805577689243,12.07833461263087,20.80726133892313,0.0508130081300813,492
0.04102088601059088,0.04577427891787464,0.08942285514161884,0.40454123823450344,0.40454123823450344,5529.444577036143,17.438967089792023,0.0,0.028554307825038705,0.0,0.0,obsx_noise,rotoreff,"nmpc+learned[model=gdn_mix2,filt=1,gate=1,ffu=1,qyaw=1,obs=1,aci=1,obsm=0.01]",17,10.167195320129395,0,1.1206294820717133,13.165854228812593,22.533054961822927,0.0508130081300813,492
0.07693878813024284,0.08588675112359849,0.12905580558868027,0.5647397861111688,0.5647397861111688,6247.247180949169,34.938558093489746,0.2350597609561753,0.030903640794234466,0.0,0.0,obsx_noise,rotoreff,"nmpc+learned[model=gdn_mix2,filt=1,gate=1,ffu=1,qyaw=1,obs=1,aci=1,obsm=0.01]",18,10.459258556365967,0,1.2731235059760955,13.693342331808015,22.91420447640121,0.04878048780487805,492
0.1121670092144654,0.125231916064123,0.19206195059816875,0.8145055197024172,0.8145055197024171,7165.9854975872395,22.743266311375336,0.5139442231075697,0.0279061413812986,0.0,0.0,obsx_noise,rotoreff,"nmpc+learned[model=gdn_mix2,filt=1,gate=1,ffu=1,qyaw=1,obs=1,aci=1,obsm=0.01]",19,8.330726861953735,0,0.8308446215139441,10.720546841083385,20.63154538162053,0.0508130081300813,492
0.10899982660363815,0.12175222502663138,0.25193681420219016,3.0393910110735747,3.0393910110735747,6401.8768802175955,21.465281378730616,0.3207171314741036,0.03128082866719539,0.0,0.0,obsx_noise,torque,"nmpc+learned[model=gdn_mix2,filt=1,gate=1,ffu=1,qyaw=1,obs=1,aci=1,obsm=0.01]",0,8.471587657928467,0,0.9091394422310758,11.000728885368611,22.753476614598185,0.052845528455284556,492
0.05872673434503031,0.06548283509788348,0.13733047342869573,1.0644582755428995,1.0644582755428995,6022.622775278577,34.87936224207472,0.10756972111553785,0.029205888754170517,0.0,0.0,obsx_noise,torque,"nmpc+learned[model=gdn_mix2,filt=1,gate=1,ffu=1,qyaw=1,obs=1,aci=1,obsm=0.01]",1,9.861782312393188,0,1.027836653386454,12.582529512924175,23.481347225606445,0.0508130081300813,492
0.07765535362019652,0.08665445698371692,0.15911203132354826,1.1851347184226446,1.1851347184226446,6207.127042286452,38.43801614794261,0.21713147410358566,0.030586840078296207,0.0,0.0,obsx_noise,torque,"nmpc+learned[model=gdn_mix2,filt=1,gate=1,ffu=1,qyaw=1,obs=1,aci=1,obsm=0.01]",2,9.257004737854004,0,1.0245398406374502,11.860213501738809,22.736820282880217,0.0508130081300813,492
0.14489694503027262,0.16186029564516496,0.36143078159122743,1.9169319559573088,1.9169319559573088,7589.999146132464,28.665699717579308,0.4940239043824701,0.026238554264862046,0.0,0.0,obsx_noise,torque,"nmpc+learned[model=gdn_mix2,filt=1,gate=1,ffu=1,qyaw=1,obs=1,aci=1,obsm=0.01]",3,8.257254362106323,0,0.9146454183266931,10.791215278482829,23.280293189454827,0.04878048780487805,492
0.0760212403607216,0.08486395927745498,0.15620999095351082,0.7566888808322504,0.7566888808322504,5579.835545235161,18.65216007531123,0.26294820717131473,0.03137717115873018,0.0,0.0,obsx_noise,torque,"nmpc+learned[model=gdn_mix2,filt=1,gate=1,ffu=1,qyaw=1,obs=1,aci=1,obsm=0.01]",4,10.199697494506836,0,1.1350139442231075,13.251405607248504,23.03990333341062,0.0508130081300813,492
0.08145232779830952,0.09098718699508059,0.1432939379982776,1.3665104974394962,1.3665104974394962,6542.218853424613,14.90908502744937,0.28884462151394424,0.03309241618703465,0.0,0.0,obsx_noise,torque,"nmpc+learned[model=gdn_mix2,filt=1,gate=1,ffu=1,qyaw=1,obs=1,aci=1,obsm=0.01]",5,9.417669296264648,0,1.1377191235059763,12.282129410056923,21.079949527047578,0.0508130081300813,492
0.1297650441696372,0.14471266366559815,0.2866366692932791,1.2559005519014006,1.2559005519014006,6937.424456582838,33.34766383108347,0.4800796812749004,0.027355726572027117,0.0,0.0,obsx_noise,torque,"nmpc+learned[model=gdn_mix2,filt=1,gate=1,ffu=1,qyaw=1,obs=1,aci=1,obsm=0.01]",6,10.538747310638428,0,1.099300796812749,13.71782548137499,22.830978219863027,0.04878048780487805,492
0.0827414416801019,0.09244343552381482,0.1800367073307323,4.942266972199981,4.942266972199981,6678.81004402605,49.00985804598366,0.2250996015936255,0.02323120101342563,0.0,0.0,obsx_noise,torque,"nmpc+learned[model=gdn_mix2,filt=1,gate=1,ffu=1,qyaw=1,obs=1,aci=1,obsm=0.01]",7,9.656086206436157,0,1.1455517928286851,12.464372353049448,23.035904951393604,0.0508130081300813,492
0.08330696463112927,0.09303800269900336,0.14862520747190755,0.9391321094634069,0.9391321094634069,5396.651064794029,32.57761322290301,0.33067729083665337,0.03213189419973983,0.0,0.0,obsx_noise,torque,"nmpc+learned[model=gdn_mix2,filt=1,gate=1,ffu=1,qyaw=1,obs=1,aci=1,obsm=0.01]",8,9.508750200271606,0,1.1109960159362549,12.402061697195814,20.28592051006854,0.0508130081300813,492
0.06436549595408142,0.07180402606921556,0.1151215302537553,0.5991887549695619,0.5991887549695619,4569.008584159495,11.36171291006418,0.11952191235059761,0.027696981605144666,0.0,0.0,obsx_noise,torque,"nmpc+learned[model=gdn_mix2,filt=1,gate=1,ffu=1,qyaw=1,obs=1,aci=1,obsm=0.01]",9,4.060226917266846,0,0.4272709163346614,5.176356716259602,10.90345231583342,0.0508130081300813,492
0.05866630998718174,0.0653277850869346,0.10018789425774353,0.3485608871685469,0.34856088716854683,5866.861646396001,12.205464921511208,0.00796812749003984,0.030292872552764832,0.0,0.0,obsx_noise,torque,"nmpc+learned[model=gdn_mix2,filt=1,gate=1,ffu=1,qyaw=1,obs=1,aci=1,obsm=0.01]",10,8.97879934310913,0,1.0550597609561754,11.563133233620144,20.316422304604206,0.0508130081300813,492
0.07578445010542295,0.0845571413146099,0.14368202565626842,0.5037373855967339,0.5037373855967339,5681.854093107339,16.90038097096264,0.2350597609561753,0.03406699145324543,0.0,0.0,obsx_noise,torque,"nmpc+learned[model=gdn_mix2,filt=1,gate=1,ffu=1,qyaw=1,obs=1,aci=1,obsm=0.01]",11,11.106715440750122,0,1.2101354581673307,14.477945763554677,22.894344297237694,0.0508130081300813,492
0.08034415031146475,0.08962081445569782,0.13842626682180778,0.5656569456074466,0.5656569456074466,5563.9675654061175,14.882911587995755,0.2729083665338645,0.0283604970311101,0.0,0.0,obsx_noise,torque,"nmpc+learned[model=gdn_mix2,filt=1,gate=1,ffu=1,qyaw=1,obs=1,aci=1,obsm=0.01]",12,4.230966091156006,0,0.4003725099601593,5.355639282087108,16.416507619433105,0.04878048780487805,492
0.09638593915025634,0.10768831533442297,0.15699913410211497,0.9073932805355889,0.9073932805355889,7339.508077598749,25.443677968946876,0.4960159362549801,0.029148508618717428,0.0,0.0,obsx_noise,torque,"nmpc+learned[model=gdn_mix2,filt=1,gate=1,ffu=1,qyaw=1,obs=1,aci=1,obsm=0.01]",13,7.591883659362793,0,0.7914561752988049,9.649450088335401,16.977022534701977,0.04878048780487805,492
0.08047491535591324,0.08987435299333026,0.13087918676710242,0.3858358621717384,0.3858358621717384,5352.642359205221,12.286010624319701,0.29282868525896416,0.03205637207311074,0.0,0.0,obsx_noise,torque,"nmpc+learned[model=gdn_mix2,filt=1,gate=1,ffu=1,qyaw=1,obs=1,aci=1,obsm=0.01]",14,9.903504371643066,0,1.203719123505976,12.960507994539947,22.55362424533816,0.0508130081300813,492
0.12383084282693035,0.13827903596773228,0.23481610005642609,0.762535717840685,0.7625357178406849,6776.770828258293,16.074842836451474,0.5637450199203188,0.02783937493693095,0.0,0.0,obsx_noise,torque,"nmpc+learned[model=gdn_mix2,filt=1,gate=1,ffu=1,qyaw=1,obs=1,aci=1,obsm=0.01]",15,8.58195185661316,0,0.8744223107569722,11.196401031906772,22.927326841745526,0.0508130081300813,492
0.05361750056047833,0.059773322356121664,0.13270887224707786,0.8575246586397776,0.8575246586397776,6347.161603155776,30.588590861701856,0.07768924302788845,0.0289322869615688,0.0,0.0,obsx_noise,torque,"nmpc+learned[model=gdn_mix2,filt=1,gate=1,ffu=1,qyaw=1,obs=1,aci=1,obsm=0.01]",16,10.855505228042603,0,1.1904760956175302,14.05634007934273,22.965307668782774,0.0508130081300813,492
0.040917757702951765,0.04563703982077909,0.08977497682178104,0.5919349236087107,0.5919349236087107,5632.909999624879,17.6087374563852,0.0,0.030233047752966202,0.0,0.0,obsx_noise,torque,"nmpc+learned[model=gdn_mix2,filt=1,gate=1,ffu=1,qyaw=1,obs=1,aci=1,obsm=0.01]",17,8.85161805152893,0,0.8627649402390438,11.351411448850989,22.64341883827001,0.0508130081300813,492
0.07710241816175607,0.0860902307567481,0.129564485425664,0.6919290109784747,0.6919290109784747,6689.971836231187,33.629531698416834,0.22709163346613545,0.03039979268445059,0.0,0.0,obsx_noise,torque,"nmpc+learned[model=gdn_mix2,filt=1,gate=1,ffu=1,qyaw=1,obs=1,aci=1,obsm=0.01]",18,3.735992670059204,0,0.39244422310756966,4.725359604263537,12.6489476999268,0.04878048780487805,492
0.11094025053107667,0.12383117544497774,0.18906604604504662,0.7527556602064338,0.7527556602064338,6611.5973304878,21.270334390826854,0.5079681274900398,0.026030429082537554,0.0,0.0,obsx_noise,torque,"nmpc+learned[model=gdn_mix2,filt=1,gate=1,ffu=1,qyaw=1,obs=1,aci=1,obsm=0.01]",19,11.124988079071045,0,1.1919123505976097,14.376581935917,24.333451879210777,0.0508130081300813,492
0.10902665983971276,0.1217868142196165,0.24785348786141478,0.8294361161266712,0.8294361161266712,6194.373488947191,21.647657427887076,0.31673306772908366,0.030462048393984364,0.0,0.0,obsx_noise,uncertainty,"nmpc+learned[model=gdn_mix2,filt=1,gate=1,ffu=1,qyaw=1,obs=1,aci=1,obsm=0.01]",0,3.6982429027557373,0,0.3663824701195219,4.66687447925755,11.070852275006475,0.052845528455284556,492
0.05669616681486035,0.0632676599922935,0.13301378660280422,0.5321219667730083,0.5321219667730083,6972.786264620089,37.77825219165513,0.09561752988047809,0.02873783697390503,0.0,0.0,obsx_noise,uncertainty,"nmpc+learned[model=gdn_mix2,filt=1,gate=1,ffu=1,qyaw=1,obs=1,aci=1,obsm=0.01]",1,10.628674268722534,0,0.9667470119521913,13.84529121965912,23.036638575140387,0.0508130081300813,492
0.07680329117236241,0.08572327842092001,0.1539399040720149,1.0026883974448952,1.0026883974448952,5773.865309296046,36.61513412733364,0.21713147410358566,0.02944847264873962,0.0,0.0,obsx_noise,uncertainty,"nmpc+learned[model=gdn_mix2,filt=1,gate=1,ffu=1,qyaw=1,obs=1,aci=1,obsm=0.01]",2,9.779615879058838,0,1.0216932270916335,12.627081548056726,22.467529061250413,0.0508130081300813,492
0.1468288419557335,0.16391090323336716,0.35893299695412784,0.9427196311248871,0.9427196311248871,8411.823071893577,29.3780908843021,0.49800796812749004,0.025376287315733936,0.0,0.0,obsx_noise,uncertainty,"nmpc+learned[model=gdn_mix2,filt=1,gate=1,ffu=1,qyaw=1,obs=1,aci=1,obsm=0.01]",3,3.207007646560669,0,0.3390597609561753,4.067730156712204,9.873044989071786,0.04878048780487805,492
0.07596548026509883,0.08473365465516317,0.15771101896301526,0.6577975747837794,0.6577975747837794,5198.7692296752075,18.606562925488376,0.2549800796812749,0.0320725454594083,0.0,0.0,obsx_noise,uncertainty,"nmpc+learned[model=gdn_mix2,filt=1,gate=1,ffu=1,qyaw=1,obs=1,aci=1,obsm=0.01]",4,8.505514144897461,0,0.7945557768924302,10.813174855086464,22.704402613453567,0.0508130081300813,492
0.08153033295004171,0.09107237729655722,0.14230464907043094,0.5995150802158709,0.5995150802158709,5437.6286630025415,15.353669694485776,0.29880478087649404,0.028805666601685348,0.0,0.0,obsx_noise,uncertainty,"nmpc+learned[model=gdn_mix2,filt=1,gate=1,ffu=1,qyaw=1,obs=1,aci=1,obsm=0.01]",5,7.077075958251953,0,0.8000717131474103,9.133071768045633,22.19919027294964,0.0508130081300813,492
0.13186641492704732,0.1469848696554743,0.28626608159684597,1.2289535366695832,1.2289535366695832,7406.970308476123,35.8413922097786,0.47410358565737054,0.025980875595903175,0.0,0.0,obsx_noise,uncertainty,"nmpc+learned[model=gdn_mix2,filt=1,gate=1,ffu=1,qyaw=1,obs=1,aci=1,obsm=0.01]",6,8.399071216583252,0,0.893988047808765,10.909432323141194,21.847257951740175,0.04878048780487805,492
0.08414762760742835,0.0940143770987594,0.18487520304065272,1.752561913828977,1.752561913828977,5494.214407437529,55.835100822283835,0.21912350597609562,0.026500678538924627,0.0,0.0,obsx_noise,uncertainty,"nmpc+learned[model=gdn_mix2,filt=1,gate=1,ffu=1,qyaw=1,obs=1,aci=1,obsm=0.01]",7,3.3446195125579834,0,0.33156573705179276,4.2660735650507515,10.32981224358082,0.0508130081300813,492
0.08122552449563307,0.09066917610460516,0.14020522899392904,0.7369450600304992,0.7369450600304992,6600.965621700653,30.507282771489326,0.2788844621513944,0.02688598642064141,0.0,0.0,obsx_noise,uncertainty,"nmpc+learned[model=gdn_mix2,filt=1,gate=1,ffu=1,qyaw=1,obs=1,aci=1,obsm=0.01]",8,5.620157241821289,0,0.569804780876494,7.299274715884362,16.613277776632458,0.0508130081300813,492
0.06503952721568537,0.07265270775905917,0.11423657174012855,0.47461570562624245,0.47461570562624245,5438.35387308883,11.101030929035096,0.11752988047808766,0.02806606367297515,0.0,0.0,obsx_noise,uncertainty,"nmpc+learned[model=gdn_mix2,filt=1,gate=1,ffu=1,qyaw=1,obs=1,aci=1,obsm=0.01]",9,8.595266342163086,0,0.9720338645418326,11.208596950085218,17.8354660468176,0.0508130081300813,492
0.059246074540026075,0.06595761651220822,0.10366854013804906,0.458435588885298,0.4584355888852979,5196.498372162132,13.656644036364021,0.03187250996015936,0.028556146653906378,0.0,0.0,obsx_noise,uncertainty,"nmpc+learned[model=gdn_mix2,filt=1,gate=1,ffu=1,qyaw=1,obs=1,aci=1,obsm=0.01]",10,4.170459508895874,0,0.4392470119521912,5.252299945805207,12.966407265048478,0.0508130081300813,492
0.07407381034761368,0.08256849160297479,0.14467774027156327,0.3697043968707424,0.3697043968707424,5928.209392445084,16.356379374789295,0.22111553784860558,0.03503208198545177,0.0,0.0,obsx_noise,uncertainty,"nmpc+learned[model=gdn_mix2,filt=1,gate=1,ffu=1,qyaw=1,obs=1,aci=1,obsm=0.01]",11,8.54881238937378,0,0.8906274900398407,11.000839459516879,17.584371229168035,0.0508130081300813,492
0.0810519284311633,0.09023888628233293,0.14030032806082357,0.6026805095447185,0.6026805095447185,4481.463001276614,14.98612221150758,0.27689243027888444,0.028963088462337916,0.0,0.0,obsx_noise,uncertainty,"nmpc+learned[model=gdn_mix2,filt=1,gate=1,ffu=1,qyaw=1,obs=1,aci=1,obsm=0.01]",12,8.833942174911499,0,0.9906155378486056,11.494456346061423,18.845263055991385,0.04878048780487805,492
0.09843756495403051,0.10997814193616762,0.16100242978035878,0.8702355828725675,0.8702355828725675,7546.413633525296,25.754947198307047,0.5179282868525896,0.028341016733715196,0.0,0.0,obsx_noise,uncertainty,"nmpc+learned[model=gdn_mix2,filt=1,gate=1,ffu=1,qyaw=1,obs=1,aci=1,obsm=0.01]",13,7.867125034332275,0,0.9394163346613545,10.047467112396491,16.967782354913652,0.04878048780487805,492
0.07990533928685964,0.08922474218888525,0.1309048063987623,0.37782210861206167,0.37782210861206167,4821.707308173883,13.022255991630843,0.2848605577689243,0.03220568917731753,0.0,0.0,obsx_noise,uncertainty,"nmpc+learned[model=gdn_mix2,filt=1,gate=1,ffu=1,qyaw=1,obs=1,aci=1,obsm=0.01]",14,6.130282402038574,0,0.5796852589641434,7.864273097588722,16.419256925582886,0.0508130081300813,492
0.12449643511881632,0.139018083474084,0.23459086538865495,0.4340373180642684,0.4340373180642684,7643.545266791001,14.953071083099413,0.5597609561752988,0.02477116195760684,0.0,0.0,obsx_noise,uncertainty,"nmpc+learned[model=gdn_mix2,filt=1,gate=1,ffu=1,qyaw=1,obs=1,aci=1,obsm=0.01]",15,8.514180660247803,0,0.9001872509960159,10.865004763352236,18.842954663559794,0.0508130081300813,492
0.05521188658680173,0.06152538886922838,0.14239279165606705,0.5853629387698743,0.5853629387698743,5137.207531549466,30.86893641685173,0.08964143426294821,0.030098625214735497,0.0,0.0,obsx_noise,uncertainty,"nmpc+learned[model=gdn_mix2,filt=1,gate=1,ffu=1,qyaw=1,obs=1,aci=1,obsm=0.01]",16,9.159448623657227,0,0.9287470119521912,11.90094821724625,19.597288642544306,0.0508130081300813,492
0.040744769961450614,0.04541077453863604,0.09011388787203609,0.41905075959062554,0.4190507595906256,5099.257257550211,17.48781757356077,0.0,0.02985282641485998,0.0,0.0,obsx_noise,uncertainty,"nmpc+learned[model=gdn_mix2,filt=1,gate=1,ffu=1,qyaw=1,obs=1,aci=1,obsm=0.01]",17,6.240174293518066,0,0.6942549800796814,8.011449736902915,19.341949319932613,0.0508130081300813,492
0.07677443270326091,0.08569527954728828,0.12923130133865748,0.4545860060019469,0.4545860060019469,6475.821569690637,32.97501168345762,0.2290836653386454,0.03160713255170544,0.0,0.0,obsx_noise,uncertainty,"nmpc+learned[model=gdn_mix2,filt=1,gate=1,ffu=1,qyaw=1,obs=1,aci=1,obsm=0.01]",18,8.973750352859497,0,0.8881294820717133,11.579300749089674,18.85577946668491,0.04878048780487805,492
0.11326729780006475,0.12647091559557044,0.19123626512979097,0.6780654319091106,0.6780654319091106,6983.445071654369,21.872122394405853,0.5159362549800797,0.025066006992185308,0.0,0.0,obsx_noise,uncertainty,"nmpc+learned[model=gdn_mix2,filt=1,gate=1,ffu=1,qyaw=1,obs=1,aci=1,obsm=0.01]",19,6.142490386962891,0,0.5813884462151394,7.825571401749712,16.649251263588667,0.0508130081300813,492
0.10877395684908181,0.12146518054416672,0.24838929116173983,0.8821181263197979,0.8821181263197978,5437.0595960614755,22.607321363193122,0.31673306772908366,0.03168525910403397,0.0,0.0,obsx_noise,wind,"nmpc+learned[model=gdn_mix2,filt=1,gate=1,ffu=1,qyaw=1,obs=1,aci=1,obsm=0.01]",0,9.52186369895935,0,0.9987211155378486,12.321482945894044,16.899020159617066,0.052845528455284556,492
0.05960759364706154,0.0664329817935673,0.13716143202668657,0.47014386332924396,0.47014386332924396,5821.010539152451,38.01042123201096,0.10756972111553785,0.028657837706486222,0.0,0.0,obsx_noise,wind,"nmpc+learned[model=gdn_mix2,filt=1,gate=1,ffu=1,qyaw=1,obs=1,aci=1,obsm=0.01]",1,3.9051270484924316,0,0.3816414342629482,4.981306836053551,16.575097457971424,0.0508130081300813,492
0.07779855197533321,0.08678366791166693,0.16213431001832326,1.1824546548156696,1.1824546548156696,5999.4342541885535,37.67139881006115,0.21314741035856574,0.03140578043761616,0.0,0.0,obsx_noise,wind,"nmpc+learned[model=gdn_mix2,filt=1,gate=1,ffu=1,qyaw=1,obs=1,aci=1,obsm=0.01]",2,5.476390600204468,0,0.5996474103585658,6.900151780587565,16.50389122311026,0.0508130081300813,492
0.14399020904228774,0.16082303122067784,0.36060161835473786,1.0559353122798827,1.0559353122798827,7446.512019244269,29.478292756766848,0.4820717131474104,0.025687328268268306,0.0,0.0,obsx_noise,wind,"nmpc+learned[model=gdn_mix2,filt=1,gate=1,ffu=1,qyaw=1,obs=1,aci=1,obsm=0.01]",3,4.969920635223389,0,0.4654860557768924,6.603066584993288,16.279084188863635,0.04878048780487805,492
0.07558802968681629,0.08425291764024231,0.15479758215557538,0.6515559724512526,0.6515559724512526,5246.657735546092,16.76087452929711,0.25298804780876494,0.03165273025399323,0.0,0.0,obsx_noise,wind,"nmpc+learned[model=gdn_mix2,filt=1,gate=1,ffu=1,qyaw=1,obs=1,aci=1,obsm=0.01]",4,10.986119508743286,0,1.1300219123505975,14.460421636685789,22.471563254948705,0.0508130081300813,492
0.08197285159614345,0.09146633952929303,0.14406737696841798,0.5561387867496249,0.5561387867496249,5329.419965512284,14.917457251484874,0.27091633466135456,0.03282688140845455,0.0,0.0,obsx_noise,wind,"nmpc+learned[model=gdn_mix2,filt=1,gate=1,ffu=1,qyaw=1,obs=1,aci=1,obsm=0.01]",5,8.299476623535156,0,0.8770717131474104,10.700176094298758,18.08169000549242,0.0508130081300813,492
0.12894833340129636,0.1437395379316454,0.2830012840605915,1.0803658014609983,1.0803658014609983,5846.273128666853,31.764095952518932,0.47410358565737054,0.027527136402066166,0.0,0.0,obsx_noise,wind,"nmpc+learned[model=gdn_mix2,filt=1,gate=1,ffu=1,qyaw=1,obs=1,aci=1,obsm=0.01]",6,7.342357873916626,0,0.7552689243027888,9.415823709779971,17.466599671170115,0.04878048780487805,492
0.08329874616147631,0.09270492334511937,0.18156999794221865,1.1895972412826674,1.1895972412826674,6170.607300543531,49.76462323975569,0.2151394422310757,0.02301342337505624,0.0,0.0,obsx_noise,wind,"nmpc+learned[model=gdn_mix2,filt=1,gate=1,ffu=1,qyaw=1,obs=1,aci=1,obsm=0.01]",7,6.808738946914673,0,0.6136573705179282,8.892736040552952,20.659404865000404,0.0508130081300813,492
0.08244475132275932,0.09188183323310727,0.1400795158411612,0.7021196542474358,0.7021196542474358,5688.317501693172,29.693003547223455,0.33067729083665337,0.027854076705875724,0.0,0.0,obsx_noise,wind,"nmpc+learned[model=gdn_mix2,filt=1,gate=1,ffu=1,qyaw=1,obs=1,aci=1,obsm=0.01]",8,4.099020004272461,0,0.43542828685258966,5.219899604479185,16.17380477720872,0.0508130081300813,492
0.06516165541485693,0.07251812588603518,0.11487215958100519,0.4967480358345518,0.4967480358345518,4437.672265033761,11.584033178774641,0.12151394422310757,0.02856742327980427,0.0,0.0,obsx_noise,wind,"nmpc+learned[model=gdn_mix2,filt=1,gate=1,ffu=1,qyaw=1,obs=1,aci=1,obsm=0.01]",9,8.466115713119507,0,0.9233944223107569,10.934416796971275,18.512935549952104,0.0508130081300813,492
0.05990200249819706,0.0667904194844338,0.10072908517400364,0.4787525412311075,0.4787525412311075,5176.587738983152,12.201528722623726,0.013944223107569721,0.028738444595459628,0.0,0.0,obsx_noise,wind,"nmpc+learned[model=gdn_mix2,filt=1,gate=1,ffu=1,qyaw=1,obs=1,aci=1,obsm=0.01]",10,4.991309642791748,0,0.48298406374501995,6.279310003754152,15.918068408500405,0.0508130081300813,492
0.07126071788753757,0.0791339090843532,0.1397063643920169,0.40681222993023775,0.4068122299302377,5548.17852652746,18.896516862198553,0.19123505976095617,0.03174381949553057,0.0,0.0,obsx_noise,wind,"nmpc+learned[model=gdn_mix2,filt=1,gate=1,ffu=1,qyaw=1,obs=1,aci=1,obsm=0.01]",11,7.043710470199585,0,0.6823266932270916,8.952117794976232,17.27913103764877,0.0508130081300813,492
0.07922280171026409,0.08818885770584231,0.13733813039076803,0.6687969863614692,0.6687969863614692,5832.105842394979,18.70734499289518,0.26693227091633465,0.028874805434630002,0.0,0.0,obsx_noise,wind,"nmpc+learned[model=gdn_mix2,filt=1,gate=1,ffu=1,qyaw=1,obs=1,aci=1,obsm=0.01]",12,5.123884916305542,0,0.4971155378486056,6.806796054407746,11.302093050908297,0.04878048780487805,492
0.10038412551725283,0.1117752681595363,0.15901126668553187,0.8711724636134077,0.8711724636134077,6717.325474072251,28.843677172667274,0.5258964143426295,0.028550787265198746,0.0,0.0,obsx_noise,wind,"nmpc+learned[model=gdn_mix2,filt=1,gate=1,ffu=1,qyaw=1,obs=1,aci=1,obsm=0.01]",13,4.218142509460449,0,0.44249402390438247,5.359609803811932,13.243763346690685,0.04878048780487805,492
0.07962992056986752,0.08860993663120774,0.12906141482614852,0.3441069259236925,0.3441069259236925,4810.691076280362,14.910509959622132,0.2788844621513944,0.0320491484588199,0.0,0.0,obsx_noise,wind,"nmpc+learned[model=gdn_mix2,filt=1,gate=1,ffu=1,qyaw=1,obs=1,aci=1,obsm=0.01]",14,7.078502655029297,0,0.7297669322709163,9.174748353541371,18.42486025765539,0.0508130081300813,492
0.12497566110838958,0.13957517235685488,0.23781097486022326,0.49136455656129124,0.49136455656129124,6103.804144718137,15.576542393825445,0.5557768924302788,0.029116951797722196,0.0,0.0,obsx_noise,wind,"nmpc+learned[model=gdn_mix2,filt=1,gate=1,ffu=1,qyaw=1,obs=1,aci=1,obsm=0.01]",15,9.357306241989136,0,1.16103984063745,12.226808415466095,19.611857428681127,0.0508130081300813,492
0.05882096270288327,0.06440673053474451,0.12937004848934353,0.375847791613728,0.375847791613728,5767.277562958829,32.19412314828864,0.07370517928286853,0.02791215617424364,0.0,0.0,obsx_noise,wind,"nmpc+learned[model=gdn_mix2,filt=1,gate=1,ffu=1,qyaw=1,obs=1,aci=1,obsm=0.01]",16,5.800259590148926,0,0.5747430278884463,7.399542604580492,16.48962700739503,0.0508130081300813,492
0.04271895491673217,0.0473490123141926,0.09024469812533475,0.46120326847636134,0.46120326847636134,5391.459101580535,16.80929179632394,0.0,0.028270697339332462,0.0,0.0,obsx_noise,wind,"nmpc+learned[model=gdn_mix2,filt=1,gate=1,ffu=1,qyaw=1,obs=1,aci=1,obsm=0.01]",17,10.265433549880981,0,0.8634362549800797,13.064198918080336,19.694426401983947,0.0508130081300813,492
0.0755581695365357,0.08427481993091278,0.12839808100020728,0.4806023393406307,0.4806023393406307,5859.069945757728,35.11047389186268,0.2151394422310757,0.030998549403555897,0.0,0.0,obsx_noise,wind,"nmpc+learned[model=gdn_mix2,filt=1,gate=1,ffu=1,qyaw=1,obs=1,aci=1,obsm=0.01]",18,3.473877429962158,0,0.36616533864541834,4.358038857701676,10.352759927045554,0.04878048780487805,492
0.11294748711574616,0.12559898005739484,0.19225249593172586,0.6140652006991372,0.6140652006991372,6232.953550041112,20.087086858113064,0.5219123505976095,0.027867130182732125,0.0,0.0,obsx_noise,wind,"nmpc+learned[model=gdn_mix2,filt=1,gate=1,ffu=1,qyaw=1,obs=1,aci=1,obsm=0.01]",19,8.417192220687866,0,0.9437948207171315,10.949715994209408,17.03771128784865,0.0508130081300813,492
0.11503903194251427,0.12838436202160106,0.24920353748065757,1.2506256236135345,1.2506256236135345,6518.183929422966,29.47221383213914,0.39641434262948205,0.024535502344873172,0.0,0.0,obsx_stress,force,"nmpc+learned[model=gdn_mix2,filt=1,gate=1,ffu=1,qyaw=1,obs=1,aci=1,obsm=0.01]",0,3.0694971084594727,0,0.3240318725099602,3.774386224433394,5.976869724690918,0.0508130081300813,492
0.06424006336942173,0.07165636639337108,0.13890099513339285,1.1019918060176266,1.1019918060176264,6929.458103184606,34.501177862893904,0.14741035856573706,0.02621611086552783,0.0,0.0,obsx_stress,force,"nmpc+learned[model=gdn_mix2,filt=1,gate=1,ffu=1,qyaw=1,obs=1,aci=1,obsm=0.01]",1,5.5183632373809814,0,0.6329561752988049,7.062297236486023,22.850986134726554,0.04878048780487805,492
0.09167478109658579,0.10241259641188817,0.21527987257169523,2.775524166684277,2.775524166684277,6477.198180487659,49.20965718841236,0.2689243027888446,0.036154122745446104,0.0,0.0,obsx_stress,force,"nmpc+learned[model=gdn_mix2,filt=1,gate=1,ffu=1,qyaw=1,obs=1,aci=1,obsm=0.01]",2,3.328179121017456,0,0.3375617529880478,4.173011127098712,10.41804225416854,0.0508130081300813,492
0.1536727104701841,0.17145050789562793,0.3765291345355832,1.589379231034703,1.589379231034703,7888.826751960061,34.895088602791425,0.5637450199203188,0.021342449292436005,0.0,0.0,obsx_stress,force,"nmpc+learned[model=gdn_mix2,filt=1,gate=1,ffu=1,qyaw=1,obs=1,aci=1,obsm=0.01]",3,8.024810552597046,0,0.903972111553785,10.120679759346245,19.845140024553984,0.0508130081300813,492
0.09262623701670944,0.10325872861264715,0.18302790789668427,5.7350966580209946,5.7350966580209946,6744.266332935508,36.43328384964329,0.37250996015936255,0.03584124508065595,0.0,0.0,obsx_stress,force,"nmpc+learned[model=gdn_mix2,filt=1,gate=1,ffu=1,qyaw=1,obs=1,aci=1,obsm=0.01]",4,4.449874639511108,0,0.4665438247011952,5.706367324536807,16.076120093930516,0.0508130081300813,492
0.10147815135424873,0.11336405869024033,0.26693827764338257,1.5957033288120153,1.595703328812015,6591.02851639918,36.82292117209463,0.33665338645418325,0.02873939309222953,0.0,0.0,obsx_stress,force,"nmpc+learned[model=gdn_mix2,filt=1,gate=1,ffu=1,qyaw=1,obs=1,aci=1,obsm=0.01]",5,10.268191576004028,0,1.104824701195219,13.187839056409716,23.079569027759135,0.06097560975609756,492
0.13846373688592548,0.15417779246367697,0.3009083563341438,1.3184100368506098,1.31841003685061,8463.530009821341,32.106314940285365,0.4960159362549801,0.031224291279540572,0.0,0.0,obsx_stress,force,"nmpc+learned[model=gdn_mix2,filt=1,gate=1,ffu=1,qyaw=1,obs=1,aci=1,obsm=0.01]",6,8.889582395553589,1,1.0570996015936256,11.608254971943676,19.91732083493844,0.0508130081300813,492
0.08630633060552377,0.09623801962083739,0.19059756717119294,1.497773457151315,1.497773457151315,6679.881878977234,56.496183481554944,0.2290836653386454,0.028532814762475267,0.0,0.0,obsx_stress,force,"nmpc+learned[model=gdn_mix2,filt=1,gate=1,ffu=1,qyaw=1,obs=1,aci=1,obsm=0.01]",7,3.898944139480591,0,0.382300796812749,4.864697052403335,11.529610739089549,0.04878048780487805,492
0.08808985597187859,0.09836239345592691,0.14955826704554678,1.6477479227716139,1.6477479227716134,6902.3939350668215,43.12084202593003,0.3645418326693227,0.031997562409296076,0.0,0.0,obsx_stress,force,"nmpc+learned[model=gdn_mix2,filt=1,gate=1,ffu=1,qyaw=1,obs=1,aci=1,obsm=0.01]",8,3.485839605331421,0,0.36142629482071714,4.3742289243496035,10.49986431375146,0.06707317073170732,492
0.07218669137089852,0.08048104355668492,0.1305624622771029,1.2539470670644879,1.2539470670644874,5318.113443555163,25.43980348866842,0.20717131474103587,0.035337507139852564,0.0,0.0,obsx_stress,force,"nmpc+learned[model=gdn_mix2,filt=1,gate=1,ffu=1,qyaw=1,obs=1,aci=1,obsm=0.01]",9,9.259812593460083,0,0.8600836653386454,11.863037554242934,20.712567542213954,0.04878048780487805,492
0.0826533328776,0.09191396832401637,0.14681424831645679,1.8977708433305118,1.8977708433305118,7198.465048257766,26.958244915217712,0.29282868525896416,0.020399753080209165,0.0,0.0,obsx_stress,force,"nmpc+learned[model=gdn_mix2,filt=1,gate=1,ffu=1,qyaw=1,obs=1,aci=1,obsm=0.01]",10,5.071031808853149,1,0.4956474103585658,6.283089438308609,16.192896352149546,0.04878048780487805,492
0.08167072840255214,0.09112824461255002,0.14420355078196712,0.8380989825917925,0.8380989825917925,7256.027148812288,18.692775645863087,0.29282868525896416,0.03233846401070145,0.0,0.0,obsx_stress,force,"nmpc+learned[model=gdn_mix2,filt=1,gate=1,ffu=1,qyaw=1,obs=1,aci=1,obsm=0.01]",11,7.887077331542969,1,0.8847848605577688,9.928489707324996,22.808847571723163,0.06097560975609756,492
0.09177390110986405,0.1020126130218242,0.15301843242450708,0.9169810373940119,0.9169810373940119,6239.66443300933,18.979182900267638,0.398406374501992,0.033818522263413364,0.0,0.0,obsx_stress,force,"nmpc+learned[model=gdn_mix2,filt=1,gate=1,ffu=1,qyaw=1,obs=1,aci=1,obsm=0.01]",12,3.6523776054382324,0,0.3945199203187251,4.5900718551091995,10.460880729369821,0.052845528455284556,492
0.10402126584886501,0.11616577532308098,0.17282143143094,3.0924479639430245,3.0924479639430245,8305.16624495235,59.41714625832821,0.5438247011952191,0.013040270790897562,0.0,0.0,obsx_stress,force,"nmpc+learned[model=gdn_mix2,filt=1,gate=1,ffu=1,qyaw=1,obs=1,aci=1,obsm=0.01]",13,2.8706467151641846,0,0.30865139442231077,3.5501213482696103,4.532063340302558,0.0508130081300813,492
0.10397598021435035,0.1160721251904563,0.20592637245968215,2.0376353102697755,2.0376353102697755,6334.595136925813,32.503906036892054,0.50199203187251,-0.0019186856691292276,1.0,0.00796812749003984,obsx_stress,force,"nmpc+learned[model=gdn_mix2,filt=1,gate=1,ffu=1,qyaw=1,obs=1,aci=1,obsm=0.01]",14,10.735114336013794,0,1.2788605577689243,13.74668656269541,22.864218067843467,0.05894308943089431,492
0.15436005680749948,0.1722952444998229,0.29621815713763194,1.8812515950494457,1.8812515950494457,7406.718442295538,27.228191198192622,0.601593625498008,0.0270893012751654,0.0,0.0,obsx_stress,force,"nmpc+learned[model=gdn_mix2,filt=1,gate=1,ffu=1,qyaw=1,obs=1,aci=1,obsm=0.01]",15,3.668201208114624,0,0.41487051792828683,4.611900280344771,10.382181173190475,0.052845528455284556,492
0.05389196821052114,0.060056054157907,0.12949846394690684,1.0151917366784602,1.0151917366784602,6351.113203088027,32.03230316061555,0.08366533864541832,0.028917949021979944,0.0,0.0,obsx_stress,force,"nmpc+learned[model=gdn_mix2,filt=1,gate=1,ffu=1,qyaw=1,obs=1,aci=1,obsm=0.01]",16,3.1490960121154785,0,0.33103585657370516,3.943403320576239,7.162079911213373,0.04878048780487805,492
0.042951475566503805,0.04785677781468844,0.09529965025167907,1.0483012690219318,1.0483012690219318,5399.696163579973,24.43199749477265,0.0,0.02169977101266224,0.0,0.0,obsx_stress,force,"nmpc+learned[model=gdn_mix2,filt=1,gate=1,ffu=1,qyaw=1,obs=1,aci=1,obsm=0.01]",17,3.1485822200775146,0,0.31669123505976093,3.918917926651726,5.88454791111872,0.0508130081300813,492
0.09611871092830085,0.10725954100530102,0.17282947475907426,2.4702295385133044,2.4702295385133044,9250.971289059175,49.97848205939278,0.38247011952191234,0.02749341040327899,0.0,0.0,obsx_stress,force,"nmpc+learned[model=gdn_mix2,filt=1,gate=1,ffu=1,qyaw=1,obs=1,aci=1,obsm=0.01]",18,7.683337688446045,0,0.8280458167330677,10.012517688773661,18.6360354651697,0.052845528455284556,492
0.11991094579570308,0.1338039425912339,0.22331211930325195,4.396474908027644,4.396474908027644,9002.963477835863,42.68927198567474,0.5,0.026984877394433004,0.0,0.0,obsx_stress,force,"nmpc+learned[model=gdn_mix2,filt=1,gate=1,ffu=1,qyaw=1,obs=1,aci=1,obsm=0.01]",19,7.231600999832153,0,0.7942270916334662,9.135778654789723,18.537260771263398,0.054878048780487805,492
0.11430499573953168,0.12756300511595847,0.25761063013747665,1.3288286057109424,1.3288286057109424,6318.713488452983,29.670194219023156,0.3944223107569721,0.024535502344873172,0.0,0.0,obsx_stress,no,"nmpc+learned[model=gdn_mix2,filt=1,gate=1,ffu=1,qyaw=1,obs=1,aci=1,obsm=0.01]",0,3.3146517276763916,0,0.32654382470119525,4.059889394162869,7.398914524819702,0.0508130081300813,492
0.06586853456511611,0.07347937768368484,0.14282431156866968,0.8454069889804908,0.8454069889804907,6702.370485492247,35.66898091746203,0.16135458167330677,0.02621611086552783,0.0,0.0,obsx_stress,no,"nmpc+learned[model=gdn_mix2,filt=1,gate=1,ffu=1,qyaw=1,obs=1,aci=1,obsm=0.01]",1,8.180817604064941,0,0.8136454183266931,10.355391388896305,17.41232941159979,0.0508130081300813,492
0.08929458683139092,0.09975193150132959,0.20291382600442678,2.7987637247861588,2.7987637247861588,5865.014576435914,44.06865431169083,0.2689243027888446,0.03588344999099746,0.0,0.0,obsx_stress,no,"nmpc+learned[model=gdn_mix2,filt=1,gate=1,ffu=1,qyaw=1,obs=1,aci=1,obsm=0.01]",2,2.88454532623291,0,0.3187310756972112,3.588546864295089,5.300073092803361,0.04878048780487805,492
0.2491526897709838,0.27825283420426594,0.5446878538640094,7.521657393820827,7.521657393820827,8773.538512048177,162.46366736761254,0.701195219123506,0.023078286149753546,0.0,0.0,obsx_stress,no,"nmpc+learned[model=gdn_mix2,filt=1,gate=1,ffu=1,qyaw=1,obs=1,aci=1,obsm=0.01]",3,3.4784891605377197,11,0.39250796812749006,4.3886571095707225,14.698259539436583,0.0508130081300813,492
0.08753577683922745,0.09760679103888752,0.18419672205587148,5.8880184252719365,5.8880184252719365,6509.8383045682185,33.323766645808966,0.34063745019920316,0.03548966681045024,0.0,0.0,obsx_stress,no,"nmpc+learned[model=gdn_mix2,filt=1,gate=1,ffu=1,qyaw=1,obs=1,aci=1,obsm=0.01]",4,9.03726315498352,0,1.0327908366533864,11.401482043784126,22.87158709950745,0.0508130081300813,492
0.09353270971310253,0.10448218846352164,0.21811543363678698,1.8548348869324685,1.8548348869324685,6491.124399946376,36.27741436630401,0.32270916334661354,0.02928564206302256,0.0,0.0,obsx_stress,no,"nmpc+learned[model=gdn_mix2,filt=1,gate=1,ffu=1,qyaw=1,obs=1,aci=1,obsm=0.01]",5,4.873448610305786,0,0.47248007968127487,6.125018911981637,10.676424133125693,0.05894308943089431,492
0.13910120905261056,0.1548926935778123,0.30329834197571987,0.9221763171802025,0.9221763171802025,8255.350698547538,32.45928905208842,0.5159362549800797,0.03177551424099623,0.0,0.0,obsx_stress,no,"nmpc+learned[model=gdn_mix2,filt=1,gate=1,ffu=1,qyaw=1,obs=1,aci=1,obsm=0.01]",6,2.9831924438476562,1,0.32844820717131473,3.7372723695788665,7.522419388405979,0.0508130081300813,492
0.08398499080253012,0.09363822971468075,0.17751694640566332,1.5668424329389823,1.5668424329389823,6550.86737407541,55.17950318310915,0.23705179282868527,0.028532814762475267,0.0,0.0,obsx_stress,no,"nmpc+learned[model=gdn_mix2,filt=1,gate=1,ffu=1,qyaw=1,obs=1,aci=1,obsm=0.01]",7,3.6812236309051514,0,0.33813545816733065,4.411933786399009,10.294418460689487,0.0508130081300813,492
0.08388594660654582,0.0936647542553982,0.14612525861555548,1.6322019104127794,1.6322019104127794,6725.957065177419,41.90231800263013,0.3645418326693227,0.034530166998492096,0.0,0.0,obsx_stress,no,"nmpc+learned[model=gdn_mix2,filt=1,gate=1,ffu=1,qyaw=1,obs=1,aci=1,obsm=0.01]",8,3.4338924884796143,0,0.34875099601593623,4.300865743112605,10.41827340843156,0.06707317073170732,492
0.07139946991707277,0.0795965839300609,0.12835061918708696,1.1308287018137506,1.1308287018137506,5238.600938394731,22.005732293488187,0.2051792828685259,0.033698801135269296,0.0,0.0,obsx_stress,no,"nmpc+learned[model=gdn_mix2,filt=1,gate=1,ffu=1,qyaw=1,obs=1,aci=1,obsm=0.01]",9,8.32923150062561,0,0.8837330677290837,10.678831079280917,22.73706213803962,0.04878048780487805,492
0.07430223734360282,0.08253101937117953,0.11808870550869649,1.5742447277648492,1.5742447277648492,6626.76875840028,21.45512563539021,0.1752988047808765,0.02041424579752321,0.0,0.0,obsx_stress,no,"nmpc+learned[model=gdn_mix2,filt=1,gate=1,ffu=1,qyaw=1,obs=1,aci=1,obsm=0.01]",10,7.493825197219849,1,0.8233924302788845,9.454843681862213,17.746889165136963,0.04878048780487805,492
0.07901047773170208,0.08815085515877226,0.14420355078196712,0.8784894199521326,0.8784894199521326,7208.22621605749,19.428408743618984,0.26693227091633465,0.03233846401070145,0.0,0.0,obsx_stress,no,"nmpc+learned[model=gdn_mix2,filt=1,gate=1,ffu=1,qyaw=1,obs=1,aci=1,obsm=0.01]",11,3.6703310012817383,1,0.3674501992031873,4.498483010185549,10.41839953046292,0.06300813008130081,492
0.09003794777932388,0.10031053728707831,0.15432393719719226,0.7400640842858832,0.7400640842858833,6164.342698300374,17.11579707598406,0.36852589641434264,0.03044739963668086,0.0,0.0,obsx_stress,no,"nmpc+learned[model=gdn_mix2,filt=1,gate=1,ffu=1,qyaw=1,obs=1,aci=1,obsm=0.01]",12,4.814669609069824,0,0.5100996015936256,6.1362515527391395,15.861076617147772,0.052845528455284556,492
0.09823984682123064,0.1097007131833085,0.1652464016445062,3.7324811017882484,3.7324811017882484,7638.342544269967,52.7536073585536,0.5199203187250996,0.01884864750455212,0.0,0.0,obsx_stress,no,"nmpc+learned[model=gdn_mix2,filt=1,gate=1,ffu=1,qyaw=1,obs=1,aci=1,obsm=0.01]",13,3.1438326835632324,0,0.3397749003984064,3.9006663403804023,9.016886991448715,0.0508130081300813,492
0.10879360023336933,0.12146096926540094,0.23673158145828743,2.1610767070013157,2.1610767070013157,5930.760085879102,36.74398919981692,0.5557768924302788,-0.004535259393695007,1.0,0.01195219123505976,obsx_stress,no,"nmpc+learned[model=gdn_mix2,filt=1,gate=1,ffu=1,qyaw=1,obs=1,aci=1,obsm=0.01]",14,3.9285025596618652,0,0.41849203187251,4.961485428127101,15.91628307243809,0.06097560975609756,492
0.12506099265323528,0.13954239190533196,0.23631018852380203,2.0673845911308897,2.0673845911308897,7686.269111415858,22.688013985215903,0.5597609561752988,0.029228772927432756,0.0,0.0,obsx_stress,no,"nmpc+learned[model=gdn_mix2,filt=1,gate=1,ffu=1,qyaw=1,obs=1,aci=1,obsm=0.01]",15,2.7540664672851562,0,0.3208466135458168,3.4148849025591317,5.239942839834849,0.052845528455284556,492
0.0526361169679714,0.05864867221978532,0.12962362876576272,1.1764511674180678,1.1764511674180678,5684.4160536613,25.90451967108767,0.08366533864541832,0.0331410557885477,0.0,0.0,obsx_stress,no,"nmpc+learned[model=gdn_mix2,filt=1,gate=1,ffu=1,qyaw=1,obs=1,aci=1,obsm=0.01]",16,8.239715337753296,0,0.9408366533864542,10.620722409886906,17.564799110405147,0.04878048780487805,492
0.04050087194524666,0.04515423391620753,0.09477649205378998,1.0024637914216754,1.0024637914216754,5226.394300361726,24.157966379947307,0.0,0.014309253716306203,0.0,0.0,obsx_stress,no,"nmpc+learned[model=gdn_mix2,filt=1,gate=1,ffu=1,qyaw=1,obs=1,aci=1,obsm=0.01]",17,4.4434943199157715,0,0.46024501992031874,5.609306217397589,15.968094358686365,0.046747967479674794,492
0.12929395995570991,0.1443981580335466,0.25884480267347754,5.831520988378389,5.831520988378389,8979.99258842182,58.8369317064362,0.448207171314741,2.9512703749401403e-05,0.0,0.0,obsx_stress,no,"nmpc+learned[model=gdn_mix2,filt=1,gate=1,ffu=1,qyaw=1,obs=1,aci=1,obsm=0.01]",18,3.115079402923584,0,0.356902390438247,3.8794932132809463,7.8419989370741,0.052845528455284556,492
0.11973459046261274,0.13360658351341623,0.2201285326220729,4.023437182147969,4.023437182147969,8738.828662311045,40.60074918665598,0.50199203187251,0.02938126584915962,0.0,0.0,obsx_stress,no,"nmpc+learned[model=gdn_mix2,filt=1,gate=1,ffu=1,qyaw=1,obs=1,aci=1,obsm=0.01]",19,3.3300092220306396,0,0.3516494023904383,4.143294468299445,12.050426304340375,0.056910569105691054,492
0.11270858702900576,0.12577663913598766,0.2540534684079235,1.2089913238790388,1.2089913238790388,6050.75521788323,28.12095199990826,0.38645418326693226,0.02722512371108904,0.0,0.0,obsx_stress,payload,"nmpc+learned[model=gdn_mix2,filt=1,gate=1,ffu=1,qyaw=1,obs=1,aci=1,obsm=0.01]",0,3.3963816165924072,0,0.33672908366533866,4.228383543403946,10.478964245412499,0.0508130081300813,492
0.06693845671547856,0.07467702885851797,0.1399985007581124,0.932505648233819,0.932505648233819,6364.198273425135,35.63176096537568,0.17928286852589642,0.031682188930324984,0.0,0.0,obsx_stress,payload,"nmpc+learned[model=gdn_mix2,filt=1,gate=1,ffu=1,qyaw=1,obs=1,aci=1,obsm=0.01]",1,3.717482089996338,0,0.3612649402390438,4.639219239435763,10.508390448521823,0.04878048780487805,492
0.0937370357791025,0.10471141439356063,0.22746681106860844,2.711658302425285,2.711658302425285,5779.513117306933,45.029434111391105,0.2689243027888446,0.03584897071069815,0.0,0.0,obsx_stress,payload,"nmpc+learned[model=gdn_mix2,filt=1,gate=1,ffu=1,qyaw=1,obs=1,aci=1,obsm=0.01]",2,5.6201159954071045,0,0.5905358565737052,7.160618126232816,17.174405604600906,0.0508130081300813,492
0.18316948701803923,0.20445688429941472,0.3775571908151438,4.610143795919256,4.610143795919256,8376.018544275857,57.753049022929666,0.6972111553784861,-0.014714346191083583,1.0,0.021912350597609563,obsx_stress,payload,"nmpc+learned[model=gdn_mix2,filt=1,gate=1,ffu=1,qyaw=1,obs=1,aci=1,obsm=0.01]",3,6.309094667434692,1,0.7109621513944223,7.96491372820168,16.908606446813796,0.052845528455284556,492
0.09155390101623244,0.1020938274746566,0.18012344428565003,11.0548309669586,11.0548309669586,6877.388081689472,31.27315409887404,0.3705179282868526,0.03625259533097047,0.0,0.0,obsx_stress,payload,"nmpc+learned[model=gdn_mix2,filt=1,gate=1,ffu=1,qyaw=1,obs=1,aci=1,obsm=0.01]",4,2.7174715995788574,0,0.3133147410358565,3.3855170927073557,5.553180922288452,0.0508130081300813,492
0.0976405827941226,0.10905678095941163,0.22582414472734097,2.3224635436821663,2.3224635436821663,7125.312126601621,50.53411766505532,0.3565737051792829,0.029521922230323322,0.0,0.0,obsx_stress,payload,"nmpc+learned[model=gdn_mix2,filt=1,gate=1,ffu=1,qyaw=1,obs=1,aci=1,obsm=0.01]",5,3.2421019077301025,0,0.3363346613545817,4.031514879260436,7.820288110524418,0.06097560975609756,492
0.13608725728476698,0.15151244888125978,0.29844313580591364,1.018672529265968,1.0186725292659677,8598.523122995995,32.26409436891599,0.5079681274900398,0.03163424616391669,0.0,0.0,obsx_stress,payload,"nmpc+learned[model=gdn_mix2,filt=1,gate=1,ffu=1,qyaw=1,obs=1,aci=1,obsm=0.01]",6,3.2924671173095703,1,0.32659760956175293,4.110479109597752,7.382529918104411,0.0508130081300813,492
0.08401222281906097,0.09366895209581955,0.17774796775826082,1.5619961259306678,1.5619961259306678,6549.523050397471,55.18644619873229,0.23705179282868527,0.02853294545382723,0.0,0.0,obsx_stress,payload,"nmpc+learned[model=gdn_mix2,filt=1,gate=1,ffu=1,qyaw=1,obs=1,aci=1,obsm=0.01]",7,5.7048985958099365,0,0.6370856573705179,7.342977987312938,17.77208765037358,0.0508130081300813,492
0.1401423264084434,0.15656048450539317,0.7508025309106222,7.137749859639632,7.137749859639632,6931.950171289396,140.20136803918905,0.40239043824701193,0.03827489080839208,0.0,0.0,obsx_stress,payload,"nmpc+learned[model=gdn_mix2,filt=1,gate=1,ffu=1,qyaw=1,obs=1,aci=1,obsm=0.01]",8,3.0636422634124756,0,0.3153824701195219,3.814189567275167,7.334943662863226,0.07113821138211382,492
0.08001915151580752,0.08924947168378958,0.16090190169897814,3.726229702356183,3.726229702356183,5591.400746851489,31.53021177204014,0.2689243027888446,0.033698801135269296,0.0,0.0,obsx_stress,payload,"nmpc+learned[model=gdn_mix2,filt=1,gate=1,ffu=1,qyaw=1,obs=1,aci=1,obsm=0.01]",9,3.052971363067627,0,0.31301195219123507,3.773943799366039,6.767991425003858,0.04878048780487805,492
0.07462717882243321,0.08289632469917865,0.11808870550869649,1.5753832509246353,1.575383250924635,6510.231585499368,21.45512563539021,0.1752988047808765,0.02041424579752321,0.0,0.0,obsx_stress,payload,"nmpc+learned[model=gdn_mix2,filt=1,gate=1,ffu=1,qyaw=1,obs=1,aci=1,obsm=0.01]",10,7.875997066497803,1,0.9803207171314741,9.935812456477656,16.94721555802971,0.04878048780487805,492
0.07977040854982263,0.0890014117782281,0.14420355078196712,0.7696455913359197,0.7696455913359197,6954.889291796924,19.82368922028973,0.27091633466135456,0.03233846401070145,0.0,0.0,obsx_stress,payload,"nmpc+learned[model=gdn_mix2,filt=1,gate=1,ffu=1,qyaw=1,obs=1,aci=1,obsm=0.01]",11,3.2728047370910645,1,0.3450079681274901,4.04697912003088,7.897147801704708,0.06300813008130081,492
0.09159300716060476,0.10205347245045332,0.16881565747905466,5.293339576952454,5.293339576952454,5602.192676325836,17.953861092975817,0.32669322709163345,0.030400888886686295,0.0,0.0,obsx_stress,payload,"nmpc+learned[model=gdn_mix2,filt=1,gate=1,ffu=1,qyaw=1,obs=1,aci=1,obsm=0.01]",12,3.382551670074463,0,0.3513505976095617,4.2538035691593326,9.286178674083203,0.052845528455284556,492
0.10313624560372638,0.11517613533204922,0.16871011128918673,2.8520428046190687,2.8520428046190687,7557.058733996991,52.7536073585536,0.549800796812749,0.022571179704165,0.0,0.0,obsx_stress,payload,"nmpc+learned[model=gdn_mix2,filt=1,gate=1,ffu=1,qyaw=1,obs=1,aci=1,obsm=0.01]",13,3.18183970451355,0,0.3220298804780876,3.9281583158299327,7.329960318747908,0.0508130081300813,492
0.11331762719529258,0.12652100115867224,0.27415105923477523,2.2404939602919116,2.2404939602919116,5705.224455750725,42.64144762949243,0.5557768924302788,-0.004535259393695007,1.0,0.01195219123505976,obsx_stress,payload,"nmpc+learned[model=gdn_mix2,filt=1,gate=1,ffu=1,qyaw=1,obs=1,aci=1,obsm=0.01]",14,2.9624593257904053,0,0.31369521912350595,3.663652563983374,7.9694467573426655,0.06504065040650407,492
0.19198252587308484,0.21439913184051637,0.3499420158358534,5.598235394676302,5.598235394676302,7021.803253335197,43.437620758836566,0.7370517928286853,-0.013768152244863191,1.0,0.01593625498007968,obsx_stress,payload,"nmpc+learned[model=gdn_mix2,filt=1,gate=1,ffu=1,qyaw=1,obs=1,aci=1,obsm=0.01]",15,7.435560703277588,3,0.7848585657370517,9.500985268032201,16.96198760997504,0.054878048780487805,492
0.052704045533251795,0.05872480192191043,0.12991584792525926,1.1816416142291017,1.1816416142291017,5695.864445707439,25.96823260228755,0.08366533864541832,0.03318946066319284,0.0,0.0,obsx_stress,payload,"nmpc+learned[model=gdn_mix2,filt=1,gate=1,ffu=1,qyaw=1,obs=1,aci=1,obsm=0.01]",16,2.983708620071411,0,0.32359561752988053,3.751576479721028,9.37455012463035,0.04878048780487805,492
0.0636063480035264,0.07101212282937586,0.17069214379029746,6.971988539650799,6.971988539650799,5664.644792217171,48.12118345955867,0.13545816733067728,0.034939710481521,0.0,0.0,obsx_stress,payload,"nmpc+learned[model=gdn_mix2,filt=1,gate=1,ffu=1,qyaw=1,obs=1,aci=1,obsm=0.01]",17,8.36946725845337,0,0.9766474103585657,10.756029963560135,17.673957429360602,0.05894308943089431,492
0.5498326760437173,0.6143947359792339,1.3141769816367244,25.212664686833666,25.212664686833666,9523.58333741449,176.1792346712023,0.5697211155378487,0.03354148233410473,0.0,0.0,obsx_stress,payload,"nmpc+learned[model=gdn_mix2,filt=1,gate=1,ffu=1,qyaw=1,obs=1,aci=1,obsm=0.01]",18,3.154949426651001,16,0.3354621513944223,3.926375201361558,6.657537447754296,0.06097560975609756,492
0.11779161013738354,0.13143213935659376,0.2064375675034399,3.5932419140833898,3.5932419140833898,7907.130891568338,34.957815509671285,0.5059760956175299,0.0304691306916903,0.0,0.0,obsx_stress,payload,"nmpc+learned[model=gdn_mix2,filt=1,gate=1,ffu=1,qyaw=1,obs=1,aci=1,obsm=0.01]",19,3.2714321613311768,0,0.33283266932270916,4.0252108295704145,9.240498228464286,0.054878048780487805,492
0.11380498883671503,0.12698713600755582,0.24555969439416273,2.0044164613143485,2.0044164613143485,6633.192843064819,25.804839546365386,0.40239043824701193,0.02471553454272679,0.0,0.0,obsx_stress,rotoreff,"nmpc+learned[model=gdn_mix2,filt=1,gate=1,ffu=1,qyaw=1,obs=1,aci=1,obsm=0.01]",0,3.3224432468414307,0,0.3299741035856573,4.1176758834580145,10.385639304295198,0.0508130081300813,492
0.06679764511412493,0.0745726024592575,0.14165406213775192,1.3531791217247435,1.3531791217247433,7006.664757307062,40.2227354951485,0.1693227091633466,0.0247162571240106,0.0,0.0,obsx_stress,rotoreff,"nmpc+learned[model=gdn_mix2,filt=1,gate=1,ffu=1,qyaw=1,obs=1,aci=1,obsm=0.01]",1,3.42769718170166,0,0.32497410358565737,4.268012587927222,12.929396503604972,0.0508130081300813,492
0.09156735825309678,0.10226226220158433,0.21065867351554024,2.173159276177755,2.173159276177755,5880.526371864324,41.529115811088225,0.27091633466135456,0.03655046890353669,0.0,0.0,obsx_stress,rotoreff,"nmpc+learned[model=gdn_mix2,filt=1,gate=1,ffu=1,qyaw=1,obs=1,aci=1,obsm=0.01]",2,3.2056217193603516,0,0.3171932270916335,3.9765658061135096,10.038559206295783,0.04878048780487805,492
0.15394484201468678,0.1718573405936407,0.3741163690027546,1.6597883778524598,1.6597883778524598,8124.55844877989,33.769081762782896,0.5976095617529881,0.009936319422067297,0.0,0.0,obsx_stress,rotoreff,"nmpc+learned[model=gdn_mix2,filt=1,gate=1,ffu=1,qyaw=1,obs=1,aci=1,obsm=0.01]",3,4.298310041427612,0,0.47605976095617525,5.346300868888894,16.610634068492825,0.0508130081300813,492
0.08057079104522706,0.08978040633569492,0.14996214659842316,2.5930943740630035,2.5930943740630035,7777.78870801889,29.91747713558281,0.3147410358565737,0.022675317208482593,0.0,0.0,obsx_stress,rotoreff,"nmpc+learned[model=gdn_mix2,filt=1,gate=1,ffu=1,qyaw=1,obs=1,aci=1,obsm=0.01]",4,3.4677419662475586,0,0.3338027888446215,4.290421972463123,10.50491452217102,0.0508130081300813,492
0.19064220398753834,0.21299419048507287,1.176590790886845,2.508196417188027,2.508196417188027,6208.3785444537225,112.36393661160348,0.31673306772908366,0.029475702312150714,0.0,0.0,obsx_stress,rotoreff,"nmpc+learned[model=gdn_mix2,filt=1,gate=1,ffu=1,qyaw=1,obs=1,aci=1,obsm=0.01]",5,3.2090065479278564,18,0.34558764940239045,4.045389437736327,7.099766626488421,0.08130081300813008,492
0.1367640224179777,0.15215958367303403,0.30523520808134474,1.3324732695183978,1.3324732695183978,8278.962683697378,30.620150692373134,0.5159362549800797,0.03384559765372447,0.0,0.0,obsx_stress,rotoreff,"nmpc+learned[model=gdn_mix2,filt=1,gate=1,ffu=1,qyaw=1,obs=1,aci=1,obsm=0.01]",6,3.3836655616760254,1,0.3377848605577689,4.24783770134116,9.177842410281304,0.0508130081300813,492
0.08595091235281627,0.09571208119469861,0.18950173945569498,1.3924770653319998,1.3924770653319998,6483.561017760053,58.75580030232731,0.25298804780876494,0.027183289758301726,0.0,0.0,obsx_stress,rotoreff,"nmpc+learned[model=gdn_mix2,filt=1,gate=1,ffu=1,qyaw=1,obs=1,aci=1,obsm=0.01]",7,5.971831798553467,0,0.5541872509960158,7.561573552327653,16.785904709249735,0.0508130081300813,492
0.13453569749133582,0.1503164813678224,0.6674366929274215,6.724809321631542,6.724809321631542,7741.610676083774,136.32008856884843,0.38645418326693226,0.035231951751689805,0.0,0.0,obsx_stress,rotoreff,"nmpc+learned[model=gdn_mix2,filt=1,gate=1,ffu=1,qyaw=1,obs=1,aci=1,obsm=0.01]",8,3.7084341049194336,3,0.3744143426294821,4.581943664057885,10.473026225809008,0.07113821138211382,492
0.0685577970167976,0.07650132505372559,0.12436487476169863,1.0972932793910601,1.0972932793910601,5464.76778284947,19.81906447918542,0.17928286852589642,0.034552256570589246,0.0,0.0,obsx_stress,rotoreff,"nmpc+learned[model=gdn_mix2,filt=1,gate=1,ffu=1,qyaw=1,obs=1,aci=1,obsm=0.01]",9,8.043954849243164,0,0.8941215139442231,10.227951001323968,17.695771239232272,0.04878048780487805,492
0.10788564971516905,0.12024587803323156,0.17809478513316404,3.4688354725451407,3.468835472545141,7489.873605771659,37.77768162842828,0.45219123505976094,0.007987902455297013,0.0,0.0,obsx_stress,rotoreff,"nmpc+learned[model=gdn_mix2,filt=1,gate=1,ffu=1,qyaw=1,obs=1,aci=1,obsm=0.01]",10,3.0247323513031006,1,0.32991633466135456,3.7166747789592502,6.925073741003872,0.04878048780487805,492
0.07624727078178549,0.08503795847703857,0.1411233869612226,0.8769306430029117,0.8769306430029117,6955.291093862262,16.46275184531686,0.250996015936255,0.033521603737968475,0.0,0.0,obsx_stress,rotoreff,"nmpc+learned[model=gdn_mix2,filt=1,gate=1,ffu=1,qyaw=1,obs=1,aci=1,obsm=0.01]",11,3.266470193862915,1,0.33361155378486057,4.059315141034405,6.000087691936643,0.06097560975609756,492
0.08920412939346764,0.09952477940083855,0.15011504342410048,1.0387242012031612,1.0387242012031612,6964.455606882436,17.866437225634144,0.34063745019920316,0.021226687359896912,0.0,0.0,obsx_stress,rotoreff,"nmpc+learned[model=gdn_mix2,filt=1,gate=1,ffu=1,qyaw=1,obs=1,aci=1,obsm=0.01]",12,8.71883773803711,0,1.0294621513944222,11.189773403742608,17.714370300527662,0.052845528455284556,492
0.09454764596732897,0.10553406803429372,0.15533036146825502,3.3938871276380818,3.3938871276380818,7829.377379911769,46.60753896461865,0.4541832669322709,0.007634850864962989,0.0,0.0,obsx_stress,rotoreff,"nmpc+learned[model=gdn_mix2,filt=1,gate=1,ffu=1,qyaw=1,obs=1,aci=1,obsm=0.01]",13,3.5880894660949707,0,0.3562629482071713,4.444107384999762,10.403548711910846,0.0508130081300813,492
0.1104065666221815,0.123130349740211,0.1918430157031753,1.6478989841743732,1.6478989841743734,5880.862350856733,33.95519403163354,0.5677290836653387,0.01235728432442873,0.0,0.0,obsx_stress,rotoreff,"nmpc+learned[model=gdn_mix2,filt=1,gate=1,ffu=1,qyaw=1,obs=1,aci=1,obsm=0.01]",14,2.9433557987213135,0,0.3146533864541832,3.645959433606006,7.287715214770287,0.056910569105691054,492
0.13954532040069748,0.1557524421755203,0.2501524011200966,1.4239818491911536,1.4239818491911536,8017.127452335952,26.856797891238816,0.5916334661354582,0.030129083755923602,0.0,0.0,obsx_stress,rotoreff,"nmpc+learned[model=gdn_mix2,filt=1,gate=1,ffu=1,qyaw=1,obs=1,aci=1,obsm=0.01]",15,3.2625699043273926,1,0.3499402390438247,4.061476232862448,10.414553799200805,0.052845528455284556,492
0.05457435013363354,0.060768415898521486,0.13379446742155482,1.2530047150225532,1.2530047150225532,6569.253417988199,26.114209114514047,0.08764940239043825,0.03187903037037748,0.0,0.0,obsx_stress,rotoreff,"nmpc+learned[model=gdn_mix2,filt=1,gate=1,ffu=1,qyaw=1,obs=1,aci=1,obsm=0.01]",16,3.9819602966308594,0,0.3931772908366534,5.02614010277527,10.509762302972376,0.04878048780487805,492
0.04214539074312225,0.046997330971604016,0.09689646694019415,0.8672061193242784,0.8672061193242784,5394.244286548255,21.790427728797454,0.0,0.01192449717306665,0.0,0.0,obsx_stress,rotoreff,"nmpc+learned[model=gdn_mix2,filt=1,gate=1,ffu=1,qyaw=1,obs=1,aci=1,obsm=0.01]",17,3.314676523208618,0,0.322199203187251,4.128990686995782,6.493569170124832,0.046747967479674794,492
0.18205659821903059,0.20335854839665463,0.371738707687904,30.300852491751375,30.300852491751375,8663.824698721128,108.82624123786643,0.5916334661354582,-0.033641914612309476,1.0,0.0199203187250996,obsx_stress,rotoreff,"nmpc+learned[model=gdn_mix2,filt=1,gate=1,ffu=1,qyaw=1,obs=1,aci=1,obsm=0.01]",18,7.079546928405762,25,0.8120318725099602,9.032091949565478,17.150934783276174,0.056910569105691054,492
0.11900996215733796,0.13279824015267944,0.21587301582803012,3.505165873867934,3.505165873867934,9011.900829031085,35.57671795494944,0.5,0.030290944713102952,0.0,0.0,obsx_stress,rotoreff,"nmpc+learned[model=gdn_mix2,filt=1,gate=1,ffu=1,qyaw=1,obs=1,aci=1,obsm=0.01]",19,3.373551368713379,0,0.37021713147410357,4.185293920327022,10.308810980059206,0.052845528455284556,492
0.12309796970391293,0.13740113364229978,0.28435396028667587,6.721650237879515,6.721650237879515,6892.793665096332,30.99316357883256,0.41434262948207173,0.024535502344873172,0.0,0.0,obsx_stress,torque,"nmpc+learned[model=gdn_mix2,filt=1,gate=1,ffu=1,qyaw=1,obs=1,aci=1,obsm=0.01]",0,3.795804500579834,0,0.38102191235059757,4.772222912091153,10.599469488952309,0.0508130081300813,492
0.06388660553189547,0.07126066203125787,0.1414059469133187,2.163927882652469,2.163927882652469,6978.3209568763505,36.13589118584323,0.12749003984063745,0.02621611086552783,0.0,0.0,obsx_stress,torque,"nmpc+learned[model=gdn_mix2,filt=1,gate=1,ffu=1,qyaw=1,obs=1,aci=1,obsm=0.01]",1,3.1396758556365967,0,0.31836653386454183,3.9087825786856656,5.923295589163902,0.04878048780487805,492
0.08591849130554449,0.09597793219376279,0.19039010927407313,3.904091950563765,3.904091950563765,6751.459104436215,42.823202448026336,0.23306772908366533,0.03398220002663688,0.0,0.0,obsx_stress,torque,"nmpc+learned[model=gdn_mix2,filt=1,gate=1,ffu=1,qyaw=1,obs=1,aci=1,obsm=0.01]",2,10.203402280807495,0,1.154243027888446,13.118914724605908,22.76460130233318,0.04878048780487805,492
0.15341776865167234,0.1711651578945089,0.37729780489215015,4.423471862156561,4.423471862156561,8545.463142652754,35.0349661917106,0.5219123505976095,0.029492298994246047,0.0,0.0,obsx_stress,torque,"nmpc+learned[model=gdn_mix2,filt=1,gate=1,ffu=1,qyaw=1,obs=1,aci=1,obsm=0.01]",3,3.0883679389953613,3,0.33280677290836647,3.8015845447845487,9.761418758425863,0.0508130081300813,492
0.10739225439300276,0.11983168011154999,0.24668001788515398,10.345781402763695,10.345781402763695,8172.997302323132,25.514621657041243,0.3944223107569721,0.035575709894686225,0.0,0.0,obsx_stress,torque,"nmpc+learned[model=gdn_mix2,filt=1,gate=1,ffu=1,qyaw=1,obs=1,aci=1,obsm=0.01]",4,3.2012088298797607,0,0.3549561752988048,4.001196830967568,10.714682338293644,0.056910569105691054,492
0.10239664411341608,0.11439077235347284,0.2825807366139556,5.918550870340814,5.918550870340814,7318.328145191322,39.56367490006075,0.32669322709163345,0.029237815085281477,0.0,0.0,obsx_stress,torque,"nmpc+learned[model=gdn_mix2,filt=1,gate=1,ffu=1,qyaw=1,obs=1,aci=1,obsm=0.01]",5,3.020460605621338,0,0.33654382470119526,3.7616468850983327,6.727595152333381,0.06300813008130081,492
0.13237818076777777,0.1473518310274805,0.29198065221718217,4.499278073402797,4.499278073402797,9068.957927107393,32.667268897950684,0.4960159362549801,0.032354937328773425,0.0,0.0,obsx_stress,torque,"nmpc+learned[model=gdn_mix2,filt=1,gate=1,ffu=1,qyaw=1,obs=1,aci=1,obsm=0.01]",6,2.9175360202789307,3,0.32670717131474103,3.663662941644035,4.777579414658249,0.0508130081300813,492
0.08833425763867175,0.09850895333692879,0.20893069159988473,12.457706107004135,12.457706107004135,7148.572626349955,54.761364688393165,0.21115537848605578,0.028532814762475267,0.0,0.0,obsx_stress,torque,"nmpc+learned[model=gdn_mix2,filt=1,gate=1,ffu=1,qyaw=1,obs=1,aci=1,obsm=0.01]",7,3.199362277984619,0,0.32136653386454184,4.015774887233261,6.324081178754571,0.052845528455284556,492
0.1414493939074298,0.15802091033100518,0.7118029738730338,5.853858577993182,5.853858577993182,7291.081220581874,112.19776215081188,0.38247011952191234,0.034002439566032994,0.0,0.0,obsx_stress,torque,"nmpc+learned[model=gdn_mix2,filt=1,gate=1,ffu=1,qyaw=1,obs=1,aci=1,obsm=0.01]",8,7.345524072647095,4,0.7111513944223108,9.345502286975037,19.87726078601554,0.07113821138211382,492
0.07776988064942289,0.08673121709094973,0.14331213623395728,1.5557402015478528,1.5557402015478528,5690.96335450348,22.118442455065342,0.26095617529880477,0.03354736974940847,0.0,0.0,obsx_stress,torque,"nmpc+learned[model=gdn_mix2,filt=1,gate=1,ffu=1,qyaw=1,obs=1,aci=1,obsm=0.01]",9,3.1557343006134033,0,0.31331274900398404,3.9157052009563107,7.301063232589519,0.04878048780487805,492
0.07024505331251478,0.07796813375221626,0.11718837191169196,1.7115107319058083,1.7115107319058083,6940.286796472532,25.142380563290487,0.10956175298804781,0.020113046526465422,0.0,0.0,obsx_stress,torque,"nmpc+learned[model=gdn_mix2,filt=1,gate=1,ffu=1,qyaw=1,obs=1,aci=1,obsm=0.01]",10,7.645124435424805,1,0.8546055776892431,9.588578910255189,17.703074784949425,0.04878048780487805,492
0.07928796729035285,0.08846143983535314,0.14420355078196712,0.8374172429980855,0.8374172429980855,7271.233120175208,19.832773730325982,0.2729083665338645,0.03233846401070145,0.0,0.0,obsx_stress,torque,"nmpc+learned[model=gdn_mix2,filt=1,gate=1,ffu=1,qyaw=1,obs=1,aci=1,obsm=0.01]",11,3.0887577533721924,1,0.3359561752988048,3.8004678913366154,6.4531452674418714,0.06300813008130081,492
0.09018271151897408,0.10046578203897999,0.15405759937361557,0.6459462488909358,0.6459462488909358,6696.369271500703,17.092235706461032,0.37250996015936255,0.030413549975385534,0.0,0.0,obsx_stress,torque,"nmpc+learned[model=gdn_mix2,filt=1,gate=1,ffu=1,qyaw=1,obs=1,aci=1,obsm=0.01]",12,3.3634085655212402,0,0.3417350597609562,4.23556607749046,10.466183410026135,0.052845528455284556,492
0.09076610933906737,0.10134237657914337,0.13835989434489002,3.2724211911245416,3.272421191124541,7759.914165055938,51.95377184039484,0.450199203187251,0.01652876391799135,0.0,0.0,obsx_stress,torque,"nmpc+learned[model=gdn_mix2,filt=1,gate=1,ffu=1,qyaw=1,obs=1,aci=1,obsm=0.01]",13,3.087254285812378,0,0.3342749003984064,3.819486621648548,10.148122147656977,0.0508130081300813,492
0.09977550838475618,0.11137318911715668,0.21067659135235275,2.520139319316902,2.520139319316902,6396.037037158402,32.90751151693026,0.4243027888446215,-0.0024931754296617925,1.0,0.00796812749003984,obsx_stress,torque,"nmpc+learned[model=gdn_mix2,filt=1,gate=1,ffu=1,qyaw=1,obs=1,aci=1,obsm=0.01]",14,2.757828712463379,0,0.32330079681274904,3.4403547531446494,5.73989250464365,0.056910569105691054,492
0.12721216934288634,0.14195234941904084,0.24304635455069698,2.6871072427900184,2.6871072427900184,8270.051779227393,19.45790475087628,0.5737051792828686,0.029729101671223557,0.0,0.0,obsx_stress,torque,"nmpc+learned[model=gdn_mix2,filt=1,gate=1,ffu=1,qyaw=1,obs=1,aci=1,obsm=0.01]",15,3.7123310565948486,1,0.3768286852589642,4.581458814649943,10.970353563316168,0.052845528455284556,492
0.05367916946821887,0.05981759238640759,0.13010411191308874,1.766602156111128,1.766602156111128,6238.719433859989,24.765285500289703,0.08366533864541832,0.03161931531743817,0.0,0.0,obsx_stress,torque,"nmpc+learned[model=gdn_mix2,filt=1,gate=1,ffu=1,qyaw=1,obs=1,aci=1,obsm=0.01]",16,4.212260723114014,0,0.4095756972111554,5.2434195114106705,10.517099581193179,0.04878048780487805,492
0.041020996819537206,0.04573705741616978,0.09898417540495727,1.4231260788546956,1.4231260788546956,5544.648981073972,20.8483637374823,0.0,0.02021554918442825,0.0,0.0,obsx_stress,torque,"nmpc+learned[model=gdn_mix2,filt=1,gate=1,ffu=1,qyaw=1,obs=1,aci=1,obsm=0.01]",17,3.9993767738342285,0,0.3820458167330677,5.04798214211021,10.489701679907741,0.046747967479674794,492
0.09218817219316497,0.10291025327391316,0.1561392607676735,10.019269856584508,10.019269856584508,9470.441526266179,56.23867609884793,0.36254980079681276,0.02984992773540293,0.0,0.0,obsx_stress,torque,"nmpc+learned[model=gdn_mix2,filt=1,gate=1,ffu=1,qyaw=1,obs=1,aci=1,obsm=0.01]",18,3.5691792964935303,0,0.3523804780876494,4.520796085392455,10.30520287109539,0.0508130081300813,492
0.12037402769361805,0.13432217308536148,0.22026641130413396,4.478309295409998,4.478309295409998,9021.384782610367,40.71168231659412,0.50199203187251,0.028399502826545686,0.0,0.0,obsx_stress,torque,"nmpc+learned[model=gdn_mix2,filt=1,gate=1,ffu=1,qyaw=1,obs=1,aci=1,obsm=0.01]",19,2.8180792331695557,0,0.3251035856573705,3.489075060210291,5.640679867938162,0.056910569105691054,492
0.11804747309451831,0.13177610994985217,0.2665932787526113,2.210695090922584,2.210695090922584,7216.432206013469,27.45286442990874,0.3884462151394422,0.024549738958184075,0.0,0.0,obsx_stress,uncertainty,"nmpc+learned[model=gdn_mix2,filt=1,gate=1,ffu=1,qyaw=1,obs=1,aci=1,obsm=0.01]",0,5.46050500869751,0,0.6416394422310756,6.872979126800133,16.736014280468225,0.0508130081300813,492
0.058742532232695405,0.06550558622055476,0.13954332024985014,0.9512173491523086,0.9512173491523086,7108.744218999004,36.42840992135247,0.08964143426294821,0.0308939165601545,0.0,0.0,obsx_stress,uncertainty,"nmpc+learned[model=gdn_mix2,filt=1,gate=1,ffu=1,qyaw=1,obs=1,aci=1,obsm=0.01]",1,7.2102673053741455,0,0.8097649402390438,9.208626667616436,16.871396698988974,0.04878048780487805,492
0.09337408422608255,0.10431494549664305,0.2185322894969806,2.4527638352690375,2.452763835269037,6506.072141898362,44.607325789992124,0.27091633466135456,0.03624139924193698,0.0,0.0,obsx_stress,uncertainty,"nmpc+learned[model=gdn_mix2,filt=1,gate=1,ffu=1,qyaw=1,obs=1,aci=1,obsm=0.01]",2,3.136634588241577,0,0.3249581673306773,3.878252312682005,9.94171854807064,0.0508130081300813,492
0.15438588251399268,0.17231702667571816,0.37791089655904375,1.9074714604638534,1.9074714604638532,9247.838442518469,34.29573281600774,0.6055776892430279,0.03200136511722512,0.0,0.0,obsx_stress,uncertainty,"nmpc+learned[model=gdn_mix2,filt=1,gate=1,ffu=1,qyaw=1,obs=1,aci=1,obsm=0.01]",3,6.705223798751831,2,0.7530996015936255,8.490049150824339,16.802362680900842,0.0508130081300813,492
0.08871304587849288,0.09885956511105196,0.20874562808104863,8.873000341192213,8.873000341192213,6914.148702138765,34.86590531668933,0.3466135458167331,0.03329197685029128,0.0,0.0,obsx_stress,uncertainty,"nmpc+learned[model=gdn_mix2,filt=1,gate=1,ffu=1,qyaw=1,obs=1,aci=1,obsm=0.01]",4,3.28106689453125,12,0.3445557768924302,4.084134312064584,10.166299063712358,0.052845528455284556,492
0.09393273519999366,0.10493570200272925,0.2167039239207034,1.7129342627927409,1.7129342627927409,7027.322807992503,33.376474312787984,0.3466135458167331,0.02897597172440694,0.0,0.0,obsx_stress,uncertainty,"nmpc+learned[model=gdn_mix2,filt=1,gate=1,ffu=1,qyaw=1,obs=1,aci=1,obsm=0.01]",5,10.795191526412964,0,1.327519920318725,13.958485526184875,22.835055019240826,0.056910569105691054,492
0.14010081035835495,0.15606780082240834,0.297347966864933,1.035532537201723,1.035532537201723,9718.935813280506,34.01842256209496,0.5199203187250996,0.028981983554167035,0.0,0.0,obsx_stress,uncertainty,"nmpc+learned[model=gdn_mix2,filt=1,gate=1,ffu=1,qyaw=1,obs=1,aci=1,obsm=0.01]",6,3.597419500350952,2,0.39166533864541836,4.5777675440624,16.880023316480244,0.04878048780487805,492
0.09062830788272334,0.1010848212484809,0.17887622044408974,2.5283533870635235,2.5283533870635235,6597.071231318278,57.37942099385908,0.28087649402390436,0.03183556299187881,0.0,0.0,obsx_stress,uncertainty,"nmpc+learned[model=gdn_mix2,filt=1,gate=1,ffu=1,qyaw=1,obs=1,aci=1,obsm=0.01]",7,7.285569190979004,0,0.6978864541832669,9.279470202472224,16.97256549727172,0.0508130081300813,492
0.14671976784800797,0.1638292380526887,0.802550690158242,4.830643367888585,4.830643367888585,8132.676991243279,130.11120444511127,0.3784860557768924,0.03297826620603744,0.0,0.0,obsx_stress,uncertainty,"nmpc+learned[model=gdn_mix2,filt=1,gate=1,ffu=1,qyaw=1,obs=1,aci=1,obsm=0.01]",8,3.793808698654175,6,0.3797171314741036,4.723924386085,10.592898062895983,0.07113821138211382,492
0.07071770995262348,0.07894441074014491,0.1283170855125144,2.5075013671396276,2.5075013671396276,6333.138075796096,20.309995642605013,0.20119521912350596,0.034470027864901054,0.0,0.0,obsx_stress,uncertainty,"nmpc+learned[model=gdn_mix2,filt=1,gate=1,ffu=1,qyaw=1,obs=1,aci=1,obsm=0.01]",9,3.3273396492004395,0,0.3318486055776892,4.079021750930771,12.47895956737921,0.04878048780487805,492
0.07368532070157788,0.08165225305924563,0.11927341469548251,1.5767872218999734,1.5767872218999734,6669.67802943678,24.812103036153292,0.14143426294820718,0.018593586025211384,0.0,0.0,obsx_stress,uncertainty,"nmpc+learned[model=gdn_mix2,filt=1,gate=1,ffu=1,qyaw=1,obs=1,aci=1,obsm=0.01]",10,3.2044942378997803,0,0.3406414342629482,3.924727163451957,10.262928255833687,0.04878048780487805,492
0.0837559021006923,0.0934151818096168,0.14698698154196027,1.0824888973872768,1.082488897387277,7493.593534175208,21.78038289415632,0.2848605577689243,0.03322998319671083,0.0,0.0,obsx_stress,uncertainty,"nmpc+learned[model=gdn_mix2,filt=1,gate=1,ffu=1,qyaw=1,obs=1,aci=1,obsm=0.01]",11,3.55861234664917,1,0.35914741035856573,4.382020044344593,10.398025354370475,0.06504065040650407,492
0.0889485619319502,0.09885037937470878,0.14878615981225723,1.2613042253557085,1.2613042253557085,5073.394550176422,17.838161455229542,0.35258964143426297,0.0310495427781306,0.0,0.0,obsx_stress,uncertainty,"nmpc+learned[model=gdn_mix2,filt=1,gate=1,ffu=1,qyaw=1,obs=1,aci=1,obsm=0.01]",12,7.390249729156494,0,0.7559541832669323,9.377543573764958,17.76965529890731,0.0508130081300813,492
0.1028832354016288,0.114861950033036,0.18877436167471867,2.066875066532801,2.066875066532801,7972.662342598976,56.49978475201967,0.5239043824701195,0.02208676357689912,0.0,0.0,obsx_stress,uncertainty,"nmpc+learned[model=gdn_mix2,filt=1,gate=1,ffu=1,qyaw=1,obs=1,aci=1,obsm=0.01]",13,5.848764181137085,0,0.6010498007968127,7.420598661463959,16.91289219306782,0.0508130081300813,492
0.12526224536640362,0.1398424844124417,0.25184766581989887,2.0432444549991153,2.0432444549991153,6115.1323257669,41.08953938639318,0.5637450199203188,0.009518838692183118,0.0,0.0,obsx_stress,uncertainty,"nmpc+learned[model=gdn_mix2,filt=1,gate=1,ffu=1,qyaw=1,obs=1,aci=1,obsm=0.01]",14,7.548723220825195,0,0.9675657370517928,9.674946896256916,19.618477739859372,0.06300813008130081,492
0.14538753753891762,0.16230225125003753,0.2706029903101907,2.0587284304321387,2.0587284304321387,8149.431670266531,30.94260433426891,0.5856573705179283,0.02494762802488465,0.0,0.0,obsx_stress,uncertainty,"nmpc+learned[model=gdn_mix2,filt=1,gate=1,ffu=1,qyaw=1,obs=1,aci=1,obsm=0.01]",15,2.8728652000427246,0,0.337093625498008,3.5555751667732736,6.874721967615187,0.052845528455284556,492
0.053655293306541604,0.05980827117434232,0.1362753725878737,1.2710471226733848,1.2710471226733848,5396.0423975699305,27.28553800818316,0.09362549800796813,0.0336896493117646,0.0,0.0,obsx_stress,uncertainty,"nmpc+learned[model=gdn_mix2,filt=1,gate=1,ffu=1,qyaw=1,obs=1,aci=1,obsm=0.01]",16,3.2595090866088867,0,0.33679083665338644,4.060940274345389,10.012929327785969,0.04878048780487805,492
0.042203950046548956,0.047047981963751595,0.09954854444712438,0.7092953241125756,0.7092953241125756,5373.20441799727,22.420630133324533,0.0,0.015765777611415288,0.0,0.0,obsx_stress,uncertainty,"nmpc+learned[model=gdn_mix2,filt=1,gate=1,ffu=1,qyaw=1,obs=1,aci=1,obsm=0.01]",17,8.660387754440308,0,0.7407589641434263,11.051897843093778,17.733976594172418,0.046747967479674794,492
0.11552242617622015,0.12894040201436777,0.2200900785593751,3.0703755495858043,3.0703755495858043,9142.425220785211,43.419067476499606,0.4302788844621514,0.026996770305087847,0.0,0.0,obsx_stress,uncertainty,"nmpc+learned[model=gdn_mix2,filt=1,gate=1,ffu=1,qyaw=1,obs=1,aci=1,obsm=0.01]",18,3.5768935680389404,0,0.4822549800796812,4.553797667794138,12.842544952873157,0.06097560975609756,492
0.12301528438391054,0.13735414477009136,0.22071514337800205,6.4667711123888845,6.4667711123888845,8524.363113156369,47.58607973891867,0.4940239043824701,0.022984574344418696,0.0,0.0,obsx_stress,uncertainty,"nmpc+learned[model=gdn_mix2,filt=1,gate=1,ffu=1,qyaw=1,obs=1,aci=1,obsm=0.01]",19,2.946688652038574,0,0.323707171314741,3.6589010485050926,4.94369707768783,0.06097560975609756,492
0.1175004059256763,0.1311540050345515,0.2703496719409636,1.2129880819774763,1.2129880819774763,6274.117617835675,32.14844222990304,0.39641434262948205,0.024466515313078085,0.0,0.0,obsx_stress,wind,"nmpc+learned[model=gdn_mix2,filt=1,gate=1,ffu=1,qyaw=1,obs=1,aci=1,obsm=0.01]",0,3.156747579574585,0,0.3320139442231076,3.9360774078024217,10.134917669929566,0.0508130081300813,492
0.06527923317133691,0.07276548947420212,0.1424044208361098,0.8645351687141527,0.8645351687141527,6687.116630031953,40.06893958970887,0.1294820717131474,0.024324323995139785,0.0,0.0,obsx_stress,wind,"nmpc+learned[model=gdn_mix2,filt=1,gate=1,ffu=1,qyaw=1,obs=1,aci=1,obsm=0.01]",1,8.132461786270142,0,0.8056912350597609,10.410145747909448,22.741856856737286,0.0508130081300813,492
0.08903941059025283,0.09927369283170547,0.2020041306871764,3.2068800162431392,3.2068800162431392,5899.548221355834,49.29728615254596,0.2649402390438247,0.03460349148528169,0.0,0.0,obsx_stress,wind,"nmpc+learned[model=gdn_mix2,filt=1,gate=1,ffu=1,qyaw=1,obs=1,aci=1,obsm=0.01]",2,3.1197280883789062,0,0.31701792828685255,3.883078134065843,4.8318864707835045,0.04878048780487805,492
0.16221310954239648,0.18103977708621946,0.37748572050351376,1.909471059200279,1.909471059200279,8101.569956933446,35.80079062199896,0.6334661354581673,0.029351450533415757,0.0,0.0,obsx_stress,wind,"nmpc+learned[model=gdn_mix2,filt=1,gate=1,ffu=1,qyaw=1,obs=1,aci=1,obsm=0.01]",3,3.044389247894287,0,0.3410378486055777,3.7569361094170177,5.26788539486006,0.0508130081300813,492
0.08900701126952189,0.0989420026734151,0.1888035154370667,5.8353721302761,5.8353721302761,6036.264905389503,38.86873195676767,0.35258964143426297,0.0349082933547063,0.0,0.0,obsx_stress,wind,"nmpc+learned[model=gdn_mix2,filt=1,gate=1,ffu=1,qyaw=1,obs=1,aci=1,obsm=0.01]",4,3.085510730743408,12,0.323292828685259,3.847756948084589,4.314897635485977,0.0508130081300813,492
0.09014882651184447,0.10056690223357498,0.19514868384271702,1.7577906382688921,1.7577906382688921,6208.237258680509,31.20349602239552,0.2968127490039841,0.02913563578593184,0.0,0.0,obsx_stress,wind,"nmpc+learned[model=gdn_mix2,filt=1,gate=1,ffu=1,qyaw=1,obs=1,aci=1,obsm=0.01]",5,8.575686693191528,0,1.0832350597609564,10.932256085464205,22.74609249085188,0.05894308943089431,492
0.13634257299002256,0.1516915796838318,0.29827316712515844,1.0741779283097002,1.0741779283097002,7930.476219228815,29.701162255460346,0.4960159362549801,0.03223902372802179,0.0,0.0,obsx_stress,wind,"nmpc+learned[model=gdn_mix2,filt=1,gate=1,ffu=1,qyaw=1,obs=1,aci=1,obsm=0.01]",6,8.418954849243164,1,0.9479282868525897,10.822116260498435,17.727786940522492,0.0508130081300813,492
0.08067319124589563,0.08929299098649766,0.1647887327501405,1.6306708567069457,1.6306708567069457,6971.9565609776255,51.68000973998935,0.20916334661354583,0.027557823033018264,0.0,0.0,obsx_stress,wind,"nmpc+learned[model=gdn_mix2,filt=1,gate=1,ffu=1,qyaw=1,obs=1,aci=1,obsm=0.01]",7,3.064887523651123,0,0.3478147410358566,3.844729550943461,9.90243106847629,0.0508130081300813,492
0.08753451925068396,0.09759227241708816,0.14471565949544207,1.143012435413984,1.143012435413984,6961.520958559221,36.08209421118505,0.37649402390438247,0.032788448175398555,0.0,0.0,obsx_stress,wind,"nmpc+learned[model=gdn_mix2,filt=1,gate=1,ffu=1,qyaw=1,obs=1,aci=1,obsm=0.01]",8,3.696922779083252,0,0.35680079681274895,4.620739448058652,10.439482391811907,0.06504065040650407,492
0.08347178413215289,0.09289787488770294,0.16480648557381203,3.949862732389024,3.949862732389024,5557.903082701095,30.31217652886371,0.2788844621513944,0.03450664388817021,0.0,0.0,obsx_stress,wind,"nmpc+learned[model=gdn_mix2,filt=1,gate=1,ffu=1,qyaw=1,obs=1,aci=1,obsm=0.01]",9,3.256730794906616,0,0.31512948207171315,4.056110742976852,5.86935894098133,0.04878048780487805,492
0.07738976470562635,0.08528974097773744,0.11922874042424765,1.5265459640909906,1.5265459640909904,6399.734666244533,24.621160444187698,0.1454183266932271,0.020264848341859182,0.0,0.0,obsx_stress,wind,"nmpc+learned[model=gdn_mix2,filt=1,gate=1,ffu=1,qyaw=1,obs=1,aci=1,obsm=0.01]",10,3.721520185470581,0,0.4410717131474103,4.616226905407718,13.622801268938943,0.04878048780487805,492
0.07478518575839771,0.08319194612539697,0.13153790065399218,1.1689253122865968,1.1689253122865968,7086.876362140154,24.95329535742498,0.20318725099601595,0.03215595589563619,0.0,0.0,obsx_stress,wind,"nmpc+learned[model=gdn_mix2,filt=1,gate=1,ffu=1,qyaw=1,obs=1,aci=1,obsm=0.01]",11,7.795871734619141,1,0.8751035856573706,9.81948285714252,16.931704625021666,0.06504065040650407,492
0.08863121685319132,0.09813564234879367,0.15368616350848474,1.0490931529224834,1.0490931529224834,6470.538707425531,20.43869423046723,0.32669322709163345,0.025810749465958294,0.0,0.0,obsx_stress,wind,"nmpc+learned[model=gdn_mix2,filt=1,gate=1,ffu=1,qyaw=1,obs=1,aci=1,obsm=0.01]",12,3.1143789291381836,0,0.329788844621514,3.8834577871568174,8.119194523897026,0.0508130081300813,492
0.09770940261424227,0.10882772351740301,0.16627986647068724,2.085740364434488,2.085740364434488,7798.019670860004,58.19789726828144,0.4900398406374502,0.02314405900235289,0.0,0.0,obsx_stress,wind,"nmpc+learned[model=gdn_mix2,filt=1,gate=1,ffu=1,qyaw=1,obs=1,aci=1,obsm=0.01]",13,2.8918778896331787,0,0.3138964143426295,3.5724838693770935,6.823525859508664,0.0508130081300813,492
0.11406182658889535,0.126926460475346,0.18970813962052568,2.1259921841319365,2.1259921841319365,5657.095159533558,44.0474637614309,0.5637450199203188,0.006626742045937606,0.0,0.0,obsx_stress,wind,"nmpc+learned[model=gdn_mix2,filt=1,gate=1,ffu=1,qyaw=1,obs=1,aci=1,obsm=0.01]",14,2.918865442276001,0,0.31652589641434264,3.6096759715611,5.33288789447397,0.056910569105691054,492
0.12632802303988494,0.1409998383909995,0.24939012884308054,2.427229658144791,2.427229658144791,8020.254465430189,28.55175014153075,0.5717131474103586,0.03119747381535068,0.0,0.0,obsx_stress,wind,"nmpc+learned[model=gdn_mix2,filt=1,gate=1,ffu=1,qyaw=1,obs=1,aci=1,obsm=0.01]",15,3.182518243789673,0,0.369312749003984,3.9554503774159104,7.769340171944352,0.052845528455284556,492
0.05648043916165755,0.061896991744348054,0.12635539114178193,1.0598297794600182,1.0598297794600182,5811.478553157594,28.117019630587052,0.07768924302788845,0.031388854706340785,0.0,0.0,obsx_stress,wind,"nmpc+learned[model=gdn_mix2,filt=1,gate=1,ffu=1,qyaw=1,obs=1,aci=1,obsm=0.01]",16,7.501044273376465,0,0.8121613545816733,9.627267199779947,16.91122775664553,0.04878048780487805,492
0.043059422845964354,0.04767162465463731,0.09846534431301791,1.1412355907188085,1.1412355907188085,5713.578106663913,25.371594084973296,0.0,0.017498173203258305,0.0,0.0,obsx_stress,wind,"nmpc+learned[model=gdn_mix2,filt=1,gate=1,ffu=1,qyaw=1,obs=1,aci=1,obsm=0.01]",17,3.5188422203063965,0,0.3219203187250995,4.540342246683173,10.306509227957577,0.046747967479674794,492
0.11454265437539798,0.12771454017707307,0.25973357809701064,11.927190367892301,11.927190367892301,8652.19840268861,81.7708819456604,0.39243027888446214,0.00430929447327133,0.0,0.0,obsx_stress,wind,"nmpc+learned[model=gdn_mix2,filt=1,gate=1,ffu=1,qyaw=1,obs=1,aci=1,obsm=0.01]",18,2.9829604625701904,1,0.32269721115537847,3.8182183880306986,6.016903198324149,0.052845528455284556,492
0.12133540713269023,0.13511769202461968,0.21737027530955075,4.230691580032174,4.230691580032174,8625.496097628582,38.34677049850631,0.5179282868525896,0.03372181888644951,0.0,0.0,obsx_stress,wind,"nmpc+learned[model=gdn_mix2,filt=1,gate=1,ffu=1,qyaw=1,obs=1,aci=1,obsm=0.01]",19,3.2865021228790283,0,0.34132868525896415,4.049160717652583,6.646720988210293,0.056910569105691054,492
