rmse,rmse_after1s,max_err,heading_deg,heading_wrapped_deg,cmd_rate,max_tilt_deg,tube10_viol,min_clear,collision,coll_frac,regime,experiment,controller,trial,wall_s,solve_fail,solve_ms,ctrl_ms,ctrl_p99_ms,aci_miss,aci_n,error
0.09804949824863408,0.10952554002114107,0.2313410927968778,0.6803057385596925,0.6803057385596925,1003.1769427546939,24.621212019415587,0.2908366533864542,0.009471484399092567,0.0,0.0,obsx,force,"nmpc+kf[r_v=0.15,r_w=0.15,q_F=10,q_tau=1,filt=1,gate=1,ffu=1,qyaw=1,obs=1,aci=1,obsm=0.01]",0,4.969632148742676,0,0.7210976095617531,5.432854556344984,11.75043920520693,0.042682926829268296,492,
0.04026779836531222,0.04496517126582347,0.11074902101436229,0.35402173864662384,0.35402173864662384,1020.1139914438062,32.385363234701295,0.03187250996015936,0.011578678762228123,0.0,0.0,obsx,force,"nmpc+kf[r_v=0.15,r_w=0.15,q_F=10,q_tau=1,filt=1,gate=1,ffu=1,qyaw=1,obs=1,aci=1,obsm=0.01]",1,7.232161045074463,0,0.7878446215139443,7.672531254760238,13.023321731016042,0.042682926829268296,492,
0.06327993806744438,0.07068731335262039,0.13029901901024724,0.7358135015015945,0.7358135015015945,1199.903646237689,35.674241567156436,0.1294820717131474,0.011767607980319672,0.0,0.0,obsx,force,"nmpc+kf[r_v=0.15,r_w=0.15,q_F=10,q_tau=1,filt=1,gate=1,ffu=1,qyaw=1,obs=1,aci=1,obsm=0.01]",2,4.253189563751221,0,0.526597609561753,4.559018712702293,10.087088632863017,0.042682926829268296,492,
0.13361827371678242,0.14930682505170373,0.33485654015948113,0.6170365288115393,0.6170365288115393,1151.314462456282,27.65223935419175,0.3545816733067729,0.011988684932672855,0.0,0.0,obsx,force,"nmpc+kf[r_v=0.15,r_w=0.15,q_F=10,q_tau=1,filt=1,gate=1,ffu=1,qyaw=1,obs=1,aci=1,obsm=0.01]",3,3.248286724090576,0,0.44252589641434265,3.47877464598542,8.88804041547701,0.042682926829268296,492,
0.06586377862050902,0.07354436533864023,0.13129753582259382,0.7380688524784637,0.7380688524784637,873.2076029136937,25.66075636964384,0.10756972111553785,0.013205529414353767,0.0,0.0,obsx,force,"nmpc+kf[r_v=0.15,r_w=0.15,q_F=10,q_tau=1,filt=1,gate=1,ffu=1,qyaw=1,obs=1,aci=1,obsm=0.01]",4,2.359076976776123,0,0.3061673306772908,2.5211130264233725,5.364658206235618,0.042682926829268296,492,
0.06566278609531562,0.07335877778099745,0.12025422851644119,0.42043264766608235,0.42043264766608235,851.2267545743292,14.506160770554024,0.08167330677290836,0.012651959141083913,0.0,0.0,obsx,force,"nmpc+kf[r_v=0.15,r_w=0.15,q_F=10,q_tau=1,filt=1,gate=1,ffu=1,qyaw=1,obs=1,aci=1,obsm=0.01]",5,7.76960825920105,0,0.9015338645418327,8.340728029968641,14.980164929293098,0.042682926829268296,492,
0.11497309171009877,0.12827691202780567,0.2618602838410593,1.246076664745529,1.246076664745529,1359.9725801075576,30.572680723359937,0.3207171314741036,0.012607740999220296,0.0,0.0,obsx,force,"nmpc+kf[r_v=0.15,r_w=0.15,q_F=10,q_tau=1,filt=1,gate=1,ffu=1,qyaw=1,obs=1,aci=1,obsm=0.01]",6,3.5446293354034424,0,0.5174621513944223,3.8357728032907286,8.826641109772027,0.042682926829268296,492,
0.06566583437857533,0.07334143786075412,0.14982302156455565,0.6359378932103064,0.6359378932103064,1207.5090792099359,48.097468426039505,0.14143426294820718,0.012302809822669708,0.0,0.0,obsx,force,"nmpc+kf[r_v=0.15,r_w=0.15,q_F=10,q_tau=1,filt=1,gate=1,ffu=1,qyaw=1,obs=1,aci=1,obsm=0.01]",7,5.7693963050842285,0,0.6585597609561753,6.0652991983134195,9.967994473408908,0.042682926829268296,492,
0.07003624046501737,0.07823514020669706,0.1200935123012275,0.40551412328046016,0.40551412328046016,1039.3133444462837,28.043741214379022,0.1454183266932271,0.012489240564878573,0.0,0.0,obsx,force,"nmpc+kf[r_v=0.15,r_w=0.15,q_F=10,q_tau=1,filt=1,gate=1,ffu=1,qyaw=1,obs=1,aci=1,obsm=0.01]",8,8.473567962646484,0,0.9875338645418328,8.95253735997035,15.378044585231693,0.042682926829268296,492,
0.05163057719864159,0.05765432090222301,0.100075687770915,0.34939460161031044,0.3493946016103104,780.9358320835062,15.007934383218112,0.00398406374501992,0.01316545951258874,0.0,0.0,obsx,force,"nmpc+kf[r_v=0.15,r_w=0.15,q_F=10,q_tau=1,filt=1,gate=1,ffu=1,qyaw=1,obs=1,aci=1,obsm=0.01]",9,7.040497541427612,0,0.7580298804780877,7.453153467369804,12.897200230509048,0.042682926829268296,492,
0.041729579885725676,0.04659152509412528,0.06910696694887712,0.47370463815205394,0.47370463815205394,790.5606712220253,14.82371478233788,0.0,0.0122906609960165,0.0,0.0,obsx,force,"nmpc+kf[r_v=0.15,r_w=0.15,q_F=10,q_tau=1,filt=1,gate=1,ffu=1,qyaw=1,obs=1,aci=1,obsm=0.01]",10,7.434864044189453,0,0.9375577689243028,7.939442884607382,12.713991873897617,0.042682926829268296,492,
0.04941821357836509,0.05515106373140737,0.10096195750181021,0.2461318599755931,0.2461318599755931,730.0381924107426,14.831650478454865,0.013944223107569721,0.012997355558216517,0.0,0.0,obsx,force,"nmpc+kf[r_v=0.15,r_w=0.15,q_F=10,q_tau=1,filt=1,gate=1,ffu=1,qyaw=1,obs=1,aci=1,obsm=0.01]",11,6.617900133132935,0,0.8137450199203188,7.069128469018584,12.946764586959038,0.042682926829268296,492,
0.06724573467727384,0.07498314104127442,0.11314221610760561,0.49537757393227544,0.49537757393227544,878.33240192468,18.031326910745147,0.13147410358565736,0.011275925820895344,0.0,0.0,obsx,force,"nmpc+kf[r_v=0.15,r_w=0.15,q_F=10,q_tau=1,filt=1,gate=1,ffu=1,qyaw=1,obs=1,aci=1,obsm=0.01]",12,8.4037926197052,0,0.9627549800796813,8.89170319222255,14.921913319267334,0.042682926829268296,492,
0.08085748455908645,0.0903398394386544,0.13080104721372138,0.7980257648444309,0.7980257648444309,1659.9569642233569,24.40703717311062,0.2948207171314741,0.012212837224979511,0.0,0.0,obsx,force,"nmpc+kf[r_v=0.15,r_w=0.15,q_F=10,q_tau=1,filt=1,gate=1,ffu=1,qyaw=1,obs=1,aci=1,obsm=0.01]",13,3.85420823097229,0,0.49816334661354583,4.164279644485132,9.016598465386778,0.042682926829268296,492,
0.05951736950963828,0.06649362436007752,0.10009517844269071,0.2601871725250768,0.2601871725250768,767.9445452519257,12.258301966617037,0.00597609561752988,0.013432780152560109,0.0,0.0,obsx,force,"nmpc+kf[r_v=0.15,r_w=0.15,q_F=10,q_tau=1,filt=1,gate=1,ffu=1,qyaw=1,obs=1,aci=1,obsm=0.01]",14,5.75771164894104,0,0.8072649402390438,6.164662529291414,12.130813014227897,0.042682926829268296,492,
0.10528908608767755,0.11754756413892462,0.19593979042377888,0.4223649044224076,0.4223649044224076,1212.7359438866088,19.05372316744512,0.4203187250996016,0.012951462889935761,0.0,0.0,obsx,force,"nmpc+kf[r_v=0.15,r_w=0.15,q_F=10,q_tau=1,filt=1,gate=1,ffu=1,qyaw=1,obs=1,aci=1,obsm=0.01]",15,2.880812406539917,0,0.40726294820717135,3.108415153411874,6.290894711855799,0.042682926829268296,492,
0.04324095243337959,0.04829537622053459,0.10867828296733628,0.7025711859815207,0.7025711859815207,1034.5542884413983,24.524370317483978,0.043824701195219126,0.00903804425069582,0.0,0.0,obsx,force,"nmpc+kf[r_v=0.15,r_w=0.15,q_F=10,q_tau=1,filt=1,gate=1,ffu=1,qyaw=1,obs=1,aci=1,obsm=0.01]",16,2.954240322113037,0,0.42011155378486054,3.234462787033582,9.296870985999705,0.042682926829268296,492,
0.03024648595110546,0.03374765970362873,0.06640248592119385,0.32275434652548324,0.32275434652548324,707.6093162041349,13.880738739004977,0.0,0.012971658108462847,0.0,0.0,obsx,force,"nmpc+kf[r_v=0.15,r_w=0.15,q_F=10,q_tau=1,filt=1,gate=1,ffu=1,qyaw=1,obs=1,aci=1,obsm=0.01]",17,7.441808223724365,0,0.9172430278884462,7.903286266563631,14.08226664410905,0.042682926829268296,492,
0.057960347143229715,0.06467844079397793,0.10357964413158671,0.5450248299388483,0.5450248299388484,1448.767436912193,34.17028749094572,0.03187250996015936,0.008475822513386022,0.0,0.0,obsx,force,"nmpc+kf[r_v=0.15,r_w=0.15,q_F=10,q_tau=1,filt=1,gate=1,ffu=1,qyaw=1,obs=1,aci=1,obsm=0.01]",18,4.9882025718688965,0,0.7594601593625498,5.447041548035327,9.720240344759077,0.042682926829268296,492,
0.09121646345678905,0.10185598238927647,0.1614117673285703,0.5289230962566771,0.5289230962566771,1139.2159158254062,18.104366359688253,0.4103585657370518,0.012037012698472127,0.0,0.0,obsx,force,"nmpc+kf[r_v=0.15,r_w=0.15,q_F=10,q_tau=1,filt=1,gate=1,ffu=1,qyaw=1,obs=1,aci=1,obsm=0.01]",19,2.352076292037964,0,0.32181673306772907,2.5419778022655395,8.618565048091114,0.042682926829268296,492,
0.09623573080833757,0.10749831953836073,0.2298433109541973,0.6437082306488361,0.6437082306488361,1018.529637303621,23.825732950593395,0.2749003984063745,0.011091451662152974,0.0,0.0,obsx,force,"nmpc+mmae[filt=1,forget=0.95,gate=1,ffu=1,qyaw=1,obs=1,aci=1,obsm=0.01]",0,7.384503602981567,0,0.7439621513944223,8.35001795966386,15.745917740277944,0.042682926829268296,492,
0.04140009657690855,0.04623112670825579,0.11190282099325585,0.3584317103842029,0.3584317103842028,987.5904219843803,32.51128777542397,0.03386454183266932,0.011835781294770753,0.0,0.0,obsx,force,"nmpc+mmae[filt=1,forget=0.95,gate=1,ffu=1,qyaw=1,obs=1,aci=1,obsm=0.01]",1,7.422942876815796,0,0.752703187250996,8.475830826715406,21.628664834424853,0.042682926829268296,492,
0.06026510022049911,0.0673169266521217,0.1294032538912035,0.6962267775382024,0.6962267775382024,1054.5164006588839,36.40536842291037,0.12350597609561753,0.012628654846101428,0.0,0.0,obsx,force,"nmpc+mmae[filt=1,forget=0.95,gate=1,ffu=1,qyaw=1,obs=1,aci=1,obsm=0.01]",2,9.525280237197876,0,1.1158884462151395,11.040498142175197,21.706747158896178,0.042682926829268296,492,
0.1338030253730585,0.14951356273192107,0.3351022110625115,0.6264790609623709,0.6264790609623709,1057.0272734345076,27.915376731944928,0.350597609561753,0.01276956320254552,0.0,0.0,obsx,force,"nmpc+mmae[filt=1,forget=0.95,gate=1,ffu=1,qyaw=1,obs=1,aci=1,obsm=0.01]",3,6.084722518920898,0,0.6051593625498008,6.948585282042771,13.619748526252817,0.042682926829268296,492,
0.062433622677745396,0.0697306622338854,0.12447254740245599,0.7532888874333443,0.7532888874333443,941.479111792913,22.49092746705245,0.09561752988047809,0.01310276491363943,0.0,0.0,obsx,force,"nmpc+mmae[filt=1,forget=0.95,gate=1,ffu=1,qyaw=1,obs=1,aci=1,obsm=0.01]",4,9.13040566444397,0,1.0969980079681276,10.588822098805077,21.692222214769572,0.042682926829268296,492,
0.06445616134442676,0.07201012889450317,0.12108563900979669,0.4160311177595291,0.4160311177595291,960.7434150181081,14.297595887884148,0.08366533864541832,0.012947470973885267,0.0,0.0,obsx,force,"nmpc+mmae[filt=1,forget=0.95,gate=1,ffu=1,qyaw=1,obs=1,aci=1,obsm=0.01]",5,9.257192134857178,0,1.423093625498008,11.138101947861186,21.704373797401786,0.042682926829268296,492,
0.11446722687839626,0.12771193911410386,0.2628620694889433,1.2370081925883822,1.2370081925883822,1332.9251946341412,29.76708688518741,0.3187250996015936,0.012650953272242915,0.0,0.0,obsx,force,"nmpc+mmae[filt=1,forget=0.95,gate=1,ffu=1,qyaw=1,obs=1,aci=1,obsm=0.01]",6,8.06563425064087,0,0.9158924302788846,9.364144224487987,18.620453751646,0.042682926829268296,492,
0.06445613875610547,0.07198937759782648,0.1465204593521208,0.5976131117073167,0.5976131117073167,1198.5603769972693,47.854940691965034,0.13147410358565736,0.01230985904707374,0.0,0.0,obsx,force,"nmpc+mmae[filt=1,forget=0.95,gate=1,ffu=1,qyaw=1,obs=1,aci=1,obsm=0.01]",7,7.760180950164795,0,0.8376792828685258,8.924973866089704,19.658637673128396,0.042682926829268296,492,
0.06574832673897192,0.07344469673086243,0.11512107789075275,0.43422523031911997,0.43422523031911997,931.0746557159597,28.255436137005297,0.11354581673306773,0.012706437520079716,0.0,0.0,obsx,force,"nmpc+mmae[filt=1,forget=0.95,gate=1,ffu=1,qyaw=1,obs=1,aci=1,obsm=0.01]",8,9.147134065628052,0,1.18806374501992,10.427500490948885,21.738696447573602,0.042682926829268296,492,
0.05159471038961865,0.05761409298046498,0.09946725040087134,0.3424837801765812,0.3424837801765812,817.3256063495838,13.945908148034569,0.0,0.012609401084174215,0.0,0.0,obsx,force,"nmpc+mmae[filt=1,forget=0.95,gate=1,ffu=1,qyaw=1,obs=1,aci=1,obsm=0.01]",9,9.3967125415802,0,1.470340637450199,11.307693941359114,21.805509901605546,0.042682926829268296,492,
0.03970816491565646,0.04433087165082992,0.06728705142701387,0.4596651080042511,0.4596651080042511,860.7491988221022,15.400156592726162,0.0,0.012695343684676064,0.0,0.0,obsx,force,"nmpc+mmae[filt=1,forget=0.95,gate=1,ffu=1,qyaw=1,obs=1,aci=1,obsm=0.01]",10,9.372040033340454,0,0.8387490039840637,10.426069442386854,21.733718218747526,0.042682926829268296,492,
0.04729066574640327,0.05277179688622989,0.10127851627469824,0.25786558342948673,0.25786558342948673,772.0050406270922,14.708409169115615,0.017928286852589643,0.013335092356295791,0.0,0.0,obsx,force,"nmpc+mmae[filt=1,forget=0.95,gate=1,ffu=1,qyaw=1,obs=1,aci=1,obsm=0.01]",11,6.514051198959351,0,0.8257330677290837,7.455516842646577,21.31375608500094,0.042682926829268296,492,
0.06519534029778197,0.07278523091789037,0.11329417671831908,0.4836542430984783,0.4836542430984783,964.2323151568422,16.841130860684842,0.10358565737051793,0.011501512529114799,0.0,0.0,obsx,force,"nmpc+mmae[filt=1,forget=0.95,gate=1,ffu=1,qyaw=1,obs=1,aci=1,obsm=0.01]",12,5.978359699249268,0,0.6782410358565738,6.818708246184209,15.696149901486933,0.042682926829268296,492,
0.07558261888573209,0.08444405206813335,0.11763983129663823,0.9346339711419118,0.9346339711419118,1611.4868932996956,21.89545092433728,0.23705179282868527,0.011864201307985489,0.0,0.0,obsx,force,"nmpc+mmae[filt=1,forget=0.95,gate=1,ffu=1,qyaw=1,obs=1,aci=1,obsm=0.01]",13,7.950212240219116,0,1.1058585657370517,9.243825878632586,21.66892284527421,0.042682926829268296,492,
0.059482974565482266,0.06645524318203964,0.10087190691961027,0.2568333889763866,0.2568333889763866,758.325676630032,12.146930962892393,0.01593625498007968,0.013407558936047559,0.0,0.0,obsx,force,"nmpc+mmae[filt=1,forget=0.95,gate=1,ffu=1,qyaw=1,obs=1,aci=1,obsm=0.01]",14,8.490796566009521,0,1.1025697211155379,9.813496266933255,21.68054192326963,0.042682926829268296,492,
0.10251484431249425,0.11445216779225663,0.19791371390402654,0.40916094751277143,0.40916094751277143,1277.9780624251364,20.470696989685187,0.3784860557768924,0.012568412977867982,0.0,0.0,obsx,force,"nmpc+mmae[filt=1,forget=0.95,gate=1,ffu=1,qyaw=1,obs=1,aci=1,obsm=0.01]",15,8.173278570175171,0,0.9391394422310756,9.439117471832203,21.549894474446774,0.042682926829268296,492,
0.041397742336599826,0.04623454567675438,0.10761677164393643,0.690506277287716,0.690506277287716,1093.3648939274055,24.15507796407177,0.0398406374501992,0.010198829600479131,0.0,0.0,obsx,force,"nmpc+mmae[filt=1,forget=0.95,gate=1,ffu=1,qyaw=1,obs=1,aci=1,obsm=0.01]",16,8.423484802246094,0,1.7449322709163346,10.174617585930157,27.61648507323116,0.042682926829268296,492,
0.02835061858219959,0.03163767965517163,0.06548482047137377,0.2811116775262424,0.2811116775262424,844.3025973736708,13.748961979098137,0.0,0.012871585097418703,0.0,0.0,obsx,force,"nmpc+mmae[filt=1,forget=0.95,gate=1,ffu=1,qyaw=1,obs=1,aci=1,obsm=0.01]",17,10.869370222091675,0,1.2302828685258964,12.379442758123535,24.576598899438988,0.042682926829268296,492,
0.05795459608342723,0.06470587929747192,0.10485477777644503,0.5380544883852012,0.5380544883852012,1502.9412450555544,34.20682373082071,0.043824701195219126,0.011193922524888988,0.0,0.0,obsx,force,"nmpc+mmae[filt=1,forget=0.95,gate=1,ffu=1,qyaw=1,obs=1,aci=1,obsm=0.01]",18,11.145534992218018,0,2.1060019920318727,13.491500560027283,24.79649311862886,0.042682926829268296,492,
0.08991203419850996,0.10039832597726271,0.15868863778044934,0.49080271219851324,0.49080271219851324,1088.894561690638,16.931728618845604,0.40039840637450197,0.01216525305145616,0.0,0.0,obsx,force,"nmpc+mmae[filt=1,forget=0.95,gate=1,ffu=1,qyaw=1,obs=1,aci=1,obsm=0.01]",19,7.135164022445679,0,1.0064342629482073,8.561151114708013,21.583233072888106,0.042682926829268296,492,
0.0953621365218964,0.10652127305067495,0.22823432252145195,0.5957576312203394,0.5957576312203394,953.9468592945077,22.68066193901353,0.2689243027888446,0.011740424835422814,0.0,0.0,obsx,no,"nmpc+kf[r_v=0.15,r_w=0.15,q_F=10,q_tau=1,filt=1,gate=1,ffu=1,qyaw=1,obs=1,aci=1,obsm=0.01]",0,9.10382866859436,0,0.9077490039840639,9.651028345231397,15.069189411588013,0.042682926829268296,492,
0.04222002515638319,0.04714827683513328,0.11389800185875103,0.34388880262945637,0.3438888026294564,1012.9999264164477,28.60420074513706,0.035856573705179286,0.011932563308970356,0.0,0.0,obsx,no,"nmpc+kf[r_v=0.15,r_w=0.15,q_F=10,q_tau=1,filt=1,gate=1,ffu=1,qyaw=1,obs=1,aci=1,obsm=0.01]",1,9.292942762374878,0,0.9658725099601593,9.820715678239841,15.109058984089643,0.042682926829268296,492,
0.06039235550236756,0.067459232075624,0.12859541824336185,0.5247933527029933,0.5247933527029933,1040.4033348759056,31.2577734469,0.1254980079681275,0.01227857302779689,0.0,0.0,obsx,no,"nmpc+kf[r_v=0.15,r_w=0.15,q_F=10,q_tau=1,filt=1,gate=1,ffu=1,qyaw=1,obs=1,aci=1,obsm=0.01]",2,4.136870384216309,0,0.5478087649402391,4.527787247067874,8.894664370454848,0.042682926829268296,492,
0.1337948719424942,0.1495041809738657,0.33516483679986814,0.5982719398683911,0.5982719398683911,1045.6936515268135,27.64771477724576,0.33665338645418325,0.01278599487570592,0.0,0.0,obsx,no,"nmpc+kf[r_v=0.15,r_w=0.15,q_F=10,q_tau=1,filt=1,gate=1,ffu=1,qyaw=1,obs=1,aci=1,obsm=0.01]",3,7.814807653427124,0,0.8434980079681275,8.5063743367012,15.270872830878943,0.042682926829268296,492,
0.06118722637308892,0.06835880538150486,0.12202690942820676,0.5427958768637979,0.5427958768637979,913.6289025548132,15.99673635704822,0.09362549800796813,0.012421831696891261,0.0,0.0,obsx,no,"nmpc+kf[r_v=0.15,r_w=0.15,q_F=10,q_tau=1,filt=1,gate=1,ffu=1,qyaw=1,obs=1,aci=1,obsm=0.01]",4,8.910649061203003,0,0.9915876494023905,9.488185357016723,15.102334041148426,0.042682926829268296,492,
0.0640546401720194,0.07156126080588023,0.12108284024885502,0.34814850514467266,0.34814850514467266,927.3765008974292,12.799842336048117,0.08565737051792828,0.012511921248439611,0.0,0.0,obsx,no,"nmpc+kf[r_v=0.15,r_w=0.15,q_F=10,q_tau=1,filt=1,gate=1,ffu=1,qyaw=1,obs=1,aci=1,obsm=0.01]",5,3.601284980773926,0,0.5201454183266933,3.8681631319714613,8.92812388483435,0.042682926829268296,492,
0.11412424327349718,0.12732683100140701,0.2624791394971987,0.7134468896447567,0.7134468896447567,1260.9808206765354,30.75771211722074,0.3187250996015936,0.012303712994708782,0.0,0.0,obsx,no,"nmpc+kf[r_v=0.15,r_w=0.15,q_F=10,q_tau=1,filt=1,gate=1,ffu=1,qyaw=1,obs=1,aci=1,obsm=0.01]",6,7.778189659118652,0,0.6669342629482071,8.253992307908922,13.182054446078837,0.042682926829268296,492,
0.06387286350907156,0.0713367471731269,0.14268684175687596,0.6165784735917618,0.6165784735917618,1154.123895531247,45.09728454539042,0.12749003984063745,0.012302809822669708,0.0,0.0,obsx,no,"nmpc+kf[r_v=0.15,r_w=0.15,q_F=10,q_tau=1,filt=1,gate=1,ffu=1,qyaw=1,obs=1,aci=1,obsm=0.01]",7,9.238613843917847,0,0.9570737051792829,9.813177691071305,15.407227620016785,0.042682926829268296,492,
0.06498105088717676,0.072595340081032,0.11300814207743375,0.4651835794169142,0.4651835794169142,793.4777997827568,25.34444122000809,0.10956175298804781,0.01216801365793671,0.0,0.0,obsx,no,"nmpc+kf[r_v=0.15,r_w=0.15,q_F=10,q_tau=1,filt=1,gate=1,ffu=1,qyaw=1,obs=1,aci=1,obsm=0.01]",8,3.2993648052215576,0,0.41622709163346616,3.47510961337067,8.921011523343623,0.042682926829268296,492,
0.05240424536687648,0.05851843769965642,0.09921854953848525,0.2915638541822381,0.2915638541822381,760.1223864272079,8.923367109125387,0.0,0.012665787259295347,0.0,0.0,obsx,no,"nmpc+kf[r_v=0.15,r_w=0.15,q_F=10,q_tau=1,filt=1,gate=1,ffu=1,qyaw=1,obs=1,aci=1,obsm=0.01]",9,8.37537407875061,0,0.9273286852589642,8.88043066599885,14.992230359930545,0.042682926829268296,492,
0.04006072467304026,0.04472493445296814,0.06745481774784776,0.3225232076332232,0.3225232076332232,802.0526230183904,9.316025558913536,0.0,0.012222623201988358,0.0,0.0,obsx,no,"nmpc+kf[r_v=0.15,r_w=0.15,q_F=10,q_tau=1,filt=1,gate=1,ffu=1,qyaw=1,obs=1,aci=1,obsm=0.01]",10,4.180392742156982,0,0.5460537848605578,4.469700302813663,9.014916447922587,0.042682926829268296,492,
0.046494225533247995,0.0518789949159548,0.10096195750181021,0.2121367314573278,0.2121367314573278,739.424326052247,12.485742584290941,0.013944223107569721,0.012997355558216517,0.0,0.0,obsx,no,"nmpc+kf[r_v=0.15,r_w=0.15,q_F=10,q_tau=1,filt=1,gate=1,ffu=1,qyaw=1,obs=1,aci=1,obsm=0.01]",11,4.803073167800903,0,0.6176115537848605,5.118360779103471,9.946202342398465,0.042682926829268296,492,
0.06527636878088552,0.07292278005593411,0.1131410581170879,0.32800514307051126,0.32800514307051126,876.0650337285626,13.742994957199523,0.10756972111553785,0.011276034294895432,0.0,0.0,obsx,no,"nmpc+kf[r_v=0.15,r_w=0.15,q_F=10,q_tau=1,filt=1,gate=1,ffu=1,qyaw=1,obs=1,aci=1,obsm=0.01]",12,7.521705865859985,0,0.8894501992031874,8.0665210799956,14.786580502986908,0.042682926829268296,492,
0.07646842236838663,0.08543420831207824,0.11856875124314961,0.7009813140283608,0.7009813140283608,1498.7846821918183,21.33188268734583,0.2649402390438247,0.011939023969912699,0.0,0.0,obsx,no,"nmpc+kf[r_v=0.15,r_w=0.15,q_F=10,q_tau=1,filt=1,gate=1,ffu=1,qyaw=1,obs=1,aci=1,obsm=0.01]",13,6.5257134437561035,0,0.7889581673306773,6.987246335947893,12.124895367305726,0.042682926829268296,492,
0.06046200565032989,0.06754947950721023,0.10175864598255671,0.22081193220063886,0.22081193220063886,767.310742505587,9.25148908764812,0.02390438247011952,0.01303495051393122,0.0,0.0,obsx,no,"nmpc+kf[r_v=0.15,r_w=0.15,q_F=10,q_tau=1,filt=1,gate=1,ffu=1,qyaw=1,obs=1,aci=1,obsm=0.01]",14,3.212190866470337,0,0.4210478087649402,3.4476405114447513,8.920221580192447,0.042682926829268296,492,
0.09970990995483615,0.11133799095566034,0.19635524987258843,0.3121216866389519,0.3121216866389519,1102.612378410329,11.913563952115254,0.3426294820717131,0.012474890611256062,0.0,0.0,obsx,no,"nmpc+kf[r_v=0.15,r_w=0.15,q_F=10,q_tau=1,filt=1,gate=1,ffu=1,qyaw=1,obs=1,aci=1,obsm=0.01]",15,8.692270040512085,0,0.9404262948207172,9.293472533952816,15.156547361984849,0.042682926829268296,492,
0.03949940403728252,0.044111870288007574,0.11044450589081807,0.43530211694485776,0.4353021169448578,998.3218015094088,21.85475592774346,0.045816733067729085,0.01227154423150112,0.0,0.0,obsx,no,"nmpc+kf[r_v=0.15,r_w=0.15,q_F=10,q_tau=1,filt=1,gate=1,ffu=1,qyaw=1,obs=1,aci=1,obsm=0.01]",16,3.1621780395507812,0,0.4132231075697211,3.4273914956632425,11.879966808483022,0.042682926829268296,492,
0.027770801855750597,0.031000857190167663,0.0651847495007779,0.2473377990311932,0.24733779903119318,687.3787678383023,13.795811959687393,0.0,0.01195620382507706,0.0,0.0,obsx,no,"nmpc+kf[r_v=0.15,r_w=0.15,q_F=10,q_tau=1,filt=1,gate=1,ffu=1,qyaw=1,obs=1,aci=1,obsm=0.01]",17,9.589527606964111,0,1.0060836653386453,10.108701498859908,15.192629226949066,0.042682926829268296,492,
0.05709272907500868,0.0637691978804629,0.1022738329396667,0.4677567656846758,0.46775676568467567,1109.0714629766067,29.495577672619774,0.03187250996015936,0.012014963950724489,0.0,0.0,obsx,no,"nmpc+kf[r_v=0.15,r_w=0.15,q_F=10,q_tau=1,filt=1,gate=1,ffu=1,qyaw=1,obs=1,aci=1,obsm=0.01]",18,3.954383373260498,0,0.5466693227091634,4.30278232890697,12.663382233586173,0.042682926829268296,492,
0.08991176257261031,0.10039689925852929,0.15871501720573564,0.48639402950856575,0.48639402950856575,1124.4917963965536,16.931978867348672,0.3944223107569721,0.012156243108471354,0.0,0.0,obsx,no,"nmpc+kf[r_v=0.15,r_w=0.15,q_F=10,q_tau=1,filt=1,gate=1,ffu=1,qyaw=1,obs=1,aci=1,obsm=0.01]",19,8.626134872436523,0,1.0227131474103583,9.406611537171223,15.169481551274659,0.042682926829268296,492,
0.0950052988879644,0.10612278286146541,0.2279655870580012,0.5878726267699725,0.5878726267699725,931.8017645165049,22.626564905081025,0.2689243027888446,0.011935959188775935,0.0,0.0,obsx,no,"nmpc+mmae[filt=1,forget=0.95,gate=1,ffu=1,qyaw=1,obs=1,aci=1,obsm=0.01]",0,8.977670669555664,0,0.7687011952191235,10.019276228518155,18.20284325862305,0.042682926829268296,492,
0.04206428014048612,0.046973851351895246,0.1138120098070638,0.35562305428869984,0.35562305428869984,980.8508789537983,28.135181454045416,0.035856573705179286,0.012564670334008377,0.0,0.0,obsx,no,"nmpc+mmae[filt=1,forget=0.95,gate=1,ffu=1,qyaw=1,obs=1,aci=1,obsm=0.01]",1,2.7945539951324463,0,0.3194183266932271,3.2030043829477344,6.636719214729965,0.042682926829268296,492,
0.06029821554126891,0.0673539476511446,0.12951804890432514,0.5120959606994193,0.5120959606994195,1017.1026060415926,31.919572019530882,0.12151394422310757,0.012678816504211876,0.0,0.0,obsx,no,"nmpc+mmae[filt=1,forget=0.95,gate=1,ffu=1,qyaw=1,obs=1,aci=1,obsm=0.01]",2,3.944028854370117,0,0.44583665338645423,4.478732988505486,8.129712762311103,0.042682926829268296,492,
0.13358203273813213,0.149266594639631,0.3351703801358155,0.5961182330210516,0.5961182330210516,1004.8086966570376,27.8693166778247,0.3346613545816733,0.012987389961468865,0.0,0.0,obsx,no,"nmpc+mmae[filt=1,forget=0.95,gate=1,ffu=1,qyaw=1,obs=1,aci=1,obsm=0.01]",3,2.5774707794189453,0,0.31882470119521916,2.9550308126963647,6.083676633425057,0.042682926829268296,492,
0.061110244064748916,0.06827262175388876,0.12190619218790578,0.5435130542099297,0.5435130542099297,913.8459230793214,16.444001960232043,0.09362549800796813,0.01267048277414462,0.0,0.0,obsx,no,"nmpc+mmae[filt=1,forget=0.95,gate=1,ffu=1,qyaw=1,obs=1,aci=1,obsm=0.01]",4,7.070281982421875,0,0.7604960159362549,8.006729645676822,15.600790809839964,0.042682926829268296,492,
0.0638835866355765,0.0713701264132106,0.12130900608546084,0.3515420955187568,0.3515420955187568,928.2549885326379,12.584615797192345,0.08366533864541832,0.012702086431423315,0.0,0.0,obsx,no,"nmpc+mmae[filt=1,forget=0.95,gate=1,ffu=1,qyaw=1,obs=1,aci=1,obsm=0.01]",5,3.4368679523468018,0,0.4077310756972112,3.9512941482072454,9.011071480344986,0.042682926829268296,492,
0.11403820919680903,0.12723175795845582,0.2626426501735377,0.7116055158765243,0.7116055158765243,1313.907897734138,29.75797767200474,0.31673306772908366,0.012621623508097646,0.0,0.0,obsx,no,"nmpc+mmae[filt=1,forget=0.95,gate=1,ffu=1,qyaw=1,obs=1,aci=1,obsm=0.01]",6,5.073383331298828,0,0.5270756972111554,5.784671301897839,12.46487324126065,0.042682926829268296,492,
0.06379098105802315,0.07124567276942954,0.14443500659215505,0.5790149765958009,0.5790149765958009,1145.7373414432825,45.72387648729355,0.1254980079681275,0.01230985904707374,0.0,0.0,obsx,no,"nmpc+mmae[filt=1,forget=0.95,gate=1,ffu=1,qyaw=1,obs=1,aci=1,obsm=0.01]",7,8.874630451202393,0,0.8532968127490039,9.911825629025401,18.679295845795423,0.042682926829268296,492,
0.06465387627592042,0.0722291937707246,0.11286355797994391,0.46926434853970944,0.46926434853970933,796.4844854299768,24.979309225247896,0.10557768924302789,0.012370242875048648,0.0,0.0,obsx,no,"nmpc+mmae[filt=1,forget=0.95,gate=1,ffu=1,qyaw=1,obs=1,aci=1,obsm=0.01]",8,10.83233380317688,0,1.9289422310756972,13.257099825710771,24.173433543182913,0.042682926829268296,492,
0.05196252251337259,0.05802471246921698,0.09925854707076635,0.2909479231988856,0.2909479231988856,766.800129949748,8.874010605867705,0.0,0.012683890979759305,0.0,0.0,obsx,no,"nmpc+mmae[filt=1,forget=0.95,gate=1,ffu=1,qyaw=1,obs=1,aci=1,obsm=0.01]",9,3.261739492416382,0,0.4013844621513944,3.730832210897776,9.431354878470303,0.042682926829268296,492,
0.03949009935327426,0.04408695549014421,0.06727922353813828,0.323307391669652,0.323307391669652,772.6025299212527,9.4452335419882,0.0,0.012265259736852885,0.0,0.0,obsx,no,"nmpc+mmae[filt=1,forget=0.95,gate=1,ffu=1,qyaw=1,obs=1,aci=1,obsm=0.01]",10,8.948670625686646,0,1.320804780876494,10.625871071829442,21.717700141016394,0.042682926829268296,492,
0.04642271818939033,0.05180049068625207,0.10127851627469824,0.21085296309720536,0.21085296309720536,744.8400003660403,11.872881372576861,0.017928286852589643,0.013293426783397844,0.0,0.0,obsx,no,"nmpc+mmae[filt=1,forget=0.95,gate=1,ffu=1,qyaw=1,obs=1,aci=1,obsm=0.01]",11,4.461533308029175,0,0.4885258964143426,5.048160677297093,9.452826457563788,0.042682926829268296,492,
0.06496083178146714,0.07256966639052148,0.1132930435018483,0.32801167394518643,0.32801167394518643,875.0709250391507,13.599337291261106,0.10358565737051793,0.01150199855490211,0.0,0.0,obsx,no,"nmpc+mmae[filt=1,forget=0.95,gate=1,ffu=1,qyaw=1,obs=1,aci=1,obsm=0.01]",12,7.003678560256958,0,0.9269342629482071,8.106659216605928,15.6571605312638,0.042682926829268296,492,
0.07575746104831424,0.08463947543572357,0.11765451432831461,0.6938515471522714,0.6938515471522714,1547.9645711275566,21.19369203533034,0.2589641434262948,0.011753205958538848,0.0,0.0,obsx,no,"nmpc+mmae[filt=1,forget=0.95,gate=1,ffu=1,qyaw=1,obs=1,aci=1,obsm=0.01]",13,2.9996612071990967,0,0.36005776892430275,3.4481426311352577,9.194081765599549,0.042682926829268296,492,
0.059977464871749604,0.06700795408245183,0.10153699109528504,0.21720533445108997,0.21720533445108992,751.9639226522678,9.204050889706922,0.02390438247011952,0.013078950139090384,0.0,0.0,obsx,no,"nmpc+mmae[filt=1,forget=0.95,gate=1,ffu=1,qyaw=1,obs=1,aci=1,obsm=0.01]",14,4.056631565093994,0,0.47227689243027887,4.609956038722479,9.979969968553636,0.042682926829268296,492,
0.09923701691714011,0.11081062000182673,0.19630023231191393,0.3106988356758524,0.3106988356758524,1096.397299140394,12.076333032038058,0.3386454183266932,0.01246319096101517,0.0,0.0,obsx,no,"nmpc+mmae[filt=1,forget=0.95,gate=1,ffu=1,qyaw=1,obs=1,aci=1,obsm=0.01]",15,9.746352910995483,0,2.2263227091633464,12.171775552971043,21.756902530323714,0.042682926829268296,492,
0.038880590410690634,0.04341996773789478,0.10745866173045036,0.4071976098414611,0.4071976098414611,860.324559755083,21.88658618517314,0.0398406374501992,0.012464830028894758,0.0,0.0,obsx,no,"nmpc+mmae[filt=1,forget=0.95,gate=1,ffu=1,qyaw=1,obs=1,aci=1,obsm=0.01]",16,9.559578895568848,0,1.492691235059761,11.149219567961694,21.668689337093383,0.042682926829268296,492,
0.02766491537444052,0.030882602792401147,0.06514723571420136,0.24722328612155212,0.24722328612155212,693.6345950791073,13.726974707391634,0.0,0.011957063070591745,0.0,0.0,obsx,no,"nmpc+mmae[filt=1,forget=0.95,gate=1,ffu=1,qyaw=1,obs=1,aci=1,obsm=0.01]",17,9.591156005859375,0,1.217252988047809,10.944845287993818,21.663517374545336,0.042682926829268296,492,
0.056849489715149984,0.06349761353460377,0.10215203666646552,0.4769567866659461,0.4769567866659462,1154.5303113471305,28.90434457050363,0.029880478087649404,0.01277103508083588,0.0,0.0,obsx,no,"nmpc+mmae[filt=1,forget=0.95,gate=1,ffu=1,qyaw=1,obs=1,aci=1,obsm=0.01]",18,8.756302118301392,0,1.1951155378486054,10.25515469069411,21.62201451836154,0.042682926829268296,492,
0.08983006054186737,0.10030665251669248,0.15848212471420248,0.4862102022644798,0.4862102022644797,1140.6704941210057,16.920384196400562,0.3944223107569721,0.01222451872789665,0.0,0.0,obsx,no,"nmpc+mmae[filt=1,forget=0.95,gate=1,ffu=1,qyaw=1,obs=1,aci=1,obsm=0.01]",19,9.134859323501587,0,1.470828685258964,10.868718669994687,21.528468732722104,0.042682926829268296,492,
0.0961651325976534,0.10741896890726267,0.23140058789823087,0.5862938535181667,0.5862938535181667,908.5414004711664,22.207827609790932,0.27091633466135456,0.011730289898168822,0.0,0.0,obsx,payload,"nmpc+kf[r_v=0.15,r_w=0.15,q_F=10,q_tau=1,filt=1,gate=1,ffu=1,qyaw=1,obs=1,aci=1,obsm=0.01]",0,2.7030670642852783,0,0.34396015936254976,2.9081086297909104,5.9242027276195595,0.042682926829268296,492,
0.04223961082779654,0.04717017807268613,0.11334783531082508,0.34992342155130335,0.34992342155130335,973.2819939642684,28.84342523248864,0.03386454183266932,0.011943138202849868,0.0,0.0,obsx,payload,"nmpc+kf[r_v=0.15,r_w=0.15,q_F=10,q_tau=1,filt=1,gate=1,ffu=1,qyaw=1,obs=1,aci=1,obsm=0.01]",1,4.0259339809417725,0,0.5882250996015936,4.326108410357094,8.694441576953977,0.042682926829268296,492,
0.06385948536080412,0.07131400765612987,0.1480071015797219,0.5491180862454543,0.5491180862454543,960.1131684662805,32.04290545996184,0.13745019920318724,0.012881136263885873,0.0,0.0,obsx,payload,"nmpc+kf[r_v=0.15,r_w=0.15,q_F=10,q_tau=1,filt=1,gate=1,ffu=1,qyaw=1,obs=1,aci=1,obsm=0.01]",2,8.492975950241089,0,0.986980079681275,8.998513605772143,15.125023475848138,0.044715447154471545,492,
0.13537322405721688,0.15126805432773371,0.33516483679986814,0.6425658249682714,0.6425658249682714,982.704080657795,27.64771477724576,0.4163346613545817,0.012516448805223568,0.0,0.0,obsx,payload,"nmpc+kf[r_v=0.15,r_w=0.15,q_F=10,q_tau=1,filt=1,gate=1,ffu=1,qyaw=1,obs=1,aci=1,obsm=0.01]",3,5.408935308456421,0,0.6586932270916335,5.772379832249506,15.011675686109811,0.044715447154471545,492,
0.06406982137647163,0.07144170329889313,0.12523205731448725,0.555780591643392,0.555780591643392,909.9662474751682,16.119777325948625,0.11155378486055777,0.013069027957986978,0.0,0.0,obsx,payload,"nmpc+kf[r_v=0.15,r_w=0.15,q_F=10,q_tau=1,filt=1,gate=1,ffu=1,qyaw=1,obs=1,aci=1,obsm=0.01]",4,4.0863940715789795,0,0.5197270916334661,4.589986929436218,8.621152117848398,0.042682926829268296,492,
0.06485926232519222,0.07229690557789084,0.1213809235030643,0.3530308140322958,0.3530308140322958,874.7444988483621,11.828518646471164,0.08167330677290836,0.012615471975510911,0.0,0.0,obsx,payload,"nmpc+kf[r_v=0.15,r_w=0.15,q_F=10,q_tau=1,filt=1,gate=1,ffu=1,qyaw=1,obs=1,aci=1,obsm=0.01]",5,7.27531623840332,0,0.7979262948207171,7.80071092276014,13.264229167252783,0.042682926829268296,492,
0.11282529909734544,0.12587293223769058,0.25912003095383307,0.7032369436957892,0.7032369436957892,1324.4727937034022,30.519754371484147,0.30876494023904383,0.012925179398951325,0.0,0.0,obsx,payload,"nmpc+kf[r_v=0.15,r_w=0.15,q_F=10,q_tau=1,filt=1,gate=1,ffu=1,qyaw=1,obs=1,aci=1,obsm=0.01]",6,7.849454641342163,0,0.9143505976095618,8.3261515613111,14.084201697260143,0.042682926829268296,492,
0.06386889840737037,0.07133227845221911,0.14269639552487318,0.6164322896791062,0.6164322896791062,1153.8753913933033,45.09814963134566,0.12749003984063745,0.012293998629110375,0.0,0.0,obsx,payload,"nmpc+kf[r_v=0.15,r_w=0.15,q_F=10,q_tau=1,filt=1,gate=1,ffu=1,qyaw=1,obs=1,aci=1,obsm=0.01]",7,7.881958246231079,0,0.6884701195219123,8.27468580991193,14.03059359639883,0.042682926829268296,492,
0.06624945497282565,0.07401312726296665,0.11990999279210754,0.6373026575949228,0.6373026575949228,658.0077917885989,27.490410972653663,0.1254980079681275,0.01548876732092877,0.0,0.0,obsx,payload,"nmpc+kf[r_v=0.15,r_w=0.15,q_F=10,q_tau=1,filt=1,gate=1,ffu=1,qyaw=1,obs=1,aci=1,obsm=0.01]",8,4.457446575164795,0,0.5186314741035858,4.76952225426249,10.572243107017135,0.042682926829268296,492,
0.052488391212339766,0.058612536392257185,0.09957068595233942,0.2937468462993268,0.2937468462993268,746.9759382100646,9.321459773860823,0.0,0.013246019526267833,0.0,0.0,obsx,payload,"nmpc+kf[r_v=0.15,r_w=0.15,q_F=10,q_tau=1,filt=1,gate=1,ffu=1,qyaw=1,obs=1,aci=1,obsm=0.01]",9,4.922455072402954,0,0.6543585657370518,5.2647233798736295,9.824615863617511,0.042682926829268296,492,
0.040667982334263865,0.04540415944656166,0.06745481774784776,0.3199040419554204,0.3199040419554204,792.8981510765939,9.316025558913536,0.0,0.012222623201988358,0.0,0.0,obsx,payload,"nmpc+kf[r_v=0.15,r_w=0.15,q_F=10,q_tau=1,filt=1,gate=1,ffu=1,qyaw=1,obs=1,aci=1,obsm=0.01]",10,10.074546098709106,0,0.9968784860557769,10.657448931949666,15.202051252126694,0.042682926829268296,492,
0.04673764228521165,0.05215141067056123,0.10096195750181021,0.21350079635953598,0.21350079635953598,704.5564806074741,11.834886075517993,0.013944223107569721,0.012997355558216517,0.0,0.0,obsx,payload,"nmpc+kf[r_v=0.15,r_w=0.15,q_F=10,q_tau=1,filt=1,gate=1,ffu=1,qyaw=1,obs=1,aci=1,obsm=0.01]",11,3.293466091156006,0,0.4025617529880478,3.5046586350341182,5.892615732736886,0.042682926829268296,492,
0.06754852249290542,0.07546260459277962,0.12084704518215299,0.3366932689193587,0.3366932689193587,834.7322767508319,13.941160531958996,0.12749003984063745,0.012198184504922549,0.0,0.0,obsx,payload,"nmpc+kf[r_v=0.15,r_w=0.15,q_F=10,q_tau=1,filt=1,gate=1,ffu=1,qyaw=1,obs=1,aci=1,obsm=0.01]",12,8.940494060516357,0,0.925731075697211,9.54953453362552,15.246006567031145,0.044715447154471545,492,
0.07687510788557514,0.08588876309293064,0.11856875124314961,0.7030186619408493,0.7030186619408493,1420.6523047343665,21.33188268734583,0.28087649402390436,0.011939023969912699,0.0,0.0,obsx,payload,"nmpc+kf[r_v=0.15,r_w=0.15,q_F=10,q_tau=1,filt=1,gate=1,ffu=1,qyaw=1,obs=1,aci=1,obsm=0.01]",13,7.858057022094727,0,0.859488047808765,8.282492069000623,15.070008975453675,0.042682926829268296,492,
0.060124793977915036,0.06717256629340704,0.10175864598255671,0.20946197890420232,0.20946197890420232,706.4401140381448,9.375831822259457,0.02390438247011952,0.01303495051393122,0.0,0.0,obsx,payload,"nmpc+kf[r_v=0.15,r_w=0.15,q_F=10,q_tau=1,filt=1,gate=1,ffu=1,qyaw=1,obs=1,aci=1,obsm=0.01]",14,7.796260833740234,0,0.7553505976095618,8.266272693056152,13.145192407537253,0.042682926829268296,492,
0.09913006830589254,0.11068952979648737,0.19928263510341412,0.39318545551527134,0.39318545551527134,794.2833771283961,12.089990894912203,0.3605577689243028,0.013147204157334336,0.0,0.0,obsx,payload,"nmpc+kf[r_v=0.15,r_w=0.15,q_F=10,q_tau=1,filt=1,gate=1,ffu=1,qyaw=1,obs=1,aci=1,obsm=0.01]",15,2.8346939086914062,0,0.3978525896414343,3.06292126823469,5.889950098935515,0.042682926829268296,492,
0.0395414011023576,0.04415883064454433,0.11046832061829533,0.40711013698586684,0.40711013698586684,964.6260991981229,21.79675426137287,0.045816733067729085,0.012417204440346608,0.0,0.0,obsx,payload,"nmpc+kf[r_v=0.15,r_w=0.15,q_F=10,q_tau=1,filt=1,gate=1,ffu=1,qyaw=1,obs=1,aci=1,obsm=0.01]",16,9.059032678604126,0,0.9603964143426296,9.626634753368556,17.80344456899911,0.042682926829268296,492,
0.03425428749453966,0.03825214299849311,0.07305359317510557,0.2667774685000724,0.2667774685000724,670.7957475256135,13.650510800064207,0.0,0.013839838728898268,0.0,0.0,obsx,payload,"nmpc+kf[r_v=0.15,r_w=0.15,q_F=10,q_tau=1,filt=1,gate=1,ffu=1,qyaw=1,obs=1,aci=1,obsm=0.01]",17,2.4104833602905273,0,0.3013804780876494,2.568410307844262,5.577337166760117,0.042682926829268296,492,
0.0629929983115499,0.070145041930899,0.11380493647414365,0.6361725090558681,0.6361725090558681,878.4180442256775,28.15802933999605,0.09163346613545817,0.013900276860391136,0.0,0.0,obsx,payload,"nmpc+kf[r_v=0.15,r_w=0.15,q_F=10,q_tau=1,filt=1,gate=1,ffu=1,qyaw=1,obs=1,aci=1,obsm=0.01]",18,2.404344081878662,0,0.3465,2.6180627491451296,7.776089224498725,0.044715447154471545,492,
0.09126351889973307,0.1019086052011143,0.15770078155408204,0.5088494802332816,0.5088494802332816,1103.2377782729359,18.71917816579712,0.40039840637450197,0.01211607592590197,0.0,0.0,obsx,payload,"nmpc+kf[r_v=0.15,r_w=0.15,q_F=10,q_tau=1,filt=1,gate=1,ffu=1,qyaw=1,obs=1,aci=1,obsm=0.01]",19,9.382991313934326,0,0.8742589641434263,9.912305281486407,15.729973027482632,0.042682926829268296,492,
0.09523599543582907,0.10638068653431437,0.22972523653106017,0.5881106885849893,0.5881106885849894,898.4641417875174,22.857331470465354,0.2689243027888446,0.011936343353190881,0.0,0.0,obsx,payload,"nmpc+mmae[filt=1,forget=0.95,gate=1,ffu=1,qyaw=1,obs=1,aci=1,obsm=0.01]",0,9.2904794216156,0,1.5747410358565739,11.285910017387682,27.652359041385353,0.042682926829268296,492,
0.04186574282999015,0.04675183830574033,0.11362175043133778,0.36085076058040605,0.36085076058040605,945.3161902975127,28.12569017169616,0.035856573705179286,0.012569868930599415,0.0,0.0,obsx,payload,"nmpc+mmae[filt=1,forget=0.95,gate=1,ffu=1,qyaw=1,obs=1,aci=1,obsm=0.01]",1,8.4508056640625,0,1.260862549800797,10.018719231294268,21.81156599894166,0.042682926829268296,492,
0.06090777438407169,0.06803320191207866,0.13639443430183537,0.5128541186154393,0.5128541186154393,991.195366247509,34.16255788086629,0.11952191235059761,0.012640080521053587,0.0,0.0,obsx,payload,"nmpc+mmae[filt=1,forget=0.95,gate=1,ffu=1,qyaw=1,obs=1,aci=1,obsm=0.01]",2,9.82913088798523,0,1.6117868525896413,11.695485432220407,21.75650486489758,0.042682926829268296,492,
0.13363443121233656,0.1493251520305949,0.3351703801358155,0.6990403439671551,0.699040343967155,981.8708765691292,28.38052876903038,0.36852589641434264,0.013513239628077434,0.0,0.0,obsx,payload,"nmpc+mmae[filt=1,forget=0.95,gate=1,ffu=1,qyaw=1,obs=1,aci=1,obsm=0.01]",3,3.8034677505493164,0,0.4623326693227092,4.34961129978032,14.929155900608755,0.042682926829268296,492,
0.061036655556124524,0.06818293841014228,0.12109991348171881,0.5498982230906251,0.5498982230906251,1037.145988428882,16.449118803839955,0.099601593625498,0.013349707545994016,0.0,0.0,obsx,payload,"nmpc+mmae[filt=1,forget=0.95,gate=1,ffu=1,qyaw=1,obs=1,aci=1,obsm=0.01]",4,9.847380638122559,0,1.194926294820717,11.352378033209162,24.267792170867338,0.042682926829268296,492,
0.06348428893375088,0.07091546472165479,0.121202638192455,0.36282097098697286,0.36282097098697286,933.3175538323484,11.797864514350595,0.0796812749003984,0.012717583328575338,0.0,0.0,obsx,payload,"nmpc+mmae[filt=1,forget=0.95,gate=1,ffu=1,qyaw=1,obs=1,aci=1,obsm=0.01]",5,2.8267431259155273,0,0.3199462151394422,3.1941247671708997,11.856647147797066,0.042682926829268296,492,
0.11330434258734023,0.12641035898985792,0.2616304075363863,0.7151905159366198,0.7151905159366196,1318.0806992044895,29.56988818386196,0.31673306772908366,0.012804738029347507,0.0,0.0,obsx,payload,"nmpc+mmae[filt=1,forget=0.95,gate=1,ffu=1,qyaw=1,obs=1,aci=1,obsm=0.01]",6,2.902024745941162,0,0.383707171314741,3.4011712694815195,11.832240007352103,0.042682926829268296,492,
0.06379228335759826,0.07124712305682412,0.14444363964284213,0.5791073440204998,0.5791073440204998,1145.5023535263992,45.72465506535619,0.1254980079681275,0.012314111408649298,0.0,0.0,obsx,payload,"nmpc+mmae[filt=1,forget=0.95,gate=1,ffu=1,qyaw=1,obs=1,aci=1,obsm=0.01]",7,8.783514976501465,0,0.9666932270916333,10.106910643932146,21.653947464656085,0.042682926829268296,492,
0.0628036453673487,0.07016101083155032,0.11351825248723851,0.5927666921599197,0.5927666921599196,691.922381570033,25.883021407553883,0.10159362549800798,0.014258512769388387,0.0,0.0,obsx,payload,"nmpc+mmae[filt=1,forget=0.95,gate=1,ffu=1,qyaw=1,obs=1,aci=1,obsm=0.01]",8,8.831610918045044,0,1.0423107569721113,10.211679667505283,21.302056342829026,0.042682926829268296,492,
0.05197994457296297,0.058044195399726974,0.09996019875361319,0.2950151504623343,0.2950151504623343,781.9987782863772,9.35905287469381,0.0,0.012686766355210627,0.0,0.0,obsx,payload,"nmpc+mmae[filt=1,forget=0.95,gate=1,ffu=1,qyaw=1,obs=1,aci=1,obsm=0.01]",9,9.329039812088013,0,1.2451812749003983,10.894983336218148,24.39197887433693,0.042682926829268296,492,
0.03954071312044366,0.044143569499238915,0.06727922353813828,0.32110548087709256,0.32110548087709256,777.9519831571483,9.4452335419882,0.0,0.012265259736852885,0.0,0.0,obsx,payload,"nmpc+mmae[filt=1,forget=0.95,gate=1,ffu=1,qyaw=1,obs=1,aci=1,obsm=0.01]",10,3.319580554962158,0,0.4336115537848605,3.790779139909641,8.913244944997137,0.042682926829268296,492,
0.04607241695953615,0.05140845928238356,0.10127851627469824,0.21837534715531623,0.21837534715531623,714.9482967194715,11.851643166297347,0.017928286852589643,0.013335092356295791,0.0,0.0,obsx,payload,"nmpc+mmae[filt=1,forget=0.95,gate=1,ffu=1,qyaw=1,obs=1,aci=1,obsm=0.01]",11,10.36496877670288,0,1.5078027888446215,11.988358804492272,21.657693802844733,0.042682926829268296,492,
0.0636899598425964,0.07114904416339207,0.11509396966861395,0.34212953934360524,0.34212953934360524,872.8022032457011,13.3289828136303,0.10159362549800798,0.012523681597186531,0.0,0.0,obsx,payload,"nmpc+mmae[filt=1,forget=0.95,gate=1,ffu=1,qyaw=1,obs=1,aci=1,obsm=0.01]",12,10.599069356918335,0,1.0991513944223108,11.74580365784867,22.62059274362401,0.042682926829268296,492,
0.0754318897160488,0.08427557995427172,0.11765451432831461,0.6948476123532228,0.6948476123532228,1488.092985641198,21.19369203533034,0.250996015936255,0.011753205958538848,0.0,0.0,obsx,payload,"nmpc+mmae[filt=1,forget=0.95,gate=1,ffu=1,qyaw=1,obs=1,aci=1,obsm=0.01]",13,9.56879472732544,0,1.203496015936255,11.35816038270811,21.722216398920864,0.042682926829268296,492,
0.05947985131402502,0.06645175219652076,0.10153699109528504,0.21873351838320726,0.21873351838320726,707.4409889778204,9.282308008333702,0.02390438247011952,0.013078950139090384,0.0,0.0,obsx,payload,"nmpc+mmae[filt=1,forget=0.95,gate=1,ffu=1,qyaw=1,obs=1,aci=1,obsm=0.01]",14,10.432569980621338,0,1.2857888446215142,12.263075029755761,22.647726519498974,0.042682926829268296,492,
0.09776497763002163,0.10916437537295137,0.19827093551886868,0.3834463031525069,0.3834463031525069,870.1046439682538,13.060621080042015,0.33067729083665337,0.01206310107671027,0.0,0.0,obsx,payload,"nmpc+mmae[filt=1,forget=0.95,gate=1,ffu=1,qyaw=1,obs=1,aci=1,obsm=0.01]",15,7.118096590042114,0,0.9356593625498008,8.307390334270153,21.592165655456483,0.042682926829268296,492,
0.03885777579812166,0.04339445633845458,0.10739477295574995,0.4083880922250382,0.4083880922250382,855.0476128219941,21.896195325095174,0.0398406374501992,0.012475480894083013,0.0,0.0,obsx,payload,"nmpc+mmae[filt=1,forget=0.95,gate=1,ffu=1,qyaw=1,obs=1,aci=1,obsm=0.01]",16,8.670414924621582,0,0.918394422310757,9.796012580242616,19.810443297028545,0.042682926829268296,492,
0.02750781946619146,0.030706866853882384,0.06643916074768173,0.26012400062666435,0.26012400062666435,889.3446854411915,13.885117973258437,0.0,0.011710999407742395,0.0,0.0,obsx,payload,"nmpc+mmae[filt=1,forget=0.95,gate=1,ffu=1,qyaw=1,obs=1,aci=1,obsm=0.01]",17,7.7448649406433105,0,1.1823266932270917,9.231347742813279,18.69752822909504,0.042682926829268296,492,
0.05671649059206395,0.06333829466743593,0.1039799296335077,0.5435415291926589,0.5435415291926589,1120.3842889936177,29.49636207153677,0.03386454183266932,0.013836260064106765,0.0,0.0,obsx,payload,"nmpc+mmae[filt=1,forget=0.95,gate=1,ffu=1,qyaw=1,obs=1,aci=1,obsm=0.01]",18,8.78833818435669,1,1.2969860557768924,10.430349822274867,21.926095637027174,0.042682926829268296,492,
0.08878054937976651,0.09913294308480318,0.15431803790339405,0.5180993157408936,0.5180993157408937,1094.1014285108845,16.472923195725127,0.3904382470119522,0.012248639464711886,0.0,0.0,obsx,payload,"nmpc+mmae[filt=1,forget=0.95,gate=1,ffu=1,qyaw=1,obs=1,aci=1,obsm=0.01]",19,10.085670471191406,0,1.5171274900398406,11.971017115738288,23.711676343809813,0.042682926829268296,492,
0.09517895071319415,0.10630066694306728,0.22900232119255817,0.5873172989227793,0.5873172989227793,1033.5340700949591,22.66728776451255,0.26693227091633465,0.011777437053531459,0.0,0.0,obsx,rotoreff,"nmpc+kf[r_v=0.15,r_w=0.15,q_F=10,q_tau=1,filt=1,gate=1,ffu=1,qyaw=1,obs=1,aci=1,obsm=0.01]",0,7.2577965259552,0,0.6939840637450199,7.737072410091638,15.148036950267853,0.042682926829268296,492,
0.04214911995469994,0.04707468549284002,0.11393671996981712,0.3558095645657109,0.3558095645657109,1157.931311143472,29.242364744571358,0.035856573705179286,0.011269208710361744,0.0,0.0,obsx,rotoreff,"nmpc+kf[r_v=0.15,r_w=0.15,q_F=10,q_tau=1,filt=1,gate=1,ffu=1,qyaw=1,obs=1,aci=1,obsm=0.01]",1,7.598855972290039,0,0.8213247011952192,8.149388082978497,18.26154613401741,0.042682926829268296,492,
0.06138206896538311,0.06847414051832476,0.13391385008682144,0.5503969511960659,0.5503969511960659,995.0259654274107,31.81919356434975,0.1394422310756972,0.012716807822039489,0.0,0.0,obsx,rotoreff,"nmpc+kf[r_v=0.15,r_w=0.15,q_F=10,q_tau=1,filt=1,gate=1,ffu=1,qyaw=1,obs=1,aci=1,obsm=0.01]",2,9.553966045379639,0,0.9914760956175298,10.102655595276074,18.380405183415863,0.042682926829268296,492,
0.13396442526330304,0.1496912440734495,0.3349355091901526,0.6087561040074035,0.6087561040074035,1139.9097823376017,27.543814442170824,0.3346613545816733,0.012686377279535088,0.0,0.0,obsx,rotoreff,"nmpc+kf[r_v=0.15,r_w=0.15,q_F=10,q_tau=1,filt=1,gate=1,ffu=1,qyaw=1,obs=1,aci=1,obsm=0.01]",3,9.445743322372437,0,1.0667549800796814,10.169849948089317,16.99642439605669,0.042682926829268296,492,
0.062208775773778174,0.06940644549795352,0.12141569350001766,0.5167166434971682,0.5167166434971682,1390.5470784005968,16.30501064244348,0.09362549800796813,0.011970739048490109,0.0,0.0,obsx,rotoreff,"nmpc+kf[r_v=0.15,r_w=0.15,q_F=10,q_tau=1,filt=1,gate=1,ffu=1,qyaw=1,obs=1,aci=1,obsm=0.01]",4,7.8286731243133545,0,0.9787290836653385,8.364967757880509,14.018836074974397,0.042682926829268296,492,
0.06404867098874967,0.0714737043769168,0.1222892479616804,0.34040424144763126,0.3404042414476312,942.6039702348337,12.720418421745295,0.08565737051792828,0.013123207971235645,0.0,0.0,obsx,rotoreff,"nmpc+kf[r_v=0.15,r_w=0.15,q_F=10,q_tau=1,filt=1,gate=1,ffu=1,qyaw=1,obs=1,aci=1,obsm=0.01]",5,8.467542886734009,0,0.8463187250996017,9.113384108801197,15.163193210028112,0.042682926829268296,492,
0.11279728653605384,0.12573462904718413,0.26193223157294987,0.7256898736969504,0.7256898736969504,1071.729471568561,30.212831890012957,0.3247011952191235,0.01373647475697995,0.0,0.0,obsx,rotoreff,"nmpc+kf[r_v=0.15,r_w=0.15,q_F=10,q_tau=1,filt=1,gate=1,ffu=1,qyaw=1,obs=1,aci=1,obsm=0.01]",6,9.029391288757324,0,1.0230996015936256,9.644942606736228,14.185789816547187,0.042682926829268296,492,
0.06508420613185432,0.07245018951082638,0.15389509743323496,0.5352497062976967,0.5352497062976967,1067.0851985145157,47.5263503013127,0.13147410358565736,0.012655148888004508,0.0,0.0,obsx,rotoreff,"nmpc+kf[r_v=0.15,r_w=0.15,q_F=10,q_tau=1,filt=1,gate=1,ffu=1,qyaw=1,obs=1,aci=1,obsm=0.01]",7,7.658623218536377,0,0.8018286852589642,8.548867148050364,13.772119951900102,0.042682926829268296,492,
0.06485950583449682,0.07245447532762213,0.11370024843342968,0.4919762875300712,0.4919762875300712,767.9937536114714,25.647359330638412,0.10956175298804781,0.012782834793035852,0.0,0.0,obsx,rotoreff,"nmpc+kf[r_v=0.15,r_w=0.15,q_F=10,q_tau=1,filt=1,gate=1,ffu=1,qyaw=1,obs=1,aci=1,obsm=0.01]",8,5.4109532833099365,0,0.5347609561752987,5.7840283470324785,14.04824405442924,0.042682926829268296,492,
0.05254880624184961,0.0587028878850074,0.09871311921947835,0.3011813250198106,0.30118132501981065,927.2690845384376,8.845298689233008,0.0,0.012782016083373815,0.0,0.0,obsx,rotoreff,"nmpc+kf[r_v=0.15,r_w=0.15,q_F=10,q_tau=1,filt=1,gate=1,ffu=1,qyaw=1,obs=1,aci=1,obsm=0.01]",9,8.052175045013428,0,0.8539063745019919,8.554747144494993,12.944893517997118,0.042682926829268296,492,
0.04000463240824466,0.04451978049121126,0.06792885561645079,0.37165317685749555,0.37165317685749555,717.373772890563,8.943749540772508,0.0,0.012451386246326801,0.0,0.0,obsx,rotoreff,"nmpc+kf[r_v=0.15,r_w=0.15,q_F=10,q_tau=1,filt=1,gate=1,ffu=1,qyaw=1,obs=1,aci=1,obsm=0.01]",10,9.092240571975708,0,1.0259143426294823,9.64719639762687,15.229739188216627,0.042682926829268296,492,
0.046688575767974284,0.05203151127382938,0.10169823179568992,0.21676822474646806,0.21676822474646806,742.2942797534354,12.51680240406016,0.017928286852589643,0.013569004372843751,0.0,0.0,obsx,rotoreff,"nmpc+kf[r_v=0.15,r_w=0.15,q_F=10,q_tau=1,filt=1,gate=1,ffu=1,qyaw=1,obs=1,aci=1,obsm=0.01]",11,9.424578189849854,0,0.9640278884462152,9.889879731453984,16.00230395561085,0.042682926829268296,492,
0.06597474579384163,0.07369988446754316,0.11273916682463465,0.34483927235575346,0.34483927235575346,1101.4786659750594,13.572980328741062,0.10956175298804781,0.010408754022430494,0.0,0.0,obsx,rotoreff,"nmpc+kf[r_v=0.15,r_w=0.15,q_F=10,q_tau=1,filt=1,gate=1,ffu=1,qyaw=1,obs=1,aci=1,obsm=0.01]",12,6.7267889976501465,0,0.5976314741035857,7.079810717614345,15.1237738528289,0.042682926829268296,492,
0.07579315513545189,0.08466740436873718,0.11668672054029756,0.7094151586003546,0.7094151586003546,1481.9610554608007,21.596493156749034,0.25697211155378485,0.011643490156927061,0.0,0.0,obsx,rotoreff,"nmpc+kf[r_v=0.15,r_w=0.15,q_F=10,q_tau=1,filt=1,gate=1,ffu=1,qyaw=1,obs=1,aci=1,obsm=0.01]",13,3.038771629333496,0,0.36199203187250995,3.3971644604979345,11.547744718845943,0.042682926829268296,492,
0.06020755599958534,0.06694230985425406,0.10255352503039206,0.24768240663100272,0.24768240663100272,604.8191706982394,9.482513061271904,0.029880478087649404,0.013698702216351721,0.0,0.0,obsx,rotoreff,"nmpc+kf[r_v=0.15,r_w=0.15,q_F=10,q_tau=1,filt=1,gate=1,ffu=1,qyaw=1,obs=1,aci=1,obsm=0.01]",14,9.974204063415527,0,1.0517111553784861,10.613896635424092,15.083898864686489,0.042682926829268296,492,
0.10185483716666678,0.11371739122016108,0.19865023596551695,0.3259633982290988,0.3259633982290988,1547.5970129921702,11.352208498742911,0.35856573705179284,0.011799460868319872,0.0,0.0,obsx,rotoreff,"nmpc+kf[r_v=0.15,r_w=0.15,q_F=10,q_tau=1,filt=1,gate=1,ffu=1,qyaw=1,obs=1,aci=1,obsm=0.01]",15,2.4349637031555176,0,0.33298804780876495,2.6250760315869197,5.662530928384516,0.042682926829268296,492,
0.03967277609957603,0.04430838049796208,0.11057764000098805,0.47373903742857426,0.47373903742857426,1168.1436959054674,21.66688035191642,0.045816733067729085,0.012226649959035718,0.0,0.0,obsx,rotoreff,"nmpc+kf[r_v=0.15,r_w=0.15,q_F=10,q_tau=1,filt=1,gate=1,ffu=1,qyaw=1,obs=1,aci=1,obsm=0.01]",16,3.5915911197662354,0,0.4318326693227092,3.792471137821704,11.922990325838327,0.042682926829268296,492,
0.027710142755247538,0.03093822540939027,0.06476502697828747,0.24587877899724583,0.24587877899724583,812.3900457478575,13.618694803806532,0.0,0.011610146856655124,0.0,0.0,obsx,rotoreff,"nmpc+kf[r_v=0.15,r_w=0.15,q_F=10,q_tau=1,filt=1,gate=1,ffu=1,qyaw=1,obs=1,aci=1,obsm=0.01]",17,2.7723021507263184,0,0.34767729083665333,2.929010815302511,9.527630398515617,0.042682926829268296,492,
0.0573379318642937,0.06399518329588379,0.10220270207732532,0.5177190049476612,0.5177190049476612,1084.2933078456865,29.96538319859113,0.03187250996015936,0.013091635831723791,0.0,0.0,obsx,rotoreff,"nmpc+kf[r_v=0.15,r_w=0.15,q_F=10,q_tau=1,filt=1,gate=1,ffu=1,qyaw=1,obs=1,aci=1,obsm=0.01]",18,8.603137016296387,0,0.9194800796812748,9.307480838327887,17.18979178229348,0.042682926829268296,492,
0.09028356796171753,0.10082246087766322,0.15919335704792478,0.5240210393637366,0.5240210393637366,1263.4951151244459,16.468721739088103,0.3944223107569721,0.012039762352984817,0.0,0.0,obsx,rotoreff,"nmpc+kf[r_v=0.15,r_w=0.15,q_F=10,q_tau=1,filt=1,gate=1,ffu=1,qyaw=1,obs=1,aci=1,obsm=0.01]",19,3.308738946914673,0,0.43706175298804784,3.5316731193588966,6.5719071053899825,0.042682926829268296,492,
0.0947765817832722,0.1058563331938933,0.22796192498155596,0.5657315853294894,0.5657315853294894,1105.408876612078,22.58296464121743,0.26693227091633465,0.011997472078344007,0.0,0.0,obsx,rotoreff,"nmpc+mmae[filt=1,forget=0.95,gate=1,ffu=1,qyaw=1,obs=1,aci=1,obsm=0.01]",0,3.60361385345459,0,0.40853984063745025,4.025400760472266,12.329292658250782,0.042682926829268296,492,
0.04199682985848807,0.04689312567058341,0.11374320653628953,0.36151732262373926,0.36151732262373926,1140.4617041613715,28.362507103013684,0.035856573705179286,0.012266357803431327,0.0,0.0,obsx,rotoreff,"nmpc+mmae[filt=1,forget=0.95,gate=1,ffu=1,qyaw=1,obs=1,aci=1,obsm=0.01]",1,6.473667860031128,0,0.7811474103585657,7.2934314987967275,21.491321739740687,0.042682926829268296,492,
0.060130078952166315,0.06715743789548877,0.13074942093368497,0.561772340649511,0.561772340649511,1020.5272577625544,33.01574412455798,0.11952191235059761,0.012670160710693101,0.0,0.0,obsx,rotoreff,"nmpc+mmae[filt=1,forget=0.95,gate=1,ffu=1,qyaw=1,obs=1,aci=1,obsm=0.01]",2,2.9534201622009277,0,0.3328486055776893,3.3783445132903727,6.9052566215395945,0.042682926829268296,492,
0.13384263144342745,0.1495559624386246,0.33540459399303374,0.6080389706283772,0.6080389706283772,1089.6321182700212,27.798928167680852,0.3346613545816733,0.012926935439790621,0.0,0.0,obsx,rotoreff,"nmpc+mmae[filt=1,forget=0.95,gate=1,ffu=1,qyaw=1,obs=1,aci=1,obsm=0.01]",3,3.0626654624938965,0,0.36409760956175297,3.519066689680683,9.129780384246263,0.042682926829268296,492,
0.061900417220842,0.06916533120621633,0.12300609528071943,0.4770246051772101,0.4770246051772101,1449.9633604695266,15.89244138469384,0.099601593625498,0.012613712038690328,0.0,0.0,obsx,rotoreff,"nmpc+mmae[filt=1,forget=0.95,gate=1,ffu=1,qyaw=1,obs=1,aci=1,obsm=0.01]",4,8.005225419998169,0,0.9852788844621513,9.399580366657194,20.943209286779183,0.042682926829268296,492,
0.06358377846637213,0.07102250102024221,0.12172604857871602,0.3504414521498442,0.3504414521498442,1006.2078820024312,12.731673006317708,0.08366533864541832,0.013069089863914335,0.0,0.0,obsx,rotoreff,"nmpc+mmae[filt=1,forget=0.95,gate=1,ffu=1,qyaw=1,obs=1,aci=1,obsm=0.01]",5,9.351991891860962,0,1.9833645418326695,11.613180093741809,21.767792471218854,0.042682926829268296,492,
0.11228117838721305,0.1252475001714761,0.26027279389352237,0.7902100946037076,0.7902100946037076,1154.066341270481,29.598069683609744,0.3187250996015936,0.013233104257680095,0.0,0.0,obsx,rotoreff,"nmpc+mmae[filt=1,forget=0.95,gate=1,ffu=1,qyaw=1,obs=1,aci=1,obsm=0.01]",6,10.382800102233887,0,1.7729940239043827,12.594922373824534,24.563337094150487,0.042682926829268296,492,
0.06309842847829396,0.07043696197670636,0.14514408192091455,0.5073896252691086,0.5073896252691086,1123.5472471172511,47.608669009001815,0.11752988047808766,0.012385760617420721,0.0,0.0,obsx,rotoreff,"nmpc+mmae[filt=1,forget=0.95,gate=1,ffu=1,qyaw=1,obs=1,aci=1,obsm=0.01]",7,2.5951879024505615,0,0.2980239043824701,2.974901154481498,3.5851619392633443,0.042682926829268296,492,
0.06429472601461275,0.071826197562915,0.11304175250186659,0.4876796925070413,0.4876796925070413,812.3165141001127,25.084684986969645,0.10358565737051793,0.012624300031974484,0.0,0.0,obsx,rotoreff,"nmpc+mmae[filt=1,forget=0.95,gate=1,ffu=1,qyaw=1,obs=1,aci=1,obsm=0.01]",8,8.639957427978516,0,0.969727091633466,9.80298958655699,18.67392685962841,0.042682926829268296,492,
0.052152110449831326,0.05824292405245319,0.09901864492710744,0.2945170530346074,0.2945170530346074,1004.6873505093181,8.817124910121269,0.0,0.012553915188695502,0.0,0.0,obsx,rotoreff,"nmpc+mmae[filt=1,forget=0.95,gate=1,ffu=1,qyaw=1,obs=1,aci=1,obsm=0.01]",9,7.619710206985474,0,1.0966772908366536,8.863967717662305,16.447570594027646,0.042682926829268296,492,
0.03927649667919686,0.043828442730086646,0.06752365717442062,0.37470992897475985,0.37470992897475985,747.870934226117,9.174390477840811,0.0,0.012459382370454075,0.0,0.0,obsx,rotoreff,"nmpc+mmae[filt=1,forget=0.95,gate=1,ffu=1,qyaw=1,obs=1,aci=1,obsm=0.01]",10,3.164670705795288,0,0.37769920318725103,3.618488361431931,7.866143437568103,0.042682926829268296,492,
0.04632002363047609,0.051676732520359606,0.10159173390165861,0.2193273852062195,0.2193273852062195,794.7805668733137,11.948347858120645,0.017928286852589643,0.013518415621584345,0.0,0.0,obsx,rotoreff,"nmpc+mmae[filt=1,forget=0.95,gate=1,ffu=1,qyaw=1,obs=1,aci=1,obsm=0.01]",11,7.401585578918457,0,0.8203884462151393,8.376818320034925,15.742512186989188,0.042682926829268296,492,
0.06579675076517581,0.07351189834676515,0.11335632560725521,0.35427473437557133,0.3542747343755713,1182.6921920281302,13.524140872833556,0.10956175298804781,0.011268241985633753,0.0,0.0,obsx,rotoreff,"nmpc+mmae[filt=1,forget=0.95,gate=1,ffu=1,qyaw=1,obs=1,aci=1,obsm=0.01]",12,3.206822156906128,0,0.3712011952191235,3.633121103679101,6.525164083577694,0.042682926829268296,492,
0.07539739289562354,0.08423447647635547,0.11685226598112894,0.7075368247143564,0.7075368247143564,1571.059479805113,21.273182504018024,0.250996015936255,0.011827428884332525,0.0,0.0,obsx,rotoreff,"nmpc+mmae[filt=1,forget=0.95,gate=1,ffu=1,qyaw=1,obs=1,aci=1,obsm=0.01]",13,7.458729267120361,0,1.0895697211155377,8.75693583022432,15.758235852699725,0.042682926829268296,492,
0.059201866499008,0.0661222379454609,0.10185265765739275,0.2521716913994199,0.2521716913994199,664.9379890711742,9.344236980686677,0.021912350597609563,0.013241841893592121,0.0,0.0,obsx,rotoreff,"nmpc+mmae[filt=1,forget=0.95,gate=1,ffu=1,qyaw=1,obs=1,aci=1,obsm=0.01]",14,8.58299708366394,0,1.3100099601593627,9.965855308225844,21.620590097736567,0.042682926829268296,492,
0.10065235610663202,0.11239647302006557,0.19772745413048232,0.30460614821024456,0.3046061482102445,1576.0122399141535,11.358122066725914,0.3466135458167331,0.012169201777721877,0.0,0.0,obsx,rotoreff,"nmpc+mmae[filt=1,forget=0.95,gate=1,ffu=1,qyaw=1,obs=1,aci=1,obsm=0.01]",15,3.0581588745117188,0,0.37955976095617533,3.482166388298411,9.31257439311594,0.042682926829268296,492,
0.038941361609593536,0.043492890698026906,0.1073997216938352,0.42913373008512967,0.4291337300851297,1122.8850390620466,21.949051833510413,0.0398406374501992,0.012434124939877889,0.0,0.0,obsx,rotoreff,"nmpc+mmae[filt=1,forget=0.95,gate=1,ffu=1,qyaw=1,obs=1,aci=1,obsm=0.01]",16,6.3945841789245605,0,1.017800796812749,7.562378937178162,15.888959204312416,0.042682926829268296,492,
0.02775377276966569,0.030987344814873363,0.06508490778477806,0.24619045293414052,0.24619045293414052,890.332461205239,13.478836303901106,0.0,0.011793539254275343,0.0,0.0,obsx,rotoreff,"nmpc+mmae[filt=1,forget=0.95,gate=1,ffu=1,qyaw=1,obs=1,aci=1,obsm=0.01]",17,9.143012285232544,0,1.2084262948207172,10.707732680090425,21.66066800709814,0.042682926829268296,492,
0.05658322387487699,0.06319217484825701,0.10221070044026126,0.5134221945639958,0.513422194563996,1133.4384691649257,29.431569388151583,0.029880478087649404,0.013050354663178831,0.0,0.0,obsx,rotoreff,"nmpc+mmae[filt=1,forget=0.95,gate=1,ffu=1,qyaw=1,obs=1,aci=1,obsm=0.01]",18,2.9351885318756104,0,0.34294621513944223,3.3767803250236876,9.43180766189471,0.042682926829268296,492,
0.08999877573903389,0.10050143067394532,0.15856080202919123,0.5164850662099043,0.5164850662099043,1326.0408837460234,16.598330206456392,0.3944223107569721,0.012221157208709532,0.0,0.0,obsx,rotoreff,"nmpc+mmae[filt=1,forget=0.95,gate=1,ffu=1,qyaw=1,obs=1,aci=1,obsm=0.01]",19,9.006789207458496,0,1.419296812749004,10.840216294892013,18.694272672291845,0.042682926829268296,492,
0.09522443334956919,0.10636732950253766,0.22919759667618222,1.55299380296476,1.55299380296476,1181.6371138865816,22.940579695004338,0.2689243027888446,0.011758447589031107,0.0,0.0,obsx,torque,"nmpc+kf[r_v=0.15,r_w=0.15,q_F=10,q_tau=1,filt=1,gate=1,ffu=1,qyaw=1,obs=1,aci=1,obsm=0.01]",0,6.5053510665893555,0,0.7679840637450199,6.973594754555846,11.903682190459225,0.042682926829268296,492,
0.04210163246001594,0.04701588656789228,0.1137037132479046,0.33422421277491177,0.33422421277491177,1025.7968037070548,28.900280848174358,0.035856573705179286,0.011995341848285657,0.0,0.0,obsx,torque,"nmpc+kf[r_v=0.15,r_w=0.15,q_F=10,q_tau=1,filt=1,gate=1,ffu=1,qyaw=1,obs=1,aci=1,obsm=0.01]",1,2.4782049655914307,0,0.3055537848605578,2.628028291682026,3.471941880416125,0.042682926829268296,492,
0.0603781915874249,0.06744339767633996,0.1282925875603845,0.6075290220083932,0.6075290220083932,1132.3715736214576,31.118476612448386,0.1254980079681275,0.011586143360724499,0.0,0.0,obsx,torque,"nmpc+kf[r_v=0.15,r_w=0.15,q_F=10,q_tau=1,filt=1,gate=1,ffu=1,qyaw=1,obs=1,aci=1,obsm=0.01]",2,6.680059432983398,0,0.6662450199203186,7.103638079266001,15.036687536630806,0.042682926829268296,492,
0.13378820943338698,0.14949673534111751,0.33519191975818374,1.0528551979438354,1.0528551979438354,1270.647431762372,27.681183305871787,0.3346613545816733,0.01283130779437014,0.0,0.0,obsx,torque,"nmpc+kf[r_v=0.15,r_w=0.15,q_F=10,q_tau=1,filt=1,gate=1,ffu=1,qyaw=1,obs=1,aci=1,obsm=0.01]",3,2.648740768432617,0,0.34080677290836653,2.8286406912273203,7.407710438128563,0.042682926829268296,492,
0.06115413622314708,0.06832063410110924,0.12176018860661274,0.7164290613901511,0.7164290613901511,970.2306430374479,15.970551432083308,0.09163346613545817,0.012581617728338157,0.0,0.0,obsx,torque,"nmpc+kf[r_v=0.15,r_w=0.15,q_F=10,q_tau=1,filt=1,gate=1,ffu=1,qyaw=1,obs=1,aci=1,obsm=0.01]",4,7.975528717041016,0,0.8443924302788843,8.472801570175772,15.672527721617389,0.042682926829268296,492,
0.06426986231249364,0.07180182824737148,0.12100087381062827,0.7805298460860475,0.7805298460860475,1190.3907728012662,12.838175759220592,0.08764940239043825,0.012394139008121557,0.0,0.0,obsx,torque,"nmpc+kf[r_v=0.15,r_w=0.15,q_F=10,q_tau=1,filt=1,gate=1,ffu=1,qyaw=1,obs=1,aci=1,obsm=0.01]",5,8.368391990661621,0,1.0084083665338646,8.894304141023778,14.979124430101372,0.042682926829268296,492,
0.11452576604753169,0.12777624167311685,0.2628096290141886,0.8957069356276728,0.8957069356276728,1425.7619615068138,30.7552076692496,0.31673306772908366,0.012725412755793142,0.0,0.0,obsx,torque,"nmpc+kf[r_v=0.15,r_w=0.15,q_F=10,q_tau=1,filt=1,gate=1,ffu=1,qyaw=1,obs=1,aci=1,obsm=0.01]",6,2.8773345947265625,0,0.37742231075697213,3.105186706546145,9.650273609440779,0.042682926829268296,492,
0.06354785724841748,0.07097335655292016,0.14328440406807558,2.441063146341182,2.441063146341182,1762.4630502608181,42.24433297420199,0.11752988047808766,0.012302809822669708,0.0,0.0,obsx,torque,"nmpc+kf[r_v=0.15,r_w=0.15,q_F=10,q_tau=1,filt=1,gate=1,ffu=1,qyaw=1,obs=1,aci=1,obsm=0.01]",7,8.057134628295898,0,0.7732470119521914,8.51116170717099,15.04838107386604,0.042682926829268296,492,
0.06506078358993755,0.07268489769065244,0.11315904299750436,0.4721535950138593,0.4721535950138593,813.1182994798257,25.410745923574236,0.10956175298804781,0.01215290509921993,0.0,0.0,obsx,torque,"nmpc+kf[r_v=0.15,r_w=0.15,q_F=10,q_tau=1,filt=1,gate=1,ffu=1,qyaw=1,obs=1,aci=1,obsm=0.01]",8,7.687605142593384,0,0.9233924302788845,8.210831616292763,15.094013861380517,0.042682926829268296,492,
0.052304157895785096,0.058406644727580934,0.09924797294065575,0.30980518109844035,0.30980518109844035,753.1336818278335,8.991411902638339,0.0,0.012588483795825445,0.0,0.0,obsx,torque,"nmpc+kf[r_v=0.15,r_w=0.15,q_F=10,q_tau=1,filt=1,gate=1,ffu=1,qyaw=1,obs=1,aci=1,obsm=0.01]",9,8.318278312683105,0,0.9274302788844622,8.867597468549839,12.959615811705591,0.042682926829268296,492,
0.040031081194260985,0.04469177737708057,0.06743630842602502,0.5289506773285707,0.5289506773285707,853.1972008937017,9.300311237368021,0.0,0.012171316589404624,0.0,0.0,obsx,torque,"nmpc+kf[r_v=0.15,r_w=0.15,q_F=10,q_tau=1,filt=1,gate=1,ffu=1,qyaw=1,obs=1,aci=1,obsm=0.01]",10,2.905853033065796,0,0.39293227091633465,3.095556522229783,7.437478634528822,0.042682926829268296,492,
0.0466260281396816,0.05202650010460518,0.10096195750181021,0.2620252762372904,0.2620252762372904,761.7354920493984,12.507186293214492,0.013944223107569721,0.012997355558216517,0.0,0.0,obsx,torque,"nmpc+kf[r_v=0.15,r_w=0.15,q_F=10,q_tau=1,filt=1,gate=1,ffu=1,qyaw=1,obs=1,aci=1,obsm=0.01]",11,7.524847030639648,0,0.9320139442231077,8.046631278763284,13.148642077576373,0.042682926829268296,492,
0.0653314551804876,0.07298508461056129,0.1131422677140777,0.41802719139362005,0.41802719139362005,936.7464105946034,13.742945153695182,0.10756972111553785,0.011276030376287854,0.0,0.0,obsx,torque,"nmpc+kf[r_v=0.15,r_w=0.15,q_F=10,q_tau=1,filt=1,gate=1,ffu=1,qyaw=1,obs=1,aci=1,obsm=0.01]",12,3.187291383743286,0,0.41804581673306773,3.379475847127814,8.73652587179096,0.042682926829268296,492,
0.07633286317122229,0.08528269278480972,0.11849650724888613,0.5289368502914837,0.5289368502914837,1711.707397943352,21.209315087558277,0.2649402390438247,0.011844229179028776,0.0,0.0,obsx,torque,"nmpc+kf[r_v=0.15,r_w=0.15,q_F=10,q_tau=1,filt=1,gate=1,ffu=1,qyaw=1,obs=1,aci=1,obsm=0.01]",13,7.19062352180481,0,0.7550597609561752,7.575622961051257,12.804309066850697,0.042682926829268296,492,
0.06047147217186643,0.06756006055359695,0.10181101979060171,0.26820722043084555,0.26820722043084555,800.1374683035608,9.232861967421016,0.025896414342629483,0.013120229622911261,0.0,0.0,obsx,torque,"nmpc+kf[r_v=0.15,r_w=0.15,q_F=10,q_tau=1,filt=1,gate=1,ffu=1,qyaw=1,obs=1,aci=1,obsm=0.01]",14,7.018814563751221,0,0.8075119521912352,7.459180280232275,12.205419626552612,0.042682926829268296,492,
0.09999544731039312,0.11165871737536169,0.1966798534474443,0.631806379849575,0.631806379849575,1215.4021821468232,11.996936926689767,0.34462151394422313,0.01216313974732472,0.0,0.0,obsx,torque,"nmpc+kf[r_v=0.15,r_w=0.15,q_F=10,q_tau=1,filt=1,gate=1,ffu=1,qyaw=1,obs=1,aci=1,obsm=0.01]",15,3.3520798683166504,0,0.47589243027888445,3.647950336901078,7.956126257777215,0.042682926829268296,492,
0.03971617362067202,0.04435425743255089,0.11088283188545772,0.537165526752772,0.537165526752772,1144.5077225110335,21.674386534092235,0.04780876494023904,0.012435640896329425,0.0,0.0,obsx,torque,"nmpc+kf[r_v=0.15,r_w=0.15,q_F=10,q_tau=1,filt=1,gate=1,ffu=1,qyaw=1,obs=1,aci=1,obsm=0.01]",16,7.8850297927856445,0,0.9428984063745021,8.365034590015165,12.996964761987329,0.042682926829268296,492,
0.027648923064929887,0.03086339712623041,0.06509409374581149,0.4123413124292282,0.4123413124292282,764.6369902466295,13.792439135335261,0.0,0.012124320544150857,0.0,0.0,obsx,torque,"nmpc+kf[r_v=0.15,r_w=0.15,q_F=10,q_tau=1,filt=1,gate=1,ffu=1,qyaw=1,obs=1,aci=1,obsm=0.01]",17,6.374369144439697,0,0.7964143426294821,6.744374324422909,11.885892748832703,0.042682926829268296,492,
0.057031725435719965,0.06370187965159362,0.10237376100198763,0.6542112697643229,0.6542112697643229,1171.2511483653795,29.416772325511477,0.03187250996015936,0.011991592331179024,0.0,0.0,obsx,torque,"nmpc+kf[r_v=0.15,r_w=0.15,q_F=10,q_tau=1,filt=1,gate=1,ffu=1,qyaw=1,obs=1,aci=1,obsm=0.01]",18,2.875669240951538,0,0.4023187250996016,3.0877270199640456,11.71920627122745,0.042682926829268296,492,
0.08992225065332682,0.10040862849811584,0.15870809602181735,0.4998985206359022,0.4998985206359022,1147.06470744466,16.92563607305446,0.39243027888446214,0.012157360258056082,0.0,0.0,obsx,torque,"nmpc+kf[r_v=0.15,r_w=0.15,q_F=10,q_tau=1,filt=1,gate=1,ffu=1,qyaw=1,obs=1,aci=1,obsm=0.01]",19,6.6512486934661865,0,0.7705219123505975,7.182708156176386,13.006789679639049,0.042682926829268296,492,
0.09514037038471308,0.10627378403489024,0.22937679245358597,1.3495764439271092,1.3495764439271092,1192.8549218169749,22.90643042133223,0.2689243027888446,0.011960926771272529,0.0,0.0,obsx,torque,"nmpc+mmae[filt=1,forget=0.95,gate=1,ffu=1,qyaw=1,obs=1,aci=1,obsm=0.01]",0,7.807570934295654,0,0.9262589641434265,8.971113591469765,15.721874786540868,0.042682926829268296,492,
0.04195988171605074,0.04685710867760628,0.11362418930647715,0.3070878805130068,0.3070878805130068,995.0004795315652,28.37221556051436,0.035856573705179286,0.01262917048824641,0.0,0.0,obsx,torque,"nmpc+mmae[filt=1,forget=0.95,gate=1,ffu=1,qyaw=1,obs=1,aci=1,obsm=0.01]",1,2.8120992183685303,0,0.3230776892430279,3.2124280733839274,9.31113183032722,0.042682926829268296,492,
0.06034597494239469,0.06740733984898417,0.12946230136898265,0.5710170129322616,0.5710170129322616,1121.4017851946946,31.814577057793446,0.12151394422310757,0.01244907909720333,0.0,0.0,obsx,torque,"nmpc+mmae[filt=1,forget=0.95,gate=1,ffu=1,qyaw=1,obs=1,aci=1,obsm=0.01]",2,6.670252084732056,0,0.8880498007968127,7.793935525984284,15.823216794524344,0.042682926829268296,492,
0.13355938631523692,0.14924128635535094,0.3352008359982086,0.9454205502219294,0.9454205502219294,1207.2847658271817,27.901818744220282,0.3346613545816733,0.013008435994297296,0.0,0.0,obsx,torque,"nmpc+mmae[filt=1,forget=0.95,gate=1,ffu=1,qyaw=1,obs=1,aci=1,obsm=0.01]",3,7.2924721240997314,0,0.916711155378486,8.386968982877187,15.882762535475194,0.042682926829268296,492,
0.06106635409053811,0.0682225603323101,0.12165226723228284,0.6884188115136225,0.6884188115136225,961.023043542973,16.420671936248645,0.09163346613545817,0.01278389962343296,0.0,0.0,obsx,torque,"nmpc+mmae[filt=1,forget=0.95,gate=1,ffu=1,qyaw=1,obs=1,aci=1,obsm=0.01]",4,7.676268577575684,0,0.7100398406374502,8.616518251045026,16.143889077939097,0.042682926829268296,492,
0.06409926725891632,0.0716112064467187,0.12130162875102204,0.6806773377963374,0.6806773377963374,1188.9892109264313,12.616251352737548,0.08565737051792828,0.012738853460938615,0.0,0.0,obsx,torque,"nmpc+mmae[filt=1,forget=0.95,gate=1,ffu=1,qyaw=1,obs=1,aci=1,obsm=0.01]",5,3.0306596755981445,0,0.3707749003984064,3.4335304962552757,6.774769327603283,0.042682926829268296,492,
0.11422795245329999,0.12744413018522568,0.2626632384806309,0.8420688186894376,0.8420688186894376,1417.7787271188633,29.750315275693552,0.3187250996015936,0.01281082590267324,0.0,0.0,obsx,torque,"nmpc+mmae[filt=1,forget=0.95,gate=1,ffu=1,qyaw=1,obs=1,aci=1,obsm=0.01]",6,7.62652587890625,0,1.0319900398406374,8.962895704963916,16.71361834742129,0.042682926829268296,492,
0.06402042607697087,0.07150221344156905,0.14660718692481006,2.099406472854298,2.099406472854298,1797.649017754767,42.05084329165089,0.12151394422310757,0.01230985904707374,0.0,0.0,obsx,torque,"nmpc+mmae[filt=1,forget=0.95,gate=1,ffu=1,qyaw=1,obs=1,aci=1,obsm=0.01]",7,4.142607688903809,0,0.461406374501992,4.708769488653012,9.585180026479065,0.042682926829268296,492,
0.06471238201373837,0.0722949697419329,0.11299008242624768,0.4737804877339977,0.4737804877339977,818.9589864170564,25.041295098530664,0.10956175298804781,0.012349668589617974,0.0,0.0,obsx,torque,"nmpc+mmae[filt=1,forget=0.95,gate=1,ffu=1,qyaw=1,obs=1,aci=1,obsm=0.01]",8,7.8405327796936035,0,1.1240737051792828,9.222567304078327,15.838302965275945,0.042682926829268296,492,
0.05187621858710669,0.05792832287957148,0.09928432978806474,0.3052437265039596,0.3052437265039596,761.8274801047555,8.936324061851623,0.0,0.012607476860925948,0.0,0.0,obsx,torque,"nmpc+mmae[filt=1,forget=0.95,gate=1,ffu=1,qyaw=1,obs=1,aci=1,obsm=0.01]",9,7.679139852523804,0,1.3136274900398404,9.359474940897073,21.590865757316358,0.042682926829268296,492,
0.03948907455763286,0.04408580920394934,0.0672665774965043,0.48931932309523696,0.48931932309523696,832.1760025299241,9.43296191570959,0.0,0.012198355460197208,0.0,0.0,obsx,torque,"nmpc+mmae[filt=1,forget=0.95,gate=1,ffu=1,qyaw=1,obs=1,aci=1,obsm=0.01]",10,7.402479887008667,0,0.9911772908366534,8.59522177101265,15.920257465913894,0.042682926829268296,492,
0.0465581526779713,0.05195205668206335,0.10127851627469824,0.25386007168855956,0.25386007168855956,765.2776841578792,11.988732460584057,0.017928286852589643,0.013303583090211069,0.0,0.0,obsx,torque,"nmpc+mmae[filt=1,forget=0.95,gate=1,ffu=1,qyaw=1,obs=1,aci=1,obsm=0.01]",11,7.559656381607056,0,1.1787430278884463,9.107376133421978,15.790393529459834,0.042682926829268296,492,
0.06500527357969288,0.07262005318599282,0.11329395329982363,0.3869262803459801,0.3869262803459801,935.9033226462824,13.599467034367777,0.10358565737051793,0.01150200619833025,0.0,0.0,obsx,torque,"nmpc+mmae[filt=1,forget=0.95,gate=1,ffu=1,qyaw=1,obs=1,aci=1,obsm=0.01]",12,3.141697645187378,0,0.3341673306772909,3.539869751024294,9.25009770784527,0.042682926829268296,492,
0.07576470292271544,0.08464756976918168,0.11764928804136368,0.49159054338653263,0.49159054338653263,1734.6152148091448,20.999853551490173,0.25697211155378485,0.011623904193206636,0.0,0.0,obsx,torque,"nmpc+mmae[filt=1,forget=0.95,gate=1,ffu=1,qyaw=1,obs=1,aci=1,obsm=0.01]",13,3.657233953475952,0,0.5120219123505976,4.216092489325845,15.597074613906443,0.042682926829268296,492,
0.060015527947480246,0.06705049856308049,0.10163062110999996,0.24965600449727157,0.24965600449727157,785.1352677290018,9.183256932193224,0.02390438247011952,0.013156635425172203,0.0,0.0,obsx,torque,"nmpc+mmae[filt=1,forget=0.95,gate=1,ffu=1,qyaw=1,obs=1,aci=1,obsm=0.01]",14,2.78537917137146,0,0.31572908366533864,3.1510632725402834,5.986461695283654,0.042682926829268296,492,
0.09965400950173788,0.11127814214842961,0.19658443798106867,0.5757761874744886,0.5757761874744886,1192.9776725092693,12.164668914933364,0.3426294820717131,0.012212212377550852,0.0,0.0,obsx,torque,"nmpc+mmae[filt=1,forget=0.95,gate=1,ffu=1,qyaw=1,obs=1,aci=1,obsm=0.01]",15,6.689889907836914,0,0.6831513944223107,7.463319327745335,15.674173380248249,0.042682926829268296,492,
0.039027235585581424,0.04358394654986955,0.10781483703325992,0.471082226149693,0.471082226149693,1038.1338896247225,21.800353236817845,0.0398406374501992,0.012500341477677146,0.0,0.0,obsx,torque,"nmpc+mmae[filt=1,forget=0.95,gate=1,ffu=1,qyaw=1,obs=1,aci=1,obsm=0.01]",16,8.09461498260498,0,1.140089641434263,9.503038792566683,21.686722091399133,0.042682926829268296,492,
0.02754413082212455,0.030746532285752123,0.06507261327616083,0.3774229462479272,0.3774229462479272,768.2251632270745,13.722947187109881,0.0,0.012076193226766674,0.0,0.0,obsx,torque,"nmpc+mmae[filt=1,forget=0.95,gate=1,ffu=1,qyaw=1,obs=1,aci=1,obsm=0.01]",17,2.6791086196899414,0,0.30415139442231076,3.0433844053279238,4.06967186369002,0.042682926829268296,492,
0.05684144110478469,0.06348942483083715,0.10221250233167617,0.6160771030425253,0.6160771030425253,1231.312287268781,28.818227591449965,0.029880478087649404,0.012790293231982941,0.0,0.0,obsx,torque,"nmpc+mmae[filt=1,forget=0.95,gate=1,ffu=1,qyaw=1,obs=1,aci=1,obsm=0.01]",18,3.2062697410583496,0,0.43044621513944226,3.641063277424124,9.402974266558886,0.042682926829268296,492,
0.08970698466163651,0.10016901303645045,0.1583921260558955,0.49698556668169164,0.49698556668169164,1144.7337337147633,16.912430853067413,0.3944223107569721,0.012218507336043377,0.0,0.0,obsx,torque,"nmpc+mmae[filt=1,forget=0.95,gate=1,ffu=1,qyaw=1,obs=1,aci=1,obsm=0.01]",19,6.075885534286499,0,0.6154143426294821,6.846786369068689,15.37356106331572,0.042682926829268296,492,
0.0951743004811667,0.10631831630031076,0.22768126711647863,0.5888917023580316,0.5888917023580316,1093.2841301713433,22.581424243638622,0.2689243027888446,0.011792837433116321,0.0,0.0,obsx,uncertainty,"nmpc+kf[r_v=0.15,r_w=0.15,q_F=10,q_tau=1,filt=1,gate=1,ffu=1,qyaw=1,obs=1,aci=1,obsm=0.01]",0,5.702810049057007,0,0.6723266932270917,6.22061629449407,10.94792062882334,0.042682926829268296,492,
0.04394355612847567,0.04897858505319065,0.11379676999128728,0.3322199812737969,0.3322199812737969,1560.1072837919776,28.671656455044758,0.035856573705179286,0.012492994991287032,0.0,0.0,obsx,uncertainty,"nmpc+kf[r_v=0.15,r_w=0.15,q_F=10,q_tau=1,filt=1,gate=1,ffu=1,qyaw=1,obs=1,aci=1,obsm=0.01]",1,2.561314582824707,0,0.3177509960159362,2.7367863168687636,4.863474594894802,0.042682926829268296,492,
0.060479634522459275,0.0675672677796009,0.1284529735229759,0.5657182968997813,0.5657182968997811,1063.435703110919,30.892965882425717,0.1254980079681275,0.012114400889348953,0.0,0.0,obsx,uncertainty,"nmpc+kf[r_v=0.15,r_w=0.15,q_F=10,q_tau=1,filt=1,gate=1,ffu=1,qyaw=1,obs=1,aci=1,obsm=0.01]",2,2.6794207096099854,0,0.3320139442231076,2.874909874619508,6.898356711026282,0.042682926829268296,492,
0.13634787751580146,0.15227691968270082,0.3386574572249197,0.5439472549740566,0.5439472549740566,1574.3125756992115,27.405034901078892,0.3565737051792829,0.011848391898081512,0.0,0.0,obsx,uncertainty,"nmpc+kf[r_v=0.15,r_w=0.15,q_F=10,q_tau=1,filt=1,gate=1,ffu=1,qyaw=1,obs=1,aci=1,obsm=0.01]",3,3.1045563220977783,0,0.41606772908366535,3.368856657604386,7.869695867411793,0.042682926829268296,492,
0.06136322007614228,0.06850170279207222,0.12253588957026719,0.5352910514321207,0.5352910514321207,892.0951031466234,15.937666515992698,0.09362549800796813,0.013188418728565854,0.0,0.0,obsx,uncertainty,"nmpc+kf[r_v=0.15,r_w=0.15,q_F=10,q_tau=1,filt=1,gate=1,ffu=1,qyaw=1,obs=1,aci=1,obsm=0.01]",4,6.331136226654053,0,0.7085019920318726,6.7412883532140775,10.852547017857432,0.042682926829268296,492,
0.06425077988864275,0.07178323864544045,0.12078709194673892,0.35244446008352814,0.35244446008352814,976.7788314623403,13.188327575344806,0.08565737051792828,0.012067705469037321,0.0,0.0,obsx,uncertainty,"nmpc+kf[r_v=0.15,r_w=0.15,q_F=10,q_tau=1,filt=1,gate=1,ffu=1,qyaw=1,obs=1,aci=1,obsm=0.01]",5,2.835773468017578,0,0.3677091633466135,3.035713369824527,8.944605421274902,0.042682926829268296,492,
0.11701076775096397,0.13049131857923768,0.2643241306972317,0.7584380966089512,0.7584380966089512,1744.7156624926115,32.0482757692182,0.3207171314741036,0.012015255873978725,0.0,0.0,obsx,uncertainty,"nmpc+kf[r_v=0.15,r_w=0.15,q_F=10,q_tau=1,filt=1,gate=1,ffu=1,qyaw=1,obs=1,aci=1,obsm=0.01]",6,6.388305425643921,0,0.675691235059761,6.82202098841048,12.169226661790162,0.042682926829268296,492,
0.06414083743884734,0.07164754872473883,0.1421804177302624,0.6918990016082013,0.6918990016082013,1124.248614146674,45.13729444864047,0.13346613545816732,0.012066526487607865,0.0,0.0,obsx,uncertainty,"nmpc+kf[r_v=0.15,r_w=0.15,q_F=10,q_tau=1,filt=1,gate=1,ffu=1,qyaw=1,obs=1,aci=1,obsm=0.01]",7,6.294819355010986,0,0.7450796812749003,6.736690086679927,11.929021212272348,0.042682926829268296,492,
0.06624308569094899,0.07387584040199185,0.11316582767660321,0.428961366017908,0.428961366017908,1109.1764045496875,25.343900458346894,0.11354581673306773,0.011269089061606924,0.0,0.0,obsx,uncertainty,"nmpc+kf[r_v=0.15,r_w=0.15,q_F=10,q_tau=1,filt=1,gate=1,ffu=1,qyaw=1,obs=1,aci=1,obsm=0.01]",8,6.125307559967041,0,0.6762609561752988,6.537534153660337,12.184642101638028,0.042682926829268296,492,
0.052750501208486913,0.058848079075310346,0.09810599266786256,0.2762981961882831,0.2762981961882831,963.422110330584,9.388764462715924,0.0,0.012508191290086984,0.0,0.0,obsx,uncertainty,"nmpc+kf[r_v=0.15,r_w=0.15,q_F=10,q_tau=1,filt=1,gate=1,ffu=1,qyaw=1,obs=1,aci=1,obsm=0.01]",9,3.9521780014038086,0,0.5028745019920319,4.230839478601497,9.378621862269938,0.042682926829268296,492,
0.03995865957775841,0.04457189631880156,0.06747716807628988,0.3245685764916557,0.3245685764916557,725.0704804949908,9.277766393557533,0.0,0.012295487389398452,0.0,0.0,obsx,uncertainty,"nmpc+kf[r_v=0.15,r_w=0.15,q_F=10,q_tau=1,filt=1,gate=1,ffu=1,qyaw=1,obs=1,aci=1,obsm=0.01]",10,2.6143131256103516,0,0.35425099601593624,2.8024884399983927,6.4426044770516455,0.042682926829268296,492,
0.04641540139392668,0.05168712356199042,0.10206166984176598,0.21260549527429343,0.21260549527429343,790.532164720178,11.61689411078325,0.0199203187250996,0.013647286517816881,0.0,0.0,obsx,uncertainty,"nmpc+kf[r_v=0.15,r_w=0.15,q_F=10,q_tau=1,filt=1,gate=1,ffu=1,qyaw=1,obs=1,aci=1,obsm=0.01]",11,2.7549009323120117,0,0.3657749003984063,2.932555805632021,6.259081710595641,0.042682926829268296,492,
0.06511042212517378,0.07257604673239458,0.11428016758521369,0.3405477565860204,0.3405477565860204,660.5441577554686,13.881473942340877,0.11155378486055777,0.012453460580596515,0.0,0.0,obsx,uncertainty,"nmpc+kf[r_v=0.15,r_w=0.15,q_F=10,q_tau=1,filt=1,gate=1,ffu=1,qyaw=1,obs=1,aci=1,obsm=0.01]",12,6.275580167770386,0,0.6647191235059761,6.693288428334156,12.006335284095258,0.042682926829268296,492,
0.0787621874881891,0.08800938362736262,0.12425915121710482,0.7124018149461517,0.7124018149461517,1916.9204123942045,21.58295541084524,0.2968127490039841,0.011783490409197073,0.0,0.0,obsx,uncertainty,"nmpc+kf[r_v=0.15,r_w=0.15,q_F=10,q_tau=1,filt=1,gate=1,ffu=1,qyaw=1,obs=1,aci=1,obsm=0.01]",13,2.424773931503296,0,0.3254541832669322,2.6043134948342623,6.72202403889969,0.042682926829268296,492,
0.060252975422373664,0.06726993079870056,0.10179442746475745,0.22719316850490667,0.22719316850490667,683.6379927777433,9.422939639254261,0.02390438247011952,0.01304844950155759,0.0,0.0,obsx,uncertainty,"nmpc+kf[r_v=0.15,r_w=0.15,q_F=10,q_tau=1,filt=1,gate=1,ffu=1,qyaw=1,obs=1,aci=1,obsm=0.01]",14,3.0711097717285156,0,0.3607749003984064,3.2515670205336584,9.049901671241969,0.042682926829268296,492,
0.10141543979732115,0.11323339159588279,0.19784442200139926,0.31846193997294975,0.31846193997294975,1518.021841626213,11.553358055572719,0.3565737051792829,0.011489256333473918,0.0,0.0,obsx,uncertainty,"nmpc+kf[r_v=0.15,r_w=0.15,q_F=10,q_tau=1,filt=1,gate=1,ffu=1,qyaw=1,obs=1,aci=1,obsm=0.01]",15,7.533205986022949,0,0.812296812749004,8.064339777354553,12.184073086827995,0.042682926829268296,492,
0.040562002605516186,0.04491721419263348,0.11400231552876088,0.44728684352529047,0.44728684352529047,796.0057384319422,23.887974386667864,0.055776892430278883,0.013049849789991075,0.0,0.0,obsx,uncertainty,"nmpc+kf[r_v=0.15,r_w=0.15,q_F=10,q_tau=1,filt=1,gate=1,ffu=1,qyaw=1,obs=1,aci=1,obsm=0.01]",16,7.587186336517334,0,0.8099282868525897,8.045996310174525,12.0470926980488,0.042682926829268296,492,
0.027837715859377266,0.03100766855288269,0.06552658924905488,0.25923865198272195,0.25923865198272195,746.8035831838332,13.673769572113576,0.0,0.012438963960576588,0.0,0.0,obsx,uncertainty,"nmpc+kf[r_v=0.15,r_w=0.15,q_F=10,q_tau=1,filt=1,gate=1,ffu=1,qyaw=1,obs=1,aci=1,obsm=0.01]",17,2.3931798934936523,0,0.2915418326693227,2.522739506627162,2.831379142589867,0.042682926829268296,492,
0.05719832829925863,0.06380359760326573,0.10253979160488187,0.4933111411222089,0.4933111411222089,1210.6364429120672,28.445516141798805,0.029880478087649404,0.013523097706753029,0.0,0.0,obsx,uncertainty,"nmpc+kf[r_v=0.15,r_w=0.15,q_F=10,q_tau=1,filt=1,gate=1,ffu=1,qyaw=1,obs=1,aci=1,obsm=0.01]",18,2.441943883895874,0,0.31837250996015937,2.6071300262592705,5.830859015695751,0.042682926829268296,492,
0.0914250674598144,0.10210071038945535,0.16123982605070353,0.5062125771408648,0.5062125771408648,1340.6356800600993,17.08901401296402,0.40039840637450197,0.011538661562490948,0.0,0.0,obsx,uncertainty,"nmpc+kf[r_v=0.15,r_w=0.15,q_F=10,q_tau=1,filt=1,gate=1,ffu=1,qyaw=1,obs=1,aci=1,obsm=0.01]",19,2.4346957206726074,0,0.30658764940239047,2.5977611989784704,3.883996850345287,0.042682926829268296,492,
0.09497350063399343,0.10608943636763472,0.2275221464173604,0.579757316572033,0.579757316572033,1103.508588992187,22.49139015735369,0.2689243027888446,0.01190719859806666,0.0,0.0,obsx,uncertainty,"nmpc+mmae[filt=1,forget=0.95,gate=1,ffu=1,qyaw=1,obs=1,aci=1,obsm=0.01]",0,8.192451477050781,0,1.291406374501992,9.782359174701321,17.792041215579967,0.042682926829268296,492,
0.04296916836750647,0.04800045139035642,0.11397999079863944,0.29981241701929745,0.29981241701929745,1464.2265141469095,27.453849323595385,0.035856573705179286,0.011278207864994061,0.0,0.0,obsx,uncertainty,"nmpc+mmae[filt=1,forget=0.95,gate=1,ffu=1,qyaw=1,obs=1,aci=1,obsm=0.01]",1,3.3513131141662598,0,0.40710159362549797,3.8289227768726852,9.3484519678168,0.042682926829268296,492,
0.06044694039302599,0.06752152806326771,0.12969816248839194,0.5545891744596011,0.5545891744596011,1066.2100074283958,31.56792567270859,0.12350597609561753,0.012397932871877959,0.0,0.0,obsx,uncertainty,"nmpc+mmae[filt=1,forget=0.95,gate=1,ffu=1,qyaw=1,obs=1,aci=1,obsm=0.01]",2,7.046478509902954,0,1.0206135458167331,8.305854683062915,15.83512847777456,0.042682926829268296,492,
0.1349847767453784,0.15083532523188065,0.3365705638137961,0.5510918985158161,0.5510918985158161,1686.820371434352,25.877711640372475,0.3545816733067729,0.01241581380751311,0.0,0.0,obsx,uncertainty,"nmpc+mmae[filt=1,forget=0.95,gate=1,ffu=1,qyaw=1,obs=1,aci=1,obsm=0.01]",3,3.235262632369995,0,0.4132211155378486,3.71979688808129,9.388373687397689,0.042682926829268296,492,
0.0609244858983199,0.06806026134893649,0.121419590771204,0.5443178144756604,0.5443178144756604,873.2044807562252,16.676564075619112,0.09163346613545817,0.012858435718381078,0.0,0.0,obsx,uncertainty,"nmpc+mmae[filt=1,forget=0.95,gate=1,ffu=1,qyaw=1,obs=1,aci=1,obsm=0.01]",4,2.8218672275543213,0,0.342788844621514,3.1999981228403183,7.332372304517777,0.042682926829268296,492,
0.06410002650418174,0.07161492849468333,0.12097852795681041,0.3447331821322358,0.3447331821322358,1004.9384882707778,12.865208443940856,0.08565737051792828,0.012391186663169407,0.0,0.0,obsx,uncertainty,"nmpc+mmae[filt=1,forget=0.95,gate=1,ffu=1,qyaw=1,obs=1,aci=1,obsm=0.01]",5,7.9321746826171875,0,0.8855179282868527,9.036446069979455,15.678397140000015,0.042682926829268296,492,
0.11499798561996706,0.12831234533053398,0.2620521682127731,0.6607085492334984,0.6607085492334984,1579.8656616609046,30.741049208837754,0.3207171314741036,0.011800551792245262,0.0,0.0,obsx,uncertainty,"nmpc+mmae[filt=1,forget=0.95,gate=1,ffu=1,qyaw=1,obs=1,aci=1,obsm=0.01]",6,6.710322141647339,0,0.7660258964143425,7.729473148112694,15.542978288140148,0.042682926829268296,492,
0.06436351208878645,0.07188430170183642,0.14526976698355012,0.6485984534900066,0.6485984534900066,1116.9872997676027,45.03772720778554,0.13346613545816732,0.012240828871314141,0.0,0.0,obsx,uncertainty,"nmpc+mmae[filt=1,forget=0.95,gate=1,ffu=1,qyaw=1,obs=1,aci=1,obsm=0.01]",7,2.726391077041626,0,0.29510159362549804,3.096161889787986,5.664607824292037,0.042682926829268296,492,
0.0656908413429288,0.07339298114094807,0.11369252396212687,0.4331697134914118,0.4331697134914118,1072.5292104980358,24.564474721487485,0.11354581673306773,0.01189492736237921,0.0,0.0,obsx,uncertainty,"nmpc+mmae[filt=1,forget=0.95,gate=1,ffu=1,qyaw=1,obs=1,aci=1,obsm=0.01]",8,2.565629243850708,0,0.29281075697211156,2.924881373213018,6.258895113132894,0.042682926829268296,492,
0.05281709150834274,0.05899548162851414,0.09892673121618686,0.28774712174149153,0.2877471217414916,1137.0695761186926,8.803994874592068,0.0,0.012920227198859158,0.0,0.0,obsx,uncertainty,"nmpc+mmae[filt=1,forget=0.95,gate=1,ffu=1,qyaw=1,obs=1,aci=1,obsm=0.01]",9,7.783409118652344,0,1.2284243027888446,9.072357093900502,15.728289366234094,0.042682926829268296,492,
0.039381908149608895,0.043961948385220835,0.06723204126030254,0.329081563427248,0.329081563427248,703.7422306375527,9.424236917822453,0.0,0.0123221672140294,0.0,0.0,obsx,uncertainty,"nmpc+mmae[filt=1,forget=0.95,gate=1,ffu=1,qyaw=1,obs=1,aci=1,obsm=0.01]",10,3.015964984893799,0,0.3546454183266932,3.4207771578618136,7.055924460291867,0.042682926829268296,492,
0.04609887210890651,0.0514344672814856,0.1015424689055381,0.2131192532530479,0.2131192532530479,818.7521925361166,11.687630350566694,0.017928286852589643,0.013431668117462381,0.0,0.0,obsx,uncertainty,"nmpc+mmae[filt=1,forget=0.95,gate=1,ffu=1,qyaw=1,obs=1,aci=1,obsm=0.01]",11,8.424211502075195,0,1.0835677290836656,9.774588039645783,15.767594245262446,0.042682926829268296,492,
0.06435706586338556,0.0718806759431046,0.11358187863927544,0.3403487698444094,0.3403487698444094,687.1102972196037,13.58102038466852,0.10358565737051793,0.01186059468395767,0.0,0.0,obsx,uncertainty,"nmpc+mmae[filt=1,forget=0.95,gate=1,ffu=1,qyaw=1,obs=1,aci=1,obsm=0.01]",12,3.0102458000183105,0,0.3332689243027888,3.399928840177794,6.4015717268921435,0.042682926829268296,492,
0.07675474849352729,0.08575800927408288,0.11954110017035054,0.6681398048519751,0.668139804851975,1787.0180198854403,21.145654365043626,0.26693227091633465,0.01149590697410624,0.0,0.0,obsx,uncertainty,"nmpc+mmae[filt=1,forget=0.95,gate=1,ffu=1,qyaw=1,obs=1,aci=1,obsm=0.01]",13,3.308666229248047,0,0.38556175298804773,3.7790870695630927,6.348449664656073,0.042682926829268296,492,
0.059744645813049106,0.06674415736028542,0.10147003067956574,0.22977199297108147,0.22977199297108147,672.7374885972309,9.29473190374016,0.0199203187250996,0.01311108565927932,0.0,0.0,obsx,uncertainty,"nmpc+mmae[filt=1,forget=0.95,gate=1,ffu=1,qyaw=1,obs=1,aci=1,obsm=0.01]",14,7.115378141403198,0,0.8720258964143427,8.176349235635504,15.737431445159016,0.042682926829268296,492,
0.10080322060056808,0.11256993174200268,0.1978612453440979,0.28986892061808206,0.28986892061808206,1578.2956162388646,11.55166743225323,0.350597609561753,0.012112563185554703,0.0,0.0,obsx,uncertainty,"nmpc+mmae[filt=1,forget=0.95,gate=1,ffu=1,qyaw=1,obs=1,aci=1,obsm=0.01]",15,2.9179694652557373,0,0.34258964143426296,3.3096438821078653,7.086243799421937,0.042682926829268296,492,
0.03867468969498846,0.04317559115154397,0.10750491973425987,0.46057811254925207,0.46057811254925207,839.1000446580424,23.09128805976845,0.035856573705179286,0.012901815161757701,0.0,0.0,obsx,uncertainty,"nmpc+mmae[filt=1,forget=0.95,gate=1,ffu=1,qyaw=1,obs=1,aci=1,obsm=0.01]",16,7.538594961166382,0,0.8998924302788845,8.669884726071205,15.861154850572348,0.042682926829268296,492,
0.02751419802334975,0.030710177414097102,0.06525130560211669,0.25720719778743434,0.25720719778743434,772.7360614062876,13.812500259138188,0.0,0.012089882132711949,0.0,0.0,obsx,uncertainty,"nmpc+mmae[filt=1,forget=0.95,gate=1,ffu=1,qyaw=1,obs=1,aci=1,obsm=0.01]",17,2.9681787490844727,0,0.32525498007968123,3.3743145283816225,7.331244389060889,0.042682926829268296,492,
0.05629898426850369,0.0628768709901174,0.10213207352470392,0.48050809714923753,0.48050809714923753,1182.2252858249753,28.480726115942254,0.027888446215139442,0.013258444894795607,0.0,0.0,obsx,uncertainty,"nmpc+mmae[filt=1,forget=0.95,gate=1,ffu=1,qyaw=1,obs=1,aci=1,obsm=0.01]",18,2.7553718090057373,0,0.33421115537848606,3.1393966354630085,6.205434279982001,0.042682926829268296,492,
0.0903889985962645,0.10093781341145873,0.15938642823747062,0.4651042055106384,0.4651042055106384,1228.0445749855398,16.866691437477765,0.39641434262948205,0.012004915946431521,0.0,0.0,obsx,uncertainty,"nmpc+mmae[filt=1,forget=0.95,gate=1,ffu=1,qyaw=1,obs=1,aci=1,obsm=0.01]",19,6.224723815917969,0,0.8322828685258964,7.229850424798688,15.753361163660884,0.042682926829268296,492,
0.09501046035406664,0.10613528585710615,0.22804587853975455,0.6665791056165411,0.6665791056165411,962.3176563467547,24.413976989098078,0.27091633466135456,0.01197953317513456,0.0,0.0,obsx,wind,"nmpc+kf[r_v=0.15,r_w=0.15,q_F=10,q_tau=1,filt=1,gate=1,ffu=1,qyaw=1,obs=1,aci=1,obsm=0.01]",0,6.636560916900635,0,0.7630239043824701,6.9902594255995885,10.920863489154733,0.042682926829268296,492,
0.04256520421443748,0.047393525978124726,0.11372321815713636,0.3578860608058261,0.3578860608058261,1020.7004417855517,32.20774795930933,0.035856573705179286,0.011741159588448291,0.0,0.0,obsx,wind,"nmpc+kf[r_v=0.15,r_w=0.15,q_F=10,q_tau=1,filt=1,gate=1,ffu=1,qyaw=1,obs=1,aci=1,obsm=0.01]",1,2.4762685298919678,0,0.31092430278884464,2.648791708274785,6.418263078667225,0.042682926829268296,492,
0.06063453547522924,0.06764402016428694,0.12851198731577285,0.5776884310761162,0.5776884310761162,1080.7205506577811,30.68078539349187,0.13745019920318724,0.012544912179563161,0.0,0.0,obsx,wind,"nmpc+kf[r_v=0.15,r_w=0.15,q_F=10,q_tau=1,filt=1,gate=1,ffu=1,qyaw=1,obs=1,aci=1,obsm=0.01]",2,2.6773111820220947,0,0.3462011952191235,2.8860650087458146,6.618228449951859,0.042682926829268296,492,
0.13374246203547063,0.14943654801265746,0.3350674919885355,0.6455171658261699,0.6455171658261699,1171.2221367708185,28.065896624727205,0.33067729083665337,0.01241636698356996,0.0,0.0,obsx,wind,"nmpc+kf[r_v=0.15,r_w=0.15,q_F=10,q_tau=1,filt=1,gate=1,ffu=1,qyaw=1,obs=1,aci=1,obsm=0.01]",3,6.069638729095459,0,0.7173725099601593,6.594482037531902,10.166909780818969,0.042682926829268296,492,
0.061102360924513675,0.06812832529953243,0.12162410127952179,0.5795262929267951,0.5795262929267951,894.8521425040587,13.316775466047403,0.08964143426294821,0.012204493156266094,0.0,0.0,obsx,wind,"nmpc+kf[r_v=0.15,r_w=0.15,q_F=10,q_tau=1,filt=1,gate=1,ffu=1,qyaw=1,obs=1,aci=1,obsm=0.01]",4,2.553772211074829,0,0.3295617529880478,2.7176036301859288,6.352606064174326,0.042682926829268296,492,
0.0637605388851621,0.07116178130725853,0.12188024686663092,0.3638701974393515,0.3638701974393515,882.6704837676978,12.08423938477241,0.08565737051792828,0.01251537396766722,0.0,0.0,obsx,wind,"nmpc+kf[r_v=0.15,r_w=0.15,q_F=10,q_tau=1,filt=1,gate=1,ffu=1,qyaw=1,obs=1,aci=1,obsm=0.01]",5,6.114106178283691,0,0.6697370517928287,6.510105396832425,12.081245395820588,0.042682926829268296,492,
0.1134850956364553,0.1265201755678899,0.2601406955712229,0.6608140042449574,0.6608140042449574,1301.019707799201,27.971477110539137,0.3207171314741036,0.012892885784704433,0.0,0.0,obsx,wind,"nmpc+kf[r_v=0.15,r_w=0.15,q_F=10,q_tau=1,filt=1,gate=1,ffu=1,qyaw=1,obs=1,aci=1,obsm=0.01]",6,2.5249898433685303,0,0.3141215139442231,2.7094250985521424,5.868276376277208,0.042682926829268296,492,
0.06436062041806326,0.0715790378126622,0.14353799162072686,0.6773305555260044,0.6773305555260044,1274.7167283561846,44.065758643626886,0.13147410358565736,0.011918953591702308,0.0,0.0,obsx,wind,"nmpc+kf[r_v=0.15,r_w=0.15,q_F=10,q_tau=1,filt=1,gate=1,ffu=1,qyaw=1,obs=1,aci=1,obsm=0.01]",7,6.84279990196228,0,0.7522031872509959,7.198599227462928,12.069296883419156,0.042682926829268296,492,
0.06595157688789648,0.07354112995682262,0.11289483003215693,0.3545137196557754,0.3545137196557754,866.0948055303601,23.582352127894413,0.10756972111553785,0.01159145293897082,0.0,0.0,obsx,wind,"nmpc+kf[r_v=0.15,r_w=0.15,q_F=10,q_tau=1,filt=1,gate=1,ffu=1,qyaw=1,obs=1,aci=1,obsm=0.01]",8,3.0025672912597656,0,0.36899800796812743,3.191501818656684,9.59252244792879,0.042682926829268296,492,
0.051608463704387354,0.05748523252086934,0.09803607782169976,0.25841592399607044,0.25841592399607044,674.0895619356245,11.590671791579018,0.0,0.013334328253016309,0.0,0.0,obsx,wind,"nmpc+kf[r_v=0.15,r_w=0.15,q_F=10,q_tau=1,filt=1,gate=1,ffu=1,qyaw=1,obs=1,aci=1,obsm=0.01]",9,2.559194564819336,0,0.3062051792828685,2.7066202360238747,5.880742473527789,0.042682926829268296,492,
0.04055512514476926,0.04509620296201771,0.06852474817079658,0.34578235892739156,0.3457823589273916,750.1917208591889,9.647579276168546,0.0,0.012403115777450957,0.0,0.0,obsx,wind,"nmpc+kf[r_v=0.15,r_w=0.15,q_F=10,q_tau=1,filt=1,gate=1,ffu=1,qyaw=1,obs=1,aci=1,obsm=0.01]",10,6.220327138900757,0,0.7392091633466136,6.620006393214531,9.365490176714957,0.042682926829268296,492,
0.04581171977627173,0.050744357703986546,0.09903368422191489,0.2427015415405848,0.2427015415405848,810.3344137991314,13.435565268866135,0.0,0.012691678217143565,0.0,0.0,obsx,wind,"nmpc+kf[r_v=0.15,r_w=0.15,q_F=10,q_tau=1,filt=1,gate=1,ffu=1,qyaw=1,obs=1,aci=1,obsm=0.01]",11,6.108684778213501,0,0.681828685258964,6.478899230891134,9.302363134920597,0.042682926829268296,492,
0.06544602213748435,0.07281923406277045,0.11256958837442432,0.48440867109487,0.48440867109487,1060.2577710756643,17.063141932314306,0.10956175298804781,0.010767155544296997,0.0,0.0,obsx,wind,"nmpc+kf[r_v=0.15,r_w=0.15,q_F=10,q_tau=1,filt=1,gate=1,ffu=1,qyaw=1,obs=1,aci=1,obsm=0.01]",12,2.541543960571289,0,0.3148764940239044,2.6872726495886052,3.3566095447167754,0.042682926829268296,492,
0.07709856250692922,0.0857923137067078,0.11936282710750973,0.7426617270965213,0.7426617270965213,1510.8574062160055,25.484704482282158,0.25697211155378485,0.011740297818555678,0.0,0.0,obsx,wind,"nmpc+kf[r_v=0.15,r_w=0.15,q_F=10,q_tau=1,filt=1,gate=1,ffu=1,qyaw=1,obs=1,aci=1,obsm=0.01]",13,2.8180108070373535,0,0.3230776892430279,2.9862234990420453,6.8119124602526435,0.042682926829268296,492,
0.060409230103841936,0.06715587486334458,0.10292818615434961,0.23664541622990692,0.23664541622990692,632.1813537473565,11.358590612939754,0.03386454183266932,0.013528574378792624,0.0,0.0,obsx,wind,"nmpc+kf[r_v=0.15,r_w=0.15,q_F=10,q_tau=1,filt=1,gate=1,ffu=1,qyaw=1,obs=1,aci=1,obsm=0.01]",14,2.5432307720184326,0,0.3176932270916335,2.701501391709326,5.831052763387561,0.042682926829268296,492,
0.10034567998617754,0.1120520416815656,0.1977019393528768,0.32061304023962217,0.32061304023962217,1087.4043243989033,11.548458955575446,0.3466135458167331,0.012817203684585887,0.0,0.0,obsx,wind,"nmpc+kf[r_v=0.15,r_w=0.15,q_F=10,q_tau=1,filt=1,gate=1,ffu=1,qyaw=1,obs=1,aci=1,obsm=0.01]",15,2.5860424041748047,0,0.33448007968127486,2.788905740299993,5.8374718320555985,0.042682926829268296,492,
0.041407299038190216,0.045331761746197054,0.1073970411769844,0.4778598950236153,0.4778598950236153,1039.5016401832534,23.380450149253207,0.0398406374501992,0.012082554826207959,0.0,0.0,obsx,wind,"nmpc+kf[r_v=0.15,r_w=0.15,q_F=10,q_tau=1,filt=1,gate=1,ffu=1,qyaw=1,obs=1,aci=1,obsm=0.01]",16,2.4456703662872314,0,0.3208266932270916,2.607402151944004,5.823258743621409,0.042682926829268296,492,
0.02994907286704175,0.03315443253482714,0.06726288138726222,0.2946907921110512,0.2946907921110512,909.2394611518323,14.077905674737321,0.0,0.011710521863733225,0.0,0.0,obsx,wind,"nmpc+kf[r_v=0.15,r_w=0.15,q_F=10,q_tau=1,filt=1,gate=1,ffu=1,qyaw=1,obs=1,aci=1,obsm=0.01]",17,2.3452751636505127,0,0.31611354581673307,2.489826157763303,5.468202561605722,0.042682926829268296,492,
0.056942444689739566,0.06337697191069462,0.1025529553892843,0.5032739492909087,0.5032739492909087,1082.3593883514586,30.473746907374068,0.029880478087649404,0.012677074364379981,0.0,0.0,obsx,wind,"nmpc+kf[r_v=0.15,r_w=0.15,q_F=10,q_tau=1,filt=1,gate=1,ffu=1,qyaw=1,obs=1,aci=1,obsm=0.01]",18,2.89107608795166,0,0.3844043824701195,3.1022902984409573,8.569344731513413,0.042682926829268296,492,
0.09001264748389776,0.10021660794484971,0.15754602534455553,0.5156725580571802,0.5156725580571802,1019.0415017070678,17.884315229235575,0.39641434262948205,0.012184810332466989,0.0,0.0,obsx,wind,"nmpc+kf[r_v=0.15,r_w=0.15,q_F=10,q_tau=1,filt=1,gate=1,ffu=1,qyaw=1,obs=1,aci=1,obsm=0.01]",19,6.0490710735321045,0,0.7566274900398405,6.460715620036412,11.791230808012187,0.042682926829268296,492,
0.0947982953442922,0.10589854422695813,0.22792200542464275,0.6680023168648171,0.6680023168648171,986.6788068225662,23.884437411081294,0.26693227091633465,0.0119720337960329,0.0,0.0,obsx,wind,"nmpc+mmae[filt=1,forget=0.95,gate=1,ffu=1,qyaw=1,obs=1,aci=1,obsm=0.01]",0,3.2323741912841797,0,0.40342629482071707,3.6960415068115906,6.449802846182138,0.042682926829268296,492,
0.04200174395854652,0.04688931066502788,0.11383503038002865,0.3609706318894297,0.3609706318894297,1040.0076777301338,31.370630228726917,0.035856573705179286,0.012658767280131267,0.0,0.0,obsx,wind,"nmpc+mmae[filt=1,forget=0.95,gate=1,ffu=1,qyaw=1,obs=1,aci=1,obsm=0.01]",1,2.771322727203369,0,0.3241195219123506,3.1710747611779437,7.42789196781815,0.042682926829268296,492,
0.06095103192070641,0.06806503714241867,0.13034655323633806,0.55699543906075,0.55699543906075,1151.8718899712776,30.773515936282287,0.13346613545816732,0.012388181979325119,0.0,0.0,obsx,wind,"nmpc+mmae[filt=1,forget=0.95,gate=1,ffu=1,qyaw=1,obs=1,aci=1,obsm=0.01]",2,6.303239345550537,0,0.6856733067729083,7.144269977317775,15.640072890091686,0.042682926829268296,492,
0.13382799264211442,0.14953920065976986,0.33544830976170525,0.6438748916818718,0.6438748916818718,1152.9277068202925,27.921232539024505,0.3346613545816733,0.012741001800638474,0.0,0.0,obsx,wind,"nmpc+mmae[filt=1,forget=0.95,gate=1,ffu=1,qyaw=1,obs=1,aci=1,obsm=0.01]",3,6.119800090789795,0,0.8371713147410359,7.1484618787783605,15.643174331635237,0.042682926829268296,492,
0.06087360249915373,0.0680009698752581,0.12131655471117887,0.5717588185796997,0.5717588185796997,875.4478850780936,13.772689162120411,0.08764940239043825,0.012322544308071615,0.0,0.0,obsx,wind,"nmpc+mmae[filt=1,forget=0.95,gate=1,ffu=1,qyaw=1,obs=1,aci=1,obsm=0.01]",4,3.4007835388183594,0,0.39230876494023903,3.916044044679409,9.351529921405017,0.042682926829268296,492,
0.06357236427882969,0.07101056436402145,0.12101311431580626,0.37423518240138404,0.37423518240138404,920.9612484821031,12.340221712743352,0.08366533864541832,0.012405505214464624,0.0,0.0,obsx,wind,"nmpc+mmae[filt=1,forget=0.95,gate=1,ffu=1,qyaw=1,obs=1,aci=1,obsm=0.01]",5,3.477546453475952,0,0.42592828685258965,3.9672272375402637,9.45381016470492,0.042682926829268296,492,
0.11338279095795338,0.12648124890651918,0.26159989337905026,0.6604628030526282,0.6604628030526282,1299.0078012503707,27.587502884562735,0.3187250996015936,0.01278465237574844,0.0,0.0,obsx,wind,"nmpc+mmae[filt=1,forget=0.95,gate=1,ffu=1,qyaw=1,obs=1,aci=1,obsm=0.01]",6,3.1886394023895264,0,0.4195896414342629,3.671997539379979,9.374298062175512,0.042682926829268296,492,
0.06394723148725083,0.07137640478756495,0.14272287937822867,0.5571422224348831,0.5571422224348831,1318.6500830245723,44.92220693323157,0.12350597609561753,0.011983185511247163,0.0,0.0,obsx,wind,"nmpc+mmae[filt=1,forget=0.95,gate=1,ffu=1,qyaw=1,obs=1,aci=1,obsm=0.01]",7,2.835512399673462,0,0.31409163346613544,3.249327475910049,6.377153892535716,0.042682926829268296,492,
0.0648782672320934,0.07247118364621702,0.1126167376234692,0.3414532765510911,0.3414532765510911,899.033172657843,23.84517748870373,0.10358565737051793,0.012218651771725014,0.0,0.0,obsx,wind,"nmpc+mmae[filt=1,forget=0.95,gate=1,ffu=1,qyaw=1,obs=1,aci=1,obsm=0.01]",8,6.914939641952515,0,0.7468505976095617,7.793839709681136,15.670562672894448,0.042682926829268296,492,
0.05165276575753615,0.057647616310872146,0.10060458292216826,0.26381709595981895,0.2638170959598189,755.4266847132394,10.99567137652449,0.0099601593625498,0.012851629283255422,0.0,0.0,obsx,wind,"nmpc+mmae[filt=1,forget=0.95,gate=1,ffu=1,qyaw=1,obs=1,aci=1,obsm=0.01]",9,2.834188222885132,0,0.3476972111553785,3.2502429469848475,9.137536019552503,0.042682926829268296,492,
0.039432979316140766,0.04400642874644059,0.06741446479383681,0.3460193452311825,0.3460193452311825,781.519405164139,10.144429505547201,0.0,0.012364975355148411,0.0,0.0,obsx,wind,"nmpc+mmae[filt=1,forget=0.95,gate=1,ffu=1,qyaw=1,obs=1,aci=1,obsm=0.01]",10,2.8465042114257812,0,0.35262549800796816,3.2519511349751538,6.627845934126529,0.042682926829268296,492,
0.04588454841442425,0.051133568435421974,0.10001795904042235,0.24976874493583506,0.24976874493583506,816.9281687647501,13.369917239062593,0.00398406374501992,0.012754763554941345,0.0,0.0,obsx,wind,"nmpc+mmae[filt=1,forget=0.95,gate=1,ffu=1,qyaw=1,obs=1,aci=1,obsm=0.01]",11,5.828377723693848,0,0.5568725099601594,6.549911170017968,15.607164248358458,0.042682926829268296,492,
0.06499696662538713,0.07258318881078507,0.11301582092957102,0.4668029234028224,0.4668029234028224,1110.1382166848139,16.833429803530336,0.10756972111553785,0.011367206275597036,0.0,0.0,obsx,wind,"nmpc+mmae[filt=1,forget=0.95,gate=1,ffu=1,qyaw=1,obs=1,aci=1,obsm=0.01]",12,7.963192462921143,0,0.8614063745019921,9.05834895927845,21.681825169362128,0.042682926829268296,492,
0.07588908029019759,0.08474093978957695,0.11713392540977678,0.735281980530163,0.7352819805301631,1667.0307626173546,25.324609854373122,0.25298804780876494,0.01163885903168771,0.0,0.0,obsx,wind,"nmpc+mmae[filt=1,forget=0.95,gate=1,ffu=1,qyaw=1,obs=1,aci=1,obsm=0.01]",13,2.778795003890991,0,0.3357808764940239,3.177518082552578,6.377846829127521,0.042682926829268296,492,
0.05935199296873526,0.06626337571162742,0.10121313581003935,0.23825596142587505,0.238255961425875,686.5991989359591,11.140315224298474,0.021912350597609563,0.012924529502036708,0.0,0.0,obsx,wind,"nmpc+mmae[filt=1,forget=0.95,gate=1,ffu=1,qyaw=1,obs=1,aci=1,obsm=0.01]",14,2.614274740219116,0,0.3082091633466135,2.9848482454217877,3.2961620949208736,0.042682926829268296,492,
0.09936561567666635,0.11095625824331735,0.19616792317153223,0.32157750794142426,0.32157750794142426,1061.220250951199,11.700435427757636,0.33665338645418325,0.012723296027992548,0.0,0.0,obsx,wind,"nmpc+mmae[filt=1,forget=0.95,gate=1,ffu=1,qyaw=1,obs=1,aci=1,obsm=0.01]",15,2.859184980392456,0,0.3602390438247012,3.2983366186652643,6.756917918100956,0.042682926829268296,492,
0.04023863036655674,0.04478672185984205,0.11015564470895674,0.4793348674053217,0.4793348674053217,1369.2646272887996,23.26987719713809,0.045816733067729085,0.012281603730500024,0.0,0.0,obsx,wind,"nmpc+mmae[filt=1,forget=0.95,gate=1,ffu=1,qyaw=1,obs=1,aci=1,obsm=0.01]",16,2.7305634021759033,0,0.32240239043824703,3.1102284366094257,3.821845781058075,0.042682926829268296,492,
0.028273564770952626,0.0315411000321179,0.06545034443397883,0.31413865788302,0.31413865788302,851.6231183347367,13.670836261437074,0.0,0.012077546873099865,0.0,0.0,obsx,wind,"nmpc+mmae[filt=1,forget=0.95,gate=1,ffu=1,qyaw=1,obs=1,aci=1,obsm=0.01]",17,2.518374443054199,0,0.28862151394422314,2.8431066070716695,4.269251876976341,0.042682926829268296,492,
0.05626600269951272,0.06282260028826965,0.10242926034564168,0.5125202551534239,0.5125202551534239,1040.2406896443945,30.043571174260887,0.029880478087649404,0.012806000941137319,0.0,0.0,obsx,wind,"nmpc+mmae[filt=1,forget=0.95,gate=1,ffu=1,qyaw=1,obs=1,aci=1,obsm=0.01]",18,3.6221823692321777,0,0.42084860557768927,4.15051283975284,9.348379967268556,0.042682926829268296,492,
0.0895860412446785,0.10000256449953798,0.1582042900898075,0.5089435314515233,0.5089435314515233,1062.9929963087432,18.126044686171408,0.39243027888446214,0.012427444075926108,0.0,0.0,obsx,wind,"nmpc+mmae[filt=1,forget=0.95,gate=1,ffu=1,qyaw=1,obs=1,aci=1,obsm=0.01]",19,7.073978900909424,0,0.5981215139442231,7.880887347811543,15.528513703029605,0.042682926829268296,492,
0.12383238286175889,0.13824435791435447,0.24430245202876633,2.5823075015278674,2.5823075015278674,9172.517078635427,28.43699058725957,0.48804780876494025,0.02489367159715805,0.0,0.0,obsx_stress,force,"nmpc+kf[r_v=0.15,r_w=0.15,q_F=10,q_tau=1,filt=1,gate=1,ffu=1,qyaw=1,obs=1,aci=1,obsm=0.01]",0,6.912800073623657,9,0.6652250996015937,7.314474229604391,11.976115545257928,0.0508130081300813,492,
0.06921889718964133,0.07714992312118694,0.1398972865382522,2.061211908567747,2.061211908567747,8769.348668979492,36.50812446122032,0.19322709163346613,0.03269885180630516,0.0,0.0,obsx_stress,force,"nmpc+kf[r_v=0.15,r_w=0.15,q_F=10,q_tau=1,filt=1,gate=1,ffu=1,qyaw=1,obs=1,aci=1,obsm=0.01]",1,2.739250898361206,1,0.3531175298804781,2.903085413474248,7.4458096828311735,0.0508130081300813,492,
0.10342349890110908,0.11552885694930039,0.22972363396235285,3.2943256276863533,3.2943256276863533,10067.461495980857,46.7510069871258,0.3466135458167331,0.040262144935829525,0.0,0.0,obsx_stress,force,"nmpc+kf[r_v=0.15,r_w=0.15,q_F=10,q_tau=1,filt=1,gate=1,ffu=1,qyaw=1,obs=1,aci=1,obsm=0.01]",2,2.2268757820129395,5,0.2924681274900398,2.3487309421564775,2.64845005935058,0.0508130081300813,492,
inf,inf,inf,,,,,,-inf,1.0,,obsx_stress,force,"nmpc+kf[r_v=0.15,r_w=0.15,q_F=10,q_tau=1,filt=1,gate=1,ffu=1,qyaw=1,obs=1,aci=1,obsm=0.01]",3,4.741519927978516,142,0.7848948863636365,7.252150928252377,13.333023975137639,0.09064327485380116,342,RuntimeError('diverged')
0.11263515018674353,0.1257672030379511,0.2196689274174596,6.292201708990606,6.292201708990606,8597.596011702546,34.63946967542396,0.46215139442231074,0.03658863594784334,0.0,0.0,obsx_stress,force,"nmpc+kf[r_v=0.15,r_w=0.15,q_F=10,q_tau=1,filt=1,gate=1,ffu=1,qyaw=1,obs=1,aci=1,obsm=0.01]",4,2.6295368671417236,10,0.32028884462151397,2.788165647284206,5.866019809618593,0.052845528455284556,492,
0.3136229849584499,0.3504477860537704,1.114112696598593,7.275452674474207,7.275452674474207,9099.48968694334,175.0884451400024,0.6115537848605578,-0.14726185074539,1.0,0.08167330677290836,obsx_stress,force,"nmpc+kf[r_v=0.15,r_w=0.15,q_F=10,q_tau=1,filt=1,gate=1,ffu=1,qyaw=1,obs=1,aci=1,obsm=0.01]",5,3.164443254470825,46,0.41962151394422315,3.384007705909857,8.805493996478623,0.08333333333333333,492,
0.13940027082292006,0.15521182051338994,0.3101301192286504,2.212443306148143,2.212443306148143,11232.501675644879,31.913185289409277,0.5079681274900398,0.03231751803459321,0.0,0.0,obsx_stress,force,"nmpc+kf[r_v=0.15,r_w=0.15,q_F=10,q_tau=1,filt=1,gate=1,ffu=1,qyaw=1,obs=1,aci=1,obsm=0.01]",6,2.387253999710083,12,0.3150298804780876,2.539837674935352,4.0070923534221965,0.0508130081300813,492,
0.08524218682492539,0.09514440489849486,0.18329517353293734,1.9030072974144088,1.9030072974144088,10309.697277696165,56.99816301694092,0.23705179282868527,0.028150448296969027,0.0,0.0,obsx_stress,force,"nmpc+kf[r_v=0.15,r_w=0.15,q_F=10,q_tau=1,filt=1,gate=1,ffu=1,qyaw=1,obs=1,aci=1,obsm=0.01]",7,2.564061403274536,10,0.3025099601593625,2.706587490388211,3.545056134462358,0.0508130081300813,492,
0.16487191075763494,0.18420312652065923,1.048870684171049,2.156294944739525,2.156294944739525,9957.613623657833,162.0530474202687,0.4402390438247012,0.03211308183386108,0.0,0.0,obsx_stress,force,"nmpc+kf[r_v=0.15,r_w=0.15,q_F=10,q_tau=1,filt=1,gate=1,ffu=1,qyaw=1,obs=1,aci=1,obsm=0.01]",8,2.5841097831726074,23,0.3142988047808765,2.7334377878304736,3.3814035495743155,0.06910569105691057,492,
0.08400129774676345,0.09369659316126633,0.15928103861731363,2.319597697444444,2.319597697444444,9108.87041778732,24.676264579675795,0.2749003984063745,0.03515685150140174,0.0,0.0,obsx_stress,force,"nmpc+kf[r_v=0.15,r_w=0.15,q_F=10,q_tau=1,filt=1,gate=1,ffu=1,qyaw=1,obs=1,aci=1,obsm=0.01]",9,2.9459116458892822,1,0.34520318725099597,3.1013923810342274,9.02855722233653,0.04878048780487805,492,
0.08310577535954147,0.09077063305110732,0.12762862358750782,2.8389879724122347,2.8389879724122347,9042.580645065114,26.1279317044701,0.250996015936255,0.0232330854989386,0.0,0.0,obsx_stress,force,"nmpc+kf[r_v=0.15,r_w=0.15,q_F=10,q_tau=1,filt=1,gate=1,ffu=1,qyaw=1,obs=1,aci=1,obsm=0.01]",10,4.984866619110107,2,0.5531673306772908,5.305902266214449,9.989805896766491,0.04878048780487805,492,
0.08974781912961209,0.09996033600176923,0.15511849838135702,3.1637929579364537,3.163792957936453,9309.431043246572,20.908096605438377,0.3207171314741036,0.029643232603166453,0.0,0.0,obsx_stress,force,"nmpc+kf[r_v=0.15,r_w=0.15,q_F=10,q_tau=1,filt=1,gate=1,ffu=1,qyaw=1,obs=1,aci=1,obsm=0.01]",11,3.8085694313049316,4,0.47125498007968125,4.029825105298444,9.092255202122033,0.06300813008130081,492,
0.09305841053217925,0.10358612782730882,0.15523735346711107,1.442121677800182,1.442121677800182,9237.868880933387,19.530402419656536,0.42828685258964144,0.03353028637826494,0.0,0.0,obsx_stress,force,"nmpc+kf[r_v=0.15,r_w=0.15,q_F=10,q_tau=1,filt=1,gate=1,ffu=1,qyaw=1,obs=1,aci=1,obsm=0.01]",12,3.922097682952881,7,0.43344223107569724,4.15373555026518,9.11375230178237,0.0508130081300813,492,
0.11255375650789493,0.1257451806754126,0.2247474684349625,3.8777683731532364,3.8777683731532364,10634.42419622814,52.5604627327237,0.4701195219123506,-0.01536338268543,1.0,0.01593625498007968,obsx_stress,force,"nmpc+kf[r_v=0.15,r_w=0.15,q_F=10,q_tau=1,filt=1,gate=1,ffu=1,qyaw=1,obs=1,aci=1,obsm=0.01]",13,4.789639949798584,7,0.6057808764940238,5.052918660550924,9.96661153156311,0.052845528455284556,492,
0.11364328005342758,0.12684413690981336,0.27603448975603184,3.0088751114775265,3.0088751114775265,8884.63232595465,49.67004471570935,0.5737051792828686,-0.006286540892017495,1.0,0.013944223107569721,obsx_stress,force,"nmpc+kf[r_v=0.15,r_w=0.15,q_F=10,q_tau=1,filt=1,gate=1,ffu=1,qyaw=1,obs=1,aci=1,obsm=0.01]",14,3.119323968887329,0,0.4171454183266932,3.3066542568687067,6.004366383422166,0.06300813008130081,492,
0.13970834132626633,0.15587251956838605,0.25057979124917656,3.535185007725516,3.535185007725516,9960.43623660258,31.88771341273818,0.6354581673306773,0.014721129020844714,0.0,0.0,obsx_stress,force,"nmpc+kf[r_v=0.15,r_w=0.15,q_F=10,q_tau=1,filt=1,gate=1,ffu=1,qyaw=1,obs=1,aci=1,obsm=0.01]",15,3.3256068229675293,12,0.4189123505976095,3.5438846353352425,6.895349894184626,0.052845528455284556,492,
0.05621814046745622,0.06270657906615791,0.1339799327242721,0.9372478843782811,0.9372478843782811,9782.900732878159,28.900261486646414,0.09561752988047809,0.030306650192745643,0.0,0.0,obsx_stress,force,"nmpc+kf[r_v=0.15,r_w=0.15,q_F=10,q_tau=1,filt=1,gate=1,ffu=1,qyaw=1,obs=1,aci=1,obsm=0.01]",16,3.2795369625091553,1,0.4454980079681275,3.4701242413097226,6.123925456777215,0.04878048780487805,492,
0.046512839113827184,0.05190476162160287,0.10164883915927496,1.0128978566346243,1.0128978566346243,8053.200100211234,17.923790976432432,0.01593625498007968,0.02927435968958303,0.0,0.0,obsx_stress,force,"nmpc+kf[r_v=0.15,r_w=0.15,q_F=10,q_tau=1,filt=1,gate=1,ffu=1,qyaw=1,obs=1,aci=1,obsm=0.01]",17,2.6067659854888916,0,0.3735378486055777,2.8178448917759784,6.438749174121771,0.04878048780487805,492,
0.08517137526879662,0.09492749993308275,0.13856145958876592,3.394374693890291,3.394374693890291,10350.923709242115,79.61686224338517,0.35258964143426297,0.02882559921082875,0.0,0.0,obsx_stress,force,"nmpc+kf[r_v=0.15,r_w=0.15,q_F=10,q_tau=1,filt=1,gate=1,ffu=1,qyaw=1,obs=1,aci=1,obsm=0.01]",18,2.9227426052093506,8,0.3664601593625498,3.094936806831019,6.080493372865021,0.056910569105691054,492,
0.5562388850570448,0.6215605753213984,1.2598372095516222,13.717246503497595,13.717246503497595,9215.151521216185,116.26374239886965,0.7569721115537849,0.06262379366602877,0.0,0.0,obsx_stress,force,"nmpc+kf[r_v=0.15,r_w=0.15,q_F=10,q_tau=1,filt=1,gate=1,ffu=1,qyaw=1,obs=1,aci=1,obsm=0.01]",19,2.4134671688079834,39,0.30409760956175297,2.5887298949649074,3.5830862121656546,0.056910569105691054,492,
0.1263804890609908,0.1410195596254357,0.2483866252958966,2.5253214929523473,2.5253214929523473,9414.807379525537,34.70201165417341,0.4063745019920319,0.012419074607405045,0.0,0.0,obsx_stress,force,"nmpc+mmae[filt=1,forget=0.95,gate=1,ffu=1,qyaw=1,obs=1,aci=1,obsm=0.01]",0,4.761836767196655,0,0.6228426294820718,5.3738903321986236,12.202219220343977,0.056910569105691054,492,
0.07650272998949867,0.0852739942847518,0.14522307935763318,1.0296117258338258,1.0296117258338258,9154.534230252999,31.521239528081505,0.2649402390438247,0.02952372673163811,0.0,0.0,obsx_stress,force,"nmpc+mmae[filt=1,forget=0.95,gate=1,ffu=1,qyaw=1,obs=1,aci=1,obsm=0.01]",1,2.9480319023132324,0,0.3356653386454183,3.2978785419985055,7.929852204397323,0.052845528455284556,492,
0.12547514337493731,0.14017041203859534,0.27071772858650966,1.7443413087539643,1.7443413087539643,9178.753495458206,45.72394007752472,0.5239043824701195,0.04266994497371707,0.0,0.0,obsx_stress,force,"nmpc+mmae[filt=1,forget=0.95,gate=1,ffu=1,qyaw=1,obs=1,aci=1,obsm=0.01]",2,6.283574342727661,0,0.7632310756972112,7.084927786479285,15.636529400944712,0.052845528455284556,492,
0.2864484927263587,0.319853566781189,0.5706542715100349,12.327928991589511,12.327928991589511,10160.117782729358,137.84657465500032,0.750996015936255,0.013810002373970592,0.0,0.0,obsx_stress,force,"nmpc+mmae[filt=1,forget=0.95,gate=1,ffu=1,qyaw=1,obs=1,aci=1,obsm=0.01]",3,6.086787223815918,16,1.019926294820717,7.216565562337934,15.695301077794284,0.06097560975609756,492,
0.28214751279534056,0.3151989671184759,0.7133174568046119,7.135551447980182,7.135551447980182,8077.463050503607,82.68588070796872,0.4940239043824701,0.02617241226237138,0.0,0.0,obsx_stress,force,"nmpc+mmae[filt=1,forget=0.95,gate=1,ffu=1,qyaw=1,obs=1,aci=1,obsm=0.01]",4,2.5010011196136475,0,0.2987111553784861,2.831137916759636,3.651321646757424,0.0508130081300813,492,
0.20182564429985803,0.2254595194173758,1.2166646488432487,6.235959233033998,6.235959233033998,9649.696744696772,119.71673404465434,0.603585657370518,0.0303970036285299,0.0,0.0,obsx_stress,force,"nmpc+mmae[filt=1,forget=0.95,gate=1,ffu=1,qyaw=1,obs=1,aci=1,obsm=0.01]",5,3.5243754386901855,24,0.49869123505976093,4.066380074774602,9.58868458867073,0.07926829268292683,492,
0.13418150402929727,0.14948893797945167,0.30161681109273564,1.7199308696910933,1.7199308696910933,10818.42792334646,32.106538911048084,0.549800796812749,0.034602019239032,0.0,0.0,obsx_stress,force,"nmpc+mmae[filt=1,forget=0.95,gate=1,ffu=1,qyaw=1,obs=1,aci=1,obsm=0.01]",6,3.1654052734375,0,0.3961314741035856,3.600364372846615,9.411099625285715,0.0508130081300813,492,
0.09118717235636828,0.10168692613938618,0.19844522824174055,2.684703527398027,2.684703527398027,9912.686401383438,59.3231546016366,0.24900398406374502,0.027640412105882084,0.0,0.0,obsx_stress,force,"nmpc+mmae[filt=1,forget=0.95,gate=1,ffu=1,qyaw=1,obs=1,aci=1,obsm=0.01]",7,2.4939966201782227,0,0.2916693227091633,2.8268930203544786,3.0970374308526516,0.0508130081300813,492,
0.10279487449177481,0.11474775518410284,0.18395713716422651,1.2065476956477736,1.2065476956477736,8930.777828599223,34.27500078980412,0.4581673306772908,0.03537776579839186,0.0,0.0,obsx_stress,force,"nmpc+mmae[filt=1,forget=0.95,gate=1,ffu=1,qyaw=1,obs=1,aci=1,obsm=0.01]",8,6.3714447021484375,0,0.6831434262948206,7.161157602255058,15.55976839736104,0.06910569105691057,492,
0.10716294840178962,0.1194784344351176,0.23885086742139863,2.4303619667391305,2.4303619667391305,8164.127950410828,40.81612440788755,0.34063745019920316,0.03481029404639846,0.0,0.0,obsx_stress,force,"nmpc+mmae[filt=1,forget=0.95,gate=1,ffu=1,qyaw=1,obs=1,aci=1,obsm=0.01]",9,3.7301230430603027,0,0.4482250996015936,4.258178519103602,9.56296304706484,0.046747967479674794,492,
0.11740863671674616,0.1292619069674909,0.23404626136387985,1.6257564702523326,1.6257564702523326,7220.216602800868,26.427872947035116,0.398406374501992,0.03667920076005568,0.0,0.0,obsx_stress,force,"nmpc+mmae[filt=1,forget=0.95,gate=1,ffu=1,qyaw=1,obs=1,aci=1,obsm=0.01]",10,2.686645269393921,1,0.3301254980079681,3.0072832570978965,5.628025454934688,0.0508130081300813,492,
0.09400056416519205,0.10493597731696895,0.15120436895646702,1.4473558715823516,1.4473558715823516,8314.468815631195,35.31935658750606,0.4243027888446215,0.03491134000449636,0.0,0.0,obsx_stress,force,"nmpc+mmae[filt=1,forget=0.95,gate=1,ffu=1,qyaw=1,obs=1,aci=1,obsm=0.01]",11,2.7279343605041504,1,0.3087091633466135,3.062195683536361,3.3785414928570394,0.06910569105691057,492,
0.1036146964500837,0.11535426622748467,0.18750603200429486,2.6736032626428874,2.6736032626428874,7824.341284756863,24.183943867789125,0.43227091633466136,0.023643809843795827,0.0,0.0,obsx_stress,force,"nmpc+mmae[filt=1,forget=0.95,gate=1,ffu=1,qyaw=1,obs=1,aci=1,obsm=0.01]",12,5.300802230834961,1,0.5502529880478089,5.933574871141538,9.596400226000696,0.056910569105691054,492,
0.3387452838446544,0.3785290941331642,0.6269071039869727,3.60312037203225,3.60312037203225,9368.27156071801,36.86728294125103,0.6235059760956175,0.026152435389925316,0.0,0.0,obsx_stress,force,"nmpc+mmae[filt=1,forget=0.95,gate=1,ffu=1,qyaw=1,obs=1,aci=1,obsm=0.01]",13,5.068239212036133,1,0.6605796812749003,5.805701864289632,15.44350848766044,0.06097560975609756,492,
0.11998189026644364,0.13382317707600427,0.2983175007094154,2.714300286630982,2.714300286630982,11032.143456586848,49.238064221869905,0.6135458167330677,0.02475428755422815,0.0,0.0,obsx_stress,force,"nmpc+mmae[filt=1,forget=0.95,gate=1,ffu=1,qyaw=1,obs=1,aci=1,obsm=0.01]",14,2.7995071411132812,0,0.3243187250996016,3.1231636059956545,5.356684348080309,0.06504065040650407,492,
0.13594718267225353,0.15169559620535783,0.2575750013638359,5.931442800758009,5.931442800758009,9104.381373198628,47.45759622777608,0.7649402390438247,-0.0075902477934062795,1.0,0.013944223107569721,obsx_stress,force,"nmpc+mmae[filt=1,forget=0.95,gate=1,ffu=1,qyaw=1,obs=1,aci=1,obsm=0.01]",15,4.001300811767578,0,0.43749003984063745,4.506913041584639,9.558828615117818,0.052845528455284556,492,
0.05774056300302701,0.06443831753804508,0.1407313604635475,0.7856696992161392,0.7856696992161392,12543.25839978991,31.26358379660693,0.09561752988047809,0.03074456443266127,0.0,0.0,obsx_stress,force,"nmpc+mmae[filt=1,forget=0.95,gate=1,ffu=1,qyaw=1,obs=1,aci=1,obsm=0.01]",16,2.9176743030548096,0,0.33506972111553784,3.297456408910216,5.860019598621877,0.0508130081300813,492,
0.06641798109928518,0.07419601250366523,0.12017482570068928,2.797556823111914,2.797556823111914,9872.036223988094,24.80760083267122,0.12350597609561753,0.022904022691825454,0.0,0.0,obsx_stress,force,"nmpc+mmae[filt=1,forget=0.95,gate=1,ffu=1,qyaw=1,obs=1,aci=1,obsm=0.01]",17,6.079261064529419,0,0.672906374501992,6.829116466562764,12.679345922078937,0.04878048780487805,492,
1.3468755787163436,1.595455848404724,4.880766494854484,21.332709659234506,21.332709659234506,10232.246848603958,98.96745490083867,0.5373563218390804,-0.1364028726278147,1.0,0.040229885057471264,obsx_stress,force,"nmpc+mmae[filt=1,forget=0.95,gate=1,ffu=1,qyaw=1,obs=1,aci=1,obsm=0.01]",18,1.9876697063446045,94,0.31794540229885054,3.272677528880665,6.324931078124788,0.09467455621301775,338,
0.13982019400001408,0.15609138616685278,0.24318450965787816,2.576130170799657,2.576130170799657,8436.80943599113,30.349674479085255,0.603585657370518,0.03140460919890625,0.0,0.0,obsx_stress,force,"nmpc+mmae[filt=1,forget=0.95,gate=1,ffu=1,qyaw=1,obs=1,aci=1,obsm=0.01]",19,5.387537240982056,0,0.5751992031872509,6.013204511050951,9.648434694390744,0.04878048780487805,492,
0.12320569758293061,0.1375433609480154,0.24845603084218068,2.449137675537407,2.4491376755374077,9016.90230944065,28.66388315551359,0.48406374501992033,0.02682492064830072,0.0,0.0,obsx_stress,no,"nmpc+kf[r_v=0.15,r_w=0.15,q_F=10,q_tau=1,filt=1,gate=1,ffu=1,qyaw=1,obs=1,aci=1,obsm=0.01]",0,2.503180980682373,8,0.3121752988047809,2.6605175386008573,3.6693273857235917,0.0508130081300813,492,
0.07203563123793894,0.0803054251967707,0.14641291983321303,1.8356595323323803,1.8356595323323803,8765.975268187727,37.62443302669202,0.2290836653386454,0.03604549157739745,0.0,0.0,obsx_stress,no,"nmpc+kf[r_v=0.15,r_w=0.15,q_F=10,q_tau=1,filt=1,gate=1,ffu=1,qyaw=1,obs=1,aci=1,obsm=0.01]",1,3.942196846008301,1,0.4652171314741036,4.191241981239017,7.062737776432187,0.0508130081300813,492,
0.10345781719285127,0.11556722166817213,0.22921470049222475,4.291019278014722,4.291019278014722,9695.553555142611,42.54650884164752,0.40239043824701193,0.03866432987795693,0.0,0.0,obsx_stress,no,"nmpc+kf[r_v=0.15,r_w=0.15,q_F=10,q_tau=1,filt=1,gate=1,ffu=1,qyaw=1,obs=1,aci=1,obsm=0.01]",2,5.945143699645996,5,0.6804541832669323,6.282267528975686,9.215682435315102,0.052845528455284556,492,
0.25449171748663707,0.284136041826653,0.5877986192578664,14.334072915934494,14.334072915934494,10810.41495395626,142.31962366996066,0.6733067729083665,-0.013484296309216187,1.0,0.017928286852589643,obsx_stress,no,"nmpc+kf[r_v=0.15,r_w=0.15,q_F=10,q_tau=1,filt=1,gate=1,ffu=1,qyaw=1,obs=1,aci=1,obsm=0.01]",3,2.641702890396118,17,0.35243824701195214,2.8323920274828653,5.889609660953283,0.0508130081300813,492,
0.10629694312360166,0.11872048639686511,0.19801775642677777,6.131539132531449,6.131539132531449,8652.830550172197,26.59951896314005,0.4402390438247012,0.03726352242318187,0.0,0.0,obsx_stress,no,"nmpc+kf[r_v=0.15,r_w=0.15,q_F=10,q_tau=1,filt=1,gate=1,ffu=1,qyaw=1,obs=1,aci=1,obsm=0.01]",4,2.656055450439453,10,0.35211553784860555,2.852559476938707,6.064921494107694,0.052845528455284556,492,
0.5536726461122643,0.6359848952077728,2.781171615220826,9.763117751137488,9.763117751137488,9091.08839450515,175.10987364899444,0.5569007263922519,-0.15561215868168626,1.0,0.12832929782082325,obsx_stress,no,"nmpc+kf[r_v=0.15,r_w=0.15,q_F=10,q_tau=1,filt=1,gate=1,ffu=1,qyaw=1,obs=1,aci=1,obsm=0.01]",5,4.849758863449097,70,0.6796125907990315,6.330749357105672,9.93420949205756,0.07196029776674938,403,
0.1415790160802321,0.1576552430693397,0.31133821003180856,1.967442250167917,1.967442250167917,11044.772295064244,32.29768989688725,0.5239043824701195,0.03313165169550458,0.0,0.0,obsx_stress,no,"nmpc+kf[r_v=0.15,r_w=0.15,q_F=10,q_tau=1,filt=1,gate=1,ffu=1,qyaw=1,obs=1,aci=1,obsm=0.01]",6,6.068415403366089,11,0.7611533864541833,6.518387227816381,15.127042531967192,0.0508130081300813,492,
0.0858941693320351,0.09587383059612292,0.1822521450485894,1.79670455902498,1.79670455902498,10106.704179765002,53.49744334313768,0.2350597609561753,0.028150448296969027,0.0,0.0,obsx_stress,no,"nmpc+kf[r_v=0.15,r_w=0.15,q_F=10,q_tau=1,filt=1,gate=1,ffu=1,qyaw=1,obs=1,aci=1,obsm=0.01]",7,4.9123125076293945,9,0.5131593625498009,5.255428497657269,9.291499976534398,0.0508130081300813,492,
0.16332390518215242,0.18247518424859685,1.0443433484112907,2.1081929153763164,2.1081929153763164,9769.225990146255,162.53178428196966,0.4362549800796813,0.034469670516577455,0.0,0.0,obsx_stress,no,"nmpc+kf[r_v=0.15,r_w=0.15,q_F=10,q_tau=1,filt=1,gate=1,ffu=1,qyaw=1,obs=1,aci=1,obsm=0.01]",8,2.460571050643921,26,0.31487450199203193,2.606739188021279,5.586434013675899,0.06910569105691057,492,
0.07827548774028262,0.087281025008991,0.1423913314753388,1.8521048785086955,1.8521048785086955,8606.791828047759,20.569439591299698,0.26294820717131473,0.03587785867414178,0.0,0.0,obsx_stress,no,"nmpc+kf[r_v=0.15,r_w=0.15,q_F=10,q_tau=1,filt=1,gate=1,ffu=1,qyaw=1,obs=1,aci=1,obsm=0.01]",9,6.393254041671753,5,0.7540557768924304,6.795522852882416,10.93943101586774,0.04878048780487805,492,
0.07988048172106729,0.08707963872728963,0.12775341357087505,2.189959559725021,2.189959559725021,8898.288927154781,26.12594377589983,0.19123505976095617,0.026497043865948616,0.0,0.0,obsx_stress,no,"nmpc+kf[r_v=0.15,r_w=0.15,q_F=10,q_tau=1,filt=1,gate=1,ffu=1,qyaw=1,obs=1,aci=1,obsm=0.01]",10,4.687925815582275,2,0.5235338645418326,4.9573233758333135,9.180542095564306,0.04878048780487805,492,
0.08598933740632393,0.09574580504337574,0.15511849838135702,3.09810314777063,3.09810314777063,9243.464602603863,20.910754806518664,0.3147410358565737,0.029643232603166453,0.0,0.0,obsx_stress,no,"nmpc+kf[r_v=0.15,r_w=0.15,q_F=10,q_tau=1,filt=1,gate=1,ffu=1,qyaw=1,obs=1,aci=1,obsm=0.01]",11,2.2175536155700684,4,0.30546414342629485,2.367234936789183,2.718439518939704,0.06300813008130081,492,
0.09182841659216134,0.10235940106925633,0.15535940276470214,1.2864106038420728,1.2864106038420728,9203.739095048755,17.252695837176592,0.4043824701195219,0.029946619755135906,0.0,0.0,obsx_stress,no,"nmpc+kf[r_v=0.15,r_w=0.15,q_F=10,q_tau=1,filt=1,gate=1,ffu=1,qyaw=1,obs=1,aci=1,obsm=0.01]",12,2.767164707183838,7,0.3009003984063745,2.914265917792204,9.038797032553703,0.0508130081300813,492,
0.10051588587124745,0.11228940134195697,0.17956235236090795,3.2586631696920776,3.258663169692077,9709.256208379247,43.5799089510071,0.4641434262948207,0.020077288941164673,0.0,0.0,obsx_stress,no,"nmpc+kf[r_v=0.15,r_w=0.15,q_F=10,q_tau=1,filt=1,gate=1,ffu=1,qyaw=1,obs=1,aci=1,obsm=0.01]",13,2.6233022212982178,2,0.31616135458167327,2.7932066329387557,7.636627848260115,0.0508130081300813,492,
0.11525006120367076,0.1286417681447061,0.30477707474347215,3.131340829664285,3.131340829664285,8992.265027242234,52.62360945255213,0.5119521912350598,-0.013655870080481136,1.0,0.0199203187250996,obsx_stress,no,"nmpc+kf[r_v=0.15,r_w=0.15,q_F=10,q_tau=1,filt=1,gate=1,ffu=1,qyaw=1,obs=1,aci=1,obsm=0.01]",14,2.5244288444519043,0,0.3134521912350598,2.6767845233100878,5.845022809226067,0.06504065040650407,492,
0.13322333694126365,0.14864585565350993,0.2554698396449235,2.679571126741737,2.679571126741737,9449.53236038239,33.00097277357711,0.6235059760956175,0.016800426900902193,0.0,0.0,obsx_stress,no,"nmpc+kf[r_v=0.15,r_w=0.15,q_F=10,q_tau=1,filt=1,gate=1,ffu=1,qyaw=1,obs=1,aci=1,obsm=0.01]",15,4.985124111175537,8,0.6708386454183266,5.335538511246116,9.16145948227495,0.052845528455284556,492,
0.053567879776662816,0.05973922483068021,0.13296435157477748,0.6579782111699656,0.6579782111699656,9041.519829276269,26.743486909938017,0.09561752988047809,0.031951890898958335,0.0,0.0,obsx_stress,no,"nmpc+kf[r_v=0.15,r_w=0.15,q_F=10,q_tau=1,filt=1,gate=1,ffu=1,qyaw=1,obs=1,aci=1,obsm=0.01]",16,5.378135442733765,1,0.6673904382470119,5.719368445753784,10.122436042875053,0.04878048780487805,492,
0.041954399801149,0.046821676178734055,0.10024155777812084,0.8932300984020173,0.8932300984020173,7963.369517256483,18.089804260356143,0.00796812749003984,0.022961197760983654,0.0,0.0,obsx_stress,no,"nmpc+kf[r_v=0.15,r_w=0.15,q_F=10,q_tau=1,filt=1,gate=1,ffu=1,qyaw=1,obs=1,aci=1,obsm=0.01]",17,2.486874580383301,0,0.3093107569721116,2.6215645396503144,5.828371949028224,0.046747967479674794,492,
0.09000102312838887,0.10038903128904689,0.15086903340829974,5.416741378697487,5.416741378697487,10638.466126031144,73.79000589225205,0.3705179282868526,0.029409550601352225,0.0,0.0,obsx_stress,no,"nmpc+kf[r_v=0.15,r_w=0.15,q_F=10,q_tau=1,filt=1,gate=1,ffu=1,qyaw=1,obs=1,aci=1,obsm=0.01]",18,4.780940055847168,8,0.5668665338645419,5.041019215092686,9.149911585263908,0.056910569105691054,492,
inf,inf,inf,,,,,,-inf,1.0,,obsx_stress,no,"nmpc+kf[r_v=0.15,r_w=0.15,q_F=10,q_tau=1,filt=1,gate=1,ffu=1,qyaw=1,obs=1,aci=1,obsm=0.01]",19,1.4184017181396484,146,0.3124518518518518,2.823064108896587,5.5526518914848575,0.13076923076923078,260,RuntimeError('diverged')
0.1260295685067846,0.14062683427903183,0.25501355762593625,2.327233653213461,2.327233653213461,9017.525529221493,34.964191372276076,0.4103585657370518,0.02236223845531976,0.0,0.0,obsx_stress,no,"nmpc+mmae[filt=1,forget=0.95,gate=1,ffu=1,qyaw=1,obs=1,aci=1,obsm=0.01]",0,2.6992087364196777,0,0.3178087649402391,3.060768309709768,5.028481953777374,0.056910569105691054,492,
0.08055532771613959,0.08981357833127238,0.15702629765100862,1.0768838060047345,1.0768838060047345,8902.019973503733,33.66514325858631,0.2848605577689243,0.032176202038549095,0.0,0.0,obsx_stress,no,"nmpc+mmae[filt=1,forget=0.95,gate=1,ffu=1,qyaw=1,obs=1,aci=1,obsm=0.01]",1,3.0941591262817383,0,0.337093625498008,3.475625555873273,9.291406359989214,0.04878048780487805,492,
0.10888984055220251,0.12162981221327335,0.21065382026765603,2.106669562609704,2.1066695626097034,8267.733213914094,40.157402112021046,0.4940239043824701,0.03304972962911651,0.0,0.0,obsx_stress,no,"nmpc+mmae[filt=1,forget=0.95,gate=1,ffu=1,qyaw=1,obs=1,aci=1,obsm=0.01]",2,2.851667881011963,0,0.33737848605577697,3.2290189014005652,6.370480803307146,0.0508130081300813,492,
0.275014489185337,0.30706607890924387,0.609945359847779,14.713612788831837,14.713612788831833,9978.888039275917,136.56469209336,0.750996015936255,0.009431956818597736,0.0,0.0,obsx_stress,no,"nmpc+mmae[filt=1,forget=0.95,gate=1,ffu=1,qyaw=1,obs=1,aci=1,obsm=0.01]",3,2.6944527626037598,16,0.33395019920318725,3.0798462648093103,3.5069431271404032,0.05894308943089431,492,
0.2902208673399053,0.3242347213334448,0.7164803732165619,8.415801665281704,8.415801665281704,8165.720244920601,84.34529579648274,0.47808764940239046,0.027626222417699298,0.0,0.0,obsx_stress,no,"nmpc+mmae[filt=1,forget=0.95,gate=1,ffu=1,qyaw=1,obs=1,aci=1,obsm=0.01]",4,5.324979543685913,0,0.6197689243027887,5.94444440230653,11.192184051033117,0.0508130081300813,492,
0.13908379939687346,0.15531255320894524,0.6177996145037344,2.680362887815148,2.6803628878151478,9170.644169848794,67.35461085362529,0.4760956175298805,0.030623295842439974,0.0,0.0,obsx_stress,no,"nmpc+mmae[filt=1,forget=0.95,gate=1,ffu=1,qyaw=1,obs=1,aci=1,obsm=0.01]",5,5.5990891456604,0,0.5770537848605577,6.2902218382063495,12.69087465479972,0.07317073170731707,492,
0.14111346561212207,0.1572577079832853,0.2952313742863818,1.439600348904525,1.439600348904525,10717.408648152943,33.65462344003134,0.5517928286852589,0.03122988801087373,0.0,0.0,obsx_stress,no,"nmpc+mmae[filt=1,forget=0.95,gate=1,ffu=1,qyaw=1,obs=1,aci=1,obsm=0.01]",6,4.216739177703857,0,0.6734980079681275,5.053226916264164,9.844778927508742,0.0508130081300813,492,
0.09294085462271537,0.10365064832295141,0.19026446362113947,2.6289891621118273,2.6289891621118273,9434.93774307553,56.6943870562755,0.3286852589641434,0.025084734835948475,0.0,0.0,obsx_stress,no,"nmpc+mmae[filt=1,forget=0.95,gate=1,ffu=1,qyaw=1,obs=1,aci=1,obsm=0.01]",7,2.7486090660095215,0,0.3132231075697211,3.1166393778275743,5.992168595548723,0.0508130081300813,492,
0.09679388366986419,0.10804119592703809,0.16152381452309916,0.9308852082520208,0.9308852082520208,8927.103382893447,34.51762063590924,0.45219123505976094,0.0335005144137514,0.0,0.0,obsx_stress,no,"nmpc+mmae[filt=1,forget=0.95,gate=1,ffu=1,qyaw=1,obs=1,aci=1,obsm=0.01]",8,3.112093687057495,0,0.3651752988047809,3.5066594906796915,6.711164696607739,0.06910569105691057,492,
0.12989780835551148,0.14492948819846416,0.28808432662810224,2.373428906036495,2.373428906036495,7753.492928505002,40.970801896345165,0.35856573705179284,0.035935050246216904,0.0,0.0,obsx_stress,no,"nmpc+mmae[filt=1,forget=0.95,gate=1,ffu=1,qyaw=1,obs=1,aci=1,obsm=0.01]",9,2.749258041381836,0,0.309410358565737,3.1247820855448563,3.9116881880909213,0.046747967479674794,492,
0.08428562639874321,0.09146610574265354,0.13181282702854458,1.3697140700150428,1.3697140700150428,6961.979929314713,17.631947475572012,0.26693227091633465,0.034724692126227474,0.0,0.0,obsx_stress,no,"nmpc+mmae[filt=1,forget=0.95,gate=1,ffu=1,qyaw=1,obs=1,aci=1,obsm=0.01]",10,2.441495895385742,1,0.3383725099601594,2.7736881219102925,5.938978674821558,0.0508130081300813,492,
0.08937564567462915,0.09976216295129706,0.1454697569231845,1.5764320035973516,1.5764320035973516,8245.442194134357,35.95645363907356,0.3665338645418327,0.03423659794711609,0.0,0.0,obsx_stress,no,"nmpc+mmae[filt=1,forget=0.95,gate=1,ffu=1,qyaw=1,obs=1,aci=1,obsm=0.01]",11,3.8641855716705322,1,0.43218924302788847,4.328727786637011,9.702912271022797,0.06910569105691057,492,
0.10261609648512458,0.11442850318967128,0.1869594898871207,2.204829138416083,2.204829138416083,7654.205260063044,23.940928216691145,0.39243027888446214,0.028924627063214137,0.0,0.0,obsx_stress,no,"nmpc+mmae[filt=1,forget=0.95,gate=1,ffu=1,qyaw=1,obs=1,aci=1,obsm=0.01]",12,2.648735523223877,1,0.3089342629482072,3.0183870200646585,4.257913783658298,0.056910569105691054,492,
0.1485321412055165,0.16595584944292918,0.26900240834423417,2.0219139460500237,2.0219139460500237,9402.049400990494,34.021780408587404,0.601593625498008,0.029887288825458047,0.0,0.0,obsx_stress,no,"nmpc+mmae[filt=1,forget=0.95,gate=1,ffu=1,qyaw=1,obs=1,aci=1,obsm=0.01]",13,4.421024560928345,1,0.5580637450199204,5.029855136466454,9.729646225459874,0.0508130081300813,492,
0.13629943105194575,0.15208810775259587,0.3265733281512924,2.6220193350429493,2.6220193350429493,10724.98682944706,47.21946323600434,0.6115537848605578,0.020164273281788603,0.0,0.0,obsx_stress,no,"nmpc+mmae[filt=1,forget=0.95,gate=1,ffu=1,qyaw=1,obs=1,aci=1,obsm=0.01]",14,5.073405742645264,0,0.5858107569721116,5.6688443653701075,14.653241294436176,0.06504065040650407,492,
0.14696450810146197,0.1640512561834165,0.2589121176513764,4.381001899278192,4.381001899278192,8963.363199584783,54.293208740254265,0.6553784860557769,0.0022386758744267765,0.0,0.0,obsx_stress,no,"nmpc+mmae[filt=1,forget=0.95,gate=1,ffu=1,qyaw=1,obs=1,aci=1,obsm=0.01]",15,5.122732162475586,1,0.6516454183266932,5.97521090421796,14.011027298402054,0.052845528455284556,492,
0.057913780224087705,0.06463213987627288,0.13768642849951424,0.8086321863797943,0.8086321863797943,11500.543884041563,25.240734325931097,0.09561752988047809,0.033783607682178585,0.0,0.0,obsx_stress,no,"nmpc+mmae[filt=1,forget=0.95,gate=1,ffu=1,qyaw=1,obs=1,aci=1,obsm=0.01]",16,2.658886671066284,0,0.3462589641434263,2.9997740880552812,7.997436895966537,0.0508130081300813,492,
0.0721491461566824,0.08060436637287098,0.15383904956153788,3.1474395782125915,3.1474395782125915,9928.005313104297,23.260284980934944,0.16135458167330677,0.010877203661650625,0.0,0.0,obsx_stress,no,"nmpc+mmae[filt=1,forget=0.95,gate=1,ffu=1,qyaw=1,obs=1,aci=1,obsm=0.01]",17,2.9960052967071533,0,0.3505498007968128,3.335079771422028,7.570704631507401,0.052845528455284556,492,
0.5745940783761001,0.6420663848668539,1.2823184729064727,26.19229482826807,26.19229482826807,10620.138304920813,109.35821162706878,0.701195219123506,-0.14602599796762558,1.0,0.03187250996015936,obsx_stress,no,"nmpc+mmae[filt=1,forget=0.95,gate=1,ffu=1,qyaw=1,obs=1,aci=1,obsm=0.01]",18,4.7511887550354,10,0.5302290836653387,5.36308166352045,9.649658394046128,0.06707317073170732,492,
0.14587233656211326,0.16286093815969577,0.261073805146632,2.5274128174439356,2.5274128174439356,8374.240061515962,30.891303434828394,0.603585657370518,0.030441017923887925,0.0,0.0,obsx_stress,no,"nmpc+mmae[filt=1,forget=0.95,gate=1,ffu=1,qyaw=1,obs=1,aci=1,obsm=0.01]",19,2.9279565811157227,0,0.3565796812749005,3.32286582881236,6.839765761978925,0.0508130081300813,492,
0.12230327532058236,0.13653391794924374,0.2479140070431173,2.958073713368343,2.958073713368343,9011.56386396883,28.782921479516467,0.44621513944223107,0.02934205818710045,0.0,0.0,obsx_stress,payload,"nmpc+kf[r_v=0.15,r_w=0.15,q_F=10,q_tau=1,filt=1,gate=1,ffu=1,qyaw=1,obs=1,aci=1,obsm=0.01]",0,4.824891805648804,9,0.5631832669322709,5.09896232659346,8.816958153620366,0.0508130081300813,492,
0.07784483731458659,0.08681150000690092,0.17179400376619317,1.6309294309510836,1.6309294309510833,8376.163352767768,36.51582839640767,0.2410358565737052,0.03395589264720661,0.0,0.0,obsx_stress,payload,"nmpc+kf[r_v=0.15,r_w=0.15,q_F=10,q_tau=1,filt=1,gate=1,ffu=1,qyaw=1,obs=1,aci=1,obsm=0.01]",1,5.72157883644104,1,0.6747549800796814,6.031023937674513,11.142003962304443,0.0508130081300813,492,
0.10499759394352985,0.11726758004945675,0.2562901683841702,4.190493916900367,4.190493916900367,9063.52490223158,46.72695723341747,0.3804780876494024,0.038764680108431926,0.0,0.0,obsx_stress,payload,"nmpc+kf[r_v=0.15,r_w=0.15,q_F=10,q_tau=1,filt=1,gate=1,ffu=1,qyaw=1,obs=1,aci=1,obsm=0.01]",2,2.6894419193267822,5,0.350109561752988,2.865954728025305,8.191772834397872,0.052845528455284556,492,
0.2550888854750517,0.28480395591589064,0.5877986192578664,24.67911605092192,24.67911605092192,9719.722354719795,142.31962366996066,0.703187250996016,-0.0006783105781811571,1.0,0.00597609561752988,obsx_stress,payload,"nmpc+kf[r_v=0.15,r_w=0.15,q_F=10,q_tau=1,filt=1,gate=1,ffu=1,qyaw=1,obs=1,aci=1,obsm=0.01]",3,4.832452297210693,17,0.6537390438247013,5.165389173133558,9.215318229980767,0.0508130081300813,492,
0.28732069666332566,0.3209915826561351,0.7660395294376064,30.71143549097963,30.71143549097963,8173.196037131336,162.46231523086502,0.47410358565737054,-0.025438354686680875,1.0,0.029880478087649404,obsx_stress,payload,"nmpc+kf[r_v=0.15,r_w=0.15,q_F=10,q_tau=1,filt=1,gate=1,ffu=1,qyaw=1,obs=1,aci=1,obsm=0.01]",4,2.8081798553466797,22,0.3803446215139442,2.982260817031105,8.505014805123217,0.056910569105691054,492,
0.19801072667909936,0.2211566908886804,1.2104671093093196,3.4694804995336135,3.4694804995336135,7914.578774923628,173.52660844477842,0.43227091633466136,0.03140930482623436,0.0,0.0,obsx_stress,payload,"nmpc+kf[r_v=0.15,r_w=0.15,q_F=10,q_tau=1,filt=1,gate=1,ffu=1,qyaw=1,obs=1,aci=1,obsm=0.01]",5,2.629870653152466,32,0.34736254980079684,2.78645961274545,7.165784873068335,0.08536585365853659,492,
0.13859458948692666,0.15430819393415451,0.30371496854890756,1.8165116634918794,1.8165116634918794,10925.628407476404,32.16135825901994,0.5159362549800797,0.03273331392205753,0.0,0.0,obsx_stress,payload,"nmpc+kf[r_v=0.15,r_w=0.15,q_F=10,q_tau=1,filt=1,gate=1,ffu=1,qyaw=1,obs=1,aci=1,obsm=0.01]",6,2.5545554161071777,10,0.3222768924302789,2.7230087518358075,4.032077293377372,0.0508130081300813,492,
0.08592247964652372,0.09590558178091413,0.18244977148813638,1.7990152802869188,1.7990152802869188,10103.961286057785,53.500405430791794,0.2350597609561753,0.028147209511452054,0.0,0.0,obsx_stress,payload,"nmpc+kf[r_v=0.15,r_w=0.15,q_F=10,q_tau=1,filt=1,gate=1,ffu=1,qyaw=1,obs=1,aci=1,obsm=0.01]",7,5.232422113418579,9,0.5347908366533864,5.770719420457949,11.066482053138316,0.0508130081300813,492,
0.1642561468243788,0.18351714563783694,1.0018115683994093,2.2758748521019916,2.2758748521019916,8824.031503017939,155.50878619672733,0.48406374501992033,0.03840775490734616,0.0,0.0,obsx_stress,payload,"nmpc+kf[r_v=0.15,r_w=0.15,q_F=10,q_tau=1,filt=1,gate=1,ffu=1,qyaw=1,obs=1,aci=1,obsm=0.01]",8,5.568849563598633,21,0.6072390438247011,5.921382317412274,9.37579118879512,0.07317073170731707,492,
0.08038729719701437,0.08964592874457053,0.14156496972127816,1.8704033013283488,1.8704033013283488,8426.069996166092,19.204388931172094,0.2729083665338645,0.03587785867414178,0.0,0.0,obsx_stress,payload,"nmpc+kf[r_v=0.15,r_w=0.15,q_F=10,q_tau=1,filt=1,gate=1,ffu=1,qyaw=1,obs=1,aci=1,obsm=0.01]",9,2.5261330604553223,5,0.31047609561752987,2.6793550909589605,3.1089648697525267,0.04878048780487805,492,
0.08065762250480313,0.08796964926062345,0.12775341357087505,2.18559455659428,2.18559455659428,8772.76162500085,26.12594377589983,0.19123505976095617,0.026497043865948616,0.0,0.0,obsx_stress,payload,"nmpc+kf[r_v=0.15,r_w=0.15,q_F=10,q_tau=1,filt=1,gate=1,ffu=1,qyaw=1,obs=1,aci=1,obsm=0.01]",10,2.686448812484741,2,0.3437689243027889,2.850136624100021,6.0231152130290875,0.04878048780487805,492,
0.08740283335070573,0.09733095991958739,0.15511849838135702,3.245734293750058,3.245734293750058,8920.85394714055,22.218513478940135,0.32270916334661354,0.029643232603166453,0.0,0.0,obsx_stress,payload,"nmpc+kf[r_v=0.15,r_w=0.15,q_F=10,q_tau=1,filt=1,gate=1,ffu=1,qyaw=1,obs=1,aci=1,obsm=0.01]",11,5.4732184410095215,4,0.571996015936255,5.793022429218063,9.12175812292844,0.06504065040650407,492,
0.09929445074071498,0.11072187912276907,0.18678882384477974,6.2500287626759805,6.2500287626759805,8475.813634836995,18.652558348898175,0.4302788844621514,0.031223808644615547,0.0,0.0,obsx_stress,payload,"nmpc+kf[r_v=0.15,r_w=0.15,q_F=10,q_tau=1,filt=1,gate=1,ffu=1,qyaw=1,obs=1,aci=1,obsm=0.01]",12,4.496603488922119,7,0.4935657370517928,4.74604472714621,9.123075322713703,0.054878048780487805,492,
0.10450765940691153,0.11675145046922672,0.17956235236090795,3.183140173849994,3.1831401738499934,9593.554277919946,43.5799089510071,0.5139442231075697,0.020077288941164673,0.0,0.0,obsx_stress,payload,"nmpc+kf[r_v=0.15,r_w=0.15,q_F=10,q_tau=1,filt=1,gate=1,ffu=1,qyaw=1,obs=1,aci=1,obsm=0.01]",13,2.3371078968048096,2,0.3025657370517929,2.492716438526592,5.70702507160604,0.0508130081300813,492,
0.12876200620450234,0.1437565675422016,0.40932775944907,3.1869895923668587,3.1869895923668587,8868.498858919505,68.42140989917394,0.48804780876494025,-0.013655870080481136,1.0,0.0199203187250996,obsx_stress,payload,"nmpc+kf[r_v=0.15,r_w=0.15,q_F=10,q_tau=1,filt=1,gate=1,ffu=1,qyaw=1,obs=1,aci=1,obsm=0.01]",14,2.5273795127868652,0,0.3106354581673306,2.675136651906864,2.9426418780349195,0.06707317073170732,492,
0.13530944809404763,0.15098056231637477,0.2653933708974682,5.301838444988478,5.301838444988477,7906.846183533912,25.564466050696,0.649402390438247,0.0067416952317659595,0.0,0.0,obsx_stress,payload,"nmpc+kf[r_v=0.15,r_w=0.15,q_F=10,q_tau=1,filt=1,gate=1,ffu=1,qyaw=1,obs=1,aci=1,obsm=0.01]",15,4.110539674758911,11,0.5333187250996017,4.423087651551928,9.177697396371514,0.052845528455284556,492,
0.05366398329028232,0.0598468367106898,0.13322197807525424,0.6715208097436999,0.6715208097436999,9019.73114483489,26.833857914642863,0.09561752988047809,0.03206203672720931,0.0,0.0,obsx_stress,payload,"nmpc+kf[r_v=0.15,r_w=0.15,q_F=10,q_tau=1,filt=1,gate=1,ffu=1,qyaw=1,obs=1,aci=1,obsm=0.01]",16,5.08198881149292,1,0.540816733067729,5.372290104809422,10.1341193751432,0.04878048780487805,492,
0.06723573598026368,0.07509611574048042,0.1579610821697036,7.5792013695976514,7.5792013695976514,6976.52075087949,16.090239091409803,0.15737051792828685,0.03349894897548755,0.0,0.0,obsx_stress,payload,"nmpc+kf[r_v=0.15,r_w=0.15,q_F=10,q_tau=1,filt=1,gate=1,ffu=1,qyaw=1,obs=1,aci=1,obsm=0.01]",17,2.433195114135742,0,0.2995079681274901,2.6059743180217967,6.089357116725296,0.0508130081300813,492,
0.194376514018562,0.216969436089443,1.0482263772125582,16.98033309713758,16.98033309713758,8998.898052485638,164.96157722831705,0.4940239043824701,0.03558288267693013,0.0,0.0,obsx_stress,payload,"nmpc+kf[r_v=0.15,r_w=0.15,q_F=10,q_tau=1,filt=1,gate=1,ffu=1,qyaw=1,obs=1,aci=1,obsm=0.01]",18,5.534397840499878,55,0.6303665338645418,6.000266608455593,11.231974712572992,0.07926829268292683,492,
inf,inf,inf,,,,,,-inf,1.0,,obsx_stress,payload,"nmpc+kf[r_v=0.15,r_w=0.15,q_F=10,q_tau=1,filt=1,gate=1,ffu=1,qyaw=1,obs=1,aci=1,obsm=0.01]",19,1.575371265411377,174,0.2971961414790997,2.7986165769458102,3.718551178462802,0.09966777408637874,301,RuntimeError('diverged')
0.13456154789983973,0.1501743609696573,0.28005339779794874,2.87360343639178,2.87360343639178,8882.502300099652,36.059031253723056,0.4442231075697211,0.02729333859521732,0.0,0.0,obsx_stress,payload,"nmpc+mmae[filt=1,forget=0.95,gate=1,ffu=1,qyaw=1,obs=1,aci=1,obsm=0.01]",0,5.563986778259277,0,0.6215956175298805,6.358978391413491,15.576008376665413,0.056910569105691054,492,
0.08558063013150376,0.09544131562512208,0.15247452995411365,1.1005668894481362,1.1005668894481362,8523.627150148262,33.04348578100134,0.30278884462151395,0.029349189584889135,0.0,0.0,obsx_stress,payload,"nmpc+mmae[filt=1,forget=0.95,gate=1,ffu=1,qyaw=1,obs=1,aci=1,obsm=0.01]",1,5.4139955043792725,0,0.5307031872509961,6.10568607133253,9.717438288498672,0.04878048780487805,492,
0.11365190094868749,0.12693861120527528,0.2216805368899727,3.0497125054730674,3.0497125054730674,7271.572753336363,44.673195172941774,0.5179282868525896,0.032775067478358566,0.0,0.0,obsx_stress,payload,"nmpc+mmae[filt=1,forget=0.95,gate=1,ffu=1,qyaw=1,obs=1,aci=1,obsm=0.01]",2,2.6354756355285645,0,0.3098306772908367,2.9789629110331792,5.988694985862821,0.0508130081300813,492,
0.2602079957162456,0.2905055476399543,0.609945359847779,14.495566545944222,14.495566545944222,8794.57648162057,136.56469209336,0.750996015936255,0.03567162268369145,0.0,0.0,obsx_stress,payload,"nmpc+mmae[filt=1,forget=0.95,gate=1,ffu=1,qyaw=1,obs=1,aci=1,obsm=0.01]",3,4.8168745040893555,16,0.6002988047808765,5.502306786180284,9.676773161627352,0.0508130081300813,492,
0.37079507350702806,0.41424639345492187,0.86206491682855,10.75013275155703,10.75013275155703,7228.553668237462,89.90090790240455,0.6812749003984063,0.014839441443484813,0.0,0.0,obsx_stress,payload,"nmpc+mmae[filt=1,forget=0.95,gate=1,ffu=1,qyaw=1,obs=1,aci=1,obsm=0.01]",4,3.4850704669952393,0,0.3630796812749004,3.937818871558722,9.455722011625767,0.052845528455284556,492,
0.15430388622578978,0.1722590354346443,0.560755806979799,3.268825500458804,3.2688255004588043,8432.99891697349,52.13859413359657,0.701195219123506,0.03111316270949485,0.0,0.0,obsx_stress,payload,"nmpc+mmae[filt=1,forget=0.95,gate=1,ffu=1,qyaw=1,obs=1,aci=1,obsm=0.01]",5,2.7670669555664062,0,0.3286175298804781,3.133565659608796,4.060316686518491,0.07723577235772358,492,
0.14264606650162923,0.15897502461459836,0.29375526085278736,1.3850849770726785,1.3850849770726785,10553.85445532639,33.51487198295628,0.6294820717131474,0.03400072558638845,0.0,0.0,obsx_stress,payload,"nmpc+mmae[filt=1,forget=0.95,gate=1,ffu=1,qyaw=1,obs=1,aci=1,obsm=0.01]",6,5.827561140060425,0,0.7615378486055777,6.581274955811728,9.73505207337439,0.0508130081300813,492,
0.09297078143768821,0.10368429285066141,0.1903883439790145,2.6309489020178822,2.6309489020178822,9428.219621015096,56.696856267269084,0.3286852589641434,0.02508224877540083,0.0,0.0,obsx_stress,payload,"nmpc+mmae[filt=1,forget=0.95,gate=1,ffu=1,qyaw=1,obs=1,aci=1,obsm=0.01]",7,4.3197855949401855,0,0.547719123505976,5.006082176483158,9.616807287093252,0.0508130081300813,492,
0.11154135186181675,0.12453754525012153,0.18077711212792116,1.2949831838016856,1.2949831838016856,7402.368597775799,37.13016255047934,0.5239043824701195,0.03778773776400615,0.0,0.0,obsx_stress,payload,"nmpc+mmae[filt=1,forget=0.95,gate=1,ffu=1,qyaw=1,obs=1,aci=1,obsm=0.01]",8,5.752425909042358,0,0.5994940239043824,6.519377057206821,10.054528994951399,0.06910569105691057,492,
0.13901290886741538,0.15513040684510074,0.3206156036095001,2.492365822852749,2.492365822852749,7646.221105286695,42.23715475596456,0.3665338645418327,0.035935050246216904,0.0,0.0,obsx_stress,payload,"nmpc+mmae[filt=1,forget=0.95,gate=1,ffu=1,qyaw=1,obs=1,aci=1,obsm=0.01]",9,4.377813100814819,0,0.46411354581673303,4.946611751152937,9.679691770579666,0.046747967479674794,492,
0.08627888108667124,0.09375819308766878,0.13181282702854458,1.368721594475949,1.368721594475949,6708.280144651341,17.631947475572012,0.3187250996015936,0.03359560410823137,0.0,0.0,obsx_stress,payload,"nmpc+mmae[filt=1,forget=0.95,gate=1,ffu=1,qyaw=1,obs=1,aci=1,obsm=0.01]",10,2.984412908554077,1,0.3455677290836653,3.3395482037973356,6.98865737533197,0.0508130081300813,492,
0.08930559397410658,0.0996837929112569,0.1379643039016718,1.444415448125368,1.4444154481253677,7547.707327754726,28.68657587051857,0.3665338645418327,0.03491771627670695,0.0,0.0,obsx_stress,payload,"nmpc+mmae[filt=1,forget=0.95,gate=1,ffu=1,qyaw=1,obs=1,aci=1,obsm=0.01]",11,5.031818151473999,1,0.6089661354581674,5.688471418612477,10.50083477050066,0.06910569105691057,492,
0.1347964420502051,0.150447338784368,0.2525358329173122,8.716367463384486,8.716367463384486,7254.618479805674,25.935717929474727,0.601593625498008,0.030787627833524733,0.0,0.0,obsx_stress,payload,"nmpc+mmae[filt=1,forget=0.95,gate=1,ffu=1,qyaw=1,obs=1,aci=1,obsm=0.01]",12,2.8699285984039307,1,0.3280458167330678,3.2660936986827163,7.479289856273682,0.05894308943089431,492,
0.162200811458755,0.18123243108937695,0.2831009170435663,2.405680420084993,2.405680420084993,9354.287637756355,34.021780408587404,0.6155378486055777,0.029887288825458047,0.0,0.0,obsx_stress,payload,"nmpc+mmae[filt=1,forget=0.95,gate=1,ffu=1,qyaw=1,obs=1,aci=1,obsm=0.01]",13,5.076244592666626,1,0.5610796812749005,5.657929970708443,9.946204940788451,0.0508130081300813,492,
0.14559852131161882,0.16249392360223283,0.4191203383331276,2.449766116198919,2.449766116198919,10347.891296065955,63.24495978772048,0.6115537848605578,0.020164273281788603,0.0,0.0,obsx_stress,payload,"nmpc+mmae[filt=1,forget=0.95,gate=1,ffu=1,qyaw=1,obs=1,aci=1,obsm=0.01]",14,5.392240762710571,0,0.7125318725099601,6.146807327450984,15.671998653560879,0.06504065040650407,492,
0.26208670289326036,0.29277608407706446,0.4649804071381992,4.618135870510209,4.618135870510209,7182.127783832557,55.68805594894849,0.7549800796812749,0.006597678839896037,0.0,0.0,obsx_stress,payload,"nmpc+mmae[filt=1,forget=0.95,gate=1,ffu=1,qyaw=1,obs=1,aci=1,obsm=0.01]",15,4.101822376251221,1,0.4788406374501992,4.939009427126363,9.613987258635461,0.054878048780487805,492,
0.05785156510999104,0.06456252411753705,0.13727868554230999,0.7822934790495634,0.7822934790495634,11452.228032691835,25.37755125570511,0.09561752988047809,0.033815428871410314,0.0,0.0,obsx_stress,payload,"nmpc+mmae[filt=1,forget=0.95,gate=1,ffu=1,qyaw=1,obs=1,aci=1,obsm=0.01]",16,3.6622841358184814,0,0.42622709163346617,4.143231061372565,11.221292468253528,0.0508130081300813,492,
0.1289405721870441,0.14407662723526796,0.25244564157016613,11.723595123147694,11.723595123147694,8182.546230945243,76.20448966219693,0.5717131474103586,-0.08230826971194047,1.0,0.0398406374501992,obsx_stress,payload,"nmpc+mmae[filt=1,forget=0.95,gate=1,ffu=1,qyaw=1,obs=1,aci=1,obsm=0.01]",17,3.988111734390259,0,0.42387649402390437,4.51524057462663,9.603690681979062,0.06097560975609756,492,
0.38666854698239117,0.43194922097917055,0.8778094053146317,14.754295381065637,14.754295381065637,8625.913961645982,119.98989223241817,0.6892430278884463,0.004524205348432175,0.0,0.0,obsx_stress,payload,"nmpc+mmae[filt=1,forget=0.95,gate=1,ffu=1,qyaw=1,obs=1,aci=1,obsm=0.01]",18,2.752298355102539,0,0.3303067729083666,3.1121490872001267,4.866174715571109,0.06910569105691057,492,
0.16131614609217204,0.18013324235450595,0.2789654938652484,2.6378002145061963,2.6378002145061963,6497.837890152561,31.797459629236375,0.6215139442231076,0.032885327868023645,0.0,0.0,obsx_stress,payload,"nmpc+mmae[filt=1,forget=0.95,gate=1,ffu=1,qyaw=1,obs=1,aci=1,obsm=0.01]",19,2.446387767791748,0,0.25852589641434265,2.727090524865752,7.520567390602083,0.0508130081300813,492,
0.12145537805799357,0.13556217347765065,0.2478913636209335,2.771535288303689,2.771535288303689,9220.139477525743,30.91161512054745,0.4760956175298805,0.029606508920499708,0.0,0.0,obsx_stress,rotoreff,"nmpc+kf[r_v=0.15,r_w=0.15,q_F=10,q_tau=1,filt=1,gate=1,ffu=1,qyaw=1,obs=1,aci=1,obsm=0.01]",0,2.0319764614105225,11,0.2634302788844622,2.161150871946725,4.143678923137489,0.052845528455284556,492,
0.07835397943633728,0.0873937119221266,0.15462751726965315,1.9316493914113357,1.9316493914113357,9313.128731364706,38.3732589430291,0.2589641434262948,0.03396006095946569,0.0,0.0,obsx_stress,rotoreff,"nmpc+kf[r_v=0.15,r_w=0.15,q_F=10,q_tau=1,filt=1,gate=1,ffu=1,qyaw=1,obs=1,aci=1,obsm=0.01]",1,2.171788454055786,2,0.2712011952191235,2.3119718905916784,3.2612963789142673,0.0508130081300813,492,
0.10090724873483987,0.11266110484397464,0.21358072741813638,3.3369308959411144,3.3369308959411144,9342.216396871376,41.81101139803924,0.41434262948207173,0.03795053788609121,0.0,0.0,obsx_stress,rotoreff,"nmpc+kf[r_v=0.15,r_w=0.15,q_F=10,q_tau=1,filt=1,gate=1,ffu=1,qyaw=1,obs=1,aci=1,obsm=0.01]",2,1.8253998756408691,5,0.24371513944223108,1.9358947605963248,4.7380145359784365,0.04878048780487805,492,
0.15204019515290113,0.16953312781193428,0.37984940863845884,1.540074085218953,1.540074085218953,10609.207627488238,38.41669550823549,0.6175298804780877,0.028674164313795436,0.0,0.0,obsx_stress,rotoreff,"nmpc+kf[r_v=0.15,r_w=0.15,q_F=10,q_tau=1,filt=1,gate=1,ffu=1,qyaw=1,obs=1,aci=1,obsm=0.01]",3,1.8253891468048096,4,0.26013944223107566,1.9441282574228378,3.057430558837951,0.0508130081300813,492,
0.100036526141817,0.11171869583656255,0.18515438414055713,2.7582668019493566,2.7582668019493566,10313.321847830543,31.162286148386503,0.4203187250996016,0.03519097997344306,0.0,0.0,obsx_stress,rotoreff,"nmpc+kf[r_v=0.15,r_w=0.15,q_F=10,q_tau=1,filt=1,gate=1,ffu=1,qyaw=1,obs=1,aci=1,obsm=0.01]",4,1.8568134307861328,14,0.29352589641434257,2.0321618795276164,5.749316196888685,0.052845528455284556,492,
0.35518984801177417,0.39687904842651756,1.1452392352626728,14.492737987202451,14.492737987202451,8240.516645232861,149.52667090794174,0.6434262948207171,-0.13974596379694085,1.0,0.06573705179282868,obsx_stress,rotoreff,"nmpc+kf[r_v=0.15,r_w=0.15,q_F=10,q_tau=1,filt=1,gate=1,ffu=1,qyaw=1,obs=1,aci=1,obsm=0.01]",5,1.609283685684204,36,0.28777091633466134,1.7713388642370402,5.025797407142828,0.08130081300813008,492,
0.13685481615131037,0.1523790893924968,0.3071098813846282,2.189922652080224,2.189922652080224,10258.114173755363,32.22076969594727,0.5139442231075697,0.035261247934043616,0.0,0.0,obsx_stress,rotoreff,"nmpc+kf[r_v=0.15,r_w=0.15,q_F=10,q_tau=1,filt=1,gate=1,ffu=1,qyaw=1,obs=1,aci=1,obsm=0.01]",6,1.5960509777069092,8,0.2705219123505976,1.7468094824817018,2.403531013987959,0.052845528455284556,492,
0.08654283807490691,0.09639583793820278,0.18703512551971663,2.2566969235577146,2.2566969235577146,9304.769881444361,53.818882407683226,0.24900398406374502,0.028299311210864958,0.0,0.0,obsx_stress,rotoreff,"nmpc+kf[r_v=0.15,r_w=0.15,q_F=10,q_tau=1,filt=1,gate=1,ffu=1,qyaw=1,obs=1,aci=1,obsm=0.01]",7,1.918769121170044,6,0.29070916334661356,2.0746726193001486,8.6035474576056,0.0508130081300813,492,
0.16213664244501697,0.18114342028266484,1.037481924489663,2.2757655468757623,2.2757655468757623,9826.496783487846,159.87634588893317,0.42828685258964144,0.035025872072578346,0.0,0.0,obsx_stress,rotoreff,"nmpc+kf[r_v=0.15,r_w=0.15,q_F=10,q_tau=1,filt=1,gate=1,ffu=1,qyaw=1,obs=1,aci=1,obsm=0.01]",8,1.8094847202301025,24,0.2848804780876494,1.9751367107241515,5.465158929582685,0.06910569105691057,492,
0.0816950719623018,0.09116335047700748,0.15222521645920653,2.2535773214511834,2.2535773214511834,9765.020375807442,22.392631822062945,0.2729083665338645,0.03267371460103918,0.0,0.0,obsx_stress,rotoreff,"nmpc+kf[r_v=0.15,r_w=0.15,q_F=10,q_tau=1,filt=1,gate=1,ffu=1,qyaw=1,obs=1,aci=1,obsm=0.01]",9,1.6593456268310547,6,0.28296613545816734,1.8134012385141625,2.763294300530106,0.04878048780487805,492,
0.08941658017371407,0.09798761330703429,0.13245245756211127,3.381224711197096,3.381224711197096,8984.909347342204,28.563090724746072,0.36254980079681276,0.015799782343564744,0.0,0.0,obsx_stress,rotoreff,"nmpc+kf[r_v=0.15,r_w=0.15,q_F=10,q_tau=1,filt=1,gate=1,ffu=1,qyaw=1,obs=1,aci=1,obsm=0.01]",10,1.3814401626586914,2,0.21272709163346612,1.4903216986393786,3.760107697453351,0.04878048780487805,492,
0.0786028425001705,0.08738387702379416,0.14393521132025588,2.7027841081012474,2.7027841081012474,9295.545485748247,17.39767960262773,0.2649402390438247,0.02583226463628055,0.0,0.0,obsx_stress,rotoreff,"nmpc+kf[r_v=0.15,r_w=0.15,q_F=10,q_tau=1,filt=1,gate=1,ffu=1,qyaw=1,obs=1,aci=1,obsm=0.01]",11,1.2594130039215088,4,0.18497211155378485,1.3506650169606347,1.7535185255110264,0.05894308943089431,492,
0.09159925368467196,0.102210991643889,0.15439635386132086,1.3140024740638445,1.314002474063844,10202.810444886496,17.250548991664825,0.4123505976095618,0.032549013902283985,0.0,0.0,obsx_stress,rotoreff,"nmpc+kf[r_v=0.15,r_w=0.15,q_F=10,q_tau=1,filt=1,gate=1,ffu=1,qyaw=1,obs=1,aci=1,obsm=0.01]",12,1.2744016647338867,7,0.18022509960159364,1.34659476209046,1.6250337613746528,0.0508130081300813,492,
0.11470780349326899,0.12815278723044285,0.22581923019412303,2.84253174850566,2.8425317485056594,9206.353045213438,41.27609203729222,0.5099601593625498,0.012454562530821806,0.0,0.0,obsx_stress,rotoreff,"nmpc+kf[r_v=0.15,r_w=0.15,q_F=10,q_tau=1,filt=1,gate=1,ffu=1,qyaw=1,obs=1,aci=1,obsm=0.01]",13,1.2743728160858154,7,0.18610956175298807,1.3618147319769003,1.7364462907426064,0.0508130081300813,492,
0.11732248253520952,0.130664166656911,0.24647413086633596,2.534019872400299,2.534019872400299,7905.184475190956,38.61271910181638,0.599601593625498,0.01037412673816196,0.0,0.0,obsx_stress,rotoreff,"nmpc+kf[r_v=0.15,r_w=0.15,q_F=10,q_tau=1,filt=1,gate=1,ffu=1,qyaw=1,obs=1,aci=1,obsm=0.01]",14,1.2801971435546875,0,0.18456573705179283,1.3743218858225412,2.122375024482608,0.06300813008130081,492,
0.1851157762566239,0.20672317392128037,0.3766997983884799,3.6903155677635686,3.6903155677635686,10701.91215595268,54.45582856425702,0.6832669322709163,0.01922461775402967,0.0,0.0,obsx_stress,rotoreff,"nmpc+kf[r_v=0.15,r_w=0.15,q_F=10,q_tau=1,filt=1,gate=1,ffu=1,qyaw=1,obs=1,aci=1,obsm=0.01]",15,1.277449607849121,11,0.18931075697211158,1.362713013007584,1.6844104626215997,0.052845528455284556,492,
0.054053429034087844,0.060278864100199794,0.13353873032335153,0.7987132917932418,0.7987132917932418,9490.365186805804,26.83239535992055,0.09561752988047809,0.0332031823579641,0.0,0.0,obsx_stress,rotoreff,"nmpc+kf[r_v=0.15,r_w=0.15,q_F=10,q_tau=1,filt=1,gate=1,ffu=1,qyaw=1,obs=1,aci=1,obsm=0.01]",16,1.2569220066070557,1,0.1883605577689243,1.3429906420535835,1.47664099233225,0.04878048780487805,492,
0.040145207701092374,0.044812156101440036,0.09980197316146674,0.7708657901113499,0.7708657901113499,8287.743000283337,19.162782271544323,0.0,0.015654578903940786,0.0,0.0,obsx_stress,rotoreff,"nmpc+kf[r_v=0.15,r_w=0.15,q_F=10,q_tau=1,filt=1,gate=1,ffu=1,qyaw=1,obs=1,aci=1,obsm=0.01]",17,1.2580783367156982,0,0.17786254980079683,1.3398651179275012,1.5540951467119157,0.046747967479674794,492,
0.0891621749569486,0.0993695089785732,0.1664652283717431,3.1379868258122965,3.1379868258122965,10562.009724188327,44.8106977008634,0.36852589641434264,0.030346286035072972,0.0,0.0,obsx_stress,rotoreff,"nmpc+kf[r_v=0.15,r_w=0.15,q_F=10,q_tau=1,filt=1,gate=1,ffu=1,qyaw=1,obs=1,aci=1,obsm=0.01]",18,1.2679646015167236,9,0.19111354581673307,1.3582648248393163,1.5351614705286922,0.07113821138211382,492,
1.6342342088929012,2.208582053526837,4.750048896411483,39.782736362261694,39.782736362261694,6240.903514543188,178.73722738529716,0.4434389140271493,0.06548775802796403,0.0,0.0,obsx_stress,rotoreff,"nmpc+kf[r_v=0.15,r_w=0.15,q_F=10,q_tau=1,filt=1,gate=1,ffu=1,qyaw=1,obs=1,aci=1,obsm=0.01]",19,0.5573451519012451,102,0.1919547511312217,1.395991233249123,2.0753488875925554,0.11374407582938388,211,
0.12551612411174,0.13999710326491457,0.25388721868215025,2.6081061121061673,2.6081061121061673,9230.326817802703,32.768887391669324,0.40836653386454186,0.02188452665024282,0.0,0.0,obsx_stress,rotoreff,"nmpc+mmae[filt=1,forget=0.95,gate=1,ffu=1,qyaw=1,obs=1,aci=1,obsm=0.01]",0,1.4534969329833984,0,0.1835816733067729,1.7276024037742046,2.133686309680344,0.056910569105691054,492,
0.09006175284909322,0.10050958186026292,0.17864902346341716,1.3041316939466066,1.3041316939466066,8349.565151260922,32.90597550393133,0.31274900398406374,0.03198843790869077,0.0,0.0,obsx_stress,rotoreff,"nmpc+mmae[filt=1,forget=0.95,gate=1,ffu=1,qyaw=1,obs=1,aci=1,obsm=0.01]",1,1.3665771484375,0,0.18180478087649407,1.5512018063777233,1.688061913009733,0.04878048780487805,492,
0.11330122766887023,0.12644190655127271,0.21355068439438812,2.104060129953963,2.104060129953963,7406.387589279943,43.29577152688314,0.5099601593625498,0.03359883995445556,0.0,0.0,obsx_stress,rotoreff,"nmpc+mmae[filt=1,forget=0.95,gate=1,ffu=1,qyaw=1,obs=1,aci=1,obsm=0.01]",2,1.3622386455535889,0,0.1893784860557769,1.5505168436696213,2.0899511594325304,0.04878048780487805,492,
0.17666814202688325,0.19712463920530116,0.38930054515933,4.1419974042053385,4.1419974042053385,9367.32467413425,41.0785601692529,0.750996015936255,0.001129129455012562,0.0,0.0,obsx_stress,rotoreff,"nmpc+mmae[filt=1,forget=0.95,gate=1,ffu=1,qyaw=1,obs=1,aci=1,obsm=0.01]",3,1.3491055965423584,2,0.1966733067729084,1.536724729968079,2.002069191075862,0.054878048780487805,492,
0.2216683807961736,0.2474254219201529,0.5572313872432754,10.99749376534587,10.99749376534587,9173.570997868757,85.80851196000087,0.4721115537848606,0.010114177531456714,0.0,0.0,obsx_stress,rotoreff,"nmpc+mmae[filt=1,forget=0.95,gate=1,ffu=1,qyaw=1,obs=1,aci=1,obsm=0.01]",4,1.3645446300506592,0,0.18184262948207172,1.5437846369781638,1.7627375200390816,0.052845528455284556,492,
0.2005752533375429,0.22400498424094292,1.1508233137630297,9.276900618889613,9.276900618889613,9162.016990163262,134.61667101368056,0.6374501992031872,0.031035594604783473,0.0,0.0,obsx_stress,rotoreff,"nmpc+mmae[filt=1,forget=0.95,gate=1,ffu=1,qyaw=1,obs=1,aci=1,obsm=0.01]",5,1.353766679763794,3,0.19284462151394424,1.5398683249059901,1.9341886602342135,0.07520325203252033,492,
0.14335738448374483,0.15959018213993184,0.29965568058560227,1.544955438793419,1.544955438793419,8866.058587204667,32.80419196302229,0.6254980079681275,0.035559133232204054,0.0,0.0,obsx_stress,rotoreff,"nmpc+mmae[filt=1,forget=0.95,gate=1,ffu=1,qyaw=1,obs=1,aci=1,obsm=0.01]",6,1.3928477764129639,0,0.19413944223107568,1.6001514609034853,1.985771844629199,0.0508130081300813,492,
0.09473849525510866,0.10506291256294856,0.2030044271607528,2.511727884893261,2.511727884893261,7952.055622872376,57.49278428383839,0.25697211155378485,0.0256560831011379,0.0,0.0,obsx_stress,rotoreff,"nmpc+mmae[filt=1,forget=0.95,gate=1,ffu=1,qyaw=1,obs=1,aci=1,obsm=0.01]",7,1.3755877017974854,0,0.17971713147410356,1.574531885372304,1.8055444024503233,0.0508130081300813,492,
0.10221793751759464,0.1140717662357794,0.17720072194750286,0.9519177826595042,0.9519177826595042,8135.355258877112,37.577020464589964,0.4641434262948207,0.034158837644729045,0.0,0.0,obsx_stress,rotoreff,"nmpc+mmae[filt=1,forget=0.95,gate=1,ffu=1,qyaw=1,obs=1,aci=1,obsm=0.01]",8,1.3533532619476318,0,0.1820637450199203,1.5401236979157267,1.8479536753147847,0.06910569105691057,492,
0.2754299615812813,0.30770129439176497,0.691273047463469,13.662383545964603,13.662383545964603,8448.43593415853,164.1827474852149,0.33665338645418325,-0.08596806073715982,1.0,0.03187250996015936,obsx_stress,rotoreff,"nmpc+mmae[filt=1,forget=0.95,gate=1,ffu=1,qyaw=1,obs=1,aci=1,obsm=0.01]",9,1.3590483665466309,12,0.18711354581673306,1.550567080823341,2.042979730758816,0.054878048780487805,492,
0.09550664166111761,0.10432864473057132,0.14082003672422425,1.69561596020912,1.6956159602091203,6493.614519713275,17.109497590776176,0.3705179282868526,0.03249518752776881,0.0,0.0,obsx_stress,rotoreff,"nmpc+mmae[filt=1,forget=0.95,gate=1,ffu=1,qyaw=1,obs=1,aci=1,obsm=0.01]",10,1.3415842056274414,1,0.18866334661354583,1.5274280435461327,1.7024130886420608,0.0508130081300813,492,
0.08132499201607789,0.09054267828903352,0.14111013216032267,1.0152394370211053,1.0152394370211053,8056.587720007075,18.433391430152533,0.3047808764940239,0.03457297908057799,0.0,0.0,obsx_stress,rotoreff,"nmpc+mmae[filt=1,forget=0.95,gate=1,ffu=1,qyaw=1,obs=1,aci=1,obsm=0.01]",11,1.3526675701141357,1,0.1851553784860558,1.5336021454448243,1.885274355299771,0.06707317073170732,492,
0.09915850419898649,0.11066410584246672,0.17567981826088494,2.248566661853632,2.248566661853632,8117.99698999439,23.258164560903978,0.38645418326693226,0.020996367641996527,0.0,0.0,obsx_stress,rotoreff,"nmpc+mmae[filt=1,forget=0.95,gate=1,ffu=1,qyaw=1,obs=1,aci=1,obsm=0.01]",12,1.3659369945526123,1,0.1822589641434263,1.5516112205123462,1.9441738957539207,0.054878048780487805,492,
0.16578416369293,0.18522600865391817,0.2826090478577781,2.8165002115833935,2.8165002115833935,8308.65770599223,47.45159456115689,0.601593625498008,-0.015975637960045946,1.0,0.017928286852589643,obsx_stress,rotoreff,"nmpc+mmae[filt=1,forget=0.95,gate=1,ffu=1,qyaw=1,obs=1,aci=1,obsm=0.01]",13,1.36134672164917,1,0.18335059760956177,1.5431743762659955,1.7879460798576474,0.0508130081300813,492,
0.12251398572008586,0.13642938502866436,0.3285029853462731,1.6368436594315983,1.6368436594315983,8331.796863662114,49.867325161345526,0.6135458167330677,0.02418007789905824,0.0,0.0,obsx_stress,rotoreff,"nmpc+mmae[filt=1,forget=0.95,gate=1,ffu=1,qyaw=1,obs=1,aci=1,obsm=0.01]",14,1.3637170791625977,0,0.19087250996015934,1.5542692188507472,2.5590352388098867,0.06504065040650407,492,
0.12693219982073198,0.14160254517217652,0.2510805168280883,6.894284401177297,6.894284401177297,9613.129738276908,54.76224182277142,0.5697211155378487,-0.014572007976083157,1.0,0.017928286852589643,obsx_stress,rotoreff,"nmpc+mmae[filt=1,forget=0.95,gate=1,ffu=1,qyaw=1,obs=1,aci=1,obsm=0.01]",15,1.3776891231536865,0,0.20131673306772907,1.571542690081366,2.116934880614281,0.052845528455284556,492,
0.05809454169948725,0.06482432022015663,0.1347737646349631,0.9428648335385583,0.9428648335385583,10570.252287134403,28.47639269535643,0.09561752988047809,0.03186766603647642,0.0,0.0,obsx_stress,rotoreff,"nmpc+mmae[filt=1,forget=0.95,gate=1,ffu=1,qyaw=1,obs=1,aci=1,obsm=0.01]",16,1.3944623470306396,0,0.19228884462151397,1.5799477227974636,1.9168476178310816,0.0508130081300813,492,
0.06302016897296105,0.07038396608922841,0.13019095512450926,2.3462862664769446,2.3462862664769446,10226.229985303107,19.348489703674336,0.14741035856573706,0.004002932613263455,0.0,0.0,obsx_stress,rotoreff,"nmpc+mmae[filt=1,forget=0.95,gate=1,ffu=1,qyaw=1,obs=1,aci=1,obsm=0.01]",17,1.39451003074646,0,0.18130278884462153,1.565042733812178,1.8073242716491225,0.0508130081300813,492,
0.6723789638095238,0.7513306437063889,1.5569243000206883,28.97889244760619,28.97889244760619,11514.921337883967,104.7966885640907,0.701195219123506,-0.11491408267991729,1.0,0.045816733067729085,obsx_stress,rotoreff,"nmpc+mmae[filt=1,forget=0.95,gate=1,ffu=1,qyaw=1,obs=1,aci=1,obsm=0.01]",18,1.3823070526123047,0,0.19637051792828683,1.577512951070569,2.4751896644011167,0.07113821138211382,492,
0.14798837355054695,0.1652428143623174,0.27706811118627234,2.4667573553285393,2.4667573553285393,7616.387790044682,35.875125631945245,0.5677290836653387,0.031081554585917326,0.0,0.0,obsx_stress,rotoreff,"nmpc+mmae[filt=1,forget=0.95,gate=1,ffu=1,qyaw=1,obs=1,aci=1,obsm=0.01]",19,1.3743093013763428,0,0.18896812749003986,1.5604105407921263,1.8409851496107879,0.052845528455284556,492,
0.12034087113288322,0.13433873467954194,0.24968530612398582,11.694059401028367,11.694059401028367,9269.888568458902,29.787272212535644,0.4860557768924303,0.02682492064830072,0.0,0.0,obsx_stress,torque,"nmpc+kf[r_v=0.15,r_w=0.15,q_F=10,q_tau=1,filt=1,gate=1,ffu=1,qyaw=1,obs=1,aci=1,obsm=0.01]",0,1.2743370532989502,7,0.1914621513944223,1.3661115649211928,1.7561490368098025,0.0508130081300813,492,
0.0695371168725392,0.07750644706781158,0.14361781083696054,2.9711102634533058,2.9711102634533058,9054.266828710715,35.17888434098519,0.19721115537848605,0.03012040527752119,0.0,0.0,obsx_stress,torque,"nmpc+kf[r_v=0.15,r_w=0.15,q_F=10,q_tau=1,filt=1,gate=1,ffu=1,qyaw=1,obs=1,aci=1,obsm=0.01]",1,1.309974193572998,1,0.19372709163346616,1.397944538783564,2.154926059301943,0.04878048780487805,492,
0.10049078142927197,0.11225030905002858,0.2137657858284599,5.851478331063547,5.851478331063547,10131.086118467894,41.70877088187344,0.40239043824701193,0.03842376264084385,0.0,0.0,obsx_stress,torque,"nmpc+kf[r_v=0.15,r_w=0.15,q_F=10,q_tau=1,filt=1,gate=1,ffu=1,qyaw=1,obs=1,aci=1,obsm=0.01]",2,1.2757346630096436,5,0.18795418326693225,1.3617184258945494,1.8871140503324573,0.0508130081300813,492,
0.22385103176049134,0.24986112691245058,0.5644051565348315,27.153217454387757,27.153217454387757,11254.979675903563,143.54983609514406,0.6752988047808764,0.0299265727128048,0.0,0.0,obsx_stress,torque,"nmpc+kf[r_v=0.15,r_w=0.15,q_F=10,q_tau=1,filt=1,gate=1,ffu=1,qyaw=1,obs=1,aci=1,obsm=0.01]",3,1.3006901741027832,22,0.20110956175298803,1.394329904727044,1.6007135366089642,0.0508130081300813,492,
0.11280043014423784,0.1259924242015768,0.24700881875662958,10.168178790816775,10.168178790816775,9005.336350634683,25.34042373347396,0.4402390438247012,0.03723714046138843,0.0,0.0,obsx_stress,torque,"nmpc+kf[r_v=0.15,r_w=0.15,q_F=10,q_tau=1,filt=1,gate=1,ffu=1,qyaw=1,obs=1,aci=1,obsm=0.01]",4,1.2528870105743408,10,0.18486454183266932,1.3436738362691674,1.508736447431147,0.052845528455284556,492,
inf,inf,inf,,,,,,-inf,1.0,,obsx_stress,torque,"nmpc+kf[r_v=0.15,r_w=0.15,q_F=10,q_tau=1,filt=1,gate=1,ffu=1,qyaw=1,obs=1,aci=1,obsm=0.01]",5,1.2331187725067139,132,0.19580000000000003,1.38154586047395,1.5141163580119605,0.08,475,RuntimeError('diverged')
0.13630901534520382,0.15174455339543194,0.29784186191012746,2.293856570346221,2.293856570346221,11687.21326776773,32.635055065338314,0.5199203187250996,0.03181686498674158,0.0,0.0,obsx_stress,torque,"nmpc+kf[r_v=0.15,r_w=0.15,q_F=10,q_tau=1,filt=1,gate=1,ffu=1,qyaw=1,obs=1,aci=1,obsm=0.01]",6,1.252812385559082,13,0.1926035856573705,1.3447288976633454,1.479711418505758,0.0508130081300813,492,
0.08794565998438855,0.09816891719687988,0.1935582078947641,7.153034610039288,7.153034610039288,10031.45827604649,52.201172418896434,0.2450199203187251,0.028150448296969027,0.0,0.0,obsx_stress,torque,"nmpc+kf[r_v=0.15,r_w=0.15,q_F=10,q_tau=1,filt=1,gate=1,ffu=1,qyaw=1,obs=1,aci=1,obsm=0.01]",7,1.2766191959381104,11,0.18639043824701199,1.3576422978481981,1.9639027095399801,0.052845528455284556,492,
0.1639183322424058,0.18313933728566792,1.0496350974584887,2.110289299524379,2.110289299524379,9828.397817876874,162.38619669518224,0.4362549800796813,0.03420432257529055,0.0,0.0,obsx_stress,torque,"nmpc+kf[r_v=0.15,r_w=0.15,q_F=10,q_tau=1,filt=1,gate=1,ffu=1,qyaw=1,obs=1,aci=1,obsm=0.01]",8,1.2437262535095215,26,0.1783227091633466,1.3260649312176256,1.4797147922217848,0.06910569105691057,492,
0.07700966786510394,0.08586389571028705,0.14130043765859138,1.7064806665378467,1.706480666537847,8628.979287505856,20.572427975181576,0.25697211155378485,0.035686284642951316,0.0,0.0,obsx_stress,torque,"nmpc+kf[r_v=0.15,r_w=0.15,q_F=10,q_tau=1,filt=1,gate=1,ffu=1,qyaw=1,obs=1,aci=1,obsm=0.01]",9,1.2641489505767822,5,0.17831274900398406,1.34415818847701,1.4314047177322209,0.04878048780487805,492,
0.07886623400914443,0.08591742037380659,0.12834504859125495,1.7015040040493392,1.7015040040493392,8934.243683687248,26.13588762176839,0.18127490039840638,0.027789429924242937,0.0,0.0,obsx_stress,torque,"nmpc+kf[r_v=0.15,r_w=0.15,q_F=10,q_tau=1,filt=1,gate=1,ffu=1,qyaw=1,obs=1,aci=1,obsm=0.01]",10,1.2523839473724365,2,0.18938047808764938,1.340209178541197,1.4657801482826471,0.04878048780487805,492,
0.08559515278315512,0.09530371634009475,0.15511849838135702,3.0597481717431396,3.0597481717431396,9325.248090758712,20.92966790738656,0.3107569721115538,0.029643232603166453,0.0,0.0,obsx_stress,torque,"nmpc+kf[r_v=0.15,r_w=0.15,q_F=10,q_tau=1,filt=1,gate=1,ffu=1,qyaw=1,obs=1,aci=1,obsm=0.01]",11,1.2640876770019531,4,0.18186254980079683,1.345816201927415,1.4618147327564657,0.06300813008130081,492,
0.09252851987636279,0.10312883159036339,0.15614838622325478,1.311972547849646,1.311972547849646,9436.10751995628,17.31529202450835,0.4203187250996016,0.030924000789387007,0.0,0.0,obsx_stress,torque,"nmpc+kf[r_v=0.15,r_w=0.15,q_F=10,q_tau=1,filt=1,gate=1,ffu=1,qyaw=1,obs=1,aci=1,obsm=0.01]",12,1.256639003753662,7,0.1789581673306773,1.3316913890054976,1.4790130546316504,0.0508130081300813,492,
0.09782106015051281,0.10927703351950421,0.17065137344965595,2.912908280756311,2.912908280756311,10035.122115188542,33.84108751282784,0.4342629482071713,0.014295396516772918,0.0,0.0,obsx_stress,torque,"nmpc+kf[r_v=0.15,r_w=0.15,q_F=10,q_tau=1,filt=1,gate=1,ffu=1,qyaw=1,obs=1,aci=1,obsm=0.01]",13,1.2634882926940918,3,0.18782470119521913,1.3499286023907335,1.443624335806817,0.052845528455284556,492,
0.10192602071738775,0.1137331304387812,0.20602703035641537,3.1417242125404203,3.1417242125404203,8878.54699975247,34.5622468771164,0.43824701195219123,-0.013886489268375324,1.0,0.021912350597609563,obsx_stress,torque,"nmpc+kf[r_v=0.15,r_w=0.15,q_F=10,q_tau=1,filt=1,gate=1,ffu=1,qyaw=1,obs=1,aci=1,obsm=0.01]",14,1.2491631507873535,0,0.18320916334661355,1.3361297282520161,1.5044104750268164,0.056910569105691054,492,
0.13403774496248405,0.14955924625114173,0.25627383524454467,4.600018839654784,4.600018839654784,9708.754664699694,32.57938876555836,0.6454183266932271,0.020773601218177618,0.0,0.0,obsx_stress,torque,"nmpc+kf[r_v=0.15,r_w=0.15,q_F=10,q_tau=1,filt=1,gate=1,ffu=1,qyaw=1,obs=1,aci=1,obsm=0.01]",15,1.2718615531921387,8,0.1902788844621514,1.3637487550240113,1.510674273595214,0.052845528455284556,492,
0.053256933959133265,0.05939103793006787,0.13358980375732463,2.1996252915979975,2.1996252915979975,9732.732034966495,25.378998210832613,0.09362549800796813,0.03140762487910137,0.0,0.0,obsx_stress,torque,"nmpc+kf[r_v=0.15,r_w=0.15,q_F=10,q_tau=1,filt=1,gate=1,ffu=1,qyaw=1,obs=1,aci=1,obsm=0.01]",16,1.27740478515625,1,0.19419521912350599,1.3615727458015618,1.7248921771533787,0.04878048780487805,492,
0.044524534001309776,0.0496978418123874,0.10086166489401228,1.7135106433097955,1.7135106433097955,8142.542175538325,16.49685342852934,0.01195219123505976,0.030518769467279938,0.0,0.0,obsx_stress,torque,"nmpc+kf[r_v=0.15,r_w=0.15,q_F=10,q_tau=1,filt=1,gate=1,ffu=1,qyaw=1,obs=1,aci=1,obsm=0.01]",17,1.2794315814971924,0,0.17836254980079683,1.3558948611974182,1.6987012792378668,0.046747967479674794,492,
0.08665401977453317,0.09664143606493315,0.14273335244622926,7.901320959098904,7.901320959098904,10992.578718170107,48.116566661229996,0.38247011952191234,0.029656224519938684,0.0,0.0,obsx_stress,torque,"nmpc+kf[r_v=0.15,r_w=0.15,q_F=10,q_tau=1,filt=1,gate=1,ffu=1,qyaw=1,obs=1,aci=1,obsm=0.01]",18,1.262631893157959,8,0.19403386454183266,1.3529809810540294,1.6699264314956963,0.054878048780487805,492,
inf,inf,inf,,,,,,-inf,1.0,,obsx_stress,torque,"nmpc+kf[r_v=0.15,r_w=0.15,q_F=10,q_tau=1,filt=1,gate=1,ffu=1,qyaw=1,obs=1,aci=1,obsm=0.01]",19,0.758018970489502,184,0.17887859424920127,1.3852247517532148,1.8168221600353718,0.10231023102310231,303,RuntimeError('diverged')
0.13195505274860878,0.14725780091789634,0.2715607612765883,15.699025365548696,15.699025365548696,9643.819595095532,33.89208764771564,0.40836653386454186,0.020560945773189565,0.0,0.0,obsx_stress,torque,"nmpc+mmae[filt=1,forget=0.95,gate=1,ffu=1,qyaw=1,obs=1,aci=1,obsm=0.01]",0,1.3356149196624756,0,0.18407171314741036,1.5124403259371855,1.727577380370349,0.05894308943089431,492,
0.07758552266482584,0.08648701417550506,0.1501099549578177,2.375545756846289,2.375545756846289,9546.709015857296,31.310606159238564,0.26095617529880477,0.027768886919140923,0.0,0.0,obsx_stress,torque,"nmpc+mmae[filt=1,forget=0.95,gate=1,ffu=1,qyaw=1,obs=1,aci=1,obsm=0.01]",1,1.3605034351348877,0,0.18143625498007968,1.5322233636518456,1.9146039918996396,0.0508130081300813,492,
0.11243947279306801,0.1255980936992403,0.22682694309716964,2.521081698020476,2.521081698020476,8865.665243977488,38.067438653621345,0.5119521912350598,0.03536134617741871,0.0,0.0,obsx_stress,torque,"nmpc+mmae[filt=1,forget=0.95,gate=1,ffu=1,qyaw=1,obs=1,aci=1,obsm=0.01]",2,1.3497896194458008,0,0.18976892430278883,1.529739839878245,1.7119739623740315,0.052845528455284556,492,
0.2535500393910971,0.28305830576267477,0.5807188497702178,27.212217929856077,27.212217929856077,9717.4148536997,138.0914124284375,0.7131474103585658,0.021530636618239368,0.0,0.0,obsx_stress,torque,"nmpc+mmae[filt=1,forget=0.95,gate=1,ffu=1,qyaw=1,obs=1,aci=1,obsm=0.01]",3,1.360217571258545,18,0.19590239043824706,1.5497227603814516,1.8696644576266408,0.0508130081300813,492,
0.29445779172766773,0.32897137398804005,0.7187874335451597,12.392608672140383,12.39260867214038,8904.312233804261,84.46060215572868,0.4820717131474104,0.027586594107352758,0.0,0.0,obsx_stress,torque,"nmpc+mmae[filt=1,forget=0.95,gate=1,ffu=1,qyaw=1,obs=1,aci=1,obsm=0.01]",4,1.351769208908081,0,0.18094820717131474,1.5291885391204245,1.6500832070596516,0.052845528455284556,492,
0.16456487416138382,0.1838041998294557,0.9248241739502113,8.990281362790142,8.990281362790142,8715.366975286332,163.04152072211596,0.46215139442231074,0.0304258441175094,0.0,0.0,obsx_stress,torque,"nmpc+mmae[filt=1,forget=0.95,gate=1,ffu=1,qyaw=1,obs=1,aci=1,obsm=0.01]",5,1.3567638397216797,26,0.19518326693227092,1.5387431091343264,1.8644640478305519,0.08130081300813008,492,
0.14307825967757107,0.15945928944094814,0.29364570811112817,3.379046204967727,3.379046204967727,10556.323337652822,34.04942684991281,0.6354581673306773,0.031991026945036416,0.0,0.0,obsx_stress,torque,"nmpc+mmae[filt=1,forget=0.95,gate=1,ffu=1,qyaw=1,obs=1,aci=1,obsm=0.01]",6,1.359433650970459,0,0.1923406374501992,1.5558755086490001,2.1574889053590605,0.0508130081300813,492,
0.12227818864977912,0.13648459592305925,0.24420116537687886,9.515150224441431,9.515150224441431,9711.378246760341,54.58738330469659,0.3545816733067729,0.027640412105882084,0.0,0.0,obsx_stress,torque,"nmpc+mmae[filt=1,forget=0.95,gate=1,ffu=1,qyaw=1,obs=1,aci=1,obsm=0.01]",7,1.4671730995178223,0,0.1854980079681275,1.7548999419821747,1.9913594820536684,0.054878048780487805,492,
0.09768935893784875,0.10904158670565196,0.16057983282229452,1.360951001704653,1.360951001704653,8721.930575980565,34.52587091899061,0.45219123505976094,0.03330718099912197,0.0,0.0,obsx_stress,torque,"nmpc+mmae[filt=1,forget=0.95,gate=1,ffu=1,qyaw=1,obs=1,aci=1,obsm=0.01]",8,1.3464481830596924,0,0.18404581673306775,1.5269557526149597,1.7309672432020309,0.06910569105691057,492,
0.1244730197827494,0.13885793440913954,0.27514286354622414,3.068771980289161,3.068771980289161,7676.10325392187,40.81564560298184,0.3545816733067729,0.03632277264747713,0.0,0.0,obsx_stress,torque,"nmpc+mmae[filt=1,forget=0.95,gate=1,ffu=1,qyaw=1,obs=1,aci=1,obsm=0.01]",9,1.357560634613037,0,0.18080079681274902,1.5480951350404921,2.2902881749905646,0.046747967479674794,492,
0.08394881803563996,0.09107848547267504,0.1333402943503876,2.3230201554143237,2.3230201554143237,6995.495928393585,16.701295002063492,0.26095617529880477,0.03420358393662387,0.0,0.0,obsx_stress,torque,"nmpc+mmae[filt=1,forget=0.95,gate=1,ffu=1,qyaw=1,obs=1,aci=1,obsm=0.01]",10,1.3408396244049072,1,0.1884681274900398,1.5212643684715448,1.7115115933120253,0.0508130081300813,492,
0.08774085089124069,0.09793320625125529,0.14454105932017433,1.4917436559461217,1.4917436559461217,8194.641445657217,35.630161280336836,0.3565737051792829,0.034057362481863473,0.0,0.0,obsx_stress,torque,"nmpc+mmae[filt=1,forget=0.95,gate=1,ffu=1,qyaw=1,obs=1,aci=1,obsm=0.01]",11,1.3614699840545654,1,0.18534860557768923,1.5391352464931003,2.3125389404594903,0.06910569105691057,492,
0.1030034028434562,0.1148430572053494,0.18701060418335422,3.4367794949408124,3.4367794949408124,7875.839038224212,23.938898797260492,0.4123505976095618,0.030122317320122383,0.0,0.0,obsx_stress,torque,"nmpc+mmae[filt=1,forget=0.95,gate=1,ffu=1,qyaw=1,obs=1,aci=1,obsm=0.01]",12,1.3338284492492676,1,0.18,1.520658746283813,1.9107845495454971,0.056910569105691054,492,
0.1322325834602233,0.14773831553589276,0.24094095650926178,5.071776543036319,5.071776543036319,9742.799710985326,32.86576809032215,0.5338645418326693,0.025497331383253496,0.0,0.0,obsx_stress,torque,"nmpc+mmae[filt=1,forget=0.95,gate=1,ffu=1,qyaw=1,obs=1,aci=1,obsm=0.01]",13,1.3587803840637207,1,0.1879621513944223,1.535469416595728,1.7541379434987905,0.056910569105691054,492,
0.11261229326518504,0.12557116696378795,0.24562083087333997,2.719428666537103,2.719428666537103,11306.35294597801,36.91959957256479,0.6115537848605578,0.02105286527825756,0.0,0.0,obsx_stress,torque,"nmpc+mmae[filt=1,forget=0.95,gate=1,ffu=1,qyaw=1,obs=1,aci=1,obsm=0.01]",14,1.3612165451049805,0,0.19249800796812747,1.5334717639948268,2.6396856503561144,0.06097560975609756,492,
0.2146937360944279,0.2397953445678397,0.43444035210058224,5.608881789679792,5.608881789679792,8698.770860078184,65.72670059254686,0.6334661354581673,-0.034114384283402466,1.0,0.027888446215139442,obsx_stress,torque,"nmpc+mmae[filt=1,forget=0.95,gate=1,ffu=1,qyaw=1,obs=1,aci=1,obsm=0.01]",15,1.3541879653930664,2,0.19017330677290836,1.5416668943199978,1.671495919581503,0.054878048780487805,492,
0.05785192159445168,0.06456292300728615,0.14072134410144965,4.3913805568149265,4.3913805568149265,12005.928247832098,26.073905171611052,0.09362549800796813,0.03303073266525364,0.0,0.0,obsx_stress,torque,"nmpc+mmae[filt=1,forget=0.95,gate=1,ffu=1,qyaw=1,obs=1,aci=1,obsm=0.01]",16,1.3753142356872559,0,0.19441434262948207,1.5505538665247984,1.686368768569082,0.0508130081300813,492,
0.06735095302503458,0.07524198216959636,0.16217339761675137,4.915291801279735,4.915291801279735,10411.416909823047,20.760494961597715,0.16135458167330677,0.02793179288101527,0.0,0.0,obsx_stress,torque,"nmpc+mmae[filt=1,forget=0.95,gate=1,ffu=1,qyaw=1,obs=1,aci=1,obsm=0.01]",17,1.3526301383972168,0,0.18099800796812748,1.5259324939387193,1.7589205526746814,0.052845528455284556,492,
0.3893728554002672,0.4350708114388493,0.9144713577309984,16.30737637371134,16.30737637371134,11119.38717346792,111.14757482821342,0.6912350597609562,0.012568289791347664,0.0,0.0,obsx_stress,torque,"nmpc+mmae[filt=1,forget=0.95,gate=1,ffu=1,qyaw=1,obs=1,aci=1,obsm=0.01]",18,1.3346989154815674,0,0.18820318725099602,1.5175791649311128,1.7322849668562412,0.06707317073170732,492,
0.1411465097407023,0.15757496800568196,0.24651985428148773,2.233377263601062,2.233377263601062,8558.436842152603,32.16617592554993,0.6075697211155379,0.032124367165462964,0.0,0.0,obsx_stress,torque,"nmpc+mmae[filt=1,forget=0.95,gate=1,ffu=1,qyaw=1,obs=1,aci=1,obsm=0.01]",19,1.3436541557312012,0,0.18520119521912348,1.5261588030053206,1.7364250170066953,0.0508130081300813,492,
0.12213226305211718,0.13636000347236524,0.2537163016362629,2.617652410407506,2.617652410407506,10251.549707463022,29.509720615574455,0.40039840637450197,0.029047297763239333,0.0,0.0,obsx_stress,uncertainty,"nmpc+kf[r_v=0.15,r_w=0.15,q_F=10,q_tau=1,filt=1,gate=1,ffu=1,qyaw=1,obs=1,aci=1,obsm=0.01]",0,1.2506113052368164,12,0.1850856573705179,1.3364638982014172,1.6362371109426022,0.0508130081300813,492,
0.070294018734149,0.0784544322546367,0.14742334130263232,1.8801692441198672,1.8801692441198672,10181.824978744458,36.50837378886267,0.199203187250996,0.02969257815543258,0.0,0.0,obsx_stress,uncertainty,"nmpc+kf[r_v=0.15,r_w=0.15,q_F=10,q_tau=1,filt=1,gate=1,ffu=1,qyaw=1,obs=1,aci=1,obsm=0.01]",1,1.270125389099121,1,0.18138645418326693,1.34804619632038,1.5037624794058504,0.04878048780487805,492,
0.10403859194516502,0.11622462469735106,0.23569313904198283,3.781696027004316,3.781696027004316,10071.026216981967,42.7316543100816,0.38645418326693226,0.03914245391783999,0.0,0.0,obsx_stress,uncertainty,"nmpc+kf[r_v=0.15,r_w=0.15,q_F=10,q_tau=1,filt=1,gate=1,ffu=1,qyaw=1,obs=1,aci=1,obsm=0.01]",2,1.240802526473999,6,0.18222111553784862,1.3286242631646208,1.6090727294795217,0.052845528455284556,492,
0.15503695735793543,0.17295536770575085,0.37544729432633706,1.5452786336024784,1.5452786336024784,11381.473642223522,34.389261425858365,0.6852589641434262,0.02570021612604423,0.0,0.0,obsx_stress,uncertainty,"nmpc+kf[r_v=0.15,r_w=0.15,q_F=10,q_tau=1,filt=1,gate=1,ffu=1,qyaw=1,obs=1,aci=1,obsm=0.01]",3,1.2570724487304688,8,0.19326892430278883,1.3498951652202296,1.7920276848599317,0.0508130081300813,492,
0.1075120100536858,0.12002346348445588,0.20489140661555433,9.325770150569967,9.325770150569967,8877.869032563365,25.485146940512866,0.448207171314741,0.03791538899917313,0.0,0.0,obsx_stress,uncertainty,"nmpc+kf[r_v=0.15,r_w=0.15,q_F=10,q_tau=1,filt=1,gate=1,ffu=1,qyaw=1,obs=1,aci=1,obsm=0.01]",4,1.3187367916107178,9,0.18045219123505976,1.3189589914557827,1.5048034233041108,0.052845528455284556,492,
2.5296542523211962,2.8268306743565663,9.241618559671632,26.141795400727553,26.141795400727553,6869.90998685863,171.36328769378247,0.6235059760956175,-0.15866463080667514,1.0,0.10956175298804781,obsx_stress,uncertainty,"nmpc+kf[r_v=0.15,r_w=0.15,q_F=10,q_tau=1,filt=1,gate=1,ffu=1,qyaw=1,obs=1,aci=1,obsm=0.01]",5,1.2519581317901611,166,0.19049402390438244,1.3840076350328694,1.665975542273373,0.09552845528455285,492,
0.14582557227294513,0.16264459855966718,0.30849043753716465,2.1113939403860607,2.1113939403860607,12099.702558828756,33.45074503801472,0.545816733067729,0.02955290468971994,0.0,0.0,obsx_stress,uncertainty,"nmpc+kf[r_v=0.15,r_w=0.15,q_F=10,q_tau=1,filt=1,gate=1,ffu=1,qyaw=1,obs=1,aci=1,obsm=0.01]",6,1.2583122253417969,13,0.1949800796812749,1.3515118428828767,1.7741662822663786,0.0508130081300813,492,
0.08591062208648345,0.09591768648512329,0.17700729561166945,1.8680701809306313,1.8680701809306313,9647.835249225407,53.68195140318473,0.24302788844621515,0.02805145185374472,0.0,0.0,obsx_stress,uncertainty,"nmpc+kf[r_v=0.15,r_w=0.15,q_F=10,q_tau=1,filt=1,gate=1,ffu=1,qyaw=1,obs=1,aci=1,obsm=0.01]",7,1.2620835304260254,7,0.17687051792828684,1.3537872573397904,2.366628432646394,0.0508130081300813,492,
0.1649657640081625,0.1842769894493278,1.0494958940900596,2.0978862525710325,2.0978862525710325,10909.222070807751,168.16457867605385,0.44223107569721115,0.033298023975613766,0.0,0.0,obsx_stress,uncertainty,"nmpc+kf[r_v=0.15,r_w=0.15,q_F=10,q_tau=1,filt=1,gate=1,ffu=1,qyaw=1,obs=1,aci=1,obsm=0.01]",8,1.2648484706878662,28,0.18065936254980078,1.3451268928926958,1.5132895577698946,0.06910569105691057,492,
0.08198479193148564,0.09152237070382317,0.14983509829176248,3.9951181517764467,3.9951181517764467,10153.940309709798,20.68010322673207,0.27689243027888444,0.03335746253657029,0.0,0.0,obsx_stress,uncertainty,"nmpc+kf[r_v=0.15,r_w=0.15,q_F=10,q_tau=1,filt=1,gate=1,ffu=1,qyaw=1,obs=1,aci=1,obsm=0.01]",9,1.2462639808654785,1,0.1797370517928287,1.328382135064627,1.613106369040907,0.04878048780487805,492,
0.07998771894744079,0.08708115028303308,0.12593896257460738,2.1168130860333987,2.1168130860333987,8824.909983274238,27.78540437171215,0.19123505976095617,0.024532269808196255,0.0,0.0,obsx_stress,uncertainty,"nmpc+kf[r_v=0.15,r_w=0.15,q_F=10,q_tau=1,filt=1,gate=1,ffu=1,qyaw=1,obs=1,aci=1,obsm=0.01]",10,1.2333550453186035,2,0.18653386454183263,1.328692612872715,1.590594961307943,0.04878048780487805,492,
0.08877892185212267,0.09873284082377662,0.15308799518992874,2.545882314038038,2.545882314038038,9218.339522607064,21.995932486991396,0.36852589641434264,0.0304446792411025,0.0,0.0,obsx_stress,uncertainty,"nmpc+kf[r_v=0.15,r_w=0.15,q_F=10,q_tau=1,filt=1,gate=1,ffu=1,qyaw=1,obs=1,aci=1,obsm=0.01]",11,1.2856993675231934,4,0.18626494023904383,1.373904885675951,1.5705340448766947,0.06504065040650407,492,
0.09378030980121015,0.10429775358736876,0.15768359258882517,1.7375032357043938,1.7375032357043938,8479.346178698757,17.955483105842674,0.4203187250996016,0.028967898678854798,0.0,0.0,obsx_stress,uncertainty,"nmpc+kf[r_v=0.15,r_w=0.15,q_F=10,q_tau=1,filt=1,gate=1,ffu=1,qyaw=1,obs=1,aci=1,obsm=0.01]",12,1.25986909866333,3,0.1829163346613546,1.3457053133186354,1.6552881058305504,0.0508130081300813,492,
0.10182063599359166,0.11373703640674297,0.17128535786403493,3.3209264733551955,3.320926473355196,10049.659461483041,36.964692775984524,0.5139442231075697,0.026593847042419183,0.0,0.0,obsx_stress,uncertainty,"nmpc+kf[r_v=0.15,r_w=0.15,q_F=10,q_tau=1,filt=1,gate=1,ffu=1,qyaw=1,obs=1,aci=1,obsm=0.01]",13,1.2529659271240234,2,0.1815617529880478,1.3399750510957908,1.5736272465437653,0.0508130081300813,492,
0.11043659030107442,0.12318645771003366,0.2635747074230139,3.3267063745034706,3.326706374503471,8446.058215995445,45.509837519006986,0.47808764940239046,-0.014254750072942579,1.0,0.0199203187250996,obsx_stress,uncertainty,"nmpc+kf[r_v=0.15,r_w=0.15,q_F=10,q_tau=1,filt=1,gate=1,ffu=1,qyaw=1,obs=1,aci=1,obsm=0.01]",14,1.2605419158935547,0,0.18281274900398406,1.3517892471444144,1.708294281270355,0.06300813008130081,492,
inf,inf,inf,,,,,,-inf,1.0,,obsx_stress,uncertainty,"nmpc+kf[r_v=0.15,r_w=0.15,q_F=10,q_tau=1,filt=1,gate=1,ffu=1,qyaw=1,obs=1,aci=1,obsm=0.01]",15,1.224167823791504,153,0.19771590909090908,1.631265236276456,2.313511634711177,0.07441860465116279,430,RuntimeError('diverged')
0.05536062213816154,0.061620091515857074,0.1411476962917144,0.7507720607126437,0.7507720607126437,8327.49864396611,27.48555364747808,0.09561752988047809,0.03340651431152941,0.0,0.0,obsx_stress,uncertainty,"nmpc+kf[r_v=0.15,r_w=0.15,q_F=10,q_tau=1,filt=1,gate=1,ffu=1,qyaw=1,obs=1,aci=1,obsm=0.01]",16,1.2593822479248047,1,0.18569721115537846,1.348837217560921,1.638535144738853,0.04878048780487805,492,
0.043507772331477686,0.0485042755637835,0.1011309735745463,0.8692692629735403,0.8692692629735403,7794.155464714008,16.430776536916827,0.013944223107569721,0.02496175996785993,0.0,0.0,obsx_stress,uncertainty,"nmpc+kf[r_v=0.15,r_w=0.15,q_F=10,q_tau=1,filt=1,gate=1,ffu=1,qyaw=1,obs=1,aci=1,obsm=0.01]",17,1.2869138717651367,0,0.17879880478087648,1.3667048206478656,1.5861077932640912,0.046747967479674794,492,
0.0979214157802049,0.10914574097068228,0.1845458783204833,3.9221159418905436,3.9221159418905436,10816.036307386623,72.48852987330616,0.448207171314741,0.030203487029436565,0.0,0.0,obsx_stress,uncertainty,"nmpc+kf[r_v=0.15,r_w=0.15,q_F=10,q_tau=1,filt=1,gate=1,ffu=1,qyaw=1,obs=1,aci=1,obsm=0.01]",18,1.2725677490234375,10,0.1965836653386454,1.3675533408536558,1.5510662621818483,0.07113821138211382,492,
0.1261423453925955,0.1408606882971399,0.22416359881580095,4.186363135278859,4.186363135278859,10428.907469383954,34.90337765032404,0.5816733067729084,0.03825259476810758,0.0,0.0,obsx_stress,uncertainty,"nmpc+kf[r_v=0.15,r_w=0.15,q_F=10,q_tau=1,filt=1,gate=1,ffu=1,qyaw=1,obs=1,aci=1,obsm=0.01]",19,1.2708888053894043,10,0.18895617529880476,1.3739080734150224,1.7353437235578897,0.04878048780487805,492,
0.12745583526314838,0.1422229605709088,0.2582457845681322,2.3087307949418934,2.3087307949418934,10508.529845044965,34.002350002043976,0.4063745019920319,0.017679603827146784,0.0,0.0,obsx_stress,uncertainty,"nmpc+mmae[filt=1,forget=0.95,gate=1,ffu=1,qyaw=1,obs=1,aci=1,obsm=0.01]",0,1.3433597087860107,0,0.182808764940239,1.5201368415542689,1.6690330975688994,0.05894308943089431,492,
0.07567692252975244,0.08438621046543784,0.1600305916234972,1.2584707660913728,1.2584707660913728,11293.504086547722,33.76996544345678,0.250996015936255,0.029781061046791513,0.0,0.0,obsx_stress,uncertainty,"nmpc+mmae[filt=1,forget=0.95,gate=1,ffu=1,qyaw=1,obs=1,aci=1,obsm=0.01]",1,1.3583076000213623,0,0.17929282868525898,1.5315244844428215,1.6815613908693197,0.04878048780487805,492,
0.11195207066736847,0.12507108283119672,0.22856535803772043,2.2460706513255064,2.2460706513255064,8408.239022811935,39.81527414670898,0.4960159362549801,0.03373130978167016,0.0,0.0,obsx_stress,uncertainty,"nmpc+mmae[filt=1,forget=0.95,gate=1,ffu=1,qyaw=1,obs=1,aci=1,obsm=0.01]",2,1.3364202976226807,0,0.18154980079681277,1.5218231105338411,1.753854232374579,0.052845528455284556,492,
0.17857908116290652,0.19921863239548188,0.4016009198144897,4.169980982612195,4.169980982612195,11320.538015082127,40.71351179719141,0.7390438247011952,0.007101001326053985,0.0,0.0,obsx_stress,uncertainty,"nmpc+mmae[filt=1,forget=0.95,gate=1,ffu=1,qyaw=1,obs=1,aci=1,obsm=0.01]",3,1.3721773624420166,2,0.199593625498008,1.5597081760805382,1.7258511949330568,0.054878048780487805,492,
0.34086608966015547,0.38077829752088843,0.8372307188297989,8.935530729293747,8.935530729293747,8222.446958539495,85.95154569248257,0.4900398406374502,0.024528994673725046,0.0,0.0,obsx_stress,uncertainty,"nmpc+mmae[filt=1,forget=0.95,gate=1,ffu=1,qyaw=1,obs=1,aci=1,obsm=0.01]",4,1.3868725299835205,0,0.1877788844621514,1.5736695367887439,2.251206082291901,0.0508130081300813,492,
0.1397469363965714,0.15609936721184017,0.6320202109268995,2.709851237447082,2.709851237447082,9404.28255283352,68.49129176688649,0.4581673306772908,0.031526093638653024,0.0,0.0,obsx_stress,uncertainty,"nmpc+mmae[filt=1,forget=0.95,gate=1,ffu=1,qyaw=1,obs=1,aci=1,obsm=0.01]",5,1.353816032409668,0,0.19392430278884462,1.5435031238587136,1.824029157869518,0.07520325203252033,492,
0.1425577194568852,0.15896797122500436,0.29358114406226443,1.7485602013628367,1.7485602013628367,12399.8426808627,33.81115989007594,0.5298804780876494,0.02793515096001481,0.0,0.0,obsx_stress,uncertainty,"nmpc+mmae[filt=1,forget=0.95,gate=1,ffu=1,qyaw=1,obs=1,aci=1,obsm=0.01]",6,1.3641414642333984,1,0.19248605577689243,1.5557646140107417,1.7909585940651598,0.0508130081300813,492,
0.091825280680778,0.10236695973735299,0.18636799305994184,3.2437060830080484,3.2437060830080484,8271.13599902929,60.03547106198487,0.31274900398406374,0.02512065383399381,0.0,0.0,obsx_stress,uncertainty,"nmpc+mmae[filt=1,forget=0.95,gate=1,ffu=1,qyaw=1,obs=1,aci=1,obsm=0.01]",7,1.340834617614746,0,0.174003984063745,1.5291818014097465,1.7475587688386442,0.0508130081300813,492,
0.09292513402083447,0.1035231287313981,0.160433983725332,0.9667836086133929,0.9667836086133929,10771.27177380932,32.84591774854699,0.42231075697211157,0.03169495782789755,0.0,0.0,obsx_stress,uncertainty,"nmpc+mmae[filt=1,forget=0.95,gate=1,ffu=1,qyaw=1,obs=1,aci=1,obsm=0.01]",8,1.3487484455108643,0,0.1803725099601594,1.5319800264094454,1.709301373921335,0.06910569105691057,492,
0.14696347156460976,0.16408389018737124,0.336838231849193,3.0162589742362256,3.0162589742362265,8801.479797133108,46.089862480223736,0.350597609561753,0.03524115322370264,0.0,0.0,obsx_stress,uncertainty,"nmpc+mmae[filt=1,forget=0.95,gate=1,ffu=1,qyaw=1,obs=1,aci=1,obsm=0.01]",9,1.3544797897338867,0,0.18034860557768925,1.5378967715998688,2.0755631150677814,0.04878048780487805,492,
0.08500910303301007,0.09237131120950376,0.13329576264996343,1.3655656954179969,1.3655656954179969,6431.98369739227,17.09699320419964,0.2788844621513944,0.03449825159857911,0.0,0.0,obsx_stress,uncertainty,"nmpc+mmae[filt=1,forget=0.95,gate=1,ffu=1,qyaw=1,obs=1,aci=1,obsm=0.01]",10,1.3372600078582764,1,0.19143824701195217,1.5223983543520547,1.864150611218065,0.0508130081300813,492,
0.096538339437,0.10743583092521418,0.1696984639820372,1.519205804441764,1.519205804441764,8813.88972150348,33.85173659143116,0.4601593625498008,0.03484929523311675,0.0,0.0,obsx_stress,uncertainty,"nmpc+mmae[filt=1,forget=0.95,gate=1,ffu=1,qyaw=1,obs=1,aci=1,obsm=0.01]",11,1.342513084411621,1,0.1852768924302789,1.5239791566157246,1.755144859198481,0.06910569105691057,492,
0.11097518657880627,0.12322603812720306,0.1931995566457547,3.629536176093631,3.629536176093631,7235.070826474379,25.173165934862208,0.49800796812749004,0.027936298557234562,0.0,0.0,obsx_stress,uncertainty,"nmpc+mmae[filt=1,forget=0.95,gate=1,ffu=1,qyaw=1,obs=1,aci=1,obsm=0.01]",12,1.3468823432922363,0,0.17747211155378487,1.5409269770867084,1.9714367459528153,0.056910569105691054,492,
0.1509978656195897,0.1687045647780866,0.28854614975908605,1.7875713253693721,1.7875713253693721,10146.786536198022,32.69593171502403,0.601593625498008,0.023891104158394905,0.0,0.0,obsx_stress,uncertainty,"nmpc+mmae[filt=1,forget=0.95,gate=1,ffu=1,qyaw=1,obs=1,aci=1,obsm=0.01]",13,1.3511838912963867,1,0.18296812749003982,1.524889641775345,1.708193758968264,0.0508130081300813,492,
0.12110615599125864,0.13504334466894838,0.3042431659105429,2.1004716029246375,2.1004716029246375,9719.548707255792,47.089443305252935,0.6115537848605578,0.017390878185133074,0.0,0.0,obsx_stress,uncertainty,"nmpc+mmae[filt=1,forget=0.95,gate=1,ffu=1,qyaw=1,obs=1,aci=1,obsm=0.01]",14,1.3367633819580078,0,0.18262948207171315,1.513337636685585,1.9175087031908336,0.06504065040650407,492,
0.1365309232486512,0.15238071871733386,0.25306532548379385,6.226709718631299,6.226709718631299,10876.568498302873,52.53546560473327,0.6135458167330677,-0.010453860582388508,1.0,0.013944223107569721,obsx_stress,uncertainty,"nmpc+mmae[filt=1,forget=0.95,gate=1,ffu=1,qyaw=1,obs=1,aci=1,obsm=0.01]",15,1.3616914749145508,2,0.19571513944223107,1.5472392384630749,1.9586441246792676,0.052845528455284556,492,
0.059690461333615365,0.06571598256998296,0.13696780377099174,0.9034805041989566,0.9034805041989566,11229.297809859854,27.955900180261125,0.09163346613545817,0.037065078148760255,0.0,0.0,obsx_stress,uncertainty,"nmpc+mmae[filt=1,forget=0.95,gate=1,ffu=1,qyaw=1,obs=1,aci=1,obsm=0.01]",16,1.379981517791748,0,0.18895816733067727,1.561774413539208,2.032434577122331,0.0508130081300813,492,
0.07306551280646247,0.08156975121712311,0.16463017633976745,3.277160924923899,3.277160924923899,10134.360423895872,23.20510120031774,0.16334661354581673,0.018988821665310296,0.0,0.0,obsx_stress,uncertainty,"nmpc+mmae[filt=1,forget=0.95,gate=1,ffu=1,qyaw=1,obs=1,aci=1,obsm=0.01]",17,1.3591978549957275,0,0.18053585657370516,1.5369776281086631,1.8228209414519374,0.052845528455284556,492,
2.9927077655699454,3.4311293277083785,9.559146224333093,44.21703722134676,44.21703722134676,8895.399137134316,133.35141001706913,0.6435406698564593,-0.13599807430607885,1.0,0.03588516746411483,obsx_stress,uncertainty,"nmpc+mmae[filt=1,forget=0.95,gate=1,ffu=1,qyaw=1,obs=1,aci=1,obsm=0.01]",18,1.154876947402954,167,0.20195454545454544,1.600285767550852,2.0450907247140995,0.10294117647058823,408,
0.14640152996038056,0.16346366103980745,0.26263142990940996,2.9274568601851927,2.9274568601851922,8239.305600669884,33.071618171609124,0.6095617529880478,0.033235091487537005,0.0,0.0,obsx_stress,uncertainty,"nmpc+mmae[filt=1,forget=0.95,gate=1,ffu=1,qyaw=1,obs=1,aci=1,obsm=0.01]",19,1.3326036930084229,0,0.18328685258964142,1.517094369324674,2.1039861510507762,0.052845528455284556,492,
0.12519582886565175,0.13979444027517454,0.25272665685856543,2.55114960874934,2.55114960874934,9086.339899391254,28.735688747112484,0.4820717131474104,0.02696342239405647,0.0,0.0,obsx_stress,wind,"nmpc+kf[r_v=0.15,r_w=0.15,q_F=10,q_tau=1,filt=1,gate=1,ffu=1,qyaw=1,obs=1,aci=1,obsm=0.01]",0,1.2352347373962402,8,0.17706573705179282,1.320851813218894,1.4946638327091935,0.0508130081300813,492,
0.07130262557891832,0.07937995233364407,0.14365344429314522,1.8888446771172094,1.8888446771172094,8987.604373730343,41.61842879690805,0.23107569721115537,0.03701908870066417,0.0,0.0,obsx_stress,wind,"nmpc+kf[r_v=0.15,r_w=0.15,q_F=10,q_tau=1,filt=1,gate=1,ffu=1,qyaw=1,obs=1,aci=1,obsm=0.01]",1,1.2550227642059326,1,0.18209163346613547,1.3350928972189526,1.4326701872050764,0.0508130081300813,492,
0.10338553700131337,0.11539665560800924,0.22527948106940146,4.291733875035711,4.291733875035711,10019.958923444143,47.363226755815326,0.4103585657370518,0.03781554852998181,0.0,0.0,obsx_stress,wind,"nmpc+kf[r_v=0.15,r_w=0.15,q_F=10,q_tau=1,filt=1,gate=1,ffu=1,qyaw=1,obs=1,aci=1,obsm=0.01]",2,1.2363879680633545,5,0.1797948207171315,1.3231225112319527,1.5019042906351392,0.0508130081300813,492,
inf,inf,inf,,,,,,-inf,1.0,,obsx_stress,wind,"nmpc+kf[r_v=0.15,r_w=0.15,q_F=10,q_tau=1,filt=1,gate=1,ffu=1,qyaw=1,obs=1,aci=1,obsm=0.01]",3,0.8685653209686279,173,0.18110734463276837,1.3873721413724756,1.5479878243058915,0.09302325581395349,344,RuntimeError('diverged')
0.10683265506932456,0.11911640604851655,0.19972785616067015,6.6141716286897525,6.614171628689752,8321.414658230544,27.70895439631273,0.4442231075697211,0.037396539863048694,0.0,0.0,obsx_stress,wind,"nmpc+kf[r_v=0.15,r_w=0.15,q_F=10,q_tau=1,filt=1,gate=1,ffu=1,qyaw=1,obs=1,aci=1,obsm=0.01]",4,1.2451388835906982,10,0.18239243027888444,1.3360389317218881,1.5319976955652237,0.052845528455284556,492,
0.1958302529009983,0.2187742597516484,1.089293727408021,5.774436671049207,5.774436671049207,9350.694711158361,175.99497011372367,0.6294820717131474,-0.13293176252178646,1.0,0.049800796812749,obsx_stress,wind,"nmpc+kf[r_v=0.15,r_w=0.15,q_F=10,q_tau=1,filt=1,gate=1,ffu=1,qyaw=1,obs=1,aci=1,obsm=0.01]",5,1.2354118824005127,37,0.18535856573705178,1.3338217903225427,1.5062795020639896,0.08739837398373984,492,
0.13997986807032503,0.1557391552732244,0.30735782310073506,1.919841313906608,1.919841313906608,10664.830002428385,29.79326125852748,0.5159362549800797,0.032982316867959216,0.0,0.0,obsx_stress,wind,"nmpc+kf[r_v=0.15,r_w=0.15,q_F=10,q_tau=1,filt=1,gate=1,ffu=1,qyaw=1,obs=1,aci=1,obsm=0.01]",6,1.2353527545928955,11,0.1853625498007968,1.33123322978126,1.465057085733861,0.0508130081300813,492,
0.10174225358594793,0.1133736082126897,0.22876825421279987,3.812802883109215,3.812802883109215,10729.268422487154,53.71648978058844,0.2908366533864542,0.027414473761511016,0.0,0.0,obsx_stress,wind,"nmpc+kf[r_v=0.15,r_w=0.15,q_F=10,q_tau=1,filt=1,gate=1,ffu=1,qyaw=1,obs=1,aci=1,obsm=0.01]",7,1.2611980438232422,10,0.1784382470119522,1.3437322248144452,1.490671413484961,0.0508130081300813,492,
0.1696515654402149,0.18954178048469292,1.0951766058726162,2.202388964970197,2.202388964970197,10514.784809307634,177.96652703896868,0.45617529880478086,0.0332338971466295,0.0,0.0,obsx_stress,wind,"nmpc+kf[r_v=0.15,r_w=0.15,q_F=10,q_tau=1,filt=1,gate=1,ffu=1,qyaw=1,obs=1,aci=1,obsm=0.01]",8,1.2460684776306152,22,0.17763545816733067,1.3275631458546775,1.4613209175877273,0.06910569105691057,492,
0.08266136553408994,0.09205901499164656,0.14675671785084282,3.0037486647635103,3.0037486647635103,8006.3887899804895,18.228525550545278,0.2729083665338645,0.036961521425518507,0.0,0.0,obsx_stress,wind,"nmpc+kf[r_v=0.15,r_w=0.15,q_F=10,q_tau=1,filt=1,gate=1,ffu=1,qyaw=1,obs=1,aci=1,obsm=0.01]",9,1.248105525970459,1,0.18063545816733068,1.332534416356083,1.4143436471931636,0.04878048780487805,492,
0.08332195517364795,0.09125567217335388,0.13616179893025568,2.176310804855294,2.176310804855294,8689.865163870993,29.424513497788006,0.23306772908366533,0.026689473611921227,0.0,0.0,obsx_stress,wind,"nmpc+kf[r_v=0.15,r_w=0.15,q_F=10,q_tau=1,filt=1,gate=1,ffu=1,qyaw=1,obs=1,aci=1,obsm=0.01]",10,1.2489171028137207,2,0.1884203187250996,1.3417111513987776,1.5125225903466346,0.04878048780487805,492,
0.08361900275585267,0.09297781629867768,0.14846529034482486,3.0113558767853523,3.011355876785352,9344.361745992843,20.833209102277703,0.2848605577689243,0.029976179378362555,0.0,0.0,obsx_stress,wind,"nmpc+kf[r_v=0.15,r_w=0.15,q_F=10,q_tau=1,filt=1,gate=1,ffu=1,qyaw=1,obs=1,aci=1,obsm=0.01]",11,1.245265245437622,4,0.18081872509960162,1.3316071808404955,1.5656355838291351,0.06504065040650407,492,
0.09004211992839628,0.1000145805325517,0.15471102289620328,1.423858017750705,1.423858017750705,9899.196458232209,21.078686953308146,0.3665338645418327,0.028786995027259565,0.0,0.0,obsx_stress,wind,"nmpc+kf[r_v=0.15,r_w=0.15,q_F=10,q_tau=1,filt=1,gate=1,ffu=1,qyaw=1,obs=1,aci=1,obsm=0.01]",12,1.2445712089538574,7,0.1762788844621514,1.3268805021768904,1.8170251743868,0.0508130081300813,492,
0.10064460978074878,0.11206839356582013,0.16994650437253056,2.9421465272718654,2.9421465272718645,9384.179186277077,39.965404999520715,0.48804780876494025,0.024373068086870453,0.0,0.0,obsx_stress,wind,"nmpc+kf[r_v=0.15,r_w=0.15,q_F=10,q_tau=1,filt=1,gate=1,ffu=1,qyaw=1,obs=1,aci=1,obsm=0.01]",13,1.2619116306304932,2,0.18099601593625497,1.3512082999030433,1.8944610073231176,0.0508130081300813,492,
0.1374488824695575,0.1532409115531554,0.42175195605474325,3.419689036856598,3.419689036856598,8353.36122540158,65.08403316671236,0.5617529880478087,-0.00901920662183267,1.0,0.01593625498007968,obsx_stress,wind,"nmpc+kf[r_v=0.15,r_w=0.15,q_F=10,q_tau=1,filt=1,gate=1,ffu=1,qyaw=1,obs=1,aci=1,obsm=0.01]",14,1.241117000579834,0,0.1800179282868526,1.326516033632614,1.4740342460572722,0.06707317073170732,492,
0.13564082845335232,0.1513764209654414,0.2655396187226587,2.982525760130438,2.9825257601304376,9298.378304972626,34.85142501998129,0.6354581673306773,0.01611989092402802,0.0,0.0,obsx_stress,wind,"nmpc+kf[r_v=0.15,r_w=0.15,q_F=10,q_tau=1,filt=1,gate=1,ffu=1,qyaw=1,obs=1,aci=1,obsm=0.01]",15,1.2536201477050781,8,0.19094023904382468,1.3445036572059132,1.4377652131952345,0.052845528455284556,492,
0.0556165206139744,0.06149778092870366,0.13253414785671297,0.7001078912850927,0.7001078912850927,9750.30239155147,26.968561769187914,0.09561752988047809,0.02992408911364053,0.0,0.0,obsx_stress,wind,"nmpc+kf[r_v=0.15,r_w=0.15,q_F=10,q_tau=1,filt=1,gate=1,ffu=1,qyaw=1,obs=1,aci=1,obsm=0.01]",16,1.2553672790527344,1,0.18546812749003988,1.3366622995933986,1.4792412030510604,0.04878048780487805,492,
0.04324254814408373,0.04822168362406514,0.10297081143654202,1.198053631544241,1.198053631544241,8501.216017994975,19.596510403747338,0.02390438247011952,0.020724609392754778,0.0,0.0,obsx_stress,wind,"nmpc+kf[r_v=0.15,r_w=0.15,q_F=10,q_tau=1,filt=1,gate=1,ffu=1,qyaw=1,obs=1,aci=1,obsm=0.01]",17,1.2368695735931396,0,0.17354980079681276,1.319512961881302,1.4977813698351385,0.046747967479674794,492,
0.08334794081548216,0.09268732254878037,0.1429058953840086,4.220567577579278,4.220567577579278,10021.935368575794,56.58395183295547,0.31274900398406374,0.02957922054567666,0.0,0.0,obsx_stress,wind,"nmpc+kf[r_v=0.15,r_w=0.15,q_F=10,q_tau=1,filt=1,gate=1,ffu=1,qyaw=1,obs=1,aci=1,obsm=0.01]",18,1.2376492023468018,11,0.18723306772908369,1.3281691121865078,1.4661961607635023,0.06504065040650407,492,
0.5060450184406132,0.5654190707035036,0.9289785604376036,13.059900222484986,13.059900222484986,9866.517528902998,123.89407158742898,0.7569721115537849,0.03434431272493582,0.0,0.0,obsx_stress,wind,"nmpc+kf[r_v=0.15,r_w=0.15,q_F=10,q_tau=1,filt=1,gate=1,ffu=1,qyaw=1,obs=1,aci=1,obsm=0.01]",19,1.2628941535949707,31,0.18248804780876496,1.3632286498619919,1.5657253609970214,0.04878048780487805,492,
0.12948189622267922,0.14451905996882672,0.2604554274020771,2.826803703182695,2.826803703182695,9415.672727317502,35.68854159088096,0.4103585657370518,0.01675418563539377,0.0,0.0,obsx_stress,wind,"nmpc+mmae[filt=1,forget=0.95,gate=1,ffu=1,qyaw=1,obs=1,aci=1,obsm=0.01]",0,1.3255095481872559,0,0.17767928286852588,1.5033309424919379,1.6425754688680172,0.05894308943089431,492,
0.07483790310703722,0.08319306872579987,0.14511692182757915,1.082048610825491,1.082048610825491,9185.466104692217,37.9219122026552,0.23904382470119523,0.028352162293515615,0.0,0.0,obsx_stress,wind,"nmpc+mmae[filt=1,forget=0.95,gate=1,ffu=1,qyaw=1,obs=1,aci=1,obsm=0.01]",1,1.3479115962982178,0,0.18085458167330676,1.5263582127116828,1.7303068214096131,0.04878048780487805,492,
0.10696781311075855,0.11937458431903085,0.20657760259027733,2.2136740258524723,2.2136740258524723,8608.046724126934,39.325553863575465,0.4243027888446215,0.03519600319022892,0.0,0.0,obsx_stress,wind,"nmpc+mmae[filt=1,forget=0.95,gate=1,ffu=1,qyaw=1,obs=1,aci=1,obsm=0.01]",2,1.3405160903930664,0,0.18081872509960165,1.5192288419313402,1.725461988244206,0.0508130081300813,492,
0.37987283142749667,0.4242896037452532,0.6672251542460254,19.39295824631126,19.39295824631126,11061.985977030616,138.51190389859937,0.7250996015936255,-0.05151967720449446,1.0,0.027888446215139442,obsx_stress,wind,"nmpc+mmae[filt=1,forget=0.95,gate=1,ffu=1,qyaw=1,obs=1,aci=1,obsm=0.01]",3,1.3454420566558838,31,0.19650199203187252,1.5359319652805468,1.880361083894968,0.06504065040650407,492,
0.31457245849166127,0.3512262108392308,0.7563450515637993,10.67401237023532,10.67401237023532,7763.5884492079285,90.40624831429241,0.4860557768924303,0.028173947106461095,0.0,0.0,obsx_stress,wind,"nmpc+mmae[filt=1,forget=0.95,gate=1,ffu=1,qyaw=1,obs=1,aci=1,obsm=0.01]",4,1.3512351512908936,0,0.17893625498007967,1.544310748892506,2.198970522731543,0.0508130081300813,492,
0.13063807271927969,0.14583702631092704,0.5519598750794029,2.3576280361746957,2.3576280361746953,8951.204610750528,62.68579346088331,0.47410358565737054,0.03235229177023233,0.0,0.0,obsx_stress,wind,"nmpc+mmae[filt=1,forget=0.95,gate=1,ffu=1,qyaw=1,obs=1,aci=1,obsm=0.01]",5,1.3547122478485107,0,0.1875239043824701,1.5347163666937635,1.6960992570966482,0.07317073170731707,492,
0.13969202706667253,0.15533556367266013,0.2933654062942448,1.2912913375088062,1.2912913375088062,10014.852693956478,31.237634061677735,0.5358565737051793,0.036567359925155585,0.0,0.0,obsx_stress,wind,"nmpc+mmae[filt=1,forget=0.95,gate=1,ffu=1,qyaw=1,obs=1,aci=1,obsm=0.01]",6,1.348074197769165,0,0.18412948207171315,1.536193248107139,2.4516328563913703,0.0508130081300813,492,
0.0965203483996948,0.10680963231144858,0.20788942337224667,2.8559374191440243,2.8559374191440243,10403.671999317407,55.78598889011779,0.2948207171314741,0.02638987489566874,0.0,0.0,obsx_stress,wind,"nmpc+mmae[filt=1,forget=0.95,gate=1,ffu=1,qyaw=1,obs=1,aci=1,obsm=0.01]",7,1.3422911167144775,0,0.17982669322709163,1.5251991186899492,1.6612279647961259,0.0508130081300813,492,
0.10054065697778913,0.11223927757449155,0.1875213012368337,1.3585237619592054,1.3585237619592057,9676.207116616084,38.578968595542705,0.450199203187251,0.033955464001974356,0.0,0.0,obsx_stress,wind,"nmpc+mmae[filt=1,forget=0.95,gate=1,ffu=1,qyaw=1,obs=1,aci=1,obsm=0.01]",8,1.3324639797210693,0,0.17691035856573703,1.509721751280307,1.6901801503263414,0.06910569105691057,492,
0.17412211879939474,0.19430191536456387,0.394179768398792,3.164270596183006,3.164270596183006,7521.010931394476,45.53704075073773,0.3745019920318725,0.036674285039611565,0.0,0.0,obsx_stress,wind,"nmpc+mmae[filt=1,forget=0.95,gate=1,ffu=1,qyaw=1,obs=1,aci=1,obsm=0.01]",9,1.3305046558380127,0,0.17459163346613546,1.5161209322319207,1.6661775996908548,0.0508130081300813,492,
0.08755451155412702,0.09573451633846687,0.13058890484974714,1.684189452888442,1.684189452888442,6273.060351499343,18.837566142111108,0.3705179282868526,0.03298800155679227,0.0,0.0,obsx_stress,wind,"nmpc+mmae[filt=1,forget=0.95,gate=1,ffu=1,qyaw=1,obs=1,aci=1,obsm=0.01]",10,1.3061637878417969,1,0.18536653386454183,1.4896520229791146,1.6553208231925964,0.0508130081300813,492,
0.08701912940699158,0.09666676351033789,0.15009307639478645,1.5064040819123898,1.5064040819123898,7947.735306825808,35.02812133875985,0.33067729083665337,0.03435670106144045,0.0,0.0,obsx_stress,wind,"nmpc+mmae[filt=1,forget=0.95,gate=1,ffu=1,qyaw=1,obs=1,aci=1,obsm=0.01]",11,1.3199303150177002,1,0.177394422310757,1.4955309452489018,1.6702506039291622,0.06910569105691057,492,
0.09890817596700072,0.1097444168029358,0.17750464854914966,2.4166839745342235,2.416683974534224,8214.031780598876,25.375572142213358,0.350597609561753,0.021955222573827482,0.0,0.0,obsx_stress,wind,"nmpc+mmae[filt=1,forget=0.95,gate=1,ffu=1,qyaw=1,obs=1,aci=1,obsm=0.01]",12,1.3301985263824463,0,0.17523505976095619,1.5137440147457193,1.6818990372121336,0.05894308943089431,492,
0.14263496867145706,0.15902544771311253,0.2505359541537141,2.0754363830647615,2.0754363830647615,8885.834506201863,35.52467147298381,0.5677290836653387,0.02470696158958302,0.0,0.0,obsx_stress,wind,"nmpc+mmae[filt=1,forget=0.95,gate=1,ffu=1,qyaw=1,obs=1,aci=1,obsm=0.01]",13,1.3377456665039062,1,0.1850816733067729,1.5139676457961122,1.7240348341874778,0.0508130081300813,492,
0.14555703126193206,0.16223615796749435,0.4575745031470259,2.4187064641708043,2.4187064641708043,10090.153878204479,64.42145752571848,0.6115537848605578,0.02144433358950365,0.0,0.0,obsx_stress,wind,"nmpc+mmae[filt=1,forget=0.95,gate=1,ffu=1,qyaw=1,obs=1,aci=1,obsm=0.01]",14,1.3368592262268066,0,0.1846135458167331,1.5130085389192895,1.754764227662236,0.06504065040650407,492,
0.1406172078991132,0.15698167987052017,0.27629393917051526,4.65409137651174,4.65409137651174,8989.793231783653,53.87108984789588,0.6733067729083665,0.0002848387595885127,0.0,0.0,obsx_stress,wind,"nmpc+mmae[filt=1,forget=0.95,gate=1,ffu=1,qyaw=1,obs=1,aci=1,obsm=0.01]",15,1.3248426914215088,1,0.1869641434262948,1.5133878863620687,1.969068825710565,0.052845528455284556,492,
0.06376875307477163,0.06925480835730552,0.14449584555830347,0.7877125230673796,0.7877125230673796,13557.957827469738,27.86547449468411,0.09760956175298804,0.03656541844631356,0.0,0.0,obsx_stress,wind,"nmpc+mmae[filt=1,forget=0.95,gate=1,ffu=1,qyaw=1,obs=1,aci=1,obsm=0.01]",16,1.3814449310302734,0,0.19083266932270915,1.5681064015150485,2.5251637003384566,0.0508130081300813,492,
0.06972887188292425,0.07762804206954586,0.15117186353710005,3.9410368253616754,3.9410368253616754,9911.153028482355,28.971949294135,0.16533864541832669,-0.003954569046356049,1.0,0.013944223107569721,obsx_stress,wind,"nmpc+mmae[filt=1,forget=0.95,gate=1,ffu=1,qyaw=1,obs=1,aci=1,obsm=0.01]",17,1.3533074855804443,0,0.1787589641434263,1.524752209545577,1.9065675255842507,0.052845528455284556,492,
0.6580856201200246,0.7353246057586367,1.4585909206139902,14.846712135417853,14.846712135417853,11346.305544082526,109.52706689846069,0.701195219123506,-0.0881565609952627,1.0,0.02390438247011952,obsx_stress,wind,"nmpc+mmae[filt=1,forget=0.95,gate=1,ffu=1,qyaw=1,obs=1,aci=1,obsm=0.01]",18,1.3420803546905518,0,0.18923705179282868,1.530047232912208,2.407775579486043,0.06300813008130081,492,
0.15308087113198707,0.17033210417305839,0.27927874134940756,2.335129345827027,2.335129345827027,7323.077382283989,33.73163052140173,0.649402390438247,0.032588806339286736,0.0,0.0,obsx_stress,wind,"nmpc+mmae[filt=1,forget=0.95,gate=1,ffu=1,qyaw=1,obs=1,aci=1,obsm=0.01]",19,1.317251205444336,0,0.18539243027888447,1.5020516266920176,1.757533259224147,0.052845528455284556,492,
